subject_id_new,timestamp,meanrr,sdnn,rmssd,pnn50,vlfpowfft,lfpowfft,hfpowfft,totpowfft,lfhffft,dfa1,dfa2,meanhr,hr_median,vo2_mlkgmin_median,vo2_l_median,vco2_l_median,rq_median,ve_stpd_median,ve_btps_median,rr_median,peto2_median,petco2_median,feo2_median,feco2_median,speed_median,grade_median,parasympathetic_index,sympathetic_index,autonomic_balance,ve_vo2,ve_vco2,sampen,window_end,n_epochs,vo2_mean,vo2_median,vo2_start,vo2_mid,vo2_end,vo2_change,vo2_pct_change,vo2_slope,vo2_sd,vo2_cv,hr_mean,hr_median_window,hr_start,hr_mid,hr_end,hr_change,hr_pct_change,hr_slope,hr_sd,hr_cv,resp_rate_mean,resp_rate_median,resp_rate_start,resp_rate_mid,resp_rate_end,resp_rate_change,resp_rate_pct_change,resp_rate_slope,resp_rate_sd,resp_rate_cv,ve_mean,ve_median,ve_start,ve_mid,ve_end,ve_change,ve_pct_change,ve_slope,ve_sd,ve_cv,vo2_current_start
1,0.0,457.20831902472526,47.633384927709855,6.97837692629551,0.0,15000.59664763276,1309.5883529685798,1446.720518360049,17756.90551896139,0.9052117090680948,,,131.23120797098898,#NULL!,8.9,0.713,0.895,1.25,23.1,28.0,24.0,118.6,36.6,17.68,3.96,0.5,2.0,0.0814736845231954,0.0737509332113165,0.9052117090680948,32.398316970546986,25.81005586592179,0.1868676649218485,300.0,31,23.82903225806451,24.7,8.9,26.2,34.8,25.9,291.0112359550562,0.06872983870967747,6.520503229474808,0.2736369298953825,129.63333333333333,128.5,93.5,127.0,153.0,59.5,63.63636363636363,0.16745272525027818,15.095062753769191,0.1164442999776487,29.274193548387096,30.5,24.0,31.0,37.0,13.0,54.166666666666664,0.0452016129032259,5.03792071804334,0.1720942614428028,42.08387096774193,42.1,23.1,42.1,61.3,38.199999999999996,165.36796536796533,0.10492540322580664,9.93501708685642,0.23607659795534955,8.9
1,10.0,453.3009303435114,47.21310966373163,6.828413956583095,0.0,16146.271631222697,1153.6671322407872,1217.7785839017583,18517.717347365244,0.9473537697997954,,,132.36240206816254,93.5,12.85,1.0285,1.166,1.145,28.25,34.15,26.5,114.25,39.05,17.185,4.285,3.0,2.0,0.0657628886464792,0.0623007204721663,0.9473537697997954,27.467185221195916,24.228130360205835,0.203671099175225,310.0,31,24.635483870967736,25.8,12.85,24.7,33.9,21.049999999999997,163.8132295719844,0.06518951612903222,6.14788843897354,0.24955419877986093,130.4516129032258,130.0,93.5,130.0,155.0,61.5,65.77540106951872,0.16709677419354813,15.524901952835688,0.11900889231896794,29.532258064516128,31.0,26.5,31.0,32.0,5.5,20.754716981132077,0.04344758064516131,4.963089568455937,0.16805655556759588,43.093548387096774,42.7,28.25,42.7,54.4,26.15,92.56637168141593,0.10012701612903224,9.523363743407437,0.22099279590211135,12.85
1,20.0,448.6076630741717,45.87812124363114,6.648838087417208,0.0,17751.2420206443,912.9031443387277,893.1653986533041,19557.310563636333,1.0220986456877792,,,133.74715801517584,106,13.5,1.08,1.305,1.2,30.9,37.3,27.0,116.2,38.2,17.34,4.3,3.1,2.0,0.0456691320489638,0.0466783580169823,1.0220986456877792,28.611111111111107,23.67816091954023,0.186791330359903,320.0,31,25.583870967741934,25.9,13.5,25.8,42.25,28.75,212.96296296296296,0.0682399193548387,6.525301871647704,0.25505529948440153,132.40322580645162,131.0,106.0,131.0,154.0,48.0,45.283018867924525,0.15750000000000014,14.49334292864527,0.10946366933560807,29.725806451612904,31.0,27.0,30.0,32.5,5.5,20.37037037037037,0.04328629032258065,4.957887167059202,0.16678730567426509,44.08870967741935,45.1,30.9,45.1,59.1,28.200000000000003,91.26213592233012,0.1002318548387097,9.532415832982908,0.21620990731477605,13.5
1,30.0,443.6258433283358,43.94104922203564,6.339558180813596,0.0,19194.686282317976,709.8868615539926,604.1251379442533,20508.698281816225,1.1750659208945196,,,135.2491089108911,113,11.1,0.887,0.942,1.22,24.5,29.6,30.0,117.2,37.3,17.42,4.01,3.1,2.0,0.0294570201210621,0.0346139404753642,1.1750659208945196,27.62119503945885,26.00849256900213,0.1811355875813712,330.0,31,26.529032258064507,26.2,11.1,25.9,42.8,31.699999999999996,285.58558558558553,0.07085685483870964,6.831468536529418,0.2575091496016683,134.2741935483871,136.0,113.0,136.0,164.0,51.0,45.13274336283186,0.15957661290322558,14.71328125066908,0.10957638889387182,30.080645161290324,31.0,30.0,34.0,38.0,8.0,26.666666666666668,0.04653225806451611,5.146352712024229,0.1710851839922264,45.322580645161295,46.7,24.5,46.7,69.15,44.650000000000006,182.2448979591837,0.10688104838709675,10.219163686506489,0.22547620945316807,11.1
1,40.0,438.628423781622,41.129221519483096,5.925254920716815,0.0,19705.90413046508,584.2418935891544,429.725652370361,20719.871676424595,1.3595695075834635,,,136.79004083390623,111.5,18.55,1.483,1.4675,0.985,33.55,40.6,25.0,109.9,39.65,16.44,4.525,3.2,2.0,0.0207397834832785,0.0281971772177486,1.3595695075834635,22.62306136210384,22.862010221465074,0.1781276441462167,340.0,31,27.538709677419348,26.55,18.55,27.3,42.4,23.849999999999998,128.57142857142856,0.0705020161290323,6.787976007586495,0.24648852786128783,135.56451612903226,137.0,111.5,137.0,153.0,41.5,37.219730941704036,0.15717741935483917,14.538306833720283,0.10724271548966777,30.29032258064516,31.5,25.0,35.0,36.5,11.5,46.0,0.05036290322580651,5.273794006766519,0.17410821534585955,46.751612903225805,46.95,33.55,47.2,68.8,35.25,105.06706408345754,0.10764717741935496,10.307347572411373,0.22047041657679747,18.55
1,50.0,435.0386639030612,39.77350357409976,5.6740822682357495,0.0,19987.85432417661,524.3903187664272,341.73641120573484,20853.981054148768,1.5344876974515005,,,137.91877591222485,110,19.6,1.569,1.582,1.01,37.3,45.1,20.0,111.1,38.9,16.76,4.35,3.2,2.5,0.0163871066305466,0.0251458135213996,1.5344876974515005,23.77310388782664,23.577749683944372,0.1797384796971315,350.0,31,28.31129032258064,27.3,19.6,26.55,42.5,22.9,116.83673469387755,0.07375201612903227,7.087168095431575,0.25033009851122756,136.96774193548387,141.0,110.0,141.0,155.0,45.0,40.90909090909091,0.15340725806451608,14.234310359053207,0.10392454572083124,30.677419354838708,32.0,20.0,31.5,37.0,17.0,85.0,0.05100806451612906,5.312796481290517,0.17318264029443328,47.898387096774194,47.2,37.3,47.65,69.1,31.799999999999997,85.25469168900804,0.11264717741935487,10.757388808558265,0.2245877045259159,19.6
1,60.0,430.8359825937951,37.46651461599356,5.235871150627317,0.0,18709.91418277569,456.2425135075973,262.2286611754837,19428.38535745877,1.7398651675313224,,,139.26413397223084,111.5,17.7,1.4145,1.3545,0.96,31.1,37.5,19.5,108.35,39.85,16.37,4.415,3.3,2.5,0.0134971927080297,0.0234832954521586,1.7398651675313224,21.986567691763874,22.96050203026947,0.1889360540232134,360.0,31,29.037096774193543,27.35,17.7,27.65,42.1,24.400000000000002,137.85310734463278,0.07647177419354839,7.313799374492206,0.25187777660307553,138.41935483870967,142.0,111.5,142.0,155.0,43.5,39.01345291479821,0.14691532258064513,13.676072032442619,0.09880173223158267,30.887096774193548,32.0,19.5,29.5,26.5,7.0,35.8974358974359,0.04159274193548389,4.99618133748058,0.16175626262339216,48.73064516129032,47.65,31.1,48.05,63.1,32.0,102.89389067524115,0.11500403225806452,10.90708238882237,0.2238238864419247,17.7
1,70.0,426.8699569810984,35.29982551727132,5.003564109263994,0.0,16889.367447888726,399.6646694717352,213.6645196091226,17502.696636969584,1.8705242695552864,,,140.55802948591383,113.5,21.45,1.7145,1.595,0.93,37.35,45.1,26.5,108.85,39.05,16.39,4.39,3.3,2.5,0.012207520020533,0.0228344624694891,1.8705242695552864,21.784776902887145,23.41692789968652,0.1944577720056076,370.0,31,29.904838709677417,27.65,21.45,27.35,44.6,23.150000000000002,107.92540792540792,0.07857056451612904,7.516829504947655,0.2513583028459925,139.82258064516128,142.0,113.5,144.0,155.0,41.5,36.563876651982376,0.1395766129032259,13.03875530044744,0.09325214311082493,31.451612903225808,32.0,26.5,32.5,37.0,10.5,39.62264150943396,0.03794354838709681,4.64283469213525,0.14761833380122333,50.127419354838715,48.05,37.35,48.65,74.4,37.050000000000004,99.19678714859438,0.11915524193548388,11.338032153697553,0.2261842380801339,21.45
1,80.0,423.16742805437855,34.521275781901444,4.82535869970612,0.0,15348.228573837938,348.73294690330306,171.0529808974797,15868.01450163872,2.0387422953611987,,,141.78785043987313,121,20.95,1.6765,1.6195,0.935,36.65,44.3,22.0,109.15,39.1,16.29,4.46,3.4,2.5,0.0107797343441937,0.0219771003402655,2.0387422953611987,21.861019982105574,22.63044149428836,0.1906884506034161,380.0,31,30.630645161290325,27.9,20.95,27.9,43.95,23.000000000000004,109.78520286396184,0.08161088709677418,7.755714854429978,0.25320115895669454,141.32258064516128,142.0,121.0,142.0,160.0,39.0,32.231404958677686,0.13479838709677405,12.576133737558067,0.08898884863371379,31.387096774193548,32.0,22.0,32.0,24.5,2.5,11.363636363636363,0.030544354838709657,4.727066880246415,0.15060541961730614,50.99516129032258,48.65,36.65,49.5,64.25,27.6,75.30695770804911,0.11945362903225804,11.356894784217426,0.22270534099423742,20.95
1,90.0,419.58814775910366,33.22490372214132,4.40979918438877,0.0,13470.694575500202,311.4645850684414,148.02141540140158,13930.180575970044,2.1041859667658076,,,142.9973661564138,123,20.8,1.663,1.58,0.95,34.9,42.1,21.0,108.8,39.8,16.34,4.54,3.5,3.0,0.0106259509411344,0.022358976853877,2.1041859667658076,20.98616957306073,22.088607594936708,0.2041017479372911,390.0,31,31.4,28.0,20.8,28.0,44.8,23.999999999999996,115.38461538461536,0.08393548387096772,7.944054380478522,0.2529953624356217,142.58064516129033,144.0,123.0,142.0,160.0,37.0,30.08130081300813,0.13298387096774186,12.42517389160245,0.08714488476010768,31.741935483870968,32.5,21.0,32.5,33.0,12.0,57.142857142857146,0.025463709677419368,4.400513166555949,0.13863405301141707,52.0258064516129,48.7,34.9,48.7,68.6,33.699999999999996,96.56160458452722,0.12084677419354833,11.460932706137998,0.22029322537839655,20.8
1,100.0,416.0163031684028,32.03111106449356,4.155151662464577,0.0,11870.866497293458,278.2733988536669,126.17067180805688,12275.310567955185,2.205531561859348,,,144.22511700391726,122,21.65,1.732,1.649,0.955,37.0,44.7,22.0,107.9,40.25,16.315,4.565,3.5,3.0,0.0102784097485424,0.0226693571061332,2.205531561859348,21.362586605080832,22.437841115827773,0.1934751799060747,400.0,31,32.170967741935485,28.05,21.65,28.05,44.7,23.050000000000004,106.46651270207855,0.08514112903225805,8.040198735039125,0.24992094734404177,143.7741935483871,144.0,122.0,144.0,160.0,38.0,31.147540983606557,0.1308870967741935,12.257541018816008,0.08525550181361818,32.064516129032256,32.5,22.0,34.0,31.0,9.0,40.90909090909091,0.01808467741935485,3.9279806845330234,0.1225024157148126,53.10967741935483,49.5,37.0,46.95,68.5,31.5,85.13513513513513,0.11976209677419353,11.3758180610952,0.2141948250084738,21.65
1,110.0,412.65616929235534,30.69816089000995,3.866607505596736,0.0,10720.317668999982,259.2762312499249,117.89630472884777,11097.490204978754,2.199188785825305,,,145.399498335118,125,22.9,1.8315,1.6535,0.91,37.45,45.35,24.5,107.35,39.85,16.09,4.515,3.6,3.0,0.0106236908121761,0.0233635016982131,2.199188785825305,20.44772044772045,22.648926519504084,0.1973008802645991,410.0,31,32.90967741935484,30.8,22.9,31.9,44.55,21.65,94.54148471615721,0.0858407258064516,8.093159862448028,0.24592036437550366,145.0,146.0,125.0,146.0,160.0,35.0,28.0,0.12665322580645158,11.902380714238083,0.08208538423612471,32.24193548387097,32.5,24.5,34.5,27.5,3.0,12.244897959183673,0.00883064516129035,3.565742016612006,0.11059329916455447,53.99354838709678,52.35,37.45,52.35,64.4,26.950000000000003,71.96261682242991,0.11619758064516127,11.144518397965014,0.20640463038410525,22.9
1,120.0,409.6666328231874,29.30621548252236,3.756215418492377,0.0,10202.255108303443,251.4003764444754,106.49567943767592,10560.151164185596,2.360662683894153,,,146.4605491214025,127,22.1,1.768,1.626,0.94,38.1,46.0,28.0,108.5,39.3,16.4,4.39,3.6,3.0,0.0100846737685775,0.0238065130447271,2.360662683894153,21.54977375565611,23.431734317343174,0.1829518596967747,420.0,31,33.625806451612895,31.9,22.1,30.8,45.1,23.0,104.07239819004525,0.08675604838709679,8.159839366962052,0.2426659827089636,146.1290322580645,146.0,127.0,146.0,160.0,33.0,25.984251968503937,0.12282258064516124,11.598108855854822,0.07936895685022063,32.354838709677416,32.5,28.0,34.5,28.0,0.0,0.0,0.001270161290322581,3.3620270383284567,0.10391110487356148,54.82741935483871,52.5,38.1,52.5,63.3,25.199999999999996,66.14173228346455,0.11115322580645164,10.828010272049656,0.19749261226343032,22.1
1,130.0,406.8032969599185,27.665157267524375,3.5057199373183767,0.0,9975.554798336629,254.04897195397055,96.29316236030937,10325.896932650909,2.6382867249013087,,,147.4914300065559,126,21.9,1.753,1.587,0.91,37.2,45.0,31.0,107.5,39.8,16.31,4.39,3.7,3.0,0.0093254041744137,0.0246030900376951,2.6382867249013087,21.220764403879063,23.44045368620038,0.191016812109447,430.0,31,34.314516129032256,33.2,21.9,33.2,43.45,21.550000000000004,98.40182648401829,0.08526209677419354,8.054928031422618,0.2347382082012702,147.11290322580646,148.0,126.0,148.0,157.5,31.5,25.0,0.11735887096774204,11.208411779715085,0.07618918214475773,32.33870967741935,32.5,31.0,36.0,27.5,-3.5,-11.290322580645162,-0.004475806451612909,3.384738041991319,0.10466521626107819,55.58870967741935,54.4,37.2,57.7,61.7,24.5,65.86021505376344,0.10451814516129032,10.435250433645722,0.18772247987408525,21.9
1,140.0,403.9211221782345,25.69609590433146,3.288577803342852,0.0,9774.958500621738,270.07187281734764,94.27473960189916,10139.305113040984,2.8647321006432884,,,148.543853503963,127,24.35,1.9485,1.739,0.875,37.3,45.1,30.5,104.2,41.05,15.96,4.56,3.7,3.5,0.0092979487796106,0.0266361323390876,2.8647321006432884,19.142930459327687,21.44910868315123,0.20424944081907,440.0,31,35.24677419354838,33.9,24.35,34.3,50.8,26.449999999999996,108.6242299794661,0.08722379032258061,8.240478702557992,0.2337938404606212,148.20967741935485,150.0,127.0,150.0,160.0,33.0,25.984251968503937,0.11153225806451607,10.726737771839417,0.07237542081336858,32.596774193548384,32.5,30.5,35.0,39.0,8.5,27.868852459016395,-0.001310483870967814,3.57868540770376,0.10978648949907628,56.85,57.7,37.3,62.8,76.3,39.0,104.55764075067025,0.10518145161290321,10.501317377675367,0.1847197427911234,24.35
1,150.0,401.0531991560829,23.739515819811068,3.019601729054072,0.0,9507.481780912303,293.49826811867473,87.13948233933533,9888.119531370312,3.368143351778757,,,149.60608748728382,127,26.2,2.098,1.85,0.89,42.1,50.8,31.0,108.1,39.4,16.37,4.23,3.8,3.5,0.0088125433822763,0.029681909405276,3.368143351778757,20.066730219256435,22.75675675675676,0.2355353225586381,450.0,31,35.97741935483871,34.3,26.2,34.8,47.0,20.8,79.38931297709924,0.0873024193548387,8.246239938194837,0.2292059877019994,149.33870967741936,153.0,127.0,153.0,162.0,35.0,27.559055118110237,0.10618951612903238,10.251330886584268,0.06864483367191107,32.67741935483871,32.5,31.0,37.0,33.0,2.0,6.451612903225806,-0.002419354838709668,3.557968491280697,0.10888156291184757,58.024193548387096,59.1,42.1,61.3,73.7,31.6,75.05938242280284,0.10276008064516132,10.275065863274243,0.17708244156303074,26.2
1,160.0,398.03675921314743,21.85437117364436,2.8377751786099426,0.0,8590.824339119737,318.5525546831751,85.22590735780149,8994.602801160714,3.7377431881810894,,,150.7398465373149,130,24.7,1.974,1.845,0.94,42.7,51.6,31.0,108.8,39.1,16.45,4.32,3.8,3.5,0.009475227449377,0.0354159668553754,3.7377431881810894,21.631205673758867,23.143631436314365,0.283144439198211,460.0,31,36.71451612903226,34.8,24.7,33.9,49.05,24.349999999999998,98.582995951417,0.08890120967741937,8.36354384166173,0.2277993753824308,150.56451612903226,153.0,130.0,155.0,165.0,35.0,26.923076923076923,0.10124999999999997,9.750847771248637,0.06476192413684151,32.88709677419355,33.0,31.0,32.0,37.5,6.5,20.967741935483872,-0.0005846774193548695,3.6462530480374755,0.11087184354012922,59.15967741935484,61.3,42.7,54.4,77.3,34.599999999999994,81.03044496487118,0.1041451612903226,10.400828647715517,0.1758094212378642,24.7
1,170.0,395.4214936510554,20.542831158586623,2.794951104100834,0.0,7776.232733805242,347.04117670120195,79.36832681847449,8202.642237324919,4.372539911228436,,,151.7368199841654,131,25.8,2.063,1.958,0.96,45.1,54.5,30.0,109.6,39.4,16.45,4.41,3.9,3.5,0.0096759464233756,0.0423084619151182,4.372539911228436,21.86136694134755,23.03370786516854,0.2768831304595354,470.0,31,37.501612903225805,42.1,25.8,42.25,49.1,23.3,90.31007751937985,0.08864112903225807,8.343285562564343,0.22247804605349847,151.66129032258064,154.0,131.0,154.0,164.0,33.0,25.19083969465649,0.09610887096774189,9.260477936526991,0.06106026077471801,33.096774193548384,33.0,30.0,32.5,37.5,7.5,25.0,0.0009879032258064292,3.720258402402333,0.11240546829870598,60.25483870967743,61.7,45.1,59.1,76.65,31.550000000000004,69.95565410199558,0.10410483870967745,10.397318202616077,0.17255573868038884,25.8
1,180.0,392.9062089895013,19.536590680128004,2.7289294626551563,0.0,6739.299789452811,368.02692088552857,78.65860923629837,7185.985319574638,4.678787540979,,,152.70820014351884,136,25.9,2.075,1.995,0.95,46.7,56.4,34.0,110.3,39.3,16.61,4.4,4.0,4.0,0.0109461132660586,0.0512145383713799,4.678787540979,22.50602409638554,23.408521303258144,0.2755685828609649,480.0,31,38.361290322580636,42.25,25.9,42.8,52.45,26.550000000000004,102.50965250965254,0.09013306451612901,8.46941270767361,0.22078018326428017,152.7258064516129,155.0,136.0,164.0,164.0,28.0,20.58823529411765,0.09024193548387081,8.685081759044662,0.05686715271525706,33.17741935483871,33.0,34.0,38.0,32.5,-1.5,-4.411764705882353,-0.0013709677419355484,3.6777447507423493,0.11085083837920547,61.44838709677419,62.8,46.7,69.15,82.1,35.39999999999999,75.80299785867236,0.10754032258064511,10.718375839891102,0.17442892069747715,25.9
1,190.0,390.5059535935463,19.11949941285892,2.720637747193596,0.0,5756.93500596212,386.0590446879221,78.7043009480726,6221.698351598115,4.905183580026147,,,153.64682522215864,137,27.3,2.181,2.036,0.96,47.2,57.0,35.0,110.0,39.3,16.45,4.32,4.0,4.0,0.012649970554721,0.0620504278528319,4.905183580026147,21.64144887666208,23.18271119842829,0.3370448058024153,490.0,31,39.20161290322581,42.4,27.3,42.4,51.95,24.650000000000002,90.29304029304029,0.09031249999999995,8.484117356085308,0.21642266038975072,153.69354838709677,155.0,137.0,153.0,166.0,29.0,21.16788321167883,0.08747983870967736,8.42681970393224,0.054828714623129285,33.20967741935484,33.0,35.0,36.5,35.0,0.0,0.0,0.00026209677419356176,3.6895668073374757,0.11109914621414448,62.616129032258065,63.1,47.2,68.8,82.9,35.7,75.63559322033899,0.11099999999999997,11.02556413595826,0.1760818547291258,27.3
1,200.0,388.3108888618677,18.89792053176007,2.696736162777939,0.0,5016.169175058516,391.9612797140435,77.27362638204383,5485.404081154603,5.072381070563087,,,154.51536828096408,141,26.55,2.1235,2.0975,0.97,47.65,57.6,31.5,110.45,39.45,16.51,4.385,4.1,4.0,0.0140871347377163,0.0714553155820639,5.072381070563087,22.439368966329173,22.71752085816448,0.3223703966569655,500.0,31,40.01129032258064,42.5,26.55,42.5,52.4,25.849999999999998,97.36346516007532,0.09061693548387095,8.508101136342736,0.2126425083457289,154.7258064516129,155.0,141.0,155.0,169.0,28.0,19.858156028368793,0.08596774193548389,8.27228173851026,0.05346413716122549,33.08064516129032,33.0,31.5,37.0,31.0,-0.5,-1.5873015873015872,8.06451612903278e-05,3.694808912951495,0.11169095690053277,63.7258064516129,63.3,47.65,69.1,81.6,33.949999999999996,71.24868835257082,0.11253629032258061,11.152651934015081,0.17500997719790815,26.55
1,210.0,386.2619301707474,18.946228133908836,2.6558422955610768,0.0,4563.531526346099,385.7989945546735,72.98926110233896,5022.319782003111,5.285695302679404,,,155.33500796590786,142,27.65,2.2085,2.137,0.965,48.05,58.1,29.5,108.8,40.5,16.315,4.51,4.1,4.0,0.0145329776419031,0.0768168916557521,5.285695302679404,21.75684853973285,22.484791764155357,0.3106503227495154,510.0,31,40.99354838709678,42.8,27.65,42.1,57.0,29.35,106.14828209764919,0.09220766129032258,8.658586700837152,0.21121827803427107,155.6290322580645,155.0,142.0,155.0,169.0,27.0,19.014084507042252,0.08574596774193552,8.252239839315832,0.05302506685020019,33.32258064516129,33.0,29.5,26.5,39.0,9.5,32.20338983050848,0.0026411290322580793,3.8309015194354585,0.11496413078654329,65.0758064516129,64.25,48.05,63.1,89.5,41.45,86.26430801248699,0.11775403225806454,11.663089005974802,0.17922311903498098,27.65
1,220.0,384.09517728365387,18.812512607352193,2.614534020446795,0.0,4070.725976826392,369.5125486908232,70.66113189359199,4510.899657410808,5.229360736072968,,,156.21128186071982,144,27.35,2.1895,2.1175,0.97,48.65,58.75,32.5,109.3,39.8,16.44,4.61,4.2,4.0,0.0156645319692503,0.0819154884289574,5.229360736072968,22.219684859556978,22.975206611570247,0.3006975537259563,520.0,31,41.90806451612904,43.45,27.35,44.6,56.0,28.65,104.75319926873857,0.09267540322580647,8.699330403103769,0.20758129738384082,156.56451612903226,157.5,144.0,155.0,171.0,27.0,18.75,0.08625000000000006,8.299339266355153,0.05300906917832693,33.74193548387097,34.0,32.5,37.0,42.5,10.0,30.76923076923077,0.005725806451612912,4.100550710457348,0.12152683749921395,66.42258064516129,64.4,48.65,74.4,89.8,41.15,84.58376156217884,0.12172379032258067,12.036069670713923,0.18120448729645555,27.35
1,230.0,381.7644058519109,18.286101155432764,2.562646017666116,0.0,3518.8090323897095,335.94179981658056,67.15545466199406,3921.906286868284,5.002449935116044,,,157.16499254588555,142,27.9,2.235,2.17,0.96,49.5,59.8,32.0,109.6,40.0,16.42,4.52,4.2,4.5,0.0171231665802037,0.0856577835481215,5.002449935116044,22.14765100671141,22.811059907834103,0.2924240933057536,530.0,31,42.874193548387105,43.95,27.9,43.95,57.3,29.4,105.3763440860215,0.09259274193548386,8.691738136181796,0.2027265685212818,157.43548387096774,160.0,142.0,160.0,171.0,29.0,20.422535211267604,0.08687500000000006,8.353384479243399,0.05305909616976649,33.983870967741936,34.5,32.0,24.5,40.0,8.0,25.0,0.008709677419354857,4.243590993030435,0.12487073638722684,67.9241935483871,68.5,49.5,64.25,95.2,45.7,92.32323232323232,0.12766330645161286,12.633796413903342,0.18599847497495006,27.9
1,240.0,379.57585749366285,17.499704177347528,2.5362296129026825,0.0,3017.663631127137,301.21171913964207,64.09989503802214,3382.975245304801,4.699098476853547,,,158.07117026930965,142,28.0,2.2415,2.2075,0.975,48.7,58.85,32.5,109.25,40.25,16.33,4.485,4.3,4.5,0.0189477871961923,0.0890375179533728,4.699098476853547,21.72652241802365,22.061155152887885,0.2871536150067286,540.0,31,43.86774193548387,44.55,28.0,44.8,58.7,30.700000000000003,109.64285714285715,0.09250403225806451,8.683351392051888,0.19794388789882236,158.3709677419355,160.0,142.0,160.0,171.0,29.0,20.422535211267604,0.0851209677419354,8.189391249186844,0.051710180003012966,34.274193548387096,34.5,32.5,33.0,41.0,8.5,26.153846153846153,0.011673387096774164,4.408020549100279,0.12861048190316107,69.4048387096774,68.6,48.7,68.6,95.4,46.7,95.89322381930184,0.13239516129032258,13.084203929667188,0.1885200538308117,28.0
1,250.0,377.6316696878941,16.810968996707206,2.5060251630217074,0.0,2726.888394207679,261.3941613802907,58.74302247044308,3047.025578058413,4.449790807270988,,,158.88497924336946,144,28.05,2.2415,2.1355,0.94,46.95,56.75,34.0,108.05,40.85,16.305,4.49,4.3,4.5,0.0192788084528895,0.0857866646288059,4.449790807270988,20.945795226410887,21.98548349332709,0.3615874058782858,550.0,31,44.82741935483871,44.6,28.05,44.7,57.75,29.7,105.88235294117646,0.0906633064516129,8.513517082750205,0.18991762642770219,159.24193548387098,160.0,144.0,160.0,169.0,25.0,17.36111111111111,0.08098790322580648,7.817577382350126,0.04909245393555229,34.5,35.0,34.0,31.0,39.5,5.5,16.176470588235293,0.013689516129032249,4.492586485904677,0.13021989814216453,70.67096774193547,68.8,46.95,68.5,87.95,41.0,87.32694355697551,0.13025403225806448,12.911789020074822,0.18270287548946484,28.05
1,260.0,375.81727376097865,15.876746910368762,2.480776985798217,0.0,2523.5344262362883,219.60120530475007,53.72669898850354,2796.862330529542,4.087375726391461,,,159.65205483918297,146,31.9,2.551,2.309,0.905,52.35,63.25,34.5,108.6,40.5,16.19,4.505,4.4,4.5,0.0192096330241364,0.0785169877357431,4.087375726391461,20.521364170913365,22.67215244694673,0.3645174143859337,560.0,31,45.75806451612903,44.7,31.9,44.55,56.9,25.0,78.36990595611286,0.08714112903225808,8.189048548459843,0.17896405005446253,160.0483870967742,160.0,146.0,160.0,169.0,23.0,15.753424657534246,0.07705645161290334,7.474796361451013,0.0467033532611068,34.61290322580645,35.0,34.5,27.5,37.5,3.0,8.695652173913043,0.015181451612903213,4.523475207955632,0.13068754095677967,72.04677419354839,69.1,52.35,64.4,89.6,37.24999999999999,71.15568290353389,0.12639919354838713,12.567649843174545,0.17443737049784455,31.9
1,270.0,374.1703485877029,14.911981562241088,2.46085999381917,0.0,2477.4424685278045,186.67456944604572,51.789402326233954,2715.906440300084,3.6044936041188023,,,160.35476949594906,146,30.8,2.4635,2.327,0.94,52.5,63.45,34.5,108.55,40.65,16.32,4.48,4.5,5.0,0.0190689198853667,0.0687337997642583,3.6044936041188023,21.311142683174342,22.561237645036528,0.3658252350649131,570.0,31,46.661290322580655,44.8,30.8,45.1,59.9,29.099999999999998,94.48051948051948,0.08675403225806454,8.153677183510714,0.17474178547447777,160.79032258064515,160.0,146.0,160.0,169.0,23.0,15.753424657534246,0.0734072580645162,7.169116860474502,0.04458674343960469,34.693548387096776,36.0,34.5,28.0,37.0,2.5,7.246376811594203,0.016552419354838727,4.5436355109002715,0.13096485433557267,73.40645161290323,69.15,52.5,63.3,94.5,42.0,80.0,0.12727217741935481,12.645484977753155,0.1722666700256406,30.8
1,280.0,372.4450258473259,14.255517327365968,2.479418814793197,0.0,2668.089178195478,152.87727761255226,46.61503093575021,2867.5814867437807,3.2795704420589997,,,161.0976005478871,148,33.2,2.659,2.591,0.97,57.7,69.8,36.0,110.3,40.1,16.59,4.41,4.5,5.0,0.016255869676674,0.0533122697015835,3.2795704420589997,21.69988717562994,22.2693940563489,0.4888904917388844,580.0,31,47.52096774193549,45.1,33.2,43.45,57.45,24.25,73.04216867469879,0.08304637096774196,7.823850013405041,0.16463995548013183,161.59677419354838,160.0,148.0,157.5,171.0,23.0,15.54054054054054,0.07004032258064519,6.848867734692489,0.04238245329383515,34.693548387096776,36.0,36.0,27.5,34.5,-1.5,-4.166666666666667,0.016310483870967736,4.543635510900272,0.1309648543355727,74.65483870967742,73.7,57.7,61.7,91.2,33.5,58.058925476603115,0.12454637096774192,12.421039642737304,0.16637956571095208,33.2
1,290.0,370.8562567682549,13.988920884945475,2.4614721973260685,0.0,2862.6757383798604,130.97810344388918,44.35008886039943,3038.003930684149,2.953277136741898,,,161.78775173663448,150,34.3,2.747,2.699,0.98,62.8,75.9,35.0,111.8,39.1,16.55,4.35,4.6,5.0,0.0145984303747796,0.0431132106581551,2.953277136741898,22.86130323989807,23.267876991478325,0.4934578394454434,590.0,31,48.32903225806452,47.0,34.3,50.8,58.25,23.950000000000003,69.82507288629739,0.08029637096774195,7.585422139357708,0.15695373536249427,162.3709677419355,162.0,150.0,160.0,172.0,22.0,14.666666666666666,0.0675604838709677,6.613077626863663,0.04072820233093743,34.774193548387096,36.5,35.0,39.0,38.5,3.5,10.0,0.01945564516129035,4.5895510123130405,0.13198152261753643,76.00645161290322,74.4,62.8,76.3,99.6,36.8,58.59872611464968,0.12869556451612912,12.78883459595051,0.16825985590122478,34.3
1,300.0,369.42781384864367,14.284810930735178,2.4573289599920276,0.0,2835.518617988832,120.48097691024236,43.65454938977964,2999.6541442888542,2.7598721918877316,,,162.41332609726643,153,34.8,2.781,2.667,0.96,61.3,74.1,37.0,109.8,39.4,16.43,4.42,4.6,5.0,0.0145531942317066,0.0401649560632282,2.7598721918877316,22.042430780294858,22.984626921634796,0.4924341722791194,600.0,31,49.21129032258065,49.05,34.8,47.0,61.65,26.85,77.15517241379311,0.07930241935483874,7.489244617866114,0.1521854958237026,163.11290322580646,164.0,153.0,162.0,173.0,20.0,13.071895424836601,0.06600806451612912,6.46749523568869,0.03965042070727764,34.983870967741936,37.0,37.0,33.0,41.5,4.5,12.162162162162161,0.02366935483870968,4.746022669856908,0.13566316529789224,77.44354838709677,76.3,61.3,73.7,107.35,46.05,75.12234910277326,0.13913306451612897,13.724204542434531,0.1772155954661962,34.8
1,310.0,367.9292082055215,14.666256877474124,2.439906153852227,0.0,2877.338386867347,114.47070539742865,43.14738419074591,3034.956476455521,2.6530161108116466,,,163.07484880755814,155,33.9,2.711,2.42,0.91,54.4,65.8,32.0,107.3,41.1,16.08,4.52,4.7,5.0,0.0142168049280024,0.037717412518257,2.6530161108116466,20.06639616377721,22.479338842975206,0.3806149209314859,610.0,31,50.08870967741937,49.1,33.9,49.05,62.0,28.1,82.89085545722715,0.07773991935483872,7.336355926450807,0.14646725726612458,163.8548387096774,164.0,155.0,165.0,176.0,21.0,13.548387096774194,0.06727822580645153,6.586847435593521,0.04019928546183663,35.11290322580645,37.0,32.0,37.5,41.0,9.0,28.125,0.028608870967741947,4.855769210295719,0.13829016584213807,78.9790322580645,76.65,54.4,77.3,108.9,54.50000000000001,100.18382352941178,0.14774395161290327,14.498757269696993,0.18357729710237786,33.9
1,320.0,366.2336204920538,14.647642947826984,2.4457652144052777,0.0,2958.144470631539,113.9452155164142,41.09712306890992,3113.186809216863,2.772583748145963,,,163.82985242967837,154,42.25,3.381,2.866,0.85,59.1,71.4,32.5,102.7,41.7,15.48,4.86,4.7,5.5,0.0132009820121421,0.0366008281864324,2.772583748145963,17.480035492457855,20.62107466852757,0.4875145448975435,620.0,31,50.94354838709679,50.8,42.25,49.1,60.4,18.15,42.958579881656796,0.0735322580645161,6.919197231079675,0.13582087330281453,164.53225806451613,164.0,154.0,164.0,176.0,22.0,14.285714285714286,0.06891129032258038,6.724253965894615,0.04086890950744693,35.08064516129032,37.0,32.5,37.5,31.0,-1.5,-4.615384615384615,0.024112903225806413,4.880397480727617,0.13911937646212058,80.47258064516127,77.3,59.1,76.65,100.7,41.6,70.3891708967851,0.14502419354838705,14.265271575342673,0.1772687226006145,42.25
1,330.0,364.6296665906326,14.45447018630897,2.4332446748431287,0.0,3117.9399822225923,118.33295511490358,42.305048970127615,3278.5779863076236,2.797135519177881,,,164.55051658580928,164,42.8,3.426,3.0405,0.895,69.15,83.65,38.0,106.8,39.9,16.06,4.495,4.8,5.5,0.0129034749659171,0.0360927681479895,2.797135519177881,20.183887915936953,22.74296990626542,0.4780849659027443,630.0,31,51.535483870967745,51.95,42.8,52.45,60.6,17.800000000000004,41.58878504672899,0.07376411290322582,6.935574880623176,0.13457863125896247,165.24193548387098,165.0,164.0,164.0,176.0,12.0,7.317073170731708,0.0690524193548387,6.736555707162149,0.04076783346452448,35.064516129032256,37.0,38.0,32.5,32.0,-6.0,-15.789473684210526,0.02058467741935484,4.89002715650924,0.13945799618379617,81.70483870967742,81.6,69.15,82.1,97.3,28.14999999999999,40.70860448300794,0.1414133064516129,14.005048820804527,0.1714102743727186,42.8
1,340.0,362.9995265151515,13.963956128569436,2.414413412740321,0.0,3285.866976787569,124.36459829641797,42.346227628637905,3452.577802712625,2.9368518817556413,,,165.28947179630995,153,42.4,3.391,3.119,0.92,68.8,83.15,36.5,108.0,40.6,16.14,4.575,4.8,5.5,0.0122651045243259,0.0360207953021962,2.9368518817556413,20.28900029489826,22.058352035908943,0.4744844061234573,640.0,31,52.17741935483872,52.4,42.4,51.95,62.7,20.300000000000004,47.87735849056605,0.07488104838709678,7.020515635261147,0.1345508406139694,165.6290322580645,166.0,153.0,166.0,176.0,23.0,15.032679738562091,0.07475806451612906,7.002342158087159,0.042277263005297876,35.096774193548384,37.0,36.5,35.0,39.0,2.5,6.8493150684931505,0.024858870967741944,4.913280226146801,0.13999235938469748,82.91290322580646,82.1,68.8,82.9,106.6,37.8,54.94186046511628,0.1483709677419355,14.492693375985105,0.17479418536962152,42.4
1,350.0,361.5186018644323,13.694576947867532,2.3942482031126566,0.0,3354.3089591467656,129.57134657081588,44.27504955408173,3528.155355271663,2.926509351786161,,,165.9665635200141,155,42.5,3.401,3.149,0.92,69.1,83.5,37.0,106.3,41.5,16.04,4.56,4.9,5.5,0.012549064623225,0.036724954976037,2.926509351786161,20.31755366068803,21.94347411876786,0.4698633607420598,650.0,31,52.85806451612903,52.45,42.5,52.4,63.5,21.0,49.411764705882355,0.07542137096774193,7.063687620195199,0.13363500318933916,166.3709677419355,169.0,155.0,169.0,176.0,21.0,13.548387096774194,0.07288306451612907,6.836138946724586,0.04108973482277502,35.145161290322584,37.0,37.0,31.0,38.0,1.0,2.7027027027027026,0.027520161290322594,4.934898763546382,0.14041474223950237,84.18387096774192,82.9,69.1,81.6,108.2,39.10000000000001,56.58465991316934,0.15456048387096777,14.934670999036515,0.17740537263675213,42.5
1,360.0,360.0514424519808,13.571900826063908,3.8367097015510776,0.1201923076923077,3358.6841318746865,138.30860019328014,45.33952410106326,3542.33225616903,3.050508423621426,,,166.64285411938616,155,42.1,3.368,3.0865,0.905,63.1,76.3,26.5,104.0,43.0,15.82,4.745,5.0,6.0,0.012799342586259,0.0390445023761995,3.050508423621426,18.73515439429929,20.443868459420056,0.4775327885742947,660.0,31,53.593548387096774,56.0,42.1,57.0,65.3,23.199999999999996,55.106888361045115,0.07626411290322584,7.135857130663934,0.13314768932862764,167.0483870967742,169.0,155.0,169.0,176.0,21.0,13.548387096774194,0.07137096774193558,6.71112861684441,0.040174758544400245,35.145161290322584,37.0,26.5,39.0,37.0,10.5,39.62264150943396,0.029838709677419386,4.934898763546382,0.14041474223950237,85.54516129032257,87.95,63.1,89.5,111.3,48.199999999999996,76.38668779714739,0.16122983870967741,15.429027593245086,0.18036119589373573,42.1
1,370.0,358.6536754261364,13.189002482511324,3.8495546449578137,0.1197604790419161,3227.496690432767,143.37173718481532,46.56480694541663,3417.4332345629987,3.078972008900971,,,167.29230483616448,155,44.6,3.571,3.35,0.92,74.4,90.0,37.0,108.2,40.3,16.23,4.56,5.0,6.0,0.0136256669111989,0.0419530470221896,3.078972008900971,20.834500140016804,22.208955223880597,0.4814483882389204,670.0,31,54.2758064516129,56.9,44.6,56.0,63.25,18.65,41.81614349775784,0.07468951612903221,7.010300409251873,0.12916068627191352,167.7258064516129,169.0,155.0,171.0,176.0,21.0,13.548387096774194,0.06901209677419368,6.5113218187981605,0.03882122826863025,35.564516129032256,37.0,37.0,42.5,39.5,2.5,6.756756756756757,0.02689516129032256,4.723596679586208,0.1328176844146689,87.10483870967741,89.5,74.4,89.8,111.45,37.05,49.798387096774185,0.1624173387096773,15.527944459579476,0.1782673005266045,44.6
1,380.0,357.4008987171838,13.118239587011743,3.861032283656329,0.1194743130227001,3106.8298434522926,145.7169043473445,45.25272598223882,3297.799473781876,3.2200690938383847,,,167.87870488115033,160,43.95,3.5175,3.174,0.9,64.25,77.7,24.5,103.6,43.45,15.695,4.905,5.1,6.0,0.0137220975204849,0.0441861021283498,3.2200690938383847,18.265813788201847,20.24259609325772,0.5013256109255881,680.0,31,54.900000000000006,57.0,43.95,57.3,63.95,20.0,45.50625711035267,0.07429838709677418,6.981451616008426,0.1271666961021571,168.40322580645162,169.0,160.0,171.0,176.0,16.0,10.0,0.06580645161290329,6.22952560371268,0.03699172372667236,35.61290322580645,37.5,24.5,40.0,38.5,14.0,57.142857142857146,0.029596774193548378,4.7464191369553435,0.13327807359204316,88.28225806451613,89.6,64.25,95.2,110.9,46.650000000000006,72.6070038910506,0.16861290322580638,15.911560516320082,0.18023508760607382,43.95
1,390.0,356.1426013212589,12.910282373087774,3.907991399893321,0.1189060642092746,2949.166711570077,147.4797504787059,51.18831610950708,3147.83477815829,2.8811213512709175,,,168.4718418335944,160,44.8,3.582,3.285,0.9,68.6,82.9,33.0,104.6,42.1,15.86,4.71,5.1,6.0,0.0162614367388926,0.0468511725907648,2.8811213512709175,19.151312116136236,20.882800608828003,0.520996602785297,690.0,31,55.48548387096774,57.3,44.8,58.7,62.1,17.300000000000004,38.61607142857144,0.07158870967741938,6.791001319741528,0.12239239610010602,168.91935483870967,169.0,160.0,171.0,176.0,16.0,10.0,0.0649798387096775,6.172650395350916,0.03654199603855217,36.08064516129032,37.5,33.0,41.0,39.0,6.0,18.181818181818183,0.024475806451612944,4.309092662022073,0.11942947923351299,89.63548387096773,89.8,68.6,95.4,106.2,37.60000000000001,54.810495626822174,0.1639455645161291,15.579966803282923,0.1738147230365893,44.8
1,400.0,355.0117094934834,12.686025399316067,3.9800902834436473,0.1186239620403321,2725.219291518017,145.12846914777523,50.581689938704315,2920.9294506044967,2.869189806106601,,,169.0085098477614,160,44.7,3.576,3.26,0.91,68.5,82.8,31.0,104.8,42.7,15.82,4.79,5.2,6.0,0.0173169844715819,0.049685715318369,2.869189806106601,19.155480984340045,21.01226993865031,0.5298051143423418,700.0,31,56.09193548387096,57.45,44.7,57.75,63.6,18.9,42.28187919463087,0.06960282258064517,6.642779247350634,0.1184266363791412,169.43548387096774,171.0,160.0,169.0,176.0,16.0,10.0,0.06350806451612902,6.07006580892919,0.03582523371286147,36.24193548387097,37.5,31.0,39.5,38.0,7.0,22.580645161290324,0.023649193548387088,4.283438976145872,0.11819012751270319,91.04838709677418,91.2,68.5,87.95,112.4,43.900000000000006,64.08759124087592,0.1641431451612903,15.59477200790363,0.17128004685385745,44.7
1,410.0,353.8728898862293,12.318292544139627,4.079448366317887,0.1183431952662721,2527.2960077700855,141.54363548405053,55.26333474554823,2724.102977999684,2.5612575885217037,,,169.5524062871561,160,44.55,3.5645,3.2275,0.895,64.4,77.85,27.5,103.75,43.0,15.54,4.925,5.2,6.5,0.0202868008999161,0.0519597227517391,2.5612575885217037,18.067050077149673,19.953524399690163,0.547341983995468,710.0,31,56.73387096774193,57.75,44.55,56.9,64.6,20.049999999999997,45.005611672278334,0.0673991935483871,6.4643430588727036,0.11394151233833906,169.9516129032258,171.0,160.0,169.0,176.0,16.0,10.0,0.06139112903225824,5.9193958569965535,0.03482988926011069,36.53225806451613,38.0,27.5,37.5,40.0,12.5,45.45454545454545,0.0225403225806452,4.220851975353964,0.11553766996553898,92.40322580645162,94.5,64.4,89.6,110.5,46.099999999999994,71.58385093167699,0.16136088709677426,15.393656352990947,0.16659219652390272,44.55
1,420.0,352.5804227941176,11.804916474384695,4.16753285888501,0.1177856301531213,2339.4656252327095,136.24615960687188,60.321950146825976,2536.0337349864076,2.2586497829603225,,,170.17394081189758,160,45.1,3.606,3.188,0.87,63.3,76.5,28.0,101.6,44.3,15.39,5.0,5.3,6.5,0.0237859415332853,0.0537241116816618,2.2586497829603225,17.554076539101498,19.855708908406523,0.7247508702172547,720.0,31,57.37419354838709,58.25,45.1,59.9,64.4,19.300000000000004,42.79379157427939,0.06417540322580643,6.194740658652062,0.10797085371540197,170.56451612903226,171.0,160.0,169.0,179.0,19.0,11.875,0.06044354838709662,5.837724921411125,0.03422590497659477,36.935483870967744,38.0,28.0,37.0,40.0,12.0,42.857142857142854,0.018810483870967724,3.915230805209895,0.1060018820624513,94.04516129032258,95.2,63.3,94.5,115.3,52.0,82.14849921011059,0.15714314516129027,15.017153274609615,0.1596802330770728,45.1
1,430.0,351.1868550570843,11.389578678619763,5.453771734980454,0.2344665885111371,2285.830294700377,132.02622376283824,71.16849336960072,2489.025011832816,1.855121803368576,,,170.84921925750095,157.5,43.45,3.4765,3.03,0.855,61.7,74.6,27.5,101.05,44.8,15.31,5.07,5.3,6.5,0.0285929201318853,0.0530433495586368,1.855121803368576,17.747734790737812,20.363036303630366,0.7361918586602232,730.0,31,57.98064516129032,58.7,43.45,57.45,63.9,20.449999999999996,47.06559263521287,0.06020362903225806,5.864507331102856,0.1011459481830358,171.24193548387098,171.0,157.5,171.0,181.0,23.5,14.920634920634921,0.059939516129032366,5.7891723181325565,0.03380697783971164,37.38709677419355,38.5,27.5,34.5,42.0,14.5,52.72727272727273,0.016108870967741964,3.648537783412589,0.09758815469006925,95.80322580645164,95.4,61.7,91.2,117.8,56.099999999999994,90.92382495948134,0.15167540322580644,14.478328261484883,0.151125686422449,43.45
1,440.0,349.8004663770444,10.65411096877455,5.497275951993571,0.2339181286549707,2219.8291624994868,121.09768221107092,72.69314439208848,2413.6199891026463,1.6658748665197445,,,171.52635793037206,160,50.8,4.061,3.614,0.89,76.3,92.2,39.0,105.8,42.8,15.81,4.72,5.4,6.5,0.0301178912671811,0.0501726380945716,1.6658748665197445,18.78847574489042,21.11234089651356,0.7376152483647597,740.0,31,58.81774193548387,59.9,50.8,58.25,69.4,18.60000000000001,36.61417322834647,0.057735887096774186,5.565706729414465,0.09462632440938296,171.93548387096774,172.0,160.0,172.0,179.0,19.0,11.875,0.05576612903225811,5.359947038736904,0.031174176022672428,37.854838709677416,38.5,39.0,38.5,42.0,3.0,7.6923076923076925,0.012520161290322587,3.2460066450617355,0.08574879079413192,97.6967741935484,97.3,76.3,99.6,120.4,44.10000000000001,57.798165137614696,0.14455040322580642,13.686343165627253,0.14009002117626784,50.8
1,450.0,348.58449596187427,9.990816193211888,5.577485536265363,0.2331002331002331,2261.146816704673,109.1961454406665,82.50741326427644,2452.8503754096155,1.3234707176057547,,,172.1246948589543,162,47.0,3.759,3.473,0.93,73.7,89.0,33.0,106.5,43.2,16.03,4.66,5.5,7.0,0.0336373608808071,0.0445180621432855,1.3234707176057547,19.606278265496144,21.2208465303772,0.7546864166689221,750.0,31,59.362903225806456,60.4,47.0,61.65,67.7,20.700000000000003,44.04255319148937,0.057935483870967745,5.581845091334578,0.09402917963938155,172.5483870967742,173.0,162.0,173.0,179.0,17.0,10.493827160493828,0.052338709677419284,5.025526238961908,0.029125315649246426,37.91935483870968,38.5,33.0,41.5,41.0,8.0,24.242424242424242,0.015161290322580623,3.2891153172080285,0.0867397489012751,99.12419354838711,99.6,73.7,107.35,120.55,46.849999999999994,63.56852103120758,0.14456854838709685,13.68790750363097,0.13808846270158323,47.0
1,460.0,347.60526935904875,9.587813861480049,5.682776507941518,0.2322880371660859,2244.576257729008,102.100278684388,94.6723261549325,2441.348862568328,1.078459596707274,,,172.60958129499684,165,49.05,3.9245,3.6225,0.935,77.3,93.4,37.5,105.8,42.85,15.85,4.835,5.5,7.0,0.0387786963209084,0.0418212571950807,1.078459596707274,19.69677665944706,21.33885438233264,0.9949217243018148,760.0,31,60.06612903225807,60.6,49.05,62.0,68.8,19.75,40.265035677879716,0.055667338709677466,5.340402405199665,0.08890871596422739,173.09677419354838,176.0,165.0,176.0,179.0,14.0,8.484848484848484,0.04943548387096772,4.7564331083258695,0.027478461863231822,38.16129032258065,39.0,37.5,41.0,40.5,3.0,8.0,0.013548387096774193,3.1895326114604776,0.08358031357166086,100.58548387096776,100.7,77.3,108.9,119.0,41.7,53.94566623544632,0.14018750000000008,13.29564586339194,0.13218255111689625,49.05
1,470.0,346.6542561848958,9.286119196247045,6.505296564319919,0.3476245654692931,2145.6914249282927,83.52586965207908,107.84155836202008,2337.0588529423917,0.7745239490297967,,,173.08311936028173,164,49.1,3.928,3.627,0.915,76.65,92.65,37.5,105.3,42.75,15.82,4.845,5.6,7.0,0.0461441346358248,0.0357397373827016,0.7745239490297967,19.513747454175153,21.133167907361457,1.0151761746931691,770.0,31,60.73225806451614,61.65,49.1,60.4,69.7,20.6,41.95519348268839,0.05438709677419357,5.2067191907364085,0.08573234977045129,173.5483870967742,176.0,164.0,176.0,179.0,15.0,9.146341463414634,0.0477822580645162,4.624851058339928,0.026648770038761666,38.58064516129032,39.0,37.5,31.0,50.5,13.0,34.666666666666664,0.02058467741935486,3.879640821419659,0.10055925206020856,102.45322580645163,106.2,76.65,100.7,135.2,58.54999999999998,76.38617090671882,0.14610080645161289,13.965474902319356,0.1363107388019395,49.1
1,480.0,345.76394896193773,8.917408817569223,6.54789077856864,0.3464203233256351,2009.0738790476191,78.42694305985114,111.880652019245,2199.3814741267156,0.700987540243872,,,173.5287908994957,164,52.45,4.198,3.9095,0.94,82.1,99.15,32.5,105.2,43.45,15.97,4.8,5.6,7.0,0.0508691435912309,0.0356586358403292,0.700987540243872,19.55693187232015,21.00012789359253,1.0321577766536532,780.0,31,61.44193548387097,62.0,52.45,60.6,71.1,18.64999999999999,35.55767397521447,0.0531532258064516,5.06578550628616,0.08244833868581453,174.03225806451613,176.0,164.0,176.0,179.0,15.0,9.146341463414634,0.04491935483870967,4.3702316564666,0.025111618415285374,38.903225806451616,39.0,32.5,32.0,47.5,15.0,46.15384615384615,0.02528225806451611,4.190106114087306,0.10770587855448298,104.3467741935484,106.6,82.1,97.3,135.35,53.25,64.8599269183922,0.14935080645161283,14.325123242540656,0.13728381498377318,52.45
1,490.0,344.94850852272725,8.747390023580435,6.633314626205178,0.3456221198156682,1766.7087732069097,66.5595483529039,121.57336485148488,1954.8416864112985,0.5474846273623638,,,173.93900398919058,166,51.95,4.1565,4.0505,0.96,82.9,100.25,35.0,107.5,43.4,16.07,4.79,5.7,7.0,0.0621909005197599,0.0340485619963906,0.5474846273623638,19.94466498255744,20.4666090606098,1.054185423292608,790.0,31,61.93548387096775,62.1,51.95,62.7,67.75,15.799999999999997,30.413859480269483,0.0511673387096774,4.903233517254831,0.07916679116401028,174.51612903225808,176.0,166.0,176.0,179.0,13.0,7.831325301204819,0.04145161290322571,4.040387504039149,0.023151943183958152,39.33870967741935,39.5,35.0,39.0,46.0,11.0,31.428571428571427,0.025443548387096764,4.203940803528267,0.10686524387812735,106.03548387096774,107.35,82.9,106.6,134.45,51.54999999999998,62.18335343787693,0.1532056451612903,14.695981273511402,0.13859493762856423,51.95
1,500.0,344.11102540183697,8.56731561320063,6.728639683770527,0.3448275862068966,1442.5758929856556,52.73229732269633,140.11838719822583,1635.4265775065778,0.3763410240234625,,,174.36232951250187,169,52.4,4.19,3.951,0.94,81.6,98.6,31.0,105.9,43.7,15.93,4.87,5.7,7.5,0.0856769659521216,0.0322437571016447,0.3763410240234625,19.47494033412887,20.652999240698556,1.078706326526754,800.0,31,62.59516129032258,62.7,52.4,63.5,72.4,20.000000000000007,38.167938931297726,0.051054435483870966,4.890660399147027,0.07813160471723458,175.0,176.0,169.0,176.0,181.0,12.0,7.100591715976331,0.03987903225806447,3.8815804341359033,0.022180459623633735,39.983870967741936,39.5,31.0,38.0,55.0,24.0,77.41935483870968,0.03211693548387098,4.979096087590836,0.12452761493772967,107.8516129032258,108.2,81.6,108.2,139.2,57.599999999999994,70.58823529411764,0.15833870967741934,15.211336144856832,0.1410394868967404,52.4
1,510.0,343.3663104954181,8.462465648760956,6.805612639278032,0.3440366972477064,1218.162567739036,46.25782525216143,143.15350590952335,1407.573898900721,0.3231344210416862,,,174.74049773092298,169,57.0,4.556,4.318,0.94,89.5,108.2,39.0,106.5,42.4,15.98,4.81,5.8,7.5,0.1017023021109744,0.0328635145112364,0.3231344210416862,19.644424934152767,20.72718851320056,1.1205640550305302,810.0,31,63.19516129032259,63.25,57.0,65.3,71.0,14.0,24.56140350877193,0.04956048387096779,4.736724515927114,0.07495391133138027,175.38709677419354,176.0,169.0,176.0,181.0,12.0,7.100591715976331,0.03963709677419355,3.8615836074063252,0.022017489760823263,40.62903225806452,40.0,39.0,37.0,51.0,12.0,30.76923076923077,0.03298387096774195,5.07110727871715,0.12481486751904061,109.71129032258064,108.9,89.5,111.3,139.25,49.75,55.58659217877095,0.16039314516129033,15.417569575419568,0.14052855936784425,57.0
1,520.0,342.7114955357143,8.36391647381661,6.875905532195474,0.3432494279176201,1045.1800799574546,46.33010992938354,151.67464692257423,1243.1848368094124,0.3054571800192407,,,175.07437241406262,171,56.0,4.48,4.229,0.94,89.8,108.6,42.5,106.85,42.55,16.055,4.74,5.8,7.5,0.1220049042038202,0.0372672739866165,0.3054571800192407,20.044642857142858,21.234334358004254,1.1428054438697153,820.0,31,63.620967741935495,63.5,56.0,63.25,70.2,14.200000000000003,25.35714285714286,0.0498004032258065,4.7545202035106975,0.07473196922744663,175.8709677419355,176.0,171.0,176.0,184.0,13.0,7.60233918128655,0.04072580645161305,3.972756687606822,0.022589042060860508,41.17741935483871,40.0,42.5,39.5,56.0,13.5,31.764705882352942,0.04122983870967743,5.761290924634823,0.13991384149132746,111.54354838709676,110.5,89.8,111.45,146.3,56.500000000000014,62.91759465478844,0.16948387096774198,16.28619938237834,0.14600754250581388,56.0
1,530.0,342.0365564355023,8.326770091564656,6.9476090743928545,0.3428571428571428,890.5801082782818,42.527797946014104,157.59529945099837,1090.7032056752942,0.2698544822984229,,,175.41984583543828,171,57.3,4.587,4.512,0.99,95.2,115.1,40.0,108.1,41.5,16.3,4.62,5.9,7.5,0.144489627087348,0.0389911735151485,0.2698544822984229,20.75430564639198,21.09929078014185,1.1698208927566016,830.0,31,64.0725806451613,63.6,57.3,63.95,70.0,12.700000000000003,22.164048865619552,0.04874193548387103,4.670668023414449,0.07289651792364904,176.19354838709677,176.0,171.0,176.0,181.0,10.0,5.847953216374269,0.04068548387096779,3.9700491587108395,0.022532318549988287,41.53225806451613,40.0,40.0,38.5,53.5,13.5,33.75,0.049536290322580626,6.169731874064664,0.14855276745320745,113.16451612903225,110.9,95.2,110.9,140.05,44.85000000000001,47.111344537815135,0.17269758064516125,16.548505438802156,0.14623404937227186,57.3
1,540.0,341.31804794276763,8.18335249864225,6.998449742661958,0.3420752565564424,735.3195098370878,37.35240756330502,150.08331136046127,922.7552287608542,0.2488778214227577,,,175.7891220860985,171,58.7,4.698,4.446,0.96,95.4,115.4,41.0,108.4,41.8,16.17,4.68,6.0,8.0,0.1626469367851803,0.0404792152881806,0.2488778214227577,20.306513409961685,21.45748987854251,1.186950423084631,840.0,31,64.53709677419356,63.9,58.7,62.1,71.7,13.0,22.146507666098806,0.04898588709677422,4.690681680060577,0.07268194440900601,176.51612903225808,176.0,171.0,176.0,181.0,10.0,5.847953216374269,0.040241935483871005,3.9401435485012093,0.02232171966438916,41.96774193548387,40.0,41.0,39.0,53.5,12.5,30.48780487804878,0.05578629032258066,6.524231096293989,0.15545823519224725,114.90483870967742,111.3,95.4,106.2,149.15,53.75,56.34171907756813,0.1828729838709678,17.41065935396431,0.15152242107014038,58.7
1,550.0,340.58061079545456,7.939610733942534,7.063033562310113,0.3412969283276451,646.4766391577848,45.194752846369994,179.2644937618924,870.9358857660471,0.2521121271588774,,,176.1697468915361,169,57.75,4.6195,4.479,0.985,87.95,106.3,39.5,105.8,44.4,15.945,5.015,6.0,8.0,0.2058297248875181,0.0518921697739187,0.2521121271588774,19.038857019157916,19.63607948202724,1.196822502843412,850.0,31,64.90645161290324,63.95,57.75,63.6,70.15,12.400000000000006,21.47186147186148,0.04861491935483872,4.666471578103452,0.07189534263764573,176.83870967741936,176.0,169.0,176.0,181.0,12.0,7.100591715976331,0.039395161290322604,3.882411400092718,0.021954533637882936,42.354838709677416,40.0,39.5,38.0,53.0,13.5,34.177215189873415,0.06183467741935484,6.814437551242578,0.16088923388310733,116.50806451612904,111.45,87.95,112.4,145.1,57.14999999999999,64.9801023308698,0.18855241935483874,17.837750683938978,0.1531031414694008,57.75
1,560.0,339.769566680839,7.465708841572982,7.115056655720548,0.340522133938706,538.0920063975877,46.334931933741,176.71948486358133,761.1464231949101,0.2621948109995299,,,176.59027141874873,169,56.9,4.552,4.3095,0.96,89.6,108.3,37.5,106.4,43.35,16.0,4.835,6.1,8.0,0.2321754126122037,0.0608751884285946,0.2621948109995299,19.68365553602812,20.791275089917622,1.2124690321550216,860.0,31,65.38548387096775,64.4,56.9,64.6,72.6,15.699999999999996,27.592267135325123,0.04865120967741937,4.669550184410827,0.07141570128357169,177.2258064516129,176.0,169.0,176.0,181.0,12.0,7.100591715976331,0.03685483870967746,3.6670576526633702,0.020691442889072532,42.96774193548387,40.5,37.5,40.0,58.5,21.0,56.0,0.06975806451612902,7.380080717570064,0.17175863531882282,118.50806451612904,112.4,89.6,110.5,149.95,60.349999999999994,67.35491071428571,0.1903548387096774,18.00403703235376,0.1519224628793376,56.9
1,570.0,338.9235276442308,6.779622129647591,7.142107217077932,0.3397508493771234,441.7753686687129,42.44069735495218,158.58347284581217,642.7995388694773,0.2676237100458539,,,177.0310854989749,169,59.9,4.788,4.626,0.97,94.5,114.3,37.0,107.4,43.1,16.01,4.88,6.1,8.0,0.2467075087277141,0.0660247787818807,0.2676237100458539,19.73684210526316,20.428015564202333,1.5363797443104703,870.0,31,65.81774193548387,64.6,59.9,64.4,70.3,10.399999999999999,17.36227045075125,0.0461491935483871,4.47399054512294,0.06797544877046152,177.70967741935485,179.0,169.0,179.0,184.0,15.0,8.875739644970414,0.03564516129032267,3.5326434708972716,0.01987873436155662,43.693548387096776,41.0,37.0,40.0,60.0,23.0,62.16216216216216,0.0765322580645161,7.911676412487684,0.1810719592374442,120.48709677419355,115.3,94.5,115.3,150.95,56.44999999999999,59.73544973544973,0.19132661290322578,18.092125210258075,0.15015819697411056,59.9
1,580.0,338.276951361456,6.386316061382842,7.189928701924361,0.3389830508474576,444.2950508853897,37.46115356164639,157.0096927496981,638.7658971967342,0.2385913436654274,,,177.3694594281972,171,57.45,4.597,4.4555,0.975,91.2,110.2,34.5,105.55,44.05,15.875,4.975,6.2,8.0,0.2458016206543671,0.0586461389470651,0.2385913436654274,19.839025451381335,20.46908315565032,1.5336940929431668,880.0,31,66.13064516129033,65.3,57.45,63.9,69.6,12.149999999999991,21.148825065274135,0.04461895161290322,4.384626122779358,0.0663024852106827,178.09677419354838,179.0,171.0,181.0,181.0,10.0,5.847953216374269,0.03201612903225814,3.187003176545613,0.017894783277108132,44.5,41.0,34.5,42.0,62.0,27.5,79.71014492753623,0.08328629032258064,8.461678320522472,0.19015007461848252,122.37741935483871,117.8,91.2,117.8,153.1,61.89999999999999,67.87280701754385,0.19428629032258068,18.34597975356671,0.1499131118329251,57.45
1,590.0,337.6924499718151,6.06686471959218,7.258526052447389,0.3386004514672686,395.73106897766166,38.314088307920336,156.58485860936196,590.6300158949439,0.2446857802739657,,,177.67646272520392,172,58.25,4.6625,4.686,0.985,99.6,120.4,38.5,107.05,42.6,16.175,4.855,6.2,8.5,0.2651149694315805,0.0648698631576748,0.2446857802739657,21.361930294906166,21.254801536491676,1.5395067257170088,890.0,31,66.52741935483871,67.7,58.25,69.4,69.75,11.5,19.742489270386265,0.04120766129032257,4.121545800418362,0.06195258797632275,178.41935483870967,179.0,172.0,179.0,181.0,9.0,5.232558139534884,0.0291935483870968,2.9413624229641964,0.016485668977018638,45.45161290322581,41.5,38.5,42.0,64.0,25.5,66.23376623376623,0.08862903225806465,8.944602505337764,0.19679395150139864,124.38387096774193,119.0,99.6,120.4,153.4,53.80000000000001,54.01606425702813,0.1929354838709679,18.223443633118915,0.14650970010287778,58.25
1,600.0,337.2181385487049,5.931653486449125,7.300380604053164,0.3382187147688839,380.34398774413705,35.84483845116751,160.6498909233273,576.8387171186318,0.2231239513774399,,,177.9263721050821,173,61.65,4.9315,4.8885,1.0,107.35,129.75,41.5,109.8,42.15,16.385,4.635,6.3,8.5,0.2785005343014939,0.0621401396740775,0.2231239513774399,21.76822467808983,21.95970133987931,1.526274215895127,900.0,31,66.8741935483871,67.75,61.65,67.7,69.0,7.350000000000001,11.922141119221413,0.03736290322580644,3.8448422370699413,0.05749366135216255,178.70967741935485,179.0,173.0,179.0,181.0,8.0,4.624277456647399,0.026612903225806405,2.7226647288651695,0.01523512754419138,46.306451612903224,42.0,41.5,41.0,65.0,23.5,56.626506024096386,0.09596774193548387,9.50673219299078,0.20530038173647802,126.158064516129,120.4,107.35,120.55,154.6,47.25,44.014904517932,0.19522177419354836,18.406530076643055,0.14590054268223038,61.65
2,0.0,569.0341590690979,44.55564600485276,10.544153280739692,0.1923076923076923,17747.27322372451,18394.099693523363,4009.234518039561,40150.60743528744,4.587933085669862,,,105.44182461410756,93,11.15,0.904,0.909,1.07,23.5,28.5,22.0,113.05,36.85,17.34,3.995,0.25,1.0,0.0998548907261596,0.4581275569284965,4.587933085669862,25.995575221238937,25.852585258525853,0.6243771187033428,300.0,31,20.038709677419355,20.2,11.15,20.35,34.2,23.050000000000004,206.72645739910317,0.06353830645161293,6.096798472387227,0.3042510506181649,106.45161290322581,107.5,93.0,107.5,123.0,30.0,32.25806451612903,0.09022177419354857,8.476786772031877,0.0796304211918146,31.06451612903226,31.5,22.0,23.5,33.5,11.5,52.27272727272727,0.03294354838709689,6.452056436366974,0.20769859764005835,31.761290322580642,31.35,23.5,32.1,50.65,27.15,115.53191489361703,0.08418750000000007,8.5117439427086,0.26799112555755294,11.15
2,10.0,563.9685569153993,42.48185296380354,10.157300734051464,0.1904761904761904,19899.901619415206,16372.286802191938,3744.423398860022,40016.61182046717,4.372445382959745,,,106.38890992109084,88,8.1,0.657,0.675,1.21,20.5,24.8,41.0,115.1,37.3,17.68,3.62,3.0,2.0,0.0935717250540655,0.4091372571882274,4.372445382959745,31.202435312024352,30.370370370370367,0.6524509937579426,310.0,31,20.74677419354839,20.35,8.1,21.25,33.1,25.0,308.641975308642,0.06570362903225806,6.3012556352401035,0.30372218719185756,107.51612903225806,108.5,88.0,108.5,126.0,38.0,43.18181818181818,0.09336693548387096,8.797238080753662,0.08182249640064912,31.322580645161292,31.5,41.0,29.0,30.0,-11.0,-26.829268292682926,0.02645161290322582,6.233709953546622,0.1990164866734761,32.59516129032257,31.4,20.5,31.1,49.35,28.85,140.73170731707316,0.0894959677419355,8.931315271174693,0.274007396116993,8.1
2,20.0,559.4735689252336,42.61958995693024,9.344213754148546,0.0,20485.8324255005,15113.053219868849,3573.657319937755,39172.5429653071,4.229015786027319,,,107.24367214569564,96,11.15,0.901,0.9915,1.135,23.5,28.45,33.5,110.2,40.45,17.015,4.235,3.05,2.0,0.0912286272326701,0.3858073047045637,4.229015786027319,26.082130965593784,23.701462430660612,0.6857340737164976,320.0,31,21.674193548387098,21.25,11.15,20.15,36.85,25.700000000000003,230.49327354260092,0.06728427419354839,6.490722494038985,0.29946777394732627,108.85483870967742,109.0,96.0,109.0,129.5,33.5,34.895833333333336,0.09407258064516133,8.885562773761244,0.08162763253418241,31.193548387096776,31.5,33.5,30.0,37.0,3.5,10.447761194029852,0.03612903225806453,6.065857207016497,0.1944587108764337,33.61612903225806,31.7,23.5,31.4,52.15,28.65,121.91489361702128,0.09352016129032258,9.303828845308564,0.27676681144282267,11.15
2,30.0,553.3154477052583,42.28921788904046,8.904087330934699,0.0,20333.81385340595,13620.237400041357,3370.475441375701,37324.52669482301,4.041043359295949,,,108.4372400026702,100,13.4,1.0815,1.2785,1.13,31.7,38.4,22.5,113.4,38.25,17.3,4.115,3.1,2.0,0.090301893683308,0.3649138678007807,4.041043359295949,29.31114193250116,24.794681267109898,0.6731868986162256,330.0,31,22.398387096774197,21.4,13.4,20.2,33.6,20.200000000000003,150.74626865671644,0.06770766129032255,6.529656497741258,0.2915235132569727,109.7258064516129,111.0,100.0,112.0,123.0,23.0,23.0,0.09433467741935475,8.906775239181144,0.08117302143601807,31.274193548387096,31.5,22.5,24.5,36.0,13.5,60.0,0.040524193548387065,6.11397130851056,0.1954957303391721,34.38709677419355,32.1,31.7,31.1,47.4,15.7,49.526813880126184,0.0953306451612903,9.427035304042088,0.27414455386989184,13.4
2,40.0,548.4721983745421,44.801043934270155,8.815700903049047,0.0,23211.5383393512,12237.056427049403,3036.5520382625514,38485.14680466315,4.029918233856838,,,109.39478824599792,97,12.25,0.9905,0.9685,1.02,23.45,28.4,29.5,106.3,40.85,16.925,4.165,3.2,2.0,0.0789019216601928,0.3179682927847548,4.029918233856838,23.674911660777383,24.212700051626225,0.6158134738387767,340.0,31,23.167741935483875,21.4,12.25,21.7,37.25,25.0,204.08163265306123,0.07088508064516136,6.832136664166596,0.2948986864232309,110.56451612903226,112.0,97.0,112.0,126.0,29.0,29.896907216494846,0.09790322580645189,9.180361226992352,0.08303171350452601,31.596774193548388,32.5,29.5,35.0,32.5,3.0,10.169491525423728,0.03560483870967749,5.895505851690068,0.1865856880065259,35.06129032258064,34.3,23.45,34.3,52.6,29.150000000000002,124.30703624733476,0.10461290322580655,9.960703704034666,0.2840940425292802,12.25
2,50.0,543.0112092391304,46.555460157395096,11.13310710971306,0.5444646098003629,27492.11003187973,11071.591388744268,2770.9621642475345,41334.66358487153,3.995576529912959,,,110.494956603331,100,13.2,1.068,0.915,0.86,20.8,25.2,17.0,98.6,43.0,15.86,4.49,3.2,2.5,0.0670372497058789,0.2678524615547243,3.995576529912959,19.47565543071161,22.73224043715847,0.5486551936390401,350.0,31,24.059677419354845,21.7,13.2,21.4,39.9,26.7,202.27272727272728,0.07396169354838711,7.156470491273833,0.2974466517791631,111.70967741935483,112.0,100.0,111.0,132.5,32.5,32.5,0.10241935483870963,9.634810319485958,0.08624866298124884,31.677419354838708,32.5,17.0,40.5,32.0,15.0,88.23529411764706,0.03449596774193553,5.882953321669843,0.18571441239487285,36.148387096774194,35.55,20.8,35.55,57.15,36.349999999999994,174.75961538461536,0.1104818548387097,10.476835430852262,0.28982857251152966,13.2
2,60.0,537.5012272778276,47.35349449885,10.971329877800692,0.539568345323741,32538.365075257207,9922.714860510496,2516.5430824944674,44977.62301826217,3.942994232657772,,,111.62765209647932,96,12.4,1.007,0.731,0.75,17.0,20.7,33.0,93.4,43.7,15.73,4.37,3.3,2.5,0.0559510021566208,0.2206144788149786,3.942994232657772,16.88182720953327,23.255813953488374,0.4981904809867176,360.0,31,24.972580645161294,24.6,12.4,24.6,41.5,29.1,234.6774193548387,0.07750403225806453,7.52074728899637,0.301160196291271,112.90322580645162,112.0,96.0,114.0,137.0,41.0,42.708333333333336,0.11016129032258071,10.397451093768694,0.09209170968766557,32.096774193548384,32.5,33.0,37.5,30.0,-3.0,-9.090909090909092,0.024012096774193546,5.22879743159411,0.16290725666273106,37.3516129032258,38.25,17.0,38.25,58.1,41.1,241.76470588235293,0.11385685483870968,10.792501130190411,0.2889433759702071,12.4
2,70.0,531.7564942273534,48.22890235127592,10.85663825371524,0.5338078291814946,37935.91533306976,8933.809282892065,2274.800892227788,49144.52550818961,3.927292851614318,,,112.83360081418564,97.5,19.55,1.5775,1.213,0.76,27.9,33.85,29.0,97.7,41.3,15.59,4.45,3.3,2.5,0.0462879815951973,0.1817864592344737,3.927292851614318,17.686212361331222,23.000824402308325,0.4833454619460509,370.0,31,25.927419354838708,24.7,19.55,25.2,42.0,22.45,114.83375959079284,0.07969153225806454,7.746933142752658,0.298793066781129,114.2258064516129,114.0,97.5,115.0,137.0,39.5,40.51282051282051,0.11383064516129052,10.776392956889161,0.09434289230826434,32.03225806451613,32.0,29.0,36.0,31.0,2.0,6.896551724137931,0.023931451612903262,5.2296199413707685,0.16326104550100085,38.70322580645161,38.55,27.9,39.1,58.9,31.0,111.11111111111111,0.1137600806451613,10.78247757153453,0.2785937695595686,19.55
2,80.0,525.402617872807,48.777561522184,10.708843847393217,0.5272407732864675,42896.35185786714,7987.150509771338,2071.839028960384,52955.341396598866,3.85510186753223,,,114.19813674115572,99,15.85,1.2815,1.062,0.865,24.2,29.35,29.5,97.95,42.2,16.365,4.315,3.4,2.5,0.039124269135454,0.1508280430099224,3.85510186753223,18.884120171673818,22.78719397363465,0.4623545867522626,380.0,31,26.599999999999998,24.7,15.85,24.7,40.4,24.549999999999997,154.88958990536275,0.08433064516129032,8.07302091330542,0.3034970268159933,115.56451612903226,114.0,99.0,114.0,139.0,40.0,40.4040404040404,0.11802419354838693,11.19876625309225,0.09690488593045632,32.12903225806452,32.0,29.5,31.5,32.0,2.5,8.474576271186441,0.021955645161290303,5.199307232595967,0.16182582752055719,39.60645161290323,38.9,24.2,41.2,55.9,31.7,130.9917355371901,0.11719153225806449,11.017537095735777,0.2781753135427668,15.85
2,90.0,519.2773775996534,49.60172941709681,10.573889432358248,0.5208333333333334,48483.71845460295,7142.445271718617,1877.1367323365544,57503.30045865812,3.80496803918386,,,115.54518372694857,100,19.45,1.5735,1.2745,0.825,28.25,34.2,28.0,97.05,43.6,15.82,4.54,3.5,3.0,0.0326439824734254,0.1242093099830619,3.80496803918386,17.953606609469336,22.16555511965477,0.4151608794090055,390.0,31,27.349999999999998,24.9,19.45,25.4,39.1,19.650000000000002,101.02827763496146,0.08495564516129031,8.120878441810754,0.2969242574702287,116.85483870967742,114.0,100.0,114.0,139.0,39.0,39.0,0.12151209677419345,11.526197369750859,0.09863688570387208,31.919354838709676,32.0,28.0,34.0,23.0,-5.0,-17.857142857142858,0.014737903225806464,5.434606355253262,0.1702605326052058,40.550000000000004,39.1,28.25,38.9,53.45,25.200000000000003,89.20353982300887,0.11562499999999994,10.90606864701178,0.26895360411866287,19.45
2,100.0,513.4382035270154,49.87387711114092,10.363327530243474,0.5154639175257731,52405.01201751592,6302.999313883744,1711.4891857889645,60419.50051718863,3.6827573122982833,,,116.8592434061892,102,15.9,1.285,1.052,0.82,19.9,24.1,18.0,92.0,46.2,14.69,5.39,3.5,3.0,0.0283267681979937,0.1043206127149398,3.6827573122982833,15.486381322957198,18.91634980988593,0.3750958404280901,400.0,31,28.1,25.2,15.9,24.7,42.7,26.800000000000004,168.5534591194969,0.08914314516129032,8.434522314077228,0.3001609364440294,118.11290322580645,114.0,102.0,114.0,139.0,37.0,36.27450980392157,0.124032258064516,11.751389759952762,0.09949285335478236,31.919354838709676,32.0,18.0,38.0,28.0,10.0,55.55555555555556,0.00983870967741933,5.434606355253262,0.1702605326052058,41.51612903225807,40.5,19.9,40.9,58.2,38.300000000000004,192.46231155778898,0.11836491935483871,11.104904225136854,0.26748409555496694,15.9
2,110.0,507.63953257415255,49.78798669866477,10.173453927156627,0.5093378607809848,54733.25359572832,5524.381555614103,1563.231221049006,61820.86637239143,3.533950372298071,,,118.19410457603716,103.5,17.35,1.404,1.1325,0.815,26.75,32.45,33.0,96.15,44.1,15.84,4.415,3.55,3.0,0.0252864657643673,0.0893611151020885,3.533950372298071,19.052706552706553,23.620309050772622,0.3286453498205333,410.0,31,28.961290322580645,25.4,17.35,26.4,42.6,25.25,145.53314121037462,0.09004233870967743,8.510089205147612,0.29384357914855863,119.46774193548387,115.0,103.5,112.0,144.0,40.5,39.130434782608695,0.12929435483870966,12.24264097588899,0.10247654117795564,32.53225806451613,32.5,33.0,40.0,37.0,4.0,12.121212121212121,0.003931451612903212,4.852723434442024,0.1491665111231559,42.80645161290323,40.9,26.75,43.3,59.9,33.15,123.92523364485982,0.11553830645161291,10.829994936406049,0.25299912813005837,17.35
2,120.0,502.41027422399327,50.462510113236696,10.085324664241789,0.5042016806722689,55280.89883006188,4787.58774618992,1440.020029132128,61508.50660538393,3.324667469434648,,,119.42430933100258,103,20.2,1.638,1.328,0.81,29.7,36.0,37.0,96.1,44.0,15.61,4.57,3.6,3.0,0.0234117215423676,0.0778361890153719,3.324667469434648,18.13186813186813,22.3644578313253,0.305981272108916,420.0,31,29.80322580645161,25.7,20.2,24.9,43.45,23.250000000000004,115.09900990099013,0.09131451612903228,8.613506211021843,0.28901254739871973,120.80645161290323,115.0,103.0,115.0,145.0,42.0,40.77669902912621,0.13443548387096776,12.698869647436366,0.10511747905755069,32.79032258064516,32.5,37.0,37.0,41.0,4.0,10.81081081081081,0.00935483870967738,5.085558300305528,0.15509326838118187,43.96774193548388,41.2,29.7,40.5,62.75,33.05,111.27946127946127,0.11724193548387099,10.979970767926302,0.24972787513258643,20.2
2,130.0,496.73183561359866,50.67314279504294,9.96754893878988,0.4983388704318937,54965.521438545846,4099.9140574440235,1369.5618218297686,60434.99731781964,2.9935954639611935,,,120.7895200151279,104,17.5,1.416,1.144,0.82,22.8,27.65,26.0,93.6,45.45,15.275,5.12,3.7,3.0,0.0226617338067779,0.0678400635294665,2.9935954639611935,16.10169491525424,19.930069930069937,0.2994895592630908,430.0,31,30.450000000000003,26.4,17.5,25.7,40.25,22.75,130.0,0.09143749999999999,8.621136815988946,0.28312436177303596,122.19354838709677,117.0,104.0,117.0,146.0,42.0,40.38461538461539,0.13818548387096782,13.033084451601647,0.1066593500527062,32.37096774193548,32.0,26.0,30.5,24.0,-2.0,-7.6923076923076925,0.006754032258064537,5.259860172310483,0.16248696097820128,44.7225806451613,43.3,22.8,38.55,53.1,30.3,132.89473684210526,0.11356048387096773,10.768718886274861,0.24078929996719606,17.5
2,140.0,491.0292328381147,50.5628226908782,9.82858192617947,0.4926108374384236,53936.18873527798,3454.097980880329,1255.511328372597,58645.79804453091,2.7511483989217016,,,122.1923176614235,105,21.4,1.731,1.5185,0.865,31.35,38.05,25.5,95.8,45.05,15.555,4.865,3.7,3.25,0.0214083765629595,0.0588976209046991,2.7511483989217016,18.110918544194107,20.64537372406981,0.289021505751125,440.0,31,31.31129032258065,31.5,21.4,31.5,44.2,22.800000000000004,106.54205607476638,0.0913991935483871,8.617972592953823,0.275235306631194,123.61290322580645,118.0,105.0,118.0,148.0,43.0,40.95238095238095,0.14205645161290303,13.377038584467138,0.1082171701770567,32.37096774193548,32.0,25.5,38.0,26.0,0.5,1.9607843137254901,-0.0012096774193548904,5.259860172310483,0.16248696097820128,45.81935483870968,46.4,31.35,46.4,56.8,25.449999999999996,81.18022328548642,0.10672177419354836,10.176661841515573,0.22210399682271384,21.4
2,150.0,485.3768866491086,50.59252850466032,9.735695690273172,0.487012987012987,51377.165552900435,2868.080001546885,1253.6318388923532,55498.87739333967,2.287816815566026,,,123.6152805178289,107.5,20.35,1.645,1.5065,0.935,32.1,38.9,23.5,100.6,43.6,15.895,4.785,3.8,3.5,0.0225884179603748,0.0516781624467791,2.287816815566026,19.513677811550153,21.307666777298376,0.2725260847085352,450.0,31,32.179032258064524,33.1,20.35,34.2,48.3,27.949999999999996,137.3464373464373,0.09528024193548389,8.93518116019991,0.2776709096949498,125.0,123.0,107.5,123.0,148.0,40.5,37.674418604651166,0.14479838709677428,13.610045309745788,0.1088803624779663,32.58064516129032,32.0,23.5,33.5,32.0,8.5,36.170212765957444,-0.005866935483870938,5.104078065941567,0.1566598218259293,46.78225806451613,47.4,32.1,50.65,61.2,29.1,90.65420560747663,0.10668951612903228,10.174138361446115,0.2174785652162245,20.35
2,160.0,480.2637344751603,50.595453339860086,9.55260798480944,0.4815409309791332,48155.84731820383,2369.10499167174,1140.3699409502267,51665.3222508258,2.077488108549806,,,124.93135686284732,108.5,21.25,1.721,1.4695,0.87,31.1,37.75,29.0,98.85,45.3,15.71,4.845,3.8,3.5,0.0220722506174245,0.0458548381866305,2.077488108549806,18.07088901801278,21.163661109220826,0.2508101672647244,460.0,31,32.95,33.6,21.25,33.1,44.25,23.0,108.23529411764706,0.09494959677419357,8.911565519031996,0.27045722364285263,126.30645161290323,123.0,108.5,126.0,148.0,39.5,36.40552995391705,0.14741935483870963,13.816462052780153,0.10938841109339413,32.62903225806452,32.0,29.0,30.0,25.0,-4.0,-13.793103448275861,-0.01631048387096777,5.021566392298131,0.15389872284848446,47.68709677419355,49.35,31.1,49.35,60.15,29.049999999999997,93.40836012861735,0.10530241935483875,10.071643094533082,0.21120268952886798,21.25
2,170.0,475.1340258518225,50.45217943665275,9.403914815269706,0.4761904761904761,45190.45975765541,1921.51284041933,1127.1054014948404,48239.07799956958,1.7048208959613669,,,126.28015830361068,109,20.15,1.631,1.4745,0.92,31.4,38.1,30.0,100.25,44.35,15.855,4.815,3.9,3.5,0.0233649864017902,0.0398331170516251,1.7048208959613669,19.251992642550583,21.29535435740929,0.2257644794577047,470.0,31,33.79677419354839,34.2,20.15,36.85,47.5,27.35,135.73200992555832,0.09620161290322585,9.009374150330597,0.2665749724732734,127.64516129032258,126.0,109.0,129.5,150.0,41.0,37.61467889908257,0.15026209677419355,14.042313169125128,0.11001054036969396,32.435483870967744,32.0,30.0,37.0,23.0,-7.0,-23.333333333333332,-0.024475806451612906,5.2753229529635925,0.1626404888531789,48.73225806451613,50.65,31.4,52.15,63.5,32.1,102.22929936305734,0.10416532258064518,9.973619774076484,0.20466155622980803,20.15
2,180.0,470.2493919516509,50.379385409606215,9.261384493701822,0.4724409448818897,41414.33981905021,1530.4379959331004,1188.6426572469422,44133.42047223025,1.287550961260134,,,127.59187151946163,112,20.2,1.6335,1.517,0.885,31.1,37.7,24.5,96.35,46.75,15.48,5.01,3.95,3.75,0.026932937545479,0.0346775296262406,1.287550961260134,19.03887358432813,20.500988793671723,0.2026947204414237,480.0,31,34.70322580645162,36.85,20.2,33.6,48.25,28.05,138.86138613861385,0.09613911290322578,9.004174360482947,0.25946217249950854,128.98387096774192,126.0,112.0,123.0,150.5,38.5,34.375,0.15205645161290302,14.183020288927498,0.10995964210497748,32.32258064516129,32.0,24.5,36.0,26.5,2.0,8.16326530612245,-0.029637096774193614,5.365861824374494,0.16600969716128675,49.82258064516129,52.15,31.1,47.4,65.2,34.1,109.64630225080386,0.10294354838709678,9.862587884776806,0.19795417573847912,20.2
2,190.0,465.430750631804,50.11191587175699,9.137893294164035,0.4672897196261682,39217.3547921671,1222.3128753015203,1069.2454201921562,41508.913087660774,1.1431546511387969,,,128.9128402421893,112,21.7,1.755,1.621,0.94,34.3,41.5,35.0,99.5,44.2,16.0,4.78,4.0,4.0,0.0257594174517185,0.0294469978705579,1.1431546511387969,19.544159544159545,21.15977791486736,0.1871432470731681,490.0,31,35.61290322580645,37.25,21.7,37.25,48.4,26.7,123.04147465437788,0.09506653225806447,8.914145759614655,0.25030662911961443,130.24193548387098,129.5,112.0,126.0,151.0,39.0,34.82142857142857,0.15441532258064508,14.35494744431453,0.11021755313281743,32.5,32.0,35.0,32.5,30.0,-5.0,-14.285714285714286,-0.03608870967741934,5.186520991955976,0.1595852612909531,51.009677419354844,52.6,34.3,52.6,67.9,33.60000000000001,97.95918367346943,0.10179838709677416,9.74797773348263,0.19110055633843134,21.7
2,200.0,460.7904905913978,50.071807756761274,8.988517903240083,0.4615384615384615,37745.01238677754,996.7778131142944,1221.1282135319557,39962.91841342379,0.8162761306048635,,,130.21102046397158,111,21.4,1.728,1.6655,0.885,35.55,43.05,40.5,99.2,45.4,16.015,4.75,4.1,4.0,0.0305565324558921,0.0249425680777976,0.8162761306048635,20.572916666666664,21.34494145902131,0.1678280938351156,500.0,31,36.474193548387106,39.1,21.4,39.9,48.4,27.0,126.16822429906543,0.09382459677419351,8.814390421045783,0.2416610091557612,131.6290322580645,132.5,111.0,132.5,155.0,44.0,39.63963963963964,0.15762096774193546,14.608768908852587,0.11098439803318962,32.24193548387097,32.0,40.5,32.0,27.0,-13.5,-33.333333333333336,-0.037802419354838745,5.256537148703405,0.16303416869415263,52.0483870967742,53.1,35.55,57.15,66.5,30.950000000000003,87.06047819971873,0.10038709677419355,9.622858929574653,0.18488294193790777,21.4
2,210.0,456.10894097222223,49.90504515072808,8.874821117594172,0.4573170731707317,35847.47394106049,772.6162607899553,1044.3203804582276,37664.41058230867,0.7398268531836429,,,131.54751992387295,114,24.6,1.9875,1.843,0.935,38.25,46.3,37.5,99.95,45.15,15.84,4.81,4.1,4.0,0.0277269805716475,0.0205131647846059,0.7398268531836429,19.245283018867923,20.754205100379817,0.1530710279262504,510.0,31,37.351612903225806,39.9,24.6,41.5,48.6,24.0,97.5609756097561,0.0914334677419355,8.61537853560875,0.2306561314482004,133.0483870967742,137.0,114.0,137.0,155.0,41.0,35.96491228070175,0.1584475806451613,14.675009845941998,0.11029829196852999,31.903225806451612,32.0,37.5,30.0,30.0,-7.5,-20.0,-0.0338306451612903,5.040534619195848,0.15799451283627028,53.08870967741936,53.45,38.25,58.1,67.8,29.549999999999997,77.2549019607843,0.0992701612903226,9.52251463355329,0.17936986397700258,24.6
2,220.0,451.12628247364455,49.27842760358119,8.65737251200335,0.4524886877828054,33881.133761486235,616.6938630314904,1064.243700414286,35562.07132493201,0.5794667732507371,,,133.00045315693902,115,25.2,2.039,1.856,0.915,39.1,47.4,36.0,98.85,45.65,15.595,5.03,4.2,4.0,0.0299263698869014,0.0173413369934707,0.5794667732507371,19.176066699362433,21.066810344827587,0.1438101846401117,520.0,31,38.183870967741946,40.25,25.2,42.0,50.4,25.2,100.0,0.09109879032258067,8.588610550187715,0.22492770723647806,134.43548387096774,137.0,115.0,137.0,157.0,42.0,36.52173913043478,0.1606451612903226,14.845729989620963,0.11043014509376121,31.79032258064516,32.0,36.0,31.0,34.0,-2.0,-5.555555555555555,-0.028951612903225784,4.949367288769322,0.1556878599206991,54.14677419354839,55.9,39.1,58.9,71.05,31.949999999999996,81.71355498721226,0.10056048387096775,9.640305454046144,0.17804025443116409,25.2
2,230.0,446.298536613806,48.75070040649221,8.54635542273762,0.4484304932735426,31849.89529390853,503.7245541871684,994.4407861427236,33348.06063423842,0.5065405212722973,,,134.4391591673974,114,24.7,2.001,1.951,0.975,41.2,49.9,31.5,102.55,43.85,16.115,4.83,4.2,4.25,0.0298200485194552,0.01510506292141,0.5065405212722973,20.58970514742629,21.117375704766783,0.1325542699603778,530.0,31,38.903225806451616,40.4,24.7,40.4,47.5,22.8,92.3076923076923,0.08835685483870968,8.396615741712758,0.21583340629609907,135.79032258064515,139.0,114.0,139.0,157.0,43.0,37.719298245614034,0.16175403225806462,14.929151680268813,0.10994267777368648,31.5,31.5,31.5,32.0,27.0,-4.5,-14.285714285714286,-0.029133064516128994,4.958158260214505,0.1574018495306192,54.86290322580645,56.8,41.2,55.9,61.3,20.099999999999994,48.78640776699028,0.09517943548387099,9.303995268538632,0.16958627271774077,24.7
2,240.0,441.38963688054736,47.86467829694517,8.338693378462768,0.4444444444444444,29120.37615548908,430.1268638915491,987.4462581510724,30537.9492775317,0.4355952137556662,,,135.9343196728421,114,25.4,2.054,1.867,0.94,38.9,47.2,34.0,100.6,45.4,15.9,4.88,4.3,4.5,0.0323350546291458,0.0140849950329839,0.4355952137556662,18.938656280428432,20.8355650776647,0.1307097034485835,540.0,31,39.74193548387097,41.5,25.4,39.1,50.7,25.300000000000004,99.60629921259844,0.08632862903225805,8.227434763989255,0.207021491626353,137.17741935483872,139.0,114.0,139.0,157.0,43.0,37.719298245614034,0.1605241935483871,14.834390441974561,0.10814017723720432,31.419354838709676,31.0,34.0,23.0,29.0,-5.0,-14.705882352941176,-0.030645161290322607,4.978448175542168,0.1584516359772148,55.82096774193548,57.15,38.9,53.45,70.9,32.00000000000001,82.2622107969152,0.09606451612903223,9.379034902319361,0.16801992659244716,25.4
2,250.0,436.3721491831865,46.48730305688936,8.036902417306266,0.4411764705882353,25376.800965619008,383.4287582637258,952.080288156436,26712.310012039172,0.4027273361642424,,,137.49731762741885,114,24.7,1.999,1.918,0.92,40.9,49.5,38.0,98.5,45.8,15.82,4.86,4.3,4.5,0.0356420050428935,0.014354009746477,0.4027273361642424,20.460230115057527,21.32429614181439,0.1202795733517412,550.0,31,40.44516129032258,42.0,24.7,42.7,47.2,22.500000000000004,91.0931174089069,0.08158669354838709,7.885264261463803,0.19496186960071613,138.61290322580646,139.0,114.0,139.0,158.5,44.5,39.03508771929825,0.15846774193548377,14.668963651998594,0.1058268264398316,31.14516129032258,30.5,38.0,28.0,25.5,-12.5,-32.89473684210526,-0.032560483870967764,5.0649013619666485,0.162622415557707,56.685483870967744,58.1,40.9,58.2,65.7,24.800000000000004,60.63569682151591,0.09112298387096775,8.994620554794471,0.15867590678539115,24.7
2,260.0,429.7991277193953,42.60236857775083,7.572772790956787,0.4431314623338257,17525.8581967885,325.00127736338027,841.806833025168,18692.666307177045,0.3860758366565355,,,139.60009718580082,112,26.4,2.138,2.021,0.96,43.3,52.5,40.0,103.7,43.7,16.08,4.79,4.4,4.5,0.0450340694683003,0.0173865660480225,0.3860758366565355,20.252572497661365,21.425037110341417,0.1159067707394162,560.0,31,41.29354838709678,42.6,26.4,42.6,51.0,24.6,93.18181818181819,0.07781250000000002,7.542112236585141,0.1826462614906174,140.09677419354838,144.0,112.0,144.0,160.0,48.0,42.857142857142854,0.15552419354838712,14.42071389520338,0.10293394675369671,30.79032258064516,30.0,40.0,37.0,27.0,-13.0,-32.5,-0.030645161290322596,4.952733577780367,0.16085357874404546,57.608064516129026,58.2,43.3,59.9,69.5,26.200000000000003,60.50808314087761,0.08868951612903228,8.78586076957549,0.15251095212746882,26.4
2,270.0,426.4128540917266,41.40594451139183,7.448748286409661,0.4322766570605187,15330.27049305439,324.8780856395684,785.4419706115725,16440.59054930553,0.4136245550853451,,,140.70870384008936,115,24.9,2.014,1.9285,0.965,40.5,49.05,37.0,101.6,45.35,16.08,4.84,4.45,4.75,0.047774559451257,0.0197607308974245,0.4136245550853451,20.109235352532277,21.00077780658543,0.1170006242245596,570.0,31,42.08387096774194,42.7,24.9,43.45,50.9,26.0,104.41767068273093,0.07401411290322579,7.205569455830378,0.17121926500900023,141.70967741935485,145.0,115.0,145.0,162.0,47.0,40.869565217391305,0.1506451612903226,13.962314871078496,0.09852760323319676,30.370967741935484,30.0,37.0,41.0,27.0,-10.0,-27.027027027027028,-0.026995967741935478,4.690358447452753,0.15443559412749372,58.49193548387097,58.9,40.5,62.75,70.7,30.200000000000003,74.56790123456791,0.08737701612903227,8.67602152270069,0.14832850804010556,24.9
2,280.0,422.59674717912554,39.91480992995219,7.340614373019889,0.423728813559322,12652.902419042352,324.2271053744633,753.6418542645889,13730.771378681404,0.4302137726823137,,,141.97932284265283,117,25.7,2.0775,1.946,0.91,38.55,46.7,30.5,97.15,46.3,15.65,5.06,4.5,5.0,0.0548870732371747,0.0236131748488554,0.4302137726823137,18.55595667870036,19.80986639260021,0.1235349326947818,580.0,31,42.90000000000001,43.45,25.7,40.25,50.2,24.500000000000004,95.33073929961091,0.06783669354838712,6.601881045075967,0.1538900010507218,143.29032258064515,146.0,117.0,146.0,164.0,47.0,40.17094017094017,0.1468951612903226,13.60684520964135,0.09495997332257583,30.080645161290324,30.0,30.5,24.0,28.0,-2.5,-8.19672131147541,-0.0241532258064516,4.542570443764097,0.15101306569081716,59.41129032258065,59.9,38.55,53.1,69.0,30.450000000000003,78.98832684824905,0.08212500000000002,8.203065582222086,0.13807250335218388,25.7
2,290.0,418.1873529027197,37.72608450904622,7.234238733976246,0.4189944134078212,9415.519439583351,323.6324134669145,709.6597556100114,10448.81160866028,0.4560388424291097,,,143.47636193091049,118,31.5,2.545,2.218,0.87,46.4,56.3,38.0,97.4,45.1,15.52,4.93,4.6,5.0,0.0679177481793072,0.030973131260083,0.4560388424291097,18.231827111984284,20.91974752028855,0.1363658311330624,590.0,31,43.82096774193548,44.2,31.5,44.2,54.25,22.75,72.22222222222223,0.06360483870967742,6.094352224171003,0.13907388490507644,144.80645161290323,148.0,118.0,148.0,164.0,46.0,38.983050847457626,0.14245967741935486,13.191965622652573,0.09110067594168629,30.032258064516128,30.0,38.0,26.0,29.0,-9.0,-23.68421052631579,-0.02453629032258063,4.545942300321185,0.15136864802358405,60.55161290322581,60.15,46.4,56.8,73.9,27.500000000000007,59.26724137931036,0.07742943548387095,7.64444770046609,0.12624680555881349,31.5
2,300.0,413.66661451139504,35.07771365168614,7.164995396105514,0.4149377593360996,6424.8738314403845,326.33239119888805,633.4288070209155,7384.635029660189,0.5151840073925036,,,145.04433738475458,123,34.2,2.7675,2.488,0.89,50.65,61.4,33.5,97.35,46.05,15.61,4.97,4.6,5.0,0.0857765894288297,0.0441907270824059,0.5151840073925036,18.301716350496836,20.357717041800644,0.1492690767214992,600.0,31,44.57580645161291,44.25,34.2,48.3,54.9,20.699999999999996,60.526315789473664,0.062356854838709674,5.965202860028342,0.13382153537712385,146.29032258064515,148.0,123.0,148.0,164.0,41.0,33.333333333333336,0.13677419354838716,12.652255525892334,0.0864873034846003,29.741935483870968,29.0,33.5,32.0,29.0,-4.5,-13.432835820895523,-0.020020161290322545,4.300912631333679,0.14460769150904995,61.37419354838711,61.2,50.65,61.2,71.9,21.250000000000007,41.954590325765075,0.07516330645161293,7.440137442365587,0.12122582818949497,34.2
2,310.0,409.45288453317374,32.592270078412234,7.118732955324778,0.410958904109589,4400.029073728282,339.3344081225207,565.7552703198238,5305.118752170626,0.5997900963974998,,,146.5370064944281,126,33.1,2.678,2.479,0.925,49.35,59.8,30.0,96.6,47.05,15.525,5.18,4.7,5.0,0.1066432810930652,0.0639635838469553,0.5997900963974998,18.427931292008964,19.90722065348931,0.1636105333540106,610.0,31,45.24354838709679,47.2,33.1,44.25,54.9,21.799999999999997,65.86102719033231,0.06190725806451614,5.923452567766592,0.13092369584026545,147.61290322580646,148.0,126.0,148.0,164.0,38.0,30.158730158730158,0.1324596774193549,12.273759052968353,0.083148280297644,29.693548387096776,29.0,30.0,25.0,32.0,2.0,6.666666666666667,-0.01622983870967745,4.265515637752834,0.14365125993518507,62.308064516129036,61.3,49.35,60.15,79.6,30.249999999999993,61.29685916919957,0.07926814516129035,7.854522017859027,0.126059476872786,33.1
2,320.0,405.6049129827236,30.576261950839697,5.047905464405389,0.2713704206241519,3287.7574584177087,348.39034709084797,507.7207880318545,4143.868593540411,0.6861849175830671,,,147.92720225890275,129.5,36.85,2.983,2.638,0.885,52.15,63.2,37.0,96.3,46.7,15.385,5.185,4.7,5.25,0.1225233804043171,0.0840736956847351,0.6861849175830671,17.48240026818639,19.768764215314633,0.1752923287312508,620.0,31,45.888709677419364,47.5,36.85,47.5,53.1,16.25,44.097693351424695,0.05882459677419351,5.639070692904096,0.12288579767321145,149.0,150.0,129.5,150.0,169.0,39.5,30.501930501930502,0.13145161290322574,12.179217270963408,0.08173971322794234,29.741935483870968,29.0,37.0,23.0,31.5,-5.5,-14.864864864864865,-0.014939516129032321,4.277598562554181,0.1438238128407588,63.185483870967744,62.75,52.15,63.5,76.55,24.4,46.78811121764142,0.0795221774193548,7.877945941555103,0.1246796805045096,36.85
2,330.0,402.2129721147376,29.015340194424656,5.026460023743441,0.2695417789757412,2862.119949918428,348.78429507887824,447.899075205937,3658.8033202032434,0.778711800015467,,,149.17470136414212,123,33.6,2.718,2.518,0.9,47.4,57.4,36.0,93.2,49.4,15.19,5.34,4.8,5.5,0.1224168221157776,0.0953274239019504,0.778711800015467,17.439293598233995,18.824463860206514,0.1737065509378591,630.0,31,46.48709677419356,47.5,33.6,48.25,55.4,21.799999999999997,64.88095238095237,0.05874596774193551,5.63216902773605,0.12115553386983381,150.2741935483871,150.5,123.0,150.5,169.0,46.0,37.39837398373984,0.13096774193548388,12.137297001170552,0.0807676735078431,29.580645161290324,29.0,36.0,26.5,32.0,-4.0,-11.11111111111111,-0.008891129032258048,4.084721072063445,0.1380876262093422,64.10645161290323,63.5,47.4,65.2,80.7,33.300000000000004,70.25316455696203,0.08299596774193552,8.206793343885742,0.12801821247947365,33.6
2,340.0,398.9186197916667,28.171425039839104,4.952879137122684,0.2670226969292389,2653.1153191491367,356.32591747367155,382.13399494825,3391.575231571058,0.93246327776184,,,150.40661684665085,126,37.25,3.012,2.6945,0.91,52.6,63.8,32.5,96.05,47.4,15.305,5.44,4.8,5.5,0.1126715372229076,0.1050620709093376,0.93246327776184,17.46347941567065,19.521246984598257,0.2010741909169675,640.0,31,47.18548387096775,48.25,37.25,48.4,55.25,18.0,48.32214765100671,0.055731854838709675,5.314229225208911,0.11262423926267388,151.82258064516128,151.0,126.0,151.0,171.0,45.0,35.714285714285715,0.12590725806451608,11.59133899879329,0.07634792498939595,29.467741935483872,29.0,32.5,30.0,32.5,0.0,0.0,-0.0029838709677419417,3.9474368981044057,0.1339579023987264,65.1741935483871,65.2,52.6,67.9,80.5,27.9,53.041825095057035,0.08213306451612903,8.113454576275775,0.12448876057441548,37.25
2,350.0,395.7303449058784,27.416577843997484,3.553143879258383,0.0,2522.842866083715,346.97157462304403,334.51872351294116,3204.3331642197,1.0372261707187254,,,151.61839563824847,132.5,39.9,3.228,2.9335,0.915,57.15,69.25,32.0,96.8,47.35,15.33,5.295,4.9,5.5,0.1043957373871893,0.108281990929472,1.0372261707187254,17.70446096654275,19.481847622294183,0.198683458467082,650.0,31,47.79354838709678,48.3,39.9,48.4,56.1,16.200000000000003,40.601503759398504,0.05471370967741936,5.21703526816211,0.10915773036786272,153.2741935483871,155.0,132.5,155.0,171.0,38.5,29.056603773584907,0.12084677419354847,11.055043124955402,0.07212592589153266,29.516129032258064,29.0,32.0,27.0,34.0,2.0,6.25,0.0017137096774193746,3.994754625271624,0.13534141353379273,66.15483870967742,65.7,57.15,66.5,83.0,25.85,45.2318460192476,0.08480241935483872,8.375921390496984,0.12661086556729398,39.9
2,360.0,392.4078985091743,26.227154886309915,3.584455454937864,0.0,2267.309124325002,342.7678055855697,274.29604291048923,2884.372972821061,1.249627234678791,,,152.9021210529921,137,41.5,3.355,3.031,0.9,58.1,70.4,30.0,96.2,47.5,15.15,5.43,5.0,6.0,0.0950972864796378,0.1188361591290066,1.249627234678791,17.317436661698956,19.16859122401847,0.2312932699960892,660.0,31,48.306451612903224,48.4,41.5,48.6,55.8,14.299999999999997,34.4578313253012,0.05446370967741936,5.196677495212427,0.1075772970628282,154.51612903225808,155.0,137.0,155.0,171.0,34.0,24.817518248175183,0.11816532258064516,10.803150675433953,0.06991600645896712,29.548387096774192,29.0,30.0,30.0,33.0,3.0,10.0,0.005423387096774208,4.01944199839911,0.13602915060084322,67.0983870967742,66.5,58.1,67.8,86.4,28.300000000000004,48.70912220309811,0.09123790322580648,8.955189220697385,0.13346355416534164,41.5
2,370.0,389.3529322240259,25.53771621356163,3.616564369242716,0.0,2234.4590636241737,344.8643533592983,220.3793040355042,2799.7027210189763,1.5648672404543893,,,154.10183161398973,137,42.0,3.398,3.124,0.91,58.9,71.4,31.0,96.5,48.3,15.15,5.5,5.0,6.0,0.0787152515804589,0.1231789185223858,1.5648672404543893,17.33372572101236,18.854033290653007,0.2343516912301094,670.0,30,48.53333333333334,48.4,42.0,50.4,55.8,13.799999999999997,32.857142857142854,0.05540378197997775,5.126979572831345,0.10563831537427222,155.1,156.0,137.0,157.0,171.0,34.0,24.817518248175183,0.1183092324805339,10.478549517943788,0.06755995820724557,29.533333333333335,29.0,31.0,34.0,33.0,2.0,6.451612903225806,0.006295884315906563,4.0872664613940675,0.13839502690950567,67.39833333333333,67.15,58.9,71.05,86.4,27.500000000000007,46.68930390492362,0.09447052280311459,8.948497112628056,0.13277030261818626,42.0
2,380.0,386.5278477822581,25.06854825196491,3.726748223118357,0.0,2243.6483844634686,334.7794651167735,179.19292944164044,2757.6207790218823,1.868262694069101,,,155.2281429249043,139,40.4,3.266,2.9945,0.915,55.9,67.7,32.0,95.1,49.05,15.115,5.5,5.05,6.0,0.064980990426537,0.1214015602375604,1.868262694069101,17.11573790569504,18.66755718817833,0.2397815503242367,680.0,29,48.75862068965517,48.4,40.4,47.5,55.8,15.399999999999999,38.118811881188115,0.056512315270935934,5.064354932930699,0.10386583667255324,155.72413793103448,157.0,139.0,157.0,171.0,32.0,23.02158273381295,0.11761083743842358,10.08055607778849,0.06473342034009438,29.482758620689655,29.0,32.0,27.0,33.0,1.0,3.125,0.008054187192118211,4.150048964041375,0.14076189468678346,67.69137931034483,67.8,55.9,61.3,86.4,30.500000000000007,54.561717352415045,0.09831280788177339,8.959193890770186,0.13235354312540965,40.4
3,0.0,408.009819135274,28.876059630507005,2.712975002547085,0.0,5563.3100849392795,912.3529255357956,394.7012528544325,6870.364263329508,2.3115024817827865,,,147.0552844222292,101,9.7,0.849,1.0135,1.225,23.8,28.6,22.5,116.4,38.3,17.305,4.305,0.0,0.0,0.0574498291103931,0.1327954225666707,2.3115024817827865,28.03297997644287,23.48297977306364,0.1436103137710592,300.0,31,22.737096774193542,24.1,9.7,24.3,33.3,23.599999999999998,243.29896907216497,0.047163306451612964,5.555042270195242,0.24431625221827702,145.5483870967742,146.0,101.0,146.0,164.0,63.0,62.37623762376238,0.12854838709677444,13.341261084014056,0.09166203315701145,20.387096774193548,20.0,22.5,17.0,25.0,2.5,11.11111111111111,0.008064516129032306,2.764988479238671,0.1356244348993652,47.30483870967742,48.6,23.8,51.3,43.7,19.900000000000002,83.61344537815127,0.015433467741935533,8.593227515886271,0.18165641719286332,9.7
3,10.0,404.6267947635135,25.57243887166379,2.451692008385227,0.0,4801.9340506035205,962.1107226745806,368.8995697045466,6132.944342982648,2.6080559634296665,,,148.28479175499822,116,11.0,0.958,1.183,1.49,28.1,33.8,22.0,121.1,38.5,17.86,4.25,3.0,2.0,0.0601504838579929,0.1568758281290182,2.6080559634296665,29.33194154488518,23.753169907016066,0.1856719831644522,310.0,31,23.47903225806451,24.3,11.0,21.2,32.7,21.700000000000003,197.2727272727273,0.0447782258064516,5.285148597620007,0.2251007852252803,147.51612903225808,148.0,116.0,148.0,162.0,46.0,39.6551724137931,0.10975806451612892,10.810090865304002,0.07328073842650865,20.274193548387096,20.0,22.0,20.0,19.0,-3.0,-13.636363636363637,0.008588709677419345,2.7472371262701354,0.13550413828858265,48.21774193548387,48.75,28.1,48.2,52.1,24.0,85.40925266903915,0.003169354838709686,7.438610403239491,0.15427123097536324,11.0
3,20.0,401.1214127342704,22.04894949769462,2.436295547218579,0.0,5510.290283510308,998.1950319857835,337.41657563629735,6845.901891132388,2.958346163354292,,,149.58064589722616,125,16.45,1.435,2.127,1.5,55.9,67.15,19.5,123.05,35.05,18.1,3.92,3.1,2.0,0.0492873811226185,0.1458091348458794,2.958346163354292,38.954703832752614,26.281147155618243,0.218904250888776,320.0,31,24.19193548387097,25.0,16.45,21.9,33.1,16.650000000000002,101.21580547112464,0.042546370967741956,5.030127512866739,0.20792579891841972,149.06451612903226,149.0,125.0,150.0,164.0,39.0,31.2,0.09939516129032278,9.504158682285587,0.06375869273985137,20.338709677419356,20.0,19.5,22.0,24.0,4.5,23.076923076923077,0.011955645161290334,2.811841320719081,0.13825072314399922,49.00322580645161,49.3,55.9,43.1,52.45,-3.4499999999999957,-6.171735241502676,-0.007249999999999912,6.465420010639564,0.13193866126642517,16.45
3,30.0,398.4550313746675,21.245063657361296,2.4187399674633316,0.0,5487.889772216739,1040.0025241860103,300.2749253625435,6828.167221765293,3.4635010663322636,,,150.58160965617714,133,14.4,1.257,1.893,1.44,47.9,57.5,19.0,122.8,34.7,17.93,4.02,3.1,2.0,0.0439759185166694,0.1523106406754252,3.4635010663322636,38.1066030230708,25.30375066032752,0.2630053725699072,330.0,31,24.73870967741935,25.1,14.4,25.8,33.4,19.0,131.94444444444443,0.04312096774193547,5.0814976414015876,0.20540673736269296,150.32258064516128,150.0,133.0,149.0,164.0,31.0,23.30827067669173,0.09290322580645144,8.765033168882644,0.05830816056552832,20.580645161290324,20.0,19.0,21.0,27.0,8.0,42.10526315789474,0.015443548387096771,3.0498545708321583,0.14819042585548103,48.73870967741935,48.75,47.9,43.45,47.7,-0.19999999999999574,-0.4175365344467552,-0.003588709677419373,6.340382607769283,0.1300892586146322,14.4
3,40.0,396.1840432787698,20.705032980241217,2.405638762391294,0.0,5333.659498881834,1047.4563262543015,268.0835772788569,6649.199402414993,3.907200645732773,,,151.44476668834886,137,15.85,1.386,1.786,1.175,46.95,56.45,17.5,119.35,35.05,17.525,3.89,3.2,2.0,0.0403181738212706,0.157531194789235,3.907200645732773,33.87445887445888,26.28779395296753,0.2573073050257726,340.0,31,25.16129032258064,25.2,15.85,25.1,27.5,11.65,73.50157728706625,0.03812096774193554,4.725281467408747,0.18779964806368102,152.25806451612902,151.0,137.0,151.0,193.0,56.0,40.87591240875913,0.10754032258064543,11.12045485261427,0.07303688568454288,20.612903225806452,20.0,17.5,19.0,20.0,2.5,14.285714285714286,0.014072580645161328,3.0378437457604552,0.14737583117147748,48.796774193548394,49.3,46.95,48.6,49.7,2.75,5.857294994675186,-0.003548387096774097,6.340687863366652,0.12994071776582677,15.85
3,50.0,394.2003752055921,20.518179765496225,2.3864264934371695,0.0,5087.2485349292765,1025.9145033249326,239.57208631592013,6352.735124570129,4.282278954535941,,,152.20685664925475,141,18.7,1.631,1.895,1.16,49.6,59.7,18.0,118.2,34.9,17.39,4.06,3.3,2.5,0.0377116441372378,0.1614917800298423,4.282278954535941,30.410790925812385,26.17414248021108,0.2457909564857761,350.0,31,25.68548387096774,25.5,18.7,28.8,32.1,13.400000000000002,71.6577540106952,0.036310483870967754,4.5562263908558345,0.17738526608041555,153.8709677419355,151.0,141.0,151.0,187.0,46.0,32.6241134751773,0.11870967741935483,12.387471992525004,0.0805055831799319,20.661290322580644,20.0,18.0,24.0,19.0,1.0,5.555555555555555,0.011088709677419359,2.998297007675617,0.14511663893511964,49.19193548387097,49.6,49.6,51.7,59.2,9.600000000000001,19.35483870967742,0.0015524193548386825,6.598245938305542,0.13413267588279734,18.7
3,60.0,392.3084199116492,20.402567198255095,2.37483997783428,0.0,4955.797222874644,1017.5099558106906,205.26346168897683,6178.570640374312,4.9570924481068195,,,152.94089281466978,143,19.0,1.6625,1.9525,1.18,51.6,62.05,16.0,118.5,34.7,17.59,3.84,3.3,2.5,0.0332218361877532,0.1646837132785533,4.9570924481068195,31.03759398496241,26.427656850192065,0.2376099063304974,360.0,31,26.317741935483873,25.8,19.0,27.1,38.3,19.299999999999997,101.57894736842104,0.039433467741935485,4.901403683080606,0.1862395221860621,154.69354838709677,153.0,143.0,153.0,166.5,23.5,16.433566433566433,0.11804435483870963,12.350895662093256,0.07984105213739776,20.870967741935484,20.0,16.0,18.0,24.5,8.5,53.125,0.011693548387096768,3.033061549918069,0.1453244328399693,49.535483870967745,49.7,51.6,58.8,60.25,8.649999999999999,16.763565891472865,0.008504032258064525,6.890962602670098,0.13911164410183188,19.0
3,70.0,390.7325873940678,20.48585269411035,2.3849778814244553,0.0,5082.208345152632,977.87780289455,178.18789750340895,6238.274045550591,5.487902470345059,,,153.5577065638701,146,18.75,1.6355,1.897,1.225,49.3,59.3,20.5,119.75,33.65,17.685,3.885,3.35,2.5,0.0285636533762892,0.1567545439258179,5.487902470345059,30.143686945888103,25.988402741170265,0.2290729220493528,370.0,31,26.753225806451614,26.75,18.75,25.0,32.5,13.75,73.33333333333333,0.038451612903225844,4.828749587692983,0.1804922375577048,156.1451612903226,155.0,146.0,157.0,188.0,42.0,28.767123287671232,0.13064516129032283,13.519857955606817,0.08658518678314457,21.14516129032258,20.0,20.5,23.0,24.5,4.0,19.51219512195122,0.01074596774193553,2.961400424312504,0.1400509735372809,49.729032258064514,49.7,49.3,54.7,57.6,8.300000000000004,16.835699797160252,0.01471370967741943,7.033666353018986,0.14143983974026245,18.75
3,80.0,389.0701095779221,20.287125384994624,2.3932460315206128,0.0,5366.541651997642,922.3018462913874,153.6966842591157,6442.540182548144,6.0007920843398805,,,154.21385123902286,144,20.45,1.786,1.704,0.94,40.9,49.15,22.5,111.9,36.25,16.775,4.08,3.4,2.5,0.0238565348300747,0.1431581053680909,6.0007920843398805,22.9003359462486,24.002347417840376,0.2179956255559364,380.0,31,27.53548387096774,26.9,20.45,26.9,43.0,22.55,110.26894865525672,0.04311491935483868,5.4173824175578105,0.19674186380540315,157.11290322580646,157.0,144.0,155.0,176.0,32.0,22.22222222222222,0.13610887096774182,13.839382017404386,0.0880855851636456,21.29032258064516,20.0,22.5,18.0,25.0,2.5,11.11111111111111,0.01266129032258062,3.0380207195595488,0.14269491258537276,50.012903225806454,51.3,40.9,58.7,58.1,17.200000000000003,42.05378973105135,0.01949999999999996,7.191580351841258,0.1437944987790757,20.45
3,90.0,387.2158632105943,19.889545534391424,2.3887250555842163,0.0,5468.179809300396,840.9710473716483,138.1987222070303,6447.349578879075,6.085230267989173,,,154.95232943844536,142,26.75,2.332,2.2415,0.975,56.85,68.35,23.5,113.5,35.35,16.885,3.935,3.5,3.0,0.0214349664953419,0.1304367069107889,6.085230267989173,24.378216123499143,25.362480481820217,0.2111196764533122,390.0,31,28.206451612903226,27.1,26.75,19.8,41.25,14.5,54.205607476635514,0.04683870967741934,5.786100326579839,0.20513393198075824,157.75806451612902,157.0,142.0,157.0,164.0,22.0,15.492957746478874,0.1318145161290323,13.672887385712118,0.08666997422698614,21.241935483870968,20.0,23.5,20.0,21.0,-2.5,-10.638297872340425,0.013266129032258055,3.0300466655975655,0.14264456588234553,50.619354838709675,51.5,56.85,36.1,59.7,2.8500000000000014,5.013192612137205,0.01947983870967743,7.190174747753061,0.1420439823988943,26.75
3,100.0,385.35508164414415,19.43219137091338,2.402908556788674,0.0,5386.5774709970865,770.6033889478091,119.65042566915008,6276.831285614046,6.4404567274890745,,,155.7005547818543,142,20.3,1.776,1.721,1.01,41.0,49.3,16.0,112.8,36.4,16.79,4.29,3.5,3.0,0.0190622338286164,0.1227694921024825,6.4404567274890745,23.085585585585584,23.823358512492735,0.2640241988800411,400.0,31,28.524193548387096,27.3,20.3,27.3,36.6,16.3,80.29556650246305,0.0509758064516129,5.970955687991411,0.20932951804097683,158.53225806451613,157.0,142.0,157.0,166.0,24.0,16.901408450704224,0.126633064516129,13.428164111219726,0.0847030394644036,21.129032258064516,20.0,16.0,21.5,20.0,4.0,25.0,0.01397177419354838,3.0082324321088283,0.14237435938224988,50.853225806451604,51.5,41.0,48.75,64.1,23.099999999999994,56.341463414634134,0.03165322580645164,7.510369891954623,0.14768718744685422,20.3
3,110.0,383.3757093190537,18.82364384528856,2.6816080679530025,0.0,5294.856344390386,697.9551280104979,107.99857049550845,6100.810042896393,6.462633021976204,,,156.50443818303228,142,25.5,2.227,2.166,0.86,54.2,65.2,20.0,112.5,35.2,16.56,4.1,3.6,3.0,0.0177023329256512,0.1144036813313302,6.462633021976204,24.337674000898073,25.02308402585411,0.2648693853672288,410.0,31,29.214516129032262,27.5,25.5,25.2,41.7,16.200000000000003,63.52941176470589,0.053639112903225775,6.220291975306667,0.21291785042180383,159.30645161290323,157.0,142.0,160.0,166.0,24.0,16.901408450704224,0.12048387096774175,13.13181722595597,0.08243117019431712,21.306451612903224,20.0,20.0,29.0,21.5,1.5,7.5,0.010887096774193541,2.853878703784374,0.13394434491645055,51.758064516129025,51.7,54.2,35.65,69.05,14.849999999999994,27.398523985239844,0.03630241935483868,7.959952855536619,0.15379154784770036,25.5
3,120.0,381.136440442112,17.849431856446195,2.8702524263988103,0.0,4399.905669159886,624.1710269179935,95.45763558614564,5119.534331664026,6.538722890896569,,,157.4239396537392,141,22.1,1.932,1.901,1.0,45.2,54.4,19.0,113.9,35.2,16.99,4.04,3.6,3.0,0.0186457652985635,0.1219194923760021,6.538722890896569,23.39544513457557,23.776959495002632,0.2631615044102001,420.0,31,29.733870967741936,28.3,22.1,29.25,41.6,19.5,88.23529411764706,0.05873387096774192,6.562524756737737,0.22070872520625967,160.56451612903226,157.0,141.0,157.0,181.0,40.0,28.368794326241133,0.12243951612903232,13.285795632606948,0.0827442821920272,21.403225806451612,21.0,19.0,21.0,23.0,4.0,21.05263157894737,0.011068548387096762,2.858960635262139,0.1335761562820291,52.232258064516124,51.7,45.2,46.85,68.9,23.700000000000003,52.43362831858408,0.04824596774193552,8.5278714459031,0.16326828978692942,22.1
3,130.0,378.8889657079646,16.77444221195125,2.811249402616597,0.0,3676.972474955012,559.3358585768926,86.82763864533544,4323.13597217724,6.441910286903113,,,158.35773915423567,141,30.4,2.656,2.25,0.85,56.3,67.7,20.0,114.2,35.2,16.36,4.05,3.7,3.0,0.0200844107620345,0.1293819722943382,6.441910286903113,21.197289156626503,25.022222222222226,0.3271629460650416,430.0,31,30.48225806451613,28.8,30.4,28.3,45.3,14.899999999999999,49.013157894736835,0.06322379032258064,6.972966231419461,0.22875491102598366,162.91935483870967,160.0,141.0,157.0,214.0,73.0,51.773049645390074,0.14213709677419362,15.912310105802547,0.09766985709927314,21.661290322580644,21.0,20.0,19.0,27.0,7.0,35.0,0.01290322580645162,2.9927331342609262,0.13816042764272332,53.15483870967742,52.1,56.3,58.9,73.8,17.5,31.083481349911192,0.05675403225806457,9.257549665351604,0.1741619369012621,30.4
3,140.0,376.7230930040829,15.93397614008085,2.789147418681518,0.0,3255.0601039118164,503.0909851581432,78.21729155606391,3836.368380626024,6.43196632291393,,,159.26817631896466,144,24.1,2.101,2.058,0.98,51.5,61.9,20.0,114.1,34.9,16.97,4.0,3.7,3.5,0.0203883683201716,0.1311372984145094,6.43196632291393,24.512137077582103,25.0242954324587,0.3243456574223939,440.0,31,30.98225806451613,28.8,24.1,22.15,45.9,21.799999999999997,90.45643153526969,0.07249596774193547,7.502483459796237,0.2421541852815694,164.5,162.0,144.0,162.0,190.0,46.0,31.944444444444443,0.14437499999999978,16.095030288881098,0.09784212941569057,21.85483870967742,21.0,20.0,18.5,26.0,6.0,30.0,0.014455645161290274,3.074609862478752,0.1406832557001348,53.76451612903225,52.1,51.5,38.85,75.2,23.700000000000003,46.01941747572816,0.07211693548387087,10.059226225613207,0.18709786583908888,24.1
3,150.0,374.7311091989987,15.298161258794613,2.8094322919210155,0.0,2722.9921644071483,445.417544779644,70.06020065222236,3238.4699098390147,6.357640152797864,,,160.1148090646975,146,24.3,2.119,2.137,1.08,51.3,61.7,17.0,113.4,36.0,17.04,4.27,3.8,3.5,0.0216337352523695,0.1375395038954633,6.357640152797864,24.20953279848985,24.005615348619557,0.3237173562737231,450.0,31,31.533870967741937,29.25,24.3,33.3,41.2,16.900000000000002,69.54732510288066,0.0742358870967742,7.607500543288119,0.24124854671569915,165.3709677419355,162.0,146.0,164.0,171.0,25.0,17.123287671232877,0.1350806451612904,15.673740109886282,0.09477927307255919,21.919354838709676,21.5,17.0,25.0,22.0,5.0,29.41176470588235,0.013346774193548405,3.0553144251548217,0.1393888847384834,54.351612903225806,52.45,51.3,43.7,69.7,18.400000000000006,35.867446393762194,0.08029435483870966,10.446318999779841,0.19219887767414984,24.3
3,160.0,372.8537488339553,14.96827973777899,2.817266955147592,0.0,2573.7001656074285,407.2508882008587,66.82643228554045,3047.7774860938275,6.094158767308269,,,160.92100505262746,148,21.2,1.852,1.899,1.02,48.2,58.0,20.0,115.0,34.9,16.97,4.07,3.8,3.5,0.0219262831983145,0.1336222509874926,6.094158767308269,26.02591792656587,25.381779884149555,0.322927067780839,460.0,31,32.22096774193548,32.1,21.2,32.7,45.6,24.400000000000002,115.09433962264151,0.07807661290322584,7.889051212424601,0.24484215606463697,166.24193548387098,164.0,148.0,162.0,173.0,25.0,16.89189189189189,0.1271975806451612,15.307335369979723,0.09207866429986833,22.225806451612904,21.5,20.0,19.0,26.5,6.5,32.5,0.01294354838709677,3.021695742673362,0.13595438029444734,55.23548387096774,54.7,48.2,52.1,78.7,30.5,63.27800829875518,0.09305241935483871,11.303511206319826,0.2046422048682559,21.2
3,170.0,370.9898089418317,14.635134176515823,2.8286137437903216,0.0,2369.2651884405695,369.7994958687325,63.99860760452704,2803.063291913829,5.7782428354359086,,,161.72950995914695,150,21.9,1.908,1.781,0.93,43.1,51.7,22.0,109.0,36.7,16.57,4.2,3.9,3.5,0.0228316669798886,0.1319269161476004,5.7782428354359086,22.58909853249476,24.19988770353734,0.4172043684586985,470.0,31,33.03064516129032,32.5,21.9,33.1,46.3,24.4,111.41552511415526,0.07948185483870969,8.007389060729626,0.24242302933016102,165.3709677419355,164.0,150.0,164.0,121.0,-29.0,-19.333333333333332,0.08806451612903218,17.04893336934185,0.10309508133221444,22.451612903225808,22.0,22.0,24.0,27.0,5.0,22.727272727272727,0.014395161290322584,3.1100772731816955,0.1385235567078054,56.21612903225807,57.6,43.1,52.45,78.6,35.49999999999999,82.36658932714614,0.10264516129032258,11.971733285095453,0.2129590473621157,21.9
3,180.0,369.0185546875,14.087943940208758,2.808471085193612,0.0,2012.652843132764,346.0430681203376,66.03240761160704,2424.728318864709,5.240503574482886,,,162.59345021501818,149,25.8,2.2525,1.8665,0.865,43.45,52.2,21.0,107.3,37.6,16.185,4.265,4.0,4.0,0.027232909805963,0.1427141611817194,5.240503574482886,19.289678135405108,23.278864184302172,0.4162922682552359,480.0,31,33.89193548387097,32.7,25.8,33.4,48.6,22.8,88.37209302325581,0.08171774193548383,8.203790757674096,0.24205731070089656,163.08064516129033,164.0,149.0,164.0,79.0,-70.0,-46.97986577181208,0.02590725806451585,22.93545173386736,0.14063871105724224,22.516129032258064,22.0,21.0,27.0,24.0,3.0,14.285714285714286,0.015040322580645119,3.1211212487601903,0.13861713282459298,57.33870967741936,58.1,43.45,47.7,77.9,34.45,79.28653624856157,0.10729838709677417,12.327156401467311,0.21498838168522455,25.8
3,190.0,367.3708301380368,13.666465700922975,2.8429750246088865,0.0,1856.7815203188095,320.11788879377974,67.23885562992896,2244.1382647425185,4.760906261636177,,,163.32271121649876,151,25.1,2.195,1.981,0.87,48.6,58.4,19.0,110.0,36.2,16.29,4.21,4.0,4.0,0.0299619932899471,0.1426462414652105,4.760906261636177,22.141230068337133,24.53306410903584,0.418613487247824,490.0,31,34.74354838709677,33.1,25.1,27.5,52.2,27.1,107.96812749003983,0.08757056451612898,8.69154514394577,0.2501628517360558,161.3709677419355,164.0,151.0,193.0,96.0,-55.0,-36.42384105960265,-0.02374999999999994,25.814714067089554,0.15997124159515766,22.774193548387096,23.0,19.0,20.0,29.0,10.0,52.63157894736842,0.017983870967741924,3.3162195084096875,0.14561303790467467,58.81774193548387,58.7,48.6,49.7,89.3,40.699999999999996,83.74485596707818,0.11766935483870959,13.316127742873155,0.22639644611789717,25.1
3,200.0,365.779294490232,13.257273182655933,2.8397641966619465,0.0,1684.484381233373,294.6810092941062,62.96157186187829,2042.1269623893577,4.680331201713985,,,164.03334170027026,151,28.8,2.518,2.249,0.87,51.7,62.1,24.0,106.4,38.9,16.15,4.38,4.1,4.0,0.0308313699497954,0.1443010227676145,4.680331201713985,20.532168387609214,22.987994664295243,0.4171314537420949,500.0,31,35.53709677419355,33.3,28.8,32.1,49.7,20.900000000000002,72.56944444444444,0.09039516129032257,8.902181078645235,0.25050389274089074,161.66129032258064,164.0,151.0,187.0,160.0,9.0,5.960264900662252,-0.03127016129032267,25.74470401745253,0.15925088786611363,23.096774193548388,23.0,24.0,19.0,29.0,5.0,20.833333333333332,0.019314516129032257,3.421547785332222,0.1481396387504174,60.012903225806454,58.8,51.7,59.2,85.65,33.95,65.66731141199227,0.12730645161290322,14.012928362420276,0.23349859128952297,28.8
3,210.0,364.2144493232968,12.97181213824485,2.8475014470549755,0.0,1619.8294598297532,279.79234907225697,70.86871444317875,1970.4905233451889,3.948037596993373,,,164.73810995549132,153,27.1,2.3655,2.3565,1.035,58.8,70.7,18.0,112.8,36.45,16.98,4.075,4.1,4.0,0.0359650115560408,0.1419912177995505,3.948037596993373,24.857324032974,24.95225970719287,0.416355072604333,510.0,31,36.27258064516129,33.4,27.1,38.3,51.6,24.5,90.40590405904058,0.0957641129032258,9.261612878882358,0.255333718035798,162.56451612903226,164.0,153.0,166.5,179.0,26.0,16.99346405228758,-0.027661290322580554,25.849159217623782,0.1590086190587037,23.29032258064516,23.0,18.0,24.5,30.0,12.0,66.66666666666667,0.024072580645161303,3.63724757096257,0.15616990955656465,61.325806451612905,58.9,58.8,60.25,92.4,33.60000000000001,57.14285714285716,0.14153225806451608,15.07453631662647,0.24581064952681106,27.1
3,220.0,362.69011047215497,13.262058978395697,2.8476519470651698,0.0,1627.4173077875737,259.94376773222007,76.87980208104294,1964.2408776008365,3.3811711359272234,,,165.43048257337696,157,25.0,2.18,2.264,0.96,54.7,65.8,23.0,111.4,36.5,16.65,4.15,4.2,4.0,0.0391397017329898,0.1323380297683859,3.3811711359272234,25.091743119266056,24.160777385159015,0.4119603193233273,520.0,31,37.01774193548387,36.6,25.0,32.5,50.2,25.200000000000003,100.80000000000001,0.09827016129032258,9.426819438770575,0.25465679282113013,163.40322580645162,164.0,157.0,188.0,179.0,22.0,14.012738853503185,-0.023891129032258,25.950086497877262,0.1588101236668039,23.677419354838708,24.0,23.0,24.5,30.0,7.0,30.434782608695652,0.02471774193548386,3.693571864507251,0.1559955419614779,62.296774193548394,59.2,54.7,57.6,88.9,34.2,62.52285191956125,0.1565806451612903,15.855577018218074,0.25451682247553864,25.0
3,230.0,361.02986163403614,13.40870209302293,2.830377504237659,0.0,1603.1855646044085,245.28054873008625,78.5904167918014,1927.056530126296,3.1209981921825616,,,166.19123894194655,155,26.9,2.35,2.419,1.01,58.7,70.6,18.0,112.9,36.0,16.82,4.18,4.2,4.5,0.0407826213518763,0.127282487511672,3.1209981921825616,24.97872340425532,24.26622571310459,0.4075978103383336,530.0,31,37.92741935483872,38.3,26.9,43.0,53.2,26.300000000000004,97.76951672862455,0.10030443548387097,9.587725127384472,0.2527913918340791,164.11290322580646,164.0,155.0,176.0,179.0,24.0,15.483870967741936,-0.018588709677419175,26.06968535720475,0.15885213682031396,24.080645161290324,24.0,18.0,25.0,35.5,17.5,97.22222222222223,0.03143145161290322,4.256557243817176,0.176762591504799,63.70967741935485,59.7,58.7,58.1,98.5,39.8,67.80238500851787,0.1735766129032258,17.06170868423812,0.26780403504373756,26.9
3,240.0,359.3761709382494,13.627694123551304,2.8553257300804673,0.0,1551.4014998005175,226.86446949270928,87.08934459264115,1865.355313885868,2.604962415940363,,,166.95597775265304,157,19.8,1.725,1.508,0.87,36.1,43.4,20.0,110.5,36.9,16.36,4.16,4.3,4.5,0.0466878047009813,0.1216199765288201,2.604962415940363,20.92753623188406,23.93899204244032,0.4089585614427244,540.0,31,38.81451612903226,41.2,19.8,41.25,54.4,34.599999999999994,174.7474747474747,0.10315322580645161,9.803198402803607,0.2525652611567935,164.88709677419354,166.0,157.0,164.0,179.0,22.0,14.012738853503185,-0.015463709677419378,26.146290265038672,0.15857086925876923,24.532258064516128,24.5,20.0,21.0,32.0,12.0,60.0,0.0322983870967742,4.331926984362671,0.17658085011866245,65.02258064516131,60.25,36.1,59.7,99.4,63.300000000000004,175.34626038781164,0.1919314516129033,18.19187015633484,0.27977773222522195,19.8
3,250.0,357.88098771654717,13.905867712308192,2.85129837680144,0.0,1394.0643813760728,214.9250390362647,84.44563863236722,1693.4350590447048,2.5451289435081135,,,167.65349951342444,157,27.3,2.385,1.999,0.85,48.75,58.6,21.5,106.85,37.55,16.17,4.21,4.35,4.5,0.0498664759426939,0.1269166112325013,2.5451289435081135,20.44025157232705,24.387193596798397,0.4049100591306666,550.0,31,39.68870967741937,41.25,27.3,36.6,46.9,19.599999999999998,71.79487179487178,0.09577620967741933,9.243400435602863,0.23289747917559123,165.59677419354838,166.0,157.0,166.0,179.0,22.0,14.012738853503185,-0.012016129032258065,26.22353248351523,0.15835774948650475,24.79032258064516,24.5,21.5,20.0,28.0,6.5,30.232558139534884,0.03147177419354838,4.291025894329519,0.17309278168407952,66.67741935483872,64.1,48.75,64.1,87.4,38.650000000000006,79.28205128205128,0.1868064516129032,17.80230714780942,0.26699154406487274,27.3
3,260.0,356.27868144322235,14.13083159876402,2.858883690693798,0.0,1221.5646275926745,205.20742285575113,91.31283299097106,1518.0848834393964,2.247301021489957,,,168.4074942596917,160,25.2,2.1995,1.493,0.71,35.65,42.85,29.0,100.45,40.15,15.28,4.23,4.4,4.5,0.0601500179516255,0.1351751967853273,2.247301021489957,16.20822914298704,23.878097789685196,0.4055240443097431,560.0,31,40.54032258064517,41.6,25.2,41.7,53.7,28.500000000000004,113.09523809523812,0.09625806451612903,9.28002711341979,0.22890856615557068,166.30645161290323,166.5,160.0,166.0,179.0,19.0,11.875,-0.009455645161290131,26.280752595564067,0.15802605575841064,25.177419354838708,25.0,29.0,21.5,33.5,4.5,15.517241379310345,0.034616935483870924,4.519491835551083,0.1795057615657701,68.32096774193549,68.9,35.65,69.05,99.7,64.05000000000001,179.66339410939696,0.19521370967741938,18.43278227413299,0.2697968556850363,25.2
3,270.0,354.6326044748521,14.19939340207997,2.851853415574766,0.0,1109.5669458348902,181.8085133044053,102.73819741921,1394.1136565585057,1.769629192174348,,,169.18918126225125,157,29.25,2.553,2.043,0.85,46.85,56.35,21.0,105.45,38.05,16.015,4.34,4.5,5.0,0.0736942766006815,0.1304115431687369,1.769629192174348,18.35095965530748,22.931962799804207,0.4093890933475709,570.0,31,41.45967741935485,41.7,29.25,41.6,53.7,24.450000000000003,83.5897435897436,0.09432056451612904,9.119972764532056,0.2199721110293668,166.91935483870967,171.0,157.0,181.0,179.0,22.0,14.012738853503185,-0.005846774193548333,26.350236170413336,0.15786207774332078,25.177419354838708,25.0,21.0,23.0,29.0,8.0,38.095238095238095,0.03939516129032259,4.519491835551083,0.1795057615657701,70.2725806451613,69.05,46.85,68.9,96.15,49.300000000000004,105.22945570971184,0.19096774193548388,18.057329253933048,0.2569612370593424,29.25
3,280.0,352.9750073616019,14.13431330918506,2.8391345061333766,0.0,1033.384881894039,183.9116398871131,102.52917711345108,1319.8256988946032,1.7937493020509694,,,169.98370634930978,157,28.3,2.471,2.443,0.84,58.9,70.8,19.0,107.9,38.2,16.27,4.24,4.5,5.0,0.0776838768932311,0.1393453999578467,1.7937493020509694,23.836503439902874,24.10970118706508,0.408931119135026,580.0,31,42.22258064516131,43.0,28.3,45.3,52.9,24.599999999999998,86.92579505300353,0.09336290322580648,9.053506122949251,0.21442332478525988,168.38709677419354,173.0,157.0,214.0,202.5,45.5,28.980891719745223,0.009274193548387159,27.037538619919818,0.16056775808764645,25.467741935483872,25.0,19.0,27.0,30.0,11.0,57.89473684210526,0.039616935483870984,4.531253476083205,0.1779212891178966,71.88709677419357,69.7,58.9,73.8,96.9,38.00000000000001,64.51612903225808,0.19196169354838713,18.130646098718856,0.2522100197712741,28.3
3,290.0,351.53556429724176,14.23647423754389,2.8217916562301,0.0,902.7207752967475,166.34894007060012,107.48688884922645,1176.5566042165742,1.5476207549735708,,,170.67974365537268,162,22.15,1.9325,1.636,0.915,38.85,46.75,18.5,108.35,38.5,16.53,4.21,4.6,5.0,0.0913571760712677,0.1413862618036688,1.5476207549735708,20.103492884864167,23.746943765281177,0.4015622451041492,590.0,31,43.05322580645162,45.3,22.15,45.9,54.05,31.9,144.01805869074494,0.09153427419354837,8.913734117303393,0.20703986635927407,170.58064516129033,176.0,162.0,190.0,225.0,63.0,38.888888888888886,0.03616935483870976,28.784861986292245,0.1687463543069326,25.887096774193548,26.0,18.5,26.0,32.0,13.5,72.97297297297297,0.039395161290322576,4.514254603326657,0.17438242081386465,73.22903225806452,73.8,38.85,75.2,100.5,61.65,158.6872586872587,0.2008891129032258,18.668885764793913,0.25493831051874866,22.15
3,300.0,350.057156286507,14.512853187972578,3.620536060339385,0.1169590643274853,805.4720343808727,158.7981379292858,111.22961969582964,1075.4997920059882,1.4276605311025767,,,171.40058108365747,164,33.3,2.9075,1.933,0.735,43.7,52.5,25.0,104.6,39.45,15.605,4.24,4.6,5.0,0.1034213307362595,0.1476505519662635,1.4276605311025767,15.030094582975064,22.607346094154167,0.4076340543087735,600.0,31,44.13387096774195,45.6,33.3,41.2,55.65,22.35,67.11711711711712,0.0856673387096774,8.304962242506727,0.18817661039923142,172.6451612903226,179.0,164.0,171.0,226.0,62.0,37.80487804878049,0.06415322580645166,30.3987920671165,0.17607671040370168,26.43548387096774,26.5,25.0,22.0,35.5,10.5,42.0,0.04044354838709676,4.618336524990845,0.17470217483186845,75.31290322580645,75.2,43.7,69.7,103.45,59.75,136.72768878718534,0.19698790322580648,18.305363365882396,0.24305746534559228,33.3
3,310.0,348.4386355377907,14.5629996067111,3.6212289908577535,0.1164144353899883,760.1553512256706,157.83928127893975,112.1833903510968,1030.1780228557072,1.4069754959709737,,,172.19674823773258,162,32.7,2.852,2.275,0.83,52.1,62.6,19.0,107.3,39.1,16.6,4.2,4.7,5.0,0.1088970914367971,0.153215539234084,1.4069754959709737,18.26788218793829,22.9010989010989,0.406518859079805,610.0,31,44.83709677419355,45.9,32.7,45.6,55.1,22.4,68.50152905198776,0.08531048387096778,8.279945327334952,0.18466729389358144,174.38709677419354,179.0,162.0,173.0,218.0,56.0,34.5679012345679,0.0860080645161291,31.41700963846903,0.18015673303598592,26.725806451612904,27.0,19.0,26.5,34.0,15.0,78.94736842105263,0.044092741935483876,4.8042320053563525,0.17976003882443806,77.30000000000001,77.9,52.1,78.7,105.3,53.199999999999996,102.11132437619962,0.19472983870967747,18.101597535392653,0.2341733186984819,32.7
3,320.0,346.9965328070684,14.62669432436862,3.6327057862666385,0.1160092807424593,750.3677201869366,147.4412509267038,112.21864225879636,1010.0276133724368,1.3138748425299762,,,172.9123905493323,164,33.1,2.8905,2.332,0.805,52.45,63.1,24.0,104.25,39.55,15.645,4.255,4.7,5.5,0.1111045289980769,0.1459774455417155,1.3138748425299762,18.1456495416018,22.49142367066896,0.4068985223971814,620.0,31,45.52741935483871,46.3,33.1,46.3,54.1,21.0,63.4441087613293,0.08308266129032259,8.124949627635417,0.17846277568051716,176.06451612903226,179.0,164.0,121.0,214.0,50.0,30.48780487804878,0.1019758064516127,32.11405246292342,0.18239934524562587,27.112903225806452,27.0,24.0,27.0,31.0,7.0,29.166666666666668,0.04169354838709675,4.64167656028752,0.17119806468639276,78.93870967741935,78.6,52.45,78.6,102.9,50.45,96.18684461391801,0.19395564516129027,18.043566303428946,0.22857690956899895,33.1
3,330.0,345.69355085784315,14.629016166077593,3.6259013096938726,0.115473441108545,794.2139768433295,147.2577319941505,109.35970238284716,1050.8314112203273,1.3465447398405466,,,173.56412883928323,164,33.4,2.919,2.212,0.81,47.7,57.3,27.0,103.7,40.7,15.34,4.6,4.8,5.5,0.1040696930213078,0.1401344977146625,1.3465447398405466,16.34121274409044,21.56419529837251,0.4079303389433095,630.0,31,46.17903225806452,46.9,33.4,48.6,53.3,19.9,59.58083832335329,0.07976612903225806,7.902012129763199,0.17111688451165463,177.5483870967742,179.0,164.0,79.0,210.0,46.0,28.048780487804876,0.11471774193548401,32.5971253432747,0.1835957277691707,27.274193548387096,27.0,27.0,24.0,29.0,2.0,7.407407407407407,0.040826612903225805,4.616706455323281,0.16927013615023268,80.3758064516129,78.7,47.7,77.9,97.0,49.3,103.35429769392033,0.1877903225806452,17.63296567496868,0.21938150860836358,33.4
3,340.0,344.38757183908046,14.350956029466364,3.654037376531204,0.1150747986191024,850.0691263215109,141.1984896820709,104.0941898755347,1095.3618058791164,1.3564492874280667,,,174.2223149331178,193,27.5,2.401,2.224,0.93,49.7,59.8,20.0,107.4,39.5,16.07,4.59,4.8,5.5,0.0950317870468294,0.1289057998226875,1.3564492874280667,20.699708454810494,22.347122302158272,0.4287786940119795,640.0,31,46.86290322580644,48.6,27.5,52.2,54.6,27.1,98.54545454545455,0.07661491935483869,7.673254065713533,0.1637383417911682,179.03225806451613,179.0,193.0,96.0,210.0,17.0,8.808290155440414,0.12560483870967754,33.00427636026151,0.18434821030055976,27.532258064516128,28.0,20.0,29.0,35.0,15.0,75.0,0.045322580645161294,4.8199852763796,0.1750668348772907,82.34032258064516,85.65,49.7,89.3,108.6,58.89999999999999,118.51106639839031,0.1837802419354839,17.259685297221957,0.20961401117074324,27.5
3,350.0,343.11534610983983,13.988705490631574,3.694767529383462,0.1145475372279496,980.4848247596772,124.89412226914206,103.21449098777896,1208.5934380165982,1.2100444528077947,,,174.86830793278622,187,32.1,2.804,2.559,0.95,59.2,71.2,19.0,108.7,38.7,16.28,4.47,4.9,5.5,0.085400505861725,0.10333840838496,1.2100444528077947,21.11269614835949,23.134036733098867,0.4499385987092445,650.0,31,47.720967741935475,49.7,32.1,49.7,54.1,22.0,68.53582554517133,0.0685,6.88232971933134,0.14422024625630958,179.70967741935485,179.0,187.0,160.0,214.0,27.0,14.438502673796792,0.1557661290322582,33.512130687645126,0.18647927684742396,27.919354838709676,29.0,19.0,29.0,32.0,13.0,68.42105263157895,0.04316532258064516,4.674570879046097,0.16743119266369616,84.04032258064517,87.4,59.2,85.65,102.4,43.2,72.97297297297297,0.17485483870967744,16.516973185962566,0.19653628970917936,32.1
3,360.0,341.87435341752285,13.487768536498118,3.692240256787102,0.1142857142857142,1191.9800426482032,118.42672435714243,96.09017639140038,1406.4969433967458,1.232454021884188,,,175.50307415638005,166.5,38.3,3.344,2.761,0.825,60.25,72.4,24.5,102.8,40.8,15.56,4.63,5.0,6.0,0.0683187950336662,0.0841997737095234,1.232454021884188,18.017344497607656,21.821803694313655,0.4546108302680634,660.0,31,48.401612903225804,50.2,38.3,51.6,53.2,14.900000000000006,38.90339425587469,0.0617358870967742,6.305123364785283,0.13026680283137979,179.75806451612902,179.0,166.5,179.0,188.5,22.0,13.213213213213214,0.1657862903225807,33.52408859505404,0.1864956027719471,28.35483870967742,29.0,24.5,30.0,32.5,8.0,32.6530612244898,0.040181451612903235,4.438831581221753,0.15654582368358855,85.58870967741936,88.9,60.25,92.4,107.2,46.95,77.9253112033195,0.1728366935483871,16.359827371121714,0.19114468991040162,38.3
3,370.0,340.62721946022725,12.91497379223548,3.688759551640201,0.1137656427758816,1523.2424130904735,104.80030307494016,100.91703320601624,1728.95974937143,1.0384798259080454,,,176.1456412528588,188,32.5,2.838,2.7865,0.865,57.6,69.25,24.5,101.8,42.0,15.77,4.62,5.0,6.0,0.0583686423253664,0.0606146575205355,1.0384798259080454,20.29598308668076,20.671092768706263,0.4524074377662001,670.0,31,48.79838709677418,50.6,32.5,50.2,50.6,18.1,55.6923076923077,0.05654838709677422,6.029227201322015,0.12355382134588168,180.41935483870967,179.0,188.0,179.0,187.0,-1.0,-0.5319148936170213,0.16161290322580626,33.45596528129514,0.1854344580225549,28.629032258064516,29.0,24.5,30.0,33.0,8.5,34.69387755102041,0.04050403225806449,4.455273545540319,0.15562082243577452,86.83225806451614,89.3,57.6,88.9,98.8,41.199999999999996,71.52777777777777,0.1644798387096774,15.825999433353841,0.18225944811426148,32.5
3,380.0,339.3715051670442,12.186375837505866,3.684278813238637,0.1133786848072562,1893.3104413029064,100.04829708175382,93.39619805439816,2086.7549364390584,1.0712245162643683,,,176.79740074366887,176,43.0,3.755,2.83,0.82,58.1,69.8,25.0,99.0,42.8,14.95,4.9,5.1,6.0,0.044756668079949,0.0479444401135483,1.0712245162643683,15.472703062583223,20.53003533568905,0.574681877018735,680.0,31,49.462903225806436,51.6,43.0,53.2,53.1,10.100000000000001,23.48837209302326,0.04863508064516126,5.259039325167279,0.106322900238162,181.0,179.0,176.0,179.0,206.0,30.0,17.045454545454547,0.18197580645161293,33.74685170501094,0.18644669450282286,28.838709677419356,29.0,25.0,35.5,31.0,6.0,24.0,0.0392741935483871,4.4071666952328785,0.1528212165013638,88.2290322580645,92.4,58.1,98.5,100.9,42.800000000000004,73.66609294320138,0.15412903225806446,15.05187017280327,0.17059996905301503,43.0
3,390.0,338.17224093538374,11.42146185997256,3.724321859509831,0.1129943502824858,2339.8628924586915,89.73447771482999,90.48818983493835,2520.08556000846,0.9916706023019884,,,177.4243794642639,164,41.25,3.6,2.9665,0.88,59.7,71.75,21.0,101.3,43.4,15.46,4.985,5.1,6.0,0.0359067927180355,0.0356077107614269,0.9916706023019884,16.583333333333332,20.12472610820833,0.5706138144737084,690.0,31,49.76290322580644,52.2,41.25,54.4,52.3,11.049999999999997,26.787878787878782,0.04618145161290325,5.142032149224264,0.10333063016624136,182.09677419354838,179.0,164.0,179.0,210.0,46.0,28.048780487804876,0.19629032258064527,34.12926880622132,0.1874237968100728,29.0,30.0,21.0,32.0,30.0,9.0,42.857142857142854,0.0375,4.3531597719357835,0.15010895765295806,89.58709677419354,96.15,59.7,99.4,100.2,40.5,67.8391959798995,0.14193145161290321,14.11280132682107,0.1575316293862355,41.25
3,400.0,337.10574996484814,10.654803130558744,3.7212736144262326,0.1126126126126126,2800.1189173809353,79.32621075418912,88.86997616023726,2968.315104295362,0.8926097899605574,,,177.98569145218238,166,36.6,3.196,2.966,0.93,64.1,77.0,20.0,101.9,43.2,16.0,4.83,5.2,6.0,0.0299395357425618,0.0267243227106847,0.8926097899605574,20.056320400500624,21.611598111935265,0.5657314531769353,700.0,31,50.17096774193548,52.3,36.6,46.9,53.9,17.299999999999997,47.26775956284152,0.0431915322580645,4.941993089728549,0.09850304493125767,183.58064516129033,181.0,166.0,179.0,210.0,44.0,26.50602409638554,0.20149193548387087,34.31571476116871,0.18692446979374974,29.419354838709676,30.0,20.0,28.0,34.0,14.0,70.0,0.035362903225806444,4.17950709652376,0.14206657893885588,91.10322580645159,96.9,64.1,87.4,106.7,42.60000000000001,66.45865834633388,0.133,13.29597643075949,0.14594407951049654,36.6
3,410.0,336.01961007567263,9.928678857917216,3.540561055422251,0.1122334455667789,3095.834621414219,67.05454953963034,89.51287048111105,3252.40204143496,0.7491051195121728,,,178.56100715814716,166,41.7,3.6405,3.262,0.905,69.05,83.0,21.5,102.95,42.85,15.69,4.83,5.2,6.5,0.0275220804011111,0.020616931328098,0.7491051195121728,18.96717483862107,21.16799509503372,0.5634859102292186,710.0,31,50.79354838709677,52.9,41.7,53.7,55.9,14.199999999999996,34.052757793764975,0.03790120967741939,4.356350573884137,0.08576582483831338,185.0,187.0,166.0,179.0,210.0,44.0,26.50602409638554,0.20612903225806462,34.47390317327007,0.18634542255821657,30.0,30.0,21.5,33.5,38.0,16.5,76.74418604651163,0.03447580645161292,4.07635458058627,0.13587848601954233,92.56451612903226,97.0,69.05,99.7,109.4,40.35000000000001,58.43591600289647,0.12664516129032263,12.705498767255508,0.13726100776613373,41.7
3,420.0,334.98276012569835,9.3879066435816,3.4223353678776753,0.1118568232662192,3248.8057877402593,59.42686097137841,89.93444467699693,3398.167093388635,0.6607797622458481,,,179.11369521669027,181,41.6,3.628,3.38,0.93,68.9,82.9,23.0,103.0,42.9,15.88,4.81,5.3,6.5,0.0264655745893044,0.0174879160848203,0.6607797622458481,18.991179713340685,20.384615384615387,0.7618730649941827,720.0,31,51.29677419354839,53.1,41.6,53.7,57.3,15.699999999999996,37.740384615384606,0.0359697580645161,4.1678318800840755,0.08124939522236595,187.2258064516129,188.5,181.0,179.0,235.0,54.0,29.834254143646408,0.22411290322580618,35.420765733694836,0.1891874117409614,30.419354838709676,30.0,23.0,29.0,34.5,11.5,50.0,0.03171370967741934,3.834268235690587,0.12604699396225683,93.84354838709676,98.5,68.9,96.15,108.7,39.8,57.76487663280115,0.1212338709677419,12.24690261478036,0.13050340513833636,41.6
3,430.0,334.0437090649387,8.923661813270922,3.4329611054231943,0.1116071428571428,3318.727576632486,56.75272053197346,86.79179412673523,3462.2720912911946,0.6538950035887255,,,179.6172128729893,214,45.3,3.955,3.449,0.91,73.8,88.7,27.0,103.3,42.5,15.86,4.78,5.3,6.5,0.0250678721481903,0.0163917563483026,0.6538950035887255,18.65992414664981,21.39750652363004,0.7636924337747564,730.0,31,51.84032258064516,53.2,45.3,52.9,58.45,13.150000000000006,29.02869757174394,0.03404032258064516,3.9543524407678246,0.07627947211586607,189.29032258064515,190.0,214.0,202.5,245.0,31.0,14.485981308411215,0.2550403225806449,36.880838338616165,0.19483742135260756,30.822580645161292,31.0,27.0,30.0,35.5,8.5,31.48148148148148,0.02999999999999999,3.6822737248806257,0.11946675611857602,95.15806451612903,98.8,73.8,96.9,109.65,35.85000000000001,48.57723577235774,0.11470161290322577,11.652890176362497,0.12245825128554778,45.3
3,440.0,333.09362833704114,8.495496101757098,3.461118150534982,0.111358574610245,3203.077269966312,48.492619422712075,78.58554371301551,3330.1554331020393,0.6170679380905094,,,180.12953384772925,190,45.9,4.011,3.528,0.92,75.2,90.4,26.0,104.2,42.4,15.8,4.69,5.4,6.5,0.0235981608941937,0.0145616684857082,0.6170679380905094,18.748441785091,21.31519274376417,0.770733417089992,740.0,31,52.32741935483872,53.2,45.9,54.05,60.4,14.5,31.59041394335512,0.03499798387096773,4.050696209905927,0.07741058626334414,189.41935483870967,190.0,190.0,225.0,218.0,28.0,14.736842105263158,0.2883467741935485,36.977041700266206,0.19521258390808113,31.112903225806452,31.0,26.0,32.0,36.0,10.0,38.46153846153846,0.030665322580645173,3.725385164470368,0.11973762581501442,96.58064516129032,99.4,75.2,100.5,117.9,42.7,56.78191489361702,0.11467741935483877,11.6504483277065,0.1206292245019711,45.9
3,450.0,332.14980165604214,8.095182940608488,3.472463072791112,0.1109877913429522,2994.6939073939834,43.78765851291629,78.53836730281341,3117.0199332097127,0.557532070205739,,,180.64138440200853,171,41.2,3.597,3.348,0.96,69.7,83.7,22.0,100.4,45.3,16.0,4.84,5.5,7.0,0.0251966201646774,0.0140479238026002,0.557532070205739,19.377258826800112,20.8183990442055,0.7764758373753903,750.0,31,52.83225806451613,53.3,41.2,55.65,61.55,20.349999999999994,49.39320388349513,0.03642943548387094,4.195583955921129,0.07941329993500731,190.38709677419354,202.5,171.0,226.0,220.0,49.0,28.65497076023392,0.3072177419354841,37.383086567194034,0.1963530470320256,31.451612903225808,32.0,22.0,35.5,36.5,14.5,65.9090909090909,0.03062499999999998,3.722353285019387,0.11835174547241127,98.05806451612902,99.7,69.7,103.45,121.0,51.3,73.60114777618364,0.1156532258064516,11.752298333901852,0.11985040079970967,41.2
3,460.0,331.2257208218232,7.765942865126693,3.4988422842163005,0.1106194690265486,2701.560464863178,37.69475264379079,72.74615333843956,2812.001370845408,0.5181683279997243,,,181.14535263484535,173,45.6,3.983,3.638,0.91,78.7,94.6,26.5,104.3,42.0,15.845,4.705,5.5,7.0,0.0258698854462396,0.0134049552872224,0.5181683279997243,19.758975646497618,21.632765255634965,0.7786975113526694,760.0,31,53.44193548387097,53.7,45.6,55.1,60.1,14.5,31.798245614035086,0.03332056451612907,3.803837903446849,0.07117702360527091,192.4516129032258,206.0,173.0,218.0,235.0,62.0,35.83815028901734,0.3216935483870969,38.03821649313352,0.1976508064510793,31.93548387096774,32.0,26.5,34.0,37.0,10.5,39.62264150943396,0.02788306451612904,3.4150205843300343,0.1069349879941728,99.63870967741934,100.2,78.7,105.3,118.7,40.0,50.825921219822106,0.10984274193548395,11.087460707765171,0.11127663880494702,45.6
3,470.0,330.3349167929989,7.455551618048995,3.4891757448658627,0.1103752759381898,2405.177447144935,36.72027853071103,73.51888007536812,2515.416605751014,0.4994673272099237,,,181.63384174612824,121,46.3,4.044,3.707,0.92,78.6,94.5,27.0,103.0,43.4,15.9,4.79,5.6,7.0,0.0292273176170028,0.0145980902116799,0.4994673272099237,19.43620178041543,21.20312921499865,0.7830331175158373,770.0,31,53.91612903225807,53.7,46.3,54.1,60.3,14.0,30.23758099352052,0.03240927419354841,3.7087371412376604,0.06878715530595157,193.0,206.0,121.0,214.0,190.0,69.0,57.02479338842975,0.30766129032258066,37.87061305726821,0.19622079304284046,32.274193548387096,32.0,27.0,31.0,37.0,10.0,37.03703703703704,0.027439516129032258,3.3784580054551006,0.10467985823998813,100.94516129032257,100.5,78.6,102.9,119.2,40.60000000000001,51.65394402035625,0.10816532258064518,10.922845743659705,0.10820573868067966,46.3
3,480.0,329.52162403740374,7.195701725872017,3.5348524204042104,0.1101321585903083,2111.1214644308347,34.186182728316496,71.21037611816476,2216.518023277316,0.4800730538424453,,,182.08213247088588,79,48.6,4.24,3.668,0.92,77.9,93.6,24.0,102.1,43.6,15.61,4.87,5.6,7.0,0.0321271360622071,0.0154233723205955,0.4800730538424453,18.37264150943396,21.23773173391494,1.0617929679375122,780.0,31,54.36612903225806,53.9,48.6,53.3,60.25,11.649999999999999,23.971193415637856,0.03132661290322579,3.5985040201166503,0.06619018282470476,195.74193548387098,206.0,79.0,210.0,206.0,127.0,160.7594936708861,0.2690725806451614,35.485882396558296,0.1812891157371963,32.58064516129032,32.5,24.0,29.0,36.5,12.5,52.083333333333336,0.026592741935483864,3.3143545731498225,0.10172771462143021,102.2032258064516,100.9,77.9,97.0,117.6,39.69999999999999,50.962772785622576,0.10382258064516124,10.501221639122681,0.10274843632635898,48.6
3,490.0,328.6336263020833,6.755030835059144,3.531770171920346,0.1097694840834248,1729.7077336263285,31.028182771356345,64.74655146441594,1825.4824678621003,0.4792252570920186,,,182.57413483563425,96,52.2,4.559,4.087,0.9,89.3,107.3,29.0,105.0,41.4,15.62,4.86,5.7,7.0,0.035468185865539,0.0169972504900004,0.4792252570920186,19.58762886597938,21.849767555664304,1.0684795396173823,790.0,31,54.769354838709674,54.05,52.2,54.6,61.1,8.899999999999999,17.04980842911877,0.031679435483870935,3.6310392777494345,0.06629691528122772,200.2258064516129,210.0,96.0,210.0,218.0,122.0,127.08333333333333,0.20721774193548384,28.296595410542892,0.1413234183545722,33.12903225806452,33.0,29.0,35.0,41.0,12.0,41.37931034482759,0.02614919354838709,3.253120916738991,0.09819547070974557,103.71290322580644,102.4,89.3,108.6,124.7,35.400000000000006,39.641657334826434,0.10174999999999992,10.251950771616878,0.09884932783432031,52.2
3,500.0,327.7023565573771,6.229572292985998,3.5923701001461517,0.1094091903719912,1410.554252639107,30.408356260815896,66.7433992697441,1507.706008169667,0.4556009522068276,,,183.0929769023332,160,49.7,4.3405,4.055,0.93,85.65,102.95,29.0,104.25,42.6,15.895,4.755,5.75,7.5,0.0442681788810867,0.0201686244506853,0.4556009522068276,19.732749683216223,21.12207151664612,1.0762069994053636,800.0,31,55.00322580645161,54.1,49.7,54.1,59.45,9.75,19.617706237424546,0.032852822580645154,3.692987396942818,0.0671412874935355,204.16129032258064,210.0,160.0,214.0,218.0,58.0,36.25,0.15072580645161296,20.81161017988685,0.1019371015289133,33.46774193548387,33.5,29.0,32.0,39.5,10.5,36.206896551724135,0.027338709677419346,3.353941670808065,0.10021416076631326,104.87258064516126,102.9,85.65,102.4,125.25,39.599999999999994,46.23467600700525,0.10547782258064517,10.594808781581644,0.10102553705080852,49.7
3,510.0,326.8236266357688,5.79474553148369,3.6370051335102063,0.1091703056768559,1204.1458836478926,28.704635385752805,61.2951079870653,1294.145627020711,0.4683022239198951,,,183.58525856169965,179,51.6,4.509,4.238,0.93,92.4,111.0,30.0,105.9,41.3,16.09,4.58,5.8,7.5,0.0473633775884824,0.022180375057044,0.4683022239198951,20.492348636061212,21.802737140160453,1.08462604669337,810.0,31,55.35645161290322,54.1,51.6,53.2,60.65,9.049999999999997,17.538759689922475,0.032846774193548395,3.692509127397518,0.06670422362362581,206.16129032258064,210.0,179.0,188.5,222.0,43.0,24.022346368715084,0.13302419354838713,19.35432212572263,0.09387951586565506,33.854838709677416,34.0,30.0,32.5,41.0,11.0,36.666666666666664,0.029012096774193554,3.5099704376416447,0.10367706866783324,106.22258064516126,103.45,92.4,107.2,127.5,35.099999999999994,37.98701298701298,0.10676209677419356,10.729234507562948,0.10100709700703073,51.6
3,520.0,326.0788943484766,5.611444504737612,3.676000993112806,0.1089324618736383,1116.3193330075014,26.71714376902544,62.73682371196923,1205.773300488496,0.4258606379514272,,,184.00454932811053,179,50.2,4.386,4.16,0.94,88.9,106.8,30.0,106.6,41.6,16.03,4.71,5.8,7.5,0.0520303639884484,0.0221576840009656,0.4258606379514272,20.26903784769722,21.370192307692307,1.0862002816504557,820.0,31,55.66612903225806,54.4,50.2,50.6,61.2,11.0,21.91235059760956,0.033957661290322606,3.7687395571281344,0.06770256209021075,206.16129032258064,210.0,179.0,187.0,179.0,0.0,0.0,0.09907258064516139,19.35432212572263,0.09387951586565506,34.193548387096776,34.0,30.0,33.0,40.5,10.5,35.0,0.0305443548387097,3.630145587885879,0.10616463511741721,107.36290322580643,105.3,88.9,98.8,127.75,38.849999999999994,43.70078740157479,0.1108649193548388,11.083846863355816,0.10323721257839116,50.2
3,530.0,325.38458112785014,5.55408826121019,3.71546698015336,0.108695652173913,1071.334126561707,27.079242472596047,58.698966715798925,1157.112335750102,0.4613240059864226,,,184.39718253405744,179,53.2,4.648,4.463,0.96,98.5,118.4,35.5,108.0,40.6,16.22,4.55,5.9,7.5,0.0507288401499471,0.0234024317570185,0.4613240059864226,21.191910499139414,22.070356262603628,1.0969955870893913,830.0,31,56.079032258064515,54.6,53.2,53.1,63.0,9.799999999999997,18.42105263157894,0.03486693548387099,3.8502115568184125,0.06865688300576421,208.1290322580645,210.0,179.0,206.0,240.0,61.0,34.07821229050279,0.10201612903225811,19.600156352240102,0.0941731008864605,34.61290322580645,34.5,35.5,31.0,43.0,7.5,21.12676056338028,0.033165322580645126,3.872358621089036,0.11187615773882584,108.82096774193548,106.7,98.5,100.9,134.1,35.599999999999994,36.14213197969543,0.11512499999999996,11.537820231695617,0.10602570874996343,53.2
3,540.0,324.7409249593276,5.6021103238963565,3.761139325615672,0.1085776330076004,1033.3703165391323,25.87574714585423,58.05846036456175,1117.3045240495485,0.4456843495913388,,,184.7626689106547,179,54.4,4.746,4.558,0.96,99.4,119.5,32.0,107.4,41.1,16.17,4.59,6.0,8.0,0.0519629690159449,0.0231590820487062,0.4456843495913388,20.94395280235988,21.80781044317683,1.105748363038848,840.0,31,56.30806451612903,55.1,54.4,52.3,60.3,5.899999999999999,10.845588235294116,0.035562500000000025,3.8842651980821614,0.06898239588699666,209.38709677419354,210.0,179.0,210.0,218.0,39.0,21.787709497206706,0.0891935483870968,18.90754244449348,0.09029946322281589,34.82258064516129,34.5,32.0,30.0,42.0,10.0,31.25,0.03820564516129033,4.091756727651287,0.11750297226233432,109.73387096774194,107.2,99.4,100.2,126.8,27.39999999999999,27.56539235412474,0.11934072580645157,11.810344244889547,0.10762715413877444,54.4
3,550.0,324.1274282094595,5.630232333048716,3.7833698899410617,0.1082251082251082,968.7723816863032,25.23753031276489,55.68479153139315,1049.6947035304613,0.453221240821865,,,185.11238105164756,179,46.9,4.092,4.293,1.05,87.4,105.1,28.0,104.8,43.3,16.27,4.82,6.0,8.0,0.0530485591135282,0.0240427337852453,0.453221240821865,21.35874877810362,20.358723503377593,1.1149641039347058,850.0,31,56.53709677419355,55.65,46.9,53.9,61.5,14.600000000000001,31.13006396588487,0.037471774193548385,3.9762412682904333,0.07032977452258204,209.74193548387098,210.0,179.0,210.0,190.0,11.0,6.145251396648045,0.05786290322580635,18.41506220812279,0.08779866632602376,35.20967741935484,35.0,28.0,34.0,44.0,16.0,57.142857142857146,0.04193548387096774,4.373736376654761,0.1242197230199703,110.76612903225806,108.6,87.4,106.7,131.4,44.0,50.34324942791762,0.12577822580645154,12.266657973933338,0.11074376328851357,46.9
3,560.0,323.4931830453564,5.701420856575075,3.78272137400079,0.1081081081081081,885.3690759114443,24.203807684432633,52.915883294077595,962.4887668899544,0.4574015622099905,,,185.47531492058525,179,53.7,4.6875,4.5925,0.96,99.7,119.8,33.5,107.85,41.05,16.175,4.595,6.1,8.0,0.0549781827221342,0.0251471066645705,0.4574015622099905,21.269333333333336,21.70930865541644,1.113942531063474,860.0,31,57.02258064516129,55.9,53.7,55.9,61.95,8.25,15.363128491620111,0.03452822580645161,3.6671250935321122,0.06431005142246732,206.8709677419355,210.0,179.0,210.0,90.0,-89.0,-49.720670391061454,-0.03439516129032256,27.87530799289803,0.13474731760172134,35.693548387096776,35.5,33.5,38.0,43.0,9.5,28.35820895522388,0.04199596774193548,4.3792644347250045,0.12269064390101683,112.35483870967744,108.7,99.7,109.4,136.65,36.95,37.06118355065196,0.1263588709677419,12.328668181915877,0.10972974838914502,53.7
3,570.0,322.9101772966056,5.844782731616227,3.7867636188002782,0.1078748651564185,756.7007642788113,23.02962258698854,51.83086819517695,831.5612550609769,0.4443225318986945,,,185.81018567552815,179,53.7,4.6895,4.541,0.97,96.15,115.55,29.0,105.45,42.85,16.085,4.75,6.1,8.0,0.0623295853188545,0.0276944391610691,0.4443225318986945,20.50325194583645,21.173750275269764,1.123831580416297,870.0,31,57.309677419354834,57.3,53.7,57.3,62.6,8.899999999999999,16.57355679702048,0.03575806451612906,3.745873715499912,0.06536197522261471,204.0,210.0,179.0,235.0,90.0,-89.0,-49.720670391061454,-0.12306451612903196,34.61093276215865,0.16966143510862083,36.096774193548384,35.5,29.0,34.5,46.0,17.0,58.62068965517241,0.046814516129032244,4.7318413520156355,0.13108765139632236,113.5193548387097,109.4,96.15,108.7,135.8,39.650000000000006,41.237649505980244,0.132375,12.789805037733212,0.11266629427118566,53.7
3,580.0,322.3123529905914,6.033359855096436,3.874817559951045,0.1076426264800861,623.3470376653713,22.09988512237487,52.14097878534282,697.587901573089,0.4238486817318301,,,186.1548260353256,202.5,52.9,4.6155,4.436,0.97,96.9,116.5,30.0,106.55,42.3,16.16,4.65,6.2,8.0,0.074744671843882,0.0316804306275076,0.4238486817318301,20.994475138121548,21.844003606853025,1.1391532132469444,880.0,31,57.58387096774193,58.45,52.9,58.45,62.2,9.300000000000004,17.580340264650292,0.03638709677419354,3.7837456551406436,0.06570842827256734,201.4516129032258,210.0,202.5,245.0,100.0,-102.5,-50.617283950617285,-0.20209677419354855,39.12679278932142,0.19422427165235615,36.596774193548384,36.0,30.0,35.5,44.5,14.5,48.333333333333336,0.047318548387096766,4.775666366834248,0.13049418895712797,114.80645161290325,109.65,96.9,109.65,136.05,39.150000000000006,40.40247678018576,0.13479637096774189,12.989680147046757,0.11314416537185991,52.9
3,590.0,321.6882795734979,6.188108348113985,3.7852559661185263,0.1074113856068743,486.0498445063094,21.641712612125698,49.96706176108361,557.6586188795187,0.433119576164095,,,186.5159653300066,225,54.05,4.7165,4.6605,0.99,100.5,120.8,32.0,107.7,41.45,16.23,4.62,6.25,8.5,0.0896015233503974,0.0388081738171814,0.433119576164095,21.308173433690236,21.564209848728677,1.1460400969900826,890.0,31,57.903225806451616,59.45,54.05,60.4,62.8,8.75,16.188714153561516,0.0365201612903226,3.793018487604803,0.06550616886671247,199.24193548387098,210.0,225.0,218.0,134.0,-91.0,-40.44444444444444,-0.242217741935484,40.95706511452815,0.20556448126776858,37.145161290322584,36.5,32.0,36.0,47.0,15.0,46.875,0.04935483870967747,4.965201486994421,0.13367020937631527,116.02903225806455,117.6,100.5,117.9,134.8,34.30000000000001,34.129353233830855,0.1353366935483873,13.031652326761614,0.1123137207399733,54.05
4,0.0,511.9045184336824,49.2053888324323,10.277820891400811,0.1748251748251748,75094.1083420439,108093.55091401268,9410.296908678783,192597.95616473537,11.486731180003662,,,117.20935807245282,85,10.6,0.907,0.9775,1.075,24.3,29.1,25.5,114.2,38.05,16.995,4.21,0.25,1.0,0.0488597963138811,0.561239345767287,11.486731180003662,26.79162072767365,24.85933503836317,0.4156223901143799,300.0,31,25.96451612903226,25.95,10.6,25.95,37.7,27.1,255.66037735849056,0.0863971774193549,8.099734497175273,0.31195399355501735,114.40322580645162,112.5,85.0,109.0,139.0,54.0,63.529411764705884,0.1335080645161291,13.579653502476114,0.11869991782793163,26.903225806451612,27.0,25.5,26.0,35.0,9.5,37.254901960784316,0.02747983870967747,4.392074974387978,0.16325458537892965,37.29354838709678,35.9,24.3,35.9,55.7,31.400000000000002,129.21810699588477,0.09389516129032269,9.09108301153282,0.24377093102458042,10.6
4,10.0,507.66353283898303,50.86935484192604,9.98412982692531,0.1697792869269949,72043.41626010335,103556.85392234694,8916.979283384922,184517.2494658352,11.613445611038395,,,118.18851684001174,80,12.3,1.052,1.153,1.11,27.7,33.2,27.0,115.9,37.8,17.18,4.15,3.0,2.0,0.0483259928770831,0.5612312898774339,11.613445611038395,26.330798479087452,24.02428447528187,0.4030744180736402,310.0,31,26.9741935483871,26.9,12.3,27.9,41.9,29.599999999999998,240.65040650406502,0.08612298387096771,8.071429767682034,0.2992278435758706,116.20967741935483,114.0,80.0,119.0,141.0,61.0,76.25,0.130625,13.258817313740309,0.11409391720359462,27.225806451612904,27.0,27.0,26.5,35.5,8.5,31.48148148148148,0.031774193548387134,4.645497299675281,0.17062845531982665,38.55967741935484,35.9,27.7,36.7,63.55,35.849999999999994,129.42238267148014,0.10139314516129033,9.916832654253733,0.25718142157683166,12.3
4,20.0,503.68887015177063,52.25697098501032,9.870879543972782,0.1689189189189189,60069.066796991494,91795.98591326358,7336.891002335542,159201.9437125906,12.511564623768065,,,119.12115505335844,97,11.8,1.013,1.107,0.98,25.0,30.0,24.0,108.2,41.8,16.39,4.62,3.0,2.0,0.0460854360897812,0.5766009118518307,12.511564623768065,24.6791707798618,22.583559168925024,0.3487174408993336,320.0,31,27.922580645161293,27.9,11.8,22.85,41.7,29.900000000000002,253.38983050847457,0.08556249999999996,8.01680358902139,0.287108261621607,118.20967741935483,114.0,97.0,112.5,142.0,45.0,46.391752577319586,0.12286290322580667,12.252737240815748,0.10365257319287438,27.322580645161292,27.0,24.0,24.0,30.0,6.0,25.0,0.033306451612903215,4.671809761924484,0.17098713414363517,39.63387096774195,36.7,25.0,28.85,61.0,36.0,144.0,0.10795967741935487,10.488361701562152,0.26463127233014005,11.8
4,30.0,498.85877504173624,52.04365341200286,9.43479996427937,0.1672240802675585,53621.10882774322,80887.09602620336,6035.264397169762,140543.46925111633,13.40241134491728,,,120.27452056943407,114,15.0,1.283,1.2025,0.935,27.25,32.65,26.0,108.2,40.8,16.355,4.465,3.1,2.0,0.0429423325703326,0.5755308052178375,13.40241134491728,21.239282930631333,22.66112266112266,0.3065142580406566,330.0,31,28.7741935483871,29.0,15.0,29.0,38.2,23.200000000000003,154.66666666666669,0.08137701612903224,7.640417429344005,0.2655302021408791,119.62903225806451,114.0,114.0,112.0,141.0,27.0,23.68421052631579,0.12296370967741928,12.262386759202226,0.10250343522590509,27.322580645161292,27.0,26.0,27.0,24.0,-2.0,-7.6923076923076925,0.0291532258064516,4.671809761924484,0.17098713414363517,40.58870967741935,38.8,27.25,38.8,54.6,27.35,100.36697247706422,0.10757056451612898,10.459036839637923,0.2576834031621503,15.0
4,40.0,494.0865508780992,53.1156215115693,9.212422307540631,0.1655629139072847,45924.76574488546,70361.37415031139,4900.485089098314,121186.62498429517,14.3580426980256,,,121.43621374305162,101,17.3,1.482,1.382,0.93,30.5,36.5,21.0,105.2,41.7,15.92,4.63,3.2,2.0,0.0404375077673248,0.5806034631249914,14.3580426980256,20.58029689608637,22.06946454413893,0.2822101899533136,340.0,31,29.82741935483871,29.55,17.3,30.85,47.65,30.349999999999998,175.43352601156067,0.08390725806451624,7.923507627198927,0.2656450942985635,120.56451612903226,118.5,101.0,114.0,143.0,42.0,41.584158415841586,0.13346774193548425,12.9078412444296,0.10706169326483414,27.5,28.0,21.0,28.0,31.5,10.5,50.0,0.030826612903225893,4.72405193310432,0.17178370665833892,41.87096774193548,39.45,30.5,42.15,67.0,36.5,119.67213114754098,0.11493951612903233,11.180949379737754,0.267033459762612,17.3
4,50.0,488.9560386782787,53.96807095218481,8.92370934106223,0.1642036124794745,38089.92600200761,59101.25783359803,3851.559451659005,101042.74328726465,15.34476062887748,,,122.71041822530503,111.5,19.6,1.6765,1.389,0.84,29.6,35.45,25.0,102.4,41.8,15.455,4.66,3.2,2.25,0.0381181203751467,0.5849134327793643,15.34476062887748,17.65583059946317,21.31029517638589,0.2530333037300434,350.0,31,30.7241935483871,30.15,19.6,29.55,45.1,25.5,130.1020408163265,0.08506250000000004,8.030866194126073,0.2613857441523526,122.08064516129032,119.0,111.5,118.5,148.0,36.5,32.73542600896861,0.13743951612903235,13.287899742618938,0.1088452614668218,27.983870967741936,28.0,25.0,30.0,36.0,11.0,44.0,0.03177419354838711,4.803616469161094,0.17165661157809095,43.038709677419355,40.25,29.6,39.45,66.7,37.1,125.33783783783784,0.12262096774193551,11.82556347972067,0.27476575316394897,19.6
4,60.0,483.5540523373984,54.05622801185727,8.548794982949339,0.1628664495114006,33418.88692589576,48899.59416163308,3061.208511925596,85379.68959945443,15.973950801173524,,,124.08126808155706,109,21.45,1.8335,1.461,0.8,31.75,38.0,29.0,100.85,41.9,15.36,4.74,3.3,2.5,0.0358540599794492,0.5727309901340464,15.973950801173524,17.316607581128988,21.731690622861052,0.2351785591316554,360.0,31,31.57580645161291,30.85,21.45,31.5,46.0,24.55,114.45221445221446,0.08712500000000001,8.209677936920363,0.2599989947842174,123.48387096774194,121.0,109.0,123.0,155.0,46.0,42.20183486238532,0.150524193548387,14.384878559890442,0.11649196325930086,28.370967741935484,28.0,29.0,29.0,37.0,8.0,27.586206896551722,0.035302419354838716,5.033169548001014,0.1774056350062893,44.309677419354834,42.15,31.75,43.6,69.0,37.25,117.32283464566929,0.1296532258064516,12.434672086246309,0.28063106775890767,21.45
4,70.0,478.3329133064516,54.71271956245229,8.236311442795332,0.1615508885298869,28208.312868609184,39060.262413712655,2451.696314073004,69720.27159639484,15.93193340851495,,,125.43565021535544,109.5,19.55,1.672,1.4975,0.905,29.95,35.8,20.0,101.9,42.2,15.475,5.055,3.35,2.5,0.0351647556433182,0.5602425452360461,15.93193340851495,17.91267942583732,20.0,0.215553231493295,370.0,31,32.3983870967742,31.5,19.55,30.15,46.95,27.400000000000002,140.153452685422,0.08989112903225809,8.435682978385802,0.26037354739877516,124.80645161290323,122.0,109.5,122.0,150.0,40.5,36.986301369863014,0.15721774193548405,14.884935012373438,0.11926414716556644,28.629032258064516,28.0,20.0,26.0,37.0,17.0,85.0,0.04092741935483875,5.266193663256673,0.1839459195053035,45.59193548387096,43.6,29.95,40.25,71.5,41.55,138.73121869782972,0.13799596774193548,13.126602103960451,0.28791499998073655,19.55
4,80.0,472.81431540464746,54.34625146756637,7.541112662185573,0.0,25334.166518035767,30533.876396969325,2004.9784730131569,57873.02138801825,15.229029542188483,,,126.89971103910074,114,23.2,1.984,1.484,0.76,31.8,38.1,27.0,97.8,42.3,14.83,4.85,3.4,2.5,0.0346444409662056,0.5276012149469512,15.229029542188483,16.028225806451612,21.42857142857143,0.2009341328734683,380.0,31,33.22903225806452,33.3,23.2,33.8,45.3,22.099999999999998,95.25862068965517,0.08940524193548387,8.396038492383857,0.25267177289962095,126.14516129032258,123.0,114.0,121.0,151.0,37.0,32.45614035087719,0.1631854838709677,15.322202598618722,0.12146484607011389,28.693548387096776,28.0,27.0,33.0,22.0,-5.0,-18.51851851851852,0.03135080645161287,5.168296655821978,0.18012051301909085,46.84516129032257,45.7,31.8,45.7,68.8,37.0,116.35220125786164,0.14194153225806452,13.434392151233277,0.28678292018195267,23.2
4,90.0,467.7178984004739,53.37047703279116,6.959728999759786,0.0,25982.636067976437,24729.135515244077,1739.2312104185205,52451.00279363903,14.218429020310287,,,128.2824544563959,103,20.2,1.731,1.578,0.88,31.4,37.6,21.0,101.2,42.6,15.51,4.9,3.5,3.0,0.0331591603169395,0.4714711673394944,14.218429020310287,18.139803581744655,19.898605830164765,0.1921661706359448,390.0,31,33.90645161290323,33.6,20.2,33.3,44.2,24.000000000000004,118.81188118811883,0.08957056451612903,8.407057966727361,0.24794862236566279,127.33870967741936,126.0,103.0,127.0,151.0,48.0,46.601941747572816,0.170383064516129,15.778882035162374,0.12391268982648096,28.629032258064516,28.0,21.0,33.0,25.0,4.0,19.047619047619047,0.02802419354838709,5.202511800299742,0.18172153894004733,48.00967741935484,45.7,31.4,47.4,67.9,36.50000000000001,116.24203821656054,0.14496975806451612,13.64966067560435,0.28431061005424635,20.2
4,100.0,461.5177651589482,51.59091313491973,6.4836539801070545,0.0,25892.511315167885,18897.067767101347,1481.4380070115055,46271.017089280744,12.755895067942983,,,130.00582974164777,106.5,19.8,1.6955,1.3485,0.795,27.5,32.95,20.5,97.75,44.45,15.25,4.985,3.5,3.0,0.0320165429723112,0.4083996625930898,12.755895067942983,16.219404305514598,20.39302929180571,0.179395070018929,400.0,31,34.74193548387097,33.8,19.8,33.6,46.1,26.3,132.82828282828282,0.08810282258064517,8.285600931477386,0.23848990610566292,128.91935483870967,127.0,106.5,126.0,152.0,45.5,42.72300469483568,0.16959677419354832,15.713633557197792,0.12188731146581548,28.887096774193548,28.5,20.5,25.0,29.0,8.5,41.46341463414634,0.02332661290322582,5.006178977722356,0.173301561484526,49.21129032258065,47.2,27.5,45.7,68.65,41.150000000000006,149.63636363636368,0.1467379032258065,13.77773390702924,0.27997099480050236,19.8
4,110.0,455.5182658450704,49.87229384139202,6.145510285930961,0.0,26357.011155772387,13750.98112123833,1184.72345824551,41292.71573525623,11.60691216632322,,,131.71809891901685,110,26.9,2.3,1.7585,0.765,35.9,43.0,28.0,98.35,42.7,14.925,4.905,3.55,3.0,0.0286908583548061,0.3330122729006552,11.60691216632322,15.608695652173914,20.415126528291157,0.1752354135246012,410.0,31,35.57419354838709,34.2,26.9,34.2,45.6,18.700000000000003,69.51672862453533,0.08503024193548388,8.0264133850654,0.2256246054924079,130.6290322580645,130.0,110.0,130.0,159.5,49.5,45.0,0.17362903225806448,16.07221605853586,0.12303709045922008,29.06451612903226,28.5,28.0,31.0,26.0,-2.0,-7.142857142857143,0.0161693548387097,4.791906258619616,0.16487135850966492,50.47096774193549,47.4,35.9,47.2,66.55,30.65,85.37604456824513,0.14321774193548384,13.509057296209019,0.2676599617681705,26.9
4,120.0,449.3005122750391,48.0102737320466,5.689758922391592,0.0,25805.938630981214,10173.618390764012,900.0250398525922,36879.58206159782,11.303705941814982,,,133.5409116187943,111,22.7,1.937,1.554,0.84,30.7,36.7,17.0,98.0,44.3,14.86,5.15,3.6,3.0,0.0244044262310058,0.2758604577940066,11.303705941814982,15.849251419721218,19.75546975546975,0.1650984113253737,420.0,31,36.232258064516124,37.05,22.7,39.35,47.3,24.599999999999998,108.37004405286343,0.08652620967741936,8.127172000836627,0.22430763178947247,132.38709677419354,131.0,111.0,131.0,164.5,53.5,48.1981981981982,0.1808064516129032,16.708635330979487,0.12621045206149223,29.06451612903226,28.5,17.0,26.0,28.0,11.0,64.70588235294117,0.014838709677419381,4.791906258619616,0.16487135850966492,51.645161290322584,50.95,30.7,52.2,72.3,41.599999999999994,135.50488599348532,0.1470201612903226,13.77956430636028,0.2668123007477631,22.7
4,130.0,444.4476308925811,46.57519631835219,5.297094435952322,0.0,26111.65040617164,8268.338531830463,749.8544239149049,35129.84336191701,11.02659165316703,,,134.99903212331768,109,23.95,2.051,1.636,0.8,33.25,39.8,28.5,95.7,44.95,14.755,5.095,3.7,3.0,0.0213452253740418,0.2353650839443784,11.02659165316703,16.21160409556314,20.3239608801956,0.1559102033716618,430.0,31,36.851612903225806,37.7,23.95,38.75,41.9,17.95,74.94780793319416,0.08122379032258063,7.7859647643582335,0.2112788057555193,134.48387096774192,134.0,109.0,134.0,176.0,67.0,61.46788990825688,0.19338709677419358,17.966396351229214,0.13359517555483466,29.322580645161292,28.5,28.5,37.0,25.0,-3.5,-12.280701754385966,0.004596774193548378,4.311899015315592,0.14705046146840853,52.596774193548384,52.2,33.25,54.7,60.2,26.950000000000003,81.05263157894738,0.1386814516129032,13.294992387385756,0.2527720110450527,23.95
4,140.0,440.51290888951735,45.86288524147825,5.181055774132964,0.0,26017.421516156377,7330.642493922321,681.2124294763779,34029.27643955508,10.761169609833903,,,136.20486208055317,109,25.05,2.143,1.6685,0.775,34.25,41.0,30.0,98.45,42.95,14.91,4.935,3.7,3.25,0.0200184223924475,0.2154216386864253,10.761169609833903,15.98226784881008,20.527419838178,0.1740037902701092,440.0,31,37.630645161290325,38.2,25.05,37.05,48.1,23.05,92.01596806387225,0.07970362903225807,7.659195752159131,0.20353612645573105,138.70967741935485,139.0,109.0,139.0,240.0,131.0,120.18348623853211,0.24076612903225794,25.56976541202141,0.18434016924945668,29.306451612903224,28.0,30.0,28.0,28.0,-2.0,-6.666666666666667,0.003266129032258001,4.316011699387214,0.147271725570725,53.85322580645161,54.6,34.25,50.95,72.2,37.95,110.80291970802921,0.13805645161290325,13.246074484439223,0.24596622182012995,25.05
4,150.0,435.9987716561103,44.40226236545989,5.103143145334608,0.0,24739.60819888443,6250.295958445698,567.1218072305717,31557.0259645607,11.02108202992192,,,137.61506660235364,109,25.95,2.2175,1.7605,0.795,35.9,42.95,26.0,96.4,44.25,14.805,5.01,3.8,3.5,0.0179713325288467,0.1980635299874243,11.02108202992192,16.189402480270576,20.391934109627947,0.1662243053860544,450.0,31,38.39677419354839,38.75,25.95,37.7,48.8,22.849999999999998,88.0539499036609,0.07834274193548388,7.545825948649481,0.196522393016999,143.17741935483872,139.0,109.0,139.0,247.5,138.5,127.06422018348624,0.28739919354838717,31.59550294664753,0.22067378423928657,29.177419354838708,28.0,26.0,35.0,26.0,0.0,0.0,0.0017137096774193924,4.354209432830056,0.14923216408815007,55.109677419354846,54.7,35.9,55.7,73.2,37.300000000000004,103.89972144846799,0.13711088709677424,13.171721093279336,0.23900922143037892,25.95
4,160.0,431.4163185468981,42.98089676191065,4.914670766416004,0.0,22891.244161456012,5393.043004763254,456.8823841121013,28741.169550331368,11.80400731633376,,,139.07679756318157,119,27.9,2.3845,1.8215,0.765,36.7,43.9,26.5,94.25,44.55,14.34,5.21,3.85,3.5,0.0158964437168087,0.1876417379368988,11.80400731633376,15.391067309708536,20.148229481196815,0.1649653584803583,460.0,31,38.97580645161291,39.35,27.9,41.9,43.9,16.0,57.34767025089606,0.07364112903225808,7.241441741436828,0.18579324972856745,148.0483870967742,141.0,119.0,141.0,260.0,141.0,118.4873949579832,0.3360080645161291,37.27920663468883,0.2518042064877119,29.177419354838708,28.0,26.5,35.5,26.0,-0.5,-1.8867924528301887,-0.0022580645161290477,4.354209432830056,0.14923216408815007,56.01290322580646,55.7,36.7,63.55,63.9,27.199999999999996,74.11444141689371,0.1300342741935484,12.764266317483974,0.22788081999654639,27.9
4,170.0,427.8008944746377,41.69814805610838,4.608538980822441,0.0,21139.989511826163,5017.551214482598,402.7200572125831,26560.260783521346,12.459154006908555,,,140.252161168768,112.5,22.85,1.9545,1.505,0.77,28.85,34.5,24.0,90.55,46.65,14.055,5.49,3.9,3.5,0.0151625038810778,0.188911970984698,12.459154006908555,14.760808390892812,19.169435215946844,0.1707128338292611,470.0,31,39.73548387096774,41.7,22.85,41.7,51.45,28.6,125.16411378555797,0.07404032258064519,7.275978668976281,0.18311035780018242,149.43548387096774,141.0,112.5,142.0,162.0,49.5,44.0,0.32570564516129036,36.96095731432558,0.24733722109964232,29.258064516129032,28.0,24.0,30.0,29.0,5.0,20.833333333333332,-0.004092741935483873,4.326027754075586,0.1478576189375338,57.21290322580646,60.2,28.85,61.0,73.9,45.050000000000004,156.1525129982669,0.12839314516129036,12.636079084259324,0.22086065156294485,22.85
4,180.0,423.8853236607143,39.53825463223423,4.45883125539096,0.0,18235.205949222294,4706.400613880604,355.49409049233685,23297.100653595237,13.239040365938395,,,141.54771739166208,112,29.0,2.478,1.939,0.78,38.8,46.4,27.0,97.6,43.2,14.76,4.93,3.9,3.5,0.0152591558828792,0.2020165806835842,13.239040365938395,15.65778853914447,20.01031459515214,0.1747428269825323,480.0,31,40.66935483870968,41.9,29.0,38.2,51.8,22.799999999999997,78.6206896551724,0.07044354838709672,6.883781390817051,0.169262124223937,150.8709677419355,142.0,112.0,141.0,157.0,45.0,40.17857142857143,0.30645161290322565,36.33753058522632,0.24085171010092277,29.322580645161292,28.0,27.0,24.0,26.0,-1.0,-3.7037037037037037,-0.009455645161290379,4.259398210813303,0.14526000498923256,58.6725806451613,61.0,38.8,54.6,74.1,35.3,90.97938144329896,0.12030846774193547,11.83889661743355,0.20177903353241883,29.0
4,190.0,420.26682650105334,38.35614793325536,4.293368007894691,0.0,16257.796200871671,4522.991062147425,329.61195363210965,21110.399216651207,13.722169394365103,,,142.76644316548172,114,30.85,2.6375,2.1065,0.8,42.15,50.4,28.0,96.95,45.05,14.625,5.2,4.0,4.0,0.015613724318966,0.2142541699817706,13.722169394365103,15.981042654028434,20.009494422027057,0.1887433816671117,490.0,31,41.40483870967742,41.9,30.85,47.65,51.8,20.949999999999996,67.9092382495948,0.06964717741935479,6.813080003917828,0.16454791797861607,152.6290322580645,143.0,114.0,143.0,166.5,52.5,46.05263157894737,0.2908266129032257,35.70713461432591,0.23394719920619322,29.387096774193548,29.0,28.0,31.5,29.0,1.0,3.5714285714285716,-0.01114919354838709,4.238139681156019,0.14421770594493588,59.88387096774195,63.55,42.15,67.0,76.35,34.199999999999996,81.13879003558718,0.11817943548387089,11.657432443844385,0.19466731618141342,30.85
4,200.0,416.24077690972223,36.8237319605898,6.889859726530737,0.4172461752433936,13737.768536051326,4335.855778039103,300.1373731333073,18373.761687223738,14.446237510425982,,,144.1473380994897,118.5,29.55,2.529,2.0115,0.785,39.45,47.15,30.0,95.65,45.2,14.6,5.2,4.05,4.0,0.0163351075431662,0.2359808433269305,14.446237510425982,15.59905100830368,19.612229679343777,0.1890697070126799,500.0,31,42.1,43.9,29.55,45.1,52.4,22.849999999999998,77.32656514382403,0.0694879032258064,6.7996323430020835,0.16151145707843428,154.24193548387098,148.0,118.5,148.0,164.0,45.5,38.39662447257384,0.272782258064516,35.026863730509746,0.227090405865482,29.419354838709676,29.0,30.0,36.0,29.0,-1.0,-3.3333333333333335,-0.012278225806451616,4.231029768652757,0.1438178978379775,61.04032258064516,63.9,39.45,66.7,78.0,38.55,97.71863117870721,0.11769556451612895,11.617683499410418,0.19032801610871872,29.55
4,210.0,412.4651612000689,35.764784384083,6.839544537890614,0.4137931034482758,12246.948064169876,4198.475736826988,278.1394622948996,16723.563263291766,15.09485817721011,,,145.46683124807387,123,31.5,2.691,2.15,0.8,43.6,52.2,29.0,97.8,44.3,14.76,5.06,4.1,4.0,0.016631590882633,0.2510515056347259,15.09485817721011,16.202155332590117,20.27906976744186,0.2046869816813119,510.0,31,42.95000000000001,44.2,31.5,46.0,55.9,24.4,77.46031746031746,0.06973790322580646,6.825418180106866,0.1589154407475405,155.70967741935485,150.0,123.0,155.0,164.0,41.0,33.333333333333336,0.25562500000000005,34.42740531261599,0.2210999719683231,29.516129032258064,29.0,29.0,37.0,33.0,4.0,13.793103448275861,-0.009737903225806473,4.278792413301799,0.14496455170749264,62.438709677419354,66.55,43.6,69.0,82.8,39.199999999999996,89.90825688073393,0.1169274193548387,11.540997282712178,0.18483721624513202,31.5
4,220.0,408.5728331770123,34.02587575788492,9.087862128564325,0.819672131147541,10284.221906907143,4119.768998519265,252.87558161614425,14656.866487042556,16.291683729166547,,,146.85264199640332,122,30.15,2.5775,2.124,0.815,40.25,48.2,26.0,96.05,46.3,14.7,5.28,4.2,4.0,0.0172530453108582,0.2810811575694817,16.291683729166547,15.615906886517942,18.950094161958567,0.2296903551731376,520.0,31,43.627419354838715,45.1,30.15,46.95,52.5,22.35,74.12935323383086,0.06812701612903227,6.691945889272136,0.1533885338219056,156.4516129032258,150.0,122.0,150.0,146.0,24.0,19.672131147540984,0.2286491935483871,33.94342224906756,0.21695795664352463,29.548387096774192,29.0,26.0,37.0,30.0,4.0,15.384615384615385,-0.009778225806451601,4.278541103985636,0.14479778845366234,63.5,66.7,40.25,71.5,76.5,36.25,90.06211180124224,0.11327822580645164,11.260173178064358,0.17732556185928122,30.15
4,230.0,404.4965365637652,31.80279418444786,10.47801775102753,1.2162162162162162,8304.097301131185,4051.354054013236,246.57177503968217,12602.023130184103,16.430729159333946,,,148.3325432393203,121,33.8,2.892,2.341,0.81,45.7,54.7,33.0,97.9,45.0,14.71,5.21,4.2,4.0,0.0195660468555321,0.3214844166020864,16.430729159333946,15.802213001383128,19.52157197778727,0.2320333866168368,530.0,31,44.546774193548394,45.3,33.8,45.3,58.65,24.85,73.5207100591716,0.06851814516129033,6.736219704996156,0.15121677892384286,159.29032258064515,151.0,121.0,151.0,210.0,89.0,73.55371900826447,0.23881048387096776,34.63879669617783,0.21745700639560808,29.870967741935484,29.0,33.0,22.0,36.0,3.0,9.090909090909092,-0.008165322580645144,4.3779137762475475,0.1465608283624989,65.01129032258063,67.0,45.7,68.8,87.1,41.39999999999999,90.59080962800873,0.11255241935483871,11.179353810167347,0.17196018960239554,33.8
4,240.0,400.8462671290107,30.256261803039525,10.460085175579888,1.2048192771084338,7603.310711716463,3983.5818569743665,242.87800552064013,11829.77057421147,16.401575138247072,,,149.68331981669485,127,33.3,2.843,2.399,0.84,47.4,56.7,33.0,99.7,44.6,14.97,5.09,4.3,4.5,0.0205310833373308,0.3367421060268447,16.401575138247072,16.67252901864228,19.75823259691538,0.2630913741515797,540.0,31,45.23548387096775,45.6,33.3,44.2,55.15,21.85,65.61561561561562,0.06799798387096774,6.692112192080901,0.14793944088605,161.32258064516128,151.0,127.0,151.0,184.0,57.0,44.881889763779526,0.2290524193548386,34.162247288270514,0.21176358047118296,29.774193548387096,29.0,33.0,25.0,30.0,-3.0,-9.090909090909092,-0.006068548387096772,4.33942912850185,0.14574464028554426,66.03548387096774,67.9,47.4,67.9,77.45,30.050000000000004,63.39662447257385,0.10761693548387093,10.79909867804089,0.16353478531545484,33.3
4,250.0,397.4848982509947,28.92348166188715,13.321377414216387,1.99203187250996,5949.969460361549,3874.347073655749,217.9291366686876,10042.245670685988,17.778013224297887,,,150.9491310588423,126,33.6,2.871,2.4115,0.85,45.7,54.7,25.0,97.35,46.1,14.755,5.305,4.35,4.5,0.0217012353426921,0.3858048489059809,17.778013224297887,15.917798676419368,18.95086046029442,0.3046934182783175,550.0,31,45.97258064516131,46.0,33.6,46.1,56.15,22.549999999999997,67.11309523809523,0.0668991935483871,6.591305367801805,0.1433747089091365,162.79032258064515,152.0,126.0,152.0,172.5,46.5,36.904761904761905,0.2136693548387096,33.611449981999776,0.20647081134290957,29.677419354838708,29.0,25.0,29.0,30.0,5.0,20.0,-0.0038508064516128964,4.298349270547114,0.1448356819423484,67.14838709677419,68.65,45.7,68.65,81.9,36.2,79.21225382932167,0.10518951612903225,10.590282368528294,0.15771462020771385,33.6
4,260.0,394.0204821134868,27.046269191442164,14.60461534621914,2.3715415019762847,4591.382104422082,3742.3534682485383,246.06090603667235,8579.796478707292,15.209053435293724,,,152.27634786436977,130,34.2,2.922,2.419,0.83,47.2,56.5,31.0,97.8,45.9,15.02,5.12,4.4,4.5,0.0286791075577757,0.436182079322748,15.209053435293724,16.1533196440794,19.51219512195122,0.3020496883290551,560.0,31,46.875806451612924,46.1,34.2,45.6,61.6,27.4,80.11695906432747,0.06836895161290325,6.755749045168146,0.14412016681017958,164.56451612903226,155.0,130.0,159.5,181.0,51.0,39.23076923076923,0.20094758064516133,33.05166207002907,0.20084318811543686,29.93548387096774,29.0,31.0,26.0,33.0,2.0,6.451612903225806,-0.004858870967741917,4.24802294305612,0.1419059388305385,68.61290322580645,68.8,47.2,66.55,91.1,43.89999999999999,93.00847457627115,0.10583870967741939,10.664239055068855,0.1554261451373458,34.2
4,270.0,391.0214894745431,26.18903215438963,15.26761705922356,2.6143790849673203,3640.0624864207175,3569.4240487238703,241.89353028019215,7451.38006542478,14.756178243334183,,,153.44425208094916,131,39.35,3.3615,2.833,0.825,52.2,62.5,26.0,96.8,46.6,14.59,5.425,4.45,4.75,0.0324629166887627,0.4790285849578911,14.756178243334183,15.528781793842036,18.4256971408401,0.3513743908733194,570.0,31,47.62741935483873,46.95,39.35,47.3,57.5,18.15,46.12452350698856,0.06661693548387093,6.59264538089829,0.13842121765576004,165.88709677419354,157.0,131.0,164.5,171.0,40.0,30.53435114503817,0.18254032258064515,32.43704406935054,0.19553687236749964,30.06451612903226,29.0,26.0,28.0,35.0,9.0,34.61538461538461,-0.0011088709677419414,4.341163314680891,0.14439491711921418,69.90967741935485,69.0,52.2,72.3,87.4,35.2,67.43295019157088,0.10338709677419353,10.414880535039265,0.14897623504347413,39.35
4,280.0,388.4065185230221,25.727800809941535,16.245140698189246,2.987012987012987,2999.46290356429,3355.595852087306,298.9768986031856,6654.0356542547825,11.223595761962166,,,154.47732501544928,134,38.75,3.3125,2.7595,0.845,54.7,65.4,37.0,99.15,45.6,15.125,5.065,4.5,5.0,0.0449316646525648,0.5042948409724317,11.223595761962166,16.513207547169813,19.822431599927523,0.3592278776041386,580.0,31,48.216129032258074,47.3,38.75,41.9,57.6,18.85,48.645161290322584,0.06730846774193548,6.643497912706003,0.1377858000226708,166.0483870967742,157.0,134.0,176.0,136.0,2.0,1.492537313432836,0.14195564516129033,32.26978846090919,0.1943396682444264,30.258064516129032,30.0,37.0,25.0,32.0,-5.0,-13.513513513513514,-0.0025604838709677503,4.287328165151219,0.14169208221715118,70.9790322580645,71.5,54.7,60.2,85.35,30.64999999999999,56.03290676416817,0.10130040322580644,10.236232820993832,0.144214882837189,38.75
4,290.0,386.0070926626933,25.565107611076566,17.807364983872567,3.741935483870967,2535.593095655255,3105.1126847025344,345.85114004158476,5986.556920399375,8.978176808464992,,,155.43755837779418,139,37.05,3.17,2.7,0.845,50.95,61.0,28.0,97.6,46.65,14.78,5.305,4.55,5.0,0.0577712940242974,0.5186808922039593,8.978176808464992,16.07255520504732,18.87037037037037,0.3671584412335905,590.0,31,48.801612903225816,47.65,37.05,48.1,56.9,19.85,53.57624831309043,0.06645362903225806,6.580925515849674,0.1348505740763062,165.8548387096774,157.0,139.0,240.0,128.0,-11.0,-7.913669064748201,0.09826612903225805,32.48568750193103,0.19586819265970282,30.161290322580644,30.0,28.0,28.0,34.0,6.0,21.428571428571427,0.004052419354838705,4.1621050298580755,0.13799492612363673,71.83064516129032,72.2,50.95,72.2,81.1,30.14999999999999,59.17566241413148,0.09691935483870967,9.930354789057594,0.138246771510401,37.05
4,300.0,383.4125489530051,25.14818860567008,18.506971092486463,4.097311139564661,2254.7917464374677,2844.1564970216764,480.05299999886427,5579.0012434580085,5.924671852958746,,,156.48940068300735,139,37.7,3.223,2.937,0.89,55.7,66.7,35.0,100.3,44.8,15.16,5.27,4.6,5.0,0.0860464049119507,0.5097967132301255,5.924671852958746,17.282035370772572,18.96493020088526,0.3770701389294584,600.0,31,49.50000000000001,48.1,37.7,48.8,58.7,21.0,55.702917771883286,0.06485887096774197,6.439500498227068,0.13009091915610238,164.17741935483872,157.0,139.0,247.5,87.0,-52.0,-37.410071942446045,0.03324596774193573,35.1517065463155,0.21410804655384233,30.322580645161292,30.0,35.0,26.0,33.0,-2.0,-5.714285714285714,0.004374999999999991,4.172426126960937,0.137601287165733,72.95483870967743,72.3,55.7,73.2,85.8,30.099999999999994,54.03949730700178,0.09189717741935484,9.44867146603787,0.12951397923911123,37.7
4,310.0,380.9252246342239,24.709508763965673,18.479032178953364,4.076433121019108,1622.241828568923,2554.2100947636877,594.7437941355882,4771.195717468199,4.2946393387358075,,,157.51122824069694,141,41.9,3.5795,3.2195,0.885,63.55,76.1,35.5,100.6,45.55,15.31,5.1,4.7,5.0,0.1246529862437051,0.5353396184131094,4.2946393387358075,17.753876239698283,19.739089920795152,0.3782180451300925,610.0,31,50.28709677419355,48.8,41.9,43.9,62.1,20.200000000000003,48.21002386634846,0.06486693548387099,6.440315309852661,0.12807093117289914,161.7258064516129,157.0,141.0,260.0,63.0,-78.0,-55.319148936170215,-0.04419354838709698,39.364078106330524,0.24340010397850728,30.322580645161292,30.0,35.5,26.0,35.0,-0.5,-1.408450704225352,0.010221774193548383,4.172426126960936,0.13760128716573297,74.11290322580645,73.2,63.55,63.9,91.6,28.049999999999997,44.13847364280094,0.09204233870967743,9.463367685818259,0.1276885302547839,41.9
4,320.0,378.33535550820704,23.74997648767337,18.410017345924626,4.04551201011378,1409.459481842782,2197.754079734442,689.9127676036121,4297.126329180836,3.1855535698640045,,,158.58946071641577,142,41.7,3.563,3.165,0.88,61.0,73.0,30.0,101.1,45.7,15.27,5.16,4.7,5.0,0.1605521259448591,0.5114473979529014,3.1855535698640045,17.120404153802973,19.27330173775671,0.433318558735406,620.0,31,50.812903225806444,51.45,41.7,51.45,58.2,16.5,39.568345323741006,0.06424193548387093,6.397994057279926,0.1259127829962403,161.0483870967742,157.0,142.0,162.0,120.0,-22.0,-15.492957746478874,-0.08280241935483876,39.90955500434904,0.24781095746315876,30.177419354838708,30.0,30.0,29.0,31.0,1.0,3.3333333333333335,0.013971774193548359,4.063144076321469,0.1346418667728119,74.88548387096773,73.9,61.0,73.9,87.5,26.5,43.442622950819676,0.09332459677419347,9.549513020292247,0.1275215505951279,41.7
4,330.0,375.75873276942355,22.83715745496074,18.339748988157513,4.015056461731493,1318.9763678043985,1931.5215075500755,837.2976464770923,4087.795521831566,2.30685170999453,,,159.67692768651565,141,38.2,3.268,2.966,0.9,54.6,65.4,24.0,98.2,48.0,15.06,5.38,4.8,5.5,0.2048286520216977,0.472509326172128,2.30685170999453,16.707466340269278,18.408631153068104,0.4321869391537299,630.0,31,51.50645161290323,51.8,38.2,51.8,63.2,25.0,65.44502617801047,0.06585483870967747,6.540931915452158,0.1269924778474459,162.1451612903226,159.5,141.0,157.0,176.0,35.0,24.822695035460992,-0.08604838709677394,39.835744741874535,0.24567951596500756,30.467741935483872,30.0,24.0,26.0,39.0,15.0,62.5,0.0191935483870968,4.360687032779292,0.14312471997475706,76.13709677419355,74.1,54.6,74.1,99.8,45.199999999999996,82.78388278388279,0.09943548387096778,10.190125675884598,0.13383916786460015,38.2
4,340.0,373.29861651618927,22.354580975528307,18.28118993653061,3.990024937655861,1277.2794642306617,1662.8485266808532,1019.040618628436,3959.168609539951,1.6317784554250072,,,160.72923216257865,143,47.65,4.0755,3.57,0.865,67.0,80.2,31.5,98.5,46.95,14.895,5.395,4.85,5.5,0.2573875273139344,0.4199994217659938,1.6317784554250072,16.439700650226968,18.76750700280112,0.4321161642552376,640.0,31,52.32258064516129,51.8,47.65,51.8,63.5,15.850000000000001,33.26337880377755,0.06452419354838712,6.402211059595966,0.12236038399967629,163.2741935483871,162.0,143.0,166.5,176.0,33.0,23.076923076923077,-0.09131048387096785,39.712264837133425,0.2432243820905139,30.887096774193548,30.0,31.5,29.0,37.0,5.5,17.46031746031746,0.018971774193548396,4.343020602874139,0.14060954432281808,77.63709677419355,76.35,67.0,76.35,101.1,34.099999999999994,50.895522388059696,0.10063911290322583,10.335553264838925,0.13312647811779646,47.65
4,350.0,371.02114312267656,21.859794858410034,18.227179652364335,3.970223325062035,1224.118097552887,1395.823274396861,1169.8406118372177,3789.7819837869656,1.1931738907617009,,,161.71585127201567,148,45.1,3.855,3.413,0.89,66.7,79.9,36.0,100.7,45.5,15.24,5.14,4.9,5.5,0.308682825777816,0.3683122882446327,1.1931738907617009,17.302204928664075,19.54292411368298,0.4847725448012313,650.0,31,52.7983870967742,52.4,45.1,52.4,62.4,17.299999999999997,38.35920177383591,0.06760483870967746,6.588759163289242,0.12479091740459232,164.33870967741936,164.0,148.0,164.0,176.0,28.0,18.91891891891892,-0.0966935483870967,39.59279966037053,0.2409219333539084,31.177419354838708,30.0,36.0,29.0,40.5,4.5,12.5,0.025181451612903253,4.673593169958161,0.1499031435785856,78.74677419354839,76.5,66.7,78.0,101.4,34.7,52.023988005997005,0.10814919354838712,10.98190128866484,0.13945842735948633,45.1
4,360.0,368.9433882389162,21.427276700287333,18.178798896069527,3.945745992601726,1353.263529944441,1164.611862332516,1347.9139423632455,3865.7893346402025,0.8640105467643184,,,162.62657608908245,155,46.0,3.932,3.577,0.89,69.0,82.6,37.0,100.2,45.4,15.22,5.18,5.0,6.0,0.3486775469850321,0.301261078014979,0.8640105467643184,17.548321464903356,19.289907743919485,0.4745878376265942,660.0,31,53.35645161290323,52.5,46.0,55.9,62.4,16.4,35.65217391304348,0.06844556451612904,6.647364664981704,0.12458408428671008,165.24193548387098,164.0,155.0,164.0,176.0,21.0,13.548387096774194,-0.10018145161290311,39.52696779156857,0.23920663768445596,30.983870967741936,30.0,37.0,33.0,30.0,-7.0,-18.91891891891892,0.027580645161290305,4.590722294236027,0.14816490486342201,79.5241935483871,77.45,69.0,82.8,90.8,21.799999999999997,31.59420289855072,0.1076673387096774,10.953666592879161,0.13774005248119012,46.0
4,370.0,367.07141352634807,21.11870042188707,18.14152038338022,3.926380368098159,1466.5222292236851,975.716090232223,1474.7864526350943,3917.0247720910024,0.6615982188396491,,,163.4559319768257,150,46.95,4.014,3.5295,0.885,71.5,85.6,37.0,101.95,45.25,15.35,5.09,5.0,6.0,0.3765067974915608,0.2490962266014371,0.6615982188396491,17.812655705032384,20.257826887661142,0.4521102680067465,670.0,31,53.94354838709678,55.15,46.95,52.5,64.2,17.25,36.74121405750798,0.07025806451612902,6.778406178636733,0.1256574026238533,166.08064516129033,164.5,150.0,146.0,181.0,31.0,20.666666666666668,-0.09725806451612881,39.5782130248014,0.2383071970027859,31.016129032258064,30.0,37.0,30.0,38.0,1.0,2.7027027027027026,0.03570564516129026,4.637678785354699,0.14952474502963667,80.56612903225808,78.0,71.5,76.5,101.3,29.799999999999997,41.67832167832167,0.11404838709677415,11.444441060305028,0.14205027842063456,46.95
4,380.0,365.0137265910475,20.735934887639782,18.380661617062405,4.024390243902439,1550.334892282016,772.4838246092282,1611.8028344300656,3934.6215513213097,0.4792669476117275,,,164.37737988747625,151,45.3,3.869,3.644,0.94,68.8,82.4,22.0,100.9,47.1,15.36,5.29,5.0,6.0,0.4096462171536665,0.1963298920959287,0.4792669476117275,17.782372706125614,18.880351262349063,0.4536311053982724,680.0,31,54.52741935483872,55.9,45.3,58.65,65.05,19.75,43.59823399558499,0.07246370967741932,6.933683949984999,0.1271595837841482,164.11290322580646,164.5,151.0,210.0,89.0,-62.0,-41.05960264900662,-0.15425403225806442,41.855248511470926,0.2550393521092086,31.112903225806452,30.0,22.0,36.0,40.0,18.0,81.81818181818181,0.04499999999999998,4.795327026420886,0.15412663330124154,81.64193548387098,81.1,68.8,87.1,104.85,36.05,52.39825581395348,0.12288709677419349,12.111826842486048,0.14835300964758286,45.3
4,390.0,362.8798662605933,20.212912541384377,18.331855104819663,4.0,1333.3594261206292,669.0457586761804,1526.8661960176328,3529.271380814442,0.4381823112078735,,,165.34397628142997,151,44.2,3.776,3.561,0.94,67.9,81.3,25.0,101.3,46.5,15.35,5.29,5.1,6.0,0.432629296890533,0.189570505207731,0.4381823112078735,17.98199152542373,19.06767761864645,0.4604124241212968,690.0,31,55.25322580645162,56.15,44.2,55.15,67.8,23.599999999999994,53.39366515837103,0.07453830645161291,7.11094151623481,0.12869730974882745,162.8548387096774,164.5,151.0,184.0,112.0,-39.0,-25.827814569536425,-0.194233870967742,42.83713216910206,0.26303874363517166,31.85483870967742,30.0,25.0,30.0,45.0,20.0,80.0,0.0475201612903226,5.1075002828962175,0.16033671774155214,83.10645161290323,81.9,67.9,77.45,114.2,46.3,68.18851251840942,0.13429435483870972,13.20292102740579,0.1588675821331287,44.2
4,400.0,361.03221479668673,20.03748892534333,18.291671466493003,3.9806996381182143,1205.771312694835,602.3546841948339,1484.3537879541525,3292.479784843821,0.4058026388877576,,,166.19015572831546,152,46.1,3.9445,3.5845,0.91,68.65,82.15,29.0,101.15,45.7,15.265,5.235,5.2,6.0,0.4508315570491992,0.1829486355444416,0.4058026388877576,17.403980225630626,19.151904031245643,0.4638282454585541,700.0,31,55.91774193548388,56.9,46.1,56.15,64.8,18.699999999999996,40.5639913232104,0.0731814516129032,7.005337826580251,0.1252793404043888,160.66129032258064,164.5,152.0,172.5,83.0,-69.0,-45.39473684210526,-0.25018145161290317,45.143361840691156,0.28098468367863183,32.354838709677416,31.0,29.0,30.0,40.5,11.5,39.6551724137931,0.04832661290322579,5.172352057473622,0.15986332381025156,84.40806451612903,82.8,68.65,81.9,108.25,39.599999999999994,57.68390386016022,0.1396915322580645,13.63568294814622,0.16154478871554576,46.1
4,410.0,358.98917584682255,19.592893332195604,18.26058179175631,3.9615846338535414,995.5715703938408,515.1608938519328,1504.2002732102476,3014.9327374560207,0.3424815850834025,,,167.13595851035203,159.5,45.6,3.9,3.548,0.855,66.55,79.65,26.0,98.95,46.65,15.025,5.34,5.2,6.25,0.4989166937367502,0.1708697800955327,0.3424815850834025,17.064102564102562,18.75704622322435,0.4622066778145953,710.0,31,56.52258064516129,57.5,45.6,61.6,64.85,19.249999999999993,42.21491228070174,0.07225000000000004,6.938537774748576,0.12275691759913586,159.70967741935485,164.5,159.5,181.0,122.5,-37.0,-23.197492163009404,-0.2788508064516127,45.640218775685916,0.285769901443398,32.67741935483871,32.0,26.0,33.0,39.0,13.0,50.0,0.05018145161290325,5.267112407978357,0.16118507862520143,85.6467741935484,85.35,66.55,91.1,107.05,40.5,60.8564988730278,0.1432197580645162,13.898116991663962,0.16227250964824871,45.6
4,420.0,357.26357643027416,19.514970710038003,18.209484706732603,3.9379474940334127,987.7445345012078,430.0021908752434,1449.277817768586,2867.024543145037,0.2967010090151702,,,167.94323283529573,164.5,47.3,4.0435,3.773,0.91,72.3,86.55,28.0,102.2,44.65,15.34,5.165,5.3,6.5,0.5054989226491843,0.1499820404060944,0.2967010090151702,17.880549029306295,19.162470182878344,0.5368433514939456,720.0,31,57.18709677419355,57.6,47.3,57.5,66.2,18.900000000000006,39.95771670190276,0.07105645161290318,6.843390579504864,0.11966668996200969,157.79032258064515,164.5,164.5,171.0,100.0,-64.5,-39.209726443769,-0.3151008064516128,46.883503529768404,0.29712534180166017,33.193548387096776,33.0,28.0,35.0,42.0,14.0,50.0,0.0515120967741935,5.373821451187908,0.1618935519794219,87.05483870967741,85.8,72.3,87.4,110.2,37.900000000000006,52.42047026279392,0.14574999999999988,14.10843928787961,0.16206381514220475,47.3
4,430.0,355.40156064650057,19.111527363169593,18.16280536891761,3.919239904988124,826.6998107705438,396.74957416701153,1370.923581820722,2594.3729667582775,0.2894031289768091,,,168.82311909620137,176,41.9,3.582,3.253,0.9,60.2,72.1,25.0,97.8,47.8,14.9,5.52,5.3,6.5,0.5284219344660067,0.1529269612544407,0.2894031289768091,16.806253489670578,18.50599446664617,0.5281376650923418,730.0,31,57.680645161290315,58.2,41.9,57.6,62.6,20.700000000000003,49.403341288782826,0.0679516129032258,6.655707793808195,0.11538892769311228,154.96774193548387,164.0,176.0,136.0,77.0,-99.0,-56.25,-0.3596370967741928,49.04996355484052,0.3165172502498035,33.54838709677419,33.0,25.0,32.0,39.0,14.0,56.0,0.051673387096774166,5.382618381899398,0.1604434325373859,88.08709677419354,87.1,60.2,85.35,104.3,44.099999999999994,73.25581395348836,0.14666129032258055,14.163450425549179,0.16078916145751074,41.9
4,440.0,353.75140661894926,19.100018901286635,18.74440968821957,4.137115839243499,876.3569303566891,338.04196906718505,1137.5089152841415,2351.9078147080154,0.2971774238646249,,,169.6106329963806,240,48.1,4.113,3.714,0.89,72.2,86.4,28.0,100.6,45.4,15.33,5.25,5.4,6.5,0.4836536994224669,0.1437309604369643,0.2971774238646249,17.554096766350593,19.43995691976306,0.520775136422799,740.0,31,58.487096774193546,58.65,48.1,56.9,66.9,18.800000000000004,39.085239085239095,0.0633467741935484,6.177269727826572,0.10561765019172895,152.7741935483871,164.0,240.0,128.0,108.0,-132.0,-55.0,-0.37447580645161294,49.595503611664476,0.32463273056621594,34.193548387096776,33.0,28.0,34.0,45.0,17.0,60.714285714285715,0.053084677419354846,5.520684467459385,0.16145397970871786,89.82096774193546,87.4,72.2,81.1,113.95,41.75,57.825484764542935,0.1443125,13.923725400633913,0.15501642601578458,48.1
4,450.0,351.9837285431338,18.76120595250605,18.70782683803506,4.112808460634548,858.5618219053039,301.59052536855233,1031.1511377616937,2191.30348503555,0.2924794574956402,,,170.46242520454268,247.5,48.8,4.173,3.79,0.92,73.2,87.6,26.0,100.95,45.85,15.31,5.175,5.45,6.75,0.470565188621039,0.1376306510842151,0.2924794574956402,17.541337167505393,19.313984168865435,0.5235165352957222,750.0,31,59.03709677419354,58.7,48.8,58.7,65.15,16.35000000000001,33.50409836065576,0.060675403225806473,5.9774153798825065,0.10124846421132569,150.8709677419355,164.0,247.5,87.0,181.0,-66.5,-26.86868686868687,-0.30112903225806453,47.21139829566858,0.31292566755735,34.53225806451613,34.0,26.0,33.0,38.5,12.5,48.07692307692308,0.051693548387096805,5.4496719838154295,0.15781394815345942,91.03709677419354,87.5,73.2,85.8,109.9,36.7,50.13661202185793,0.14508870967741946,13.97965764806096,0.15356001172506414,48.8
4,460.0,350.2301489400585,18.451446598914703,18.68266597726478,4.098360655737705,824.3060566849834,247.28872979411693,862.2901411625302,1933.8849276416304,0.2867813488633013,,,171.31591949346696,260,43.9,3.753,3.444,0.87,63.9,76.5,26.0,99.5,46.0,15.15,5.38,5.5,7.0,0.4458849277108186,0.1278714810067241,0.2867813488633013,17.026378896882495,18.554006968641115,0.5327081255981905,760.0,31,59.59193548387097,61.6,43.9,62.1,66.0,22.1,50.34168564920274,0.058282258064516174,5.790870642286783,0.09717540796865254,148.17741935483872,164.0,260.0,63.0,164.0,-96.0,-36.92307692307692,-0.23084677419354846,43.771289750835685,0.2953978409221522,35.04838709677419,35.0,26.0,35.0,42.0,16.0,61.53846153846154,0.050705645161290336,5.3717700973230995,0.15326725542293243,92.29193548387096,90.8,63.9,91.6,112.1,48.199999999999996,75.43035993740219,0.14632056451612907,14.07076814282121,0.15245934619369028,43.9
4,470.0,348.5084711119186,18.049808396389505,18.64651598710405,4.074505238649593,835.0400974485937,217.5044038746988,832.991640467879,1885.5361417911715,0.2611123489216888,,,172.16224273851824,162,51.45,4.399,3.8545,0.865,73.9,88.45,29.0,99.95,45.75,15.185,5.145,5.55,7.0,0.4417797262038031,0.1153541420150555,0.2611123489216888,16.799272561945898,19.17239590089506,0.5316928433340475,770.0,31,60.35322580645161,62.1,51.45,58.2,67.5,16.049999999999997,31.195335276967924,0.052941532258064514,5.178029475322812,0.08579540540100332,143.11290322580646,162.0,162.0,120.0,103.0,-59.0,-36.41975308641975,-0.18602822580645142,39.251052995942956,0.2742663457397118,35.596774193548384,35.0,29.0,31.0,43.0,14.0,48.275862068965516,0.0496774193548387,5.284283860087238,0.14844839117598949,93.94354838709675,91.1,73.9,87.5,115.1,41.19999999999999,55.75101488497969,0.14179838709677417,13.62490209099674,0.14503286627895923,51.45
5,0.0,452.0803921803216,36.77136537539417,6.083622441126414,0.0,11051.035270434855,22529.83115370065,2815.9522837962704,36396.81870793178,8.000785838362113,,,132.71975745426215,120,10.9,1.025,0.902,0.88,20.2,24.2,15.0,104.5,40.8,16.01,4.51,0.0,2.0,0.0773680883044485,0.6190055052473812,8.000785838362113,19.70731707317073,22.394678492239468,0.2992492126706826,300.0,31,20.96451612903226,21.5,10.9,19.5,29.85,18.950000000000003,173.85321100917432,0.06658669354838712,6.5407720434770695,0.31199251169070497,131.46774193548387,130.5,120.0,128.5,153.0,33.0,27.5,0.12352822580645186,11.65041879352481,0.08861807940112112,20.693548387096776,21.0,15.0,20.0,26.5,11.5,76.66666666666667,0.05084677419354843,6.131445478507819,0.29629744323264595,30.964516129032255,28.2,20.2,28.15,45.75,25.55,126.48514851485149,0.09129032258064523,9.395364047837521,0.3034235706666978,10.9
5,10.0,448.29984701980567,36.37887942894278,5.353021926655906,0.0,11709.24612091317,20638.26210260704,2658.9617305265074,35006.46995404672,7.761774780609727,,,133.83899280552114,108,11.35,1.063,1.1135,1.045,24.5,29.3,14.0,110.65,40.05,16.535,4.655,3.0,2.0,0.0759562941941003,0.5895556487043412,7.761774780609727,23.047977422389465,22.002694207453978,0.340938321924915,310.0,31,21.53548387096774,21.6,11.35,21.4,28.6,17.25,151.98237885462555,0.0647116935483871,6.4040377048180455,0.2973714332674647,132.74193548387098,131.0,108.0,130.0,159.5,51.5,47.68518518518518,0.13308467741935487,12.484571123151659,0.09405144710029195,21.096774193548388,21.0,14.0,23.0,27.5,13.5,96.42857142857143,0.05129032258064515,6.155511561246974,0.29177501284198193,31.782258064516125,28.5,24.5,28.5,45.55,21.049999999999997,85.91836734693875,0.09316733870967746,9.529459134591505,0.29983581139034426,11.35
5,20.0,444.29174587351633,37.31650586480935,5.26659023801466,0.0,11996.002635823146,17824.18529401678,2303.017512180981,32123.20544202091,7.739491862194784,,,135.04639813200842,110,9.9,0.925,1.033,1.12,21.7,26.0,17.0,110.6,40.1,16.8,4.63,3.0,2.0,0.0716932659892142,0.5548694486976901,7.739491862194784,23.459459459459456,21.00677637947725,0.3037010322703535,320.0,31,22.108064516129033,21.7,9.9,22.8,29.1,19.200000000000003,193.93939393939397,0.06271572580645161,6.254772801285345,0.2829181539940843,134.32258064516128,131.0,110.0,134.0,157.0,47.0,42.72727272727273,0.13179435483870952,12.3487842769351,0.09193379264769168,21.516129032258064,22.5,17.0,26.0,27.0,10.0,58.8235294117647,0.05028225806451615,6.098475042948228,0.28343737081168674,32.498387096774195,30.9,21.7,30.9,46.7,25.000000000000004,115.20737327188942,0.09749193548387093,9.794432805348896,0.30138212017054516,9.9
5,30.0,440.11635577276064,37.418800103175734,5.044395314180805,0.0,12143.365011493886,15282.063437211964,2015.917410267998,29441.345858973847,7.5806991692087,,,136.32758522380158,120,10.75,1.0055,0.8325,0.83,17.15,20.45,16.5,100.85,42.85,15.275,4.975,3.1,2.0,0.0684723252776685,0.5190680993462099,7.5806991692087,17.056190949776227,20.600600600600597,0.2841351833420728,330.0,31,22.71935483870968,22.8,10.75,24.6,28.85,18.1,168.37209302325584,0.0589173387096774,5.939973027707488,0.2614498989903906,136.2258064516129,133.0,120.0,130.5,169.0,49.0,40.833333333333336,0.13707661290322545,13.004383049365458,0.09546196413221152,21.838709677419356,23.0,16.5,19.0,27.0,10.5,63.63636363636363,0.05068548387096772,6.116081393580633,0.2800569028079758,33.3016129032258,31.3,17.15,31.3,46.6,29.450000000000003,171.72011661807585,0.0990544354838709,9.899793633126635,0.29727670133862133,10.75
5,40.0,435.84965201965065,37.99915585485898,4.904190287655149,0.0,11865.567279126586,12774.180017983756,1766.016018092982,26405.763315203323,7.233331910419391,,,137.66214960129153,121,12.0,1.122,0.969,0.86,21.9,26.2,7.0,98.7,42.6,15.95,4.52,3.2,2.0,0.066879945753213,0.4837648457838339,7.233331910419391,19.518716577540104,22.60061919504644,0.2729971475876749,340.0,31,23.37741935483871,23.05,12.0,26.2,31.15,19.15,159.58333333333331,0.056294354838709745,5.69468814934405,0.24359780961731137,137.43548387096774,134.0,121.0,133.0,157.5,36.5,30.165289256198346,0.1394758064516133,13.187583766232457,0.09595472286191906,22.338709677419356,23.5,7.0,26.0,32.0,25.0,357.14285714285717,0.05338709677419362,6.2960134169358755,0.28184319989171425,34.49193548387097,31.9,21.9,39.0,54.05,32.15,146.80365296803654,0.10118346774193554,10.109196281721193,0.29308869275974464,12.0
5,50.0,431.8946156790346,38.547659107533846,4.778655221465205,0.0,11258.027468057186,10621.95709590756,1544.2213086562476,23424.20587262099,6.878519961073836,,,138.92277843211042,121,15.4,1.445,1.002,0.69,20.4,24.5,13.0,89.7,43.5,14.32,4.98,3.2,2.0,0.0659241690861838,0.4534607129765225,6.878519961073836,14.117647058823527,20.35928143712575,0.2595621795760983,350.0,31,23.89193548387097,24.6,15.4,25.4,27.95,12.549999999999999,81.49350649350649,0.05171975806451614,5.342098476163863,0.22359421151836864,137.8548387096774,134.0,121.0,139.0,134.0,13.0,10.743801652892563,0.12679435483870963,12.849898539409496,0.09321325721813371,23.129032258064516,24.0,13.0,22.5,31.5,18.5,142.30769230769232,0.04903225806451612,5.826616716894239,0.251917877578412,35.34516129032258,32.25,20.4,38.45,48.35,27.950000000000003,137.00980392156865,0.10144153225806456,10.127185812115737,0.28652255195362586,15.4
5,60.0,427.68143723252496,38.38216203172344,4.642855256468002,0.0,10612.653194182283,8713.99592721387,1337.7660011825326,20664.415122578688,6.513841672991419,,,140.291335504886,121,14.75,1.3785,0.939,0.68,19.4,23.2,14.0,91.7,42.75,14.29,4.945,3.3,2.5,0.0647376658495812,0.4216909056231958,6.513841672991419,14.07326804497642,20.66027689030884,0.2393906490314142,360.0,31,24.370967741935488,25.4,14.75,19.9,30.25,15.5,105.08474576271186,0.050086693548387094,5.219638783695483,0.2141744570411118,135.24193548387098,134.0,121.0,140.5,40.0,-81.0,-66.94214876033058,0.05673387096774182,21.62824964706342,0.1599226569013634,23.758064516129032,25.0,14.0,13.0,32.5,18.5,132.14285714285714,0.04816532258064518,5.748725899046291,0.2419694539992329,36.446774193548386,38.45,19.4,27.35,54.55,35.15,181.18556701030928,0.10341532258064516,10.3031462466882,0.2826902098927594,14.75
5,70.0,423.4779714020509,38.38194916680288,4.573622430213135,0.0,9630.407207807684,7032.416169518605,1127.2280049671697,17790.05138229346,6.238681206047063,,,141.68387508174746,122,19.7,1.841,1.23,0.665,26.25,31.45,24.0,90.2,42.45,14.405,4.75,3.3,2.5,0.0633628301989676,0.3953004979242505,6.238681206047063,14.258555133079849,21.34146341463415,0.2386395047455348,370.0,31,24.91451612903226,26.2,19.7,28.4,31.6,11.900000000000002,60.40609137055839,0.04825201612903227,5.0592356726483745,0.20306377400414266,133.08064516129033,134.0,122.0,137.0,54.0,-68.0,-55.73770491803279,-0.001592741935483781,26.003876882173277,0.19539938997633535,24.274193548387096,25.0,24.0,25.0,30.0,6.0,25.0,0.0456451612903226,5.55853504333264,0.22898948351270676,37.656451612903226,39.0,26.25,40.2,56.9,30.65,116.76190476190476,0.1047883064516129,10.435554145448178,0.27712526535220244,19.7
5,80.0,419.04296875,37.89921537351591,4.3130413634415365,0.0,8695.618726857236,5654.113283893089,942.6373759906892,15292.369386741017,5.998184909600844,,,143.18340713120486,120,17.9,1.679,1.145,0.69,24.4,29.2,15.0,91.4,44.4,14.97,4.55,3.4,2.5,0.0616410284208794,0.3697342864863956,5.998184909600844,14.53245979749851,21.31004366812227,0.2344958636831017,380.0,31,25.175806451612903,27.15,17.9,21.6,27.8,9.900000000000002,55.30726256983242,0.046633064516129016,4.989637110514517,0.19819174889608562,130.17741935483872,134.0,120.0,139.0,32.0,-88.0,-73.33333333333333,-0.06987903225806479,31.68557726240147,0.24340302196368369,24.56451612903226,26.0,15.0,17.0,33.0,18.0,120.0,0.05074596774193548,5.7745734842264484,0.23507784374395257,38.48709677419355,40.2,24.4,26.1,52.0,27.6,113.11475409836066,0.10610483870967742,10.521826265292031,0.273385813614997,17.9
5,90.0,415.3792362794321,36.80058685163479,4.217481512105973,0.0,8147.468042032891,4526.744244083048,774.6493131490439,13448.861599264985,5.843604541106841,,,144.44631498055205,123,18.0,1.681,1.224,0.74,27.1,32.4,15.0,95.1,42.5,15.08,4.62,3.5,3.0,0.0575996196727446,0.3365893990856777,5.843604541106841,16.121356335514577,22.140522875816995,0.2265210970939428,390.0,31,25.70161290322581,27.35,18.0,27.35,34.2,16.200000000000003,90.00000000000001,0.04739717741935482,5.055763771363133,0.19670998043584198,129.30645161290323,134.0,123.0,144.0,93.0,-30.0,-24.390243902439025,-0.09893145161290318,32.33900571017267,0.25009584059257894,25.241935483870968,26.0,15.0,30.0,36.0,21.0,140.0,0.05149193548387095,5.846467548503021,0.23161724473302703,39.725806451612904,40.9,27.1,42.3,62.8,35.699999999999996,131.73431734317342,0.11172177419354834,11.05496774432006,0.2782817702589702,18.0
5,100.0,411.9663159817744,36.32392681284996,4.16754511040702,0.0,7362.374020557729,3557.9361914449773,611.032753347995,11531.342965350705,5.822824017125418,,,145.64297534134909,127,11.6,1.089,0.961,0.87,19.1,22.8,18.0,98.5,40.5,15.37,4.69,3.5,3.0,0.0529888630651279,0.308544824495797,5.822824017125418,17.539026629935723,19.875130072840793,0.232504673336461,400.0,31,26.258064516129032,27.5,11.6,29.0,35.25,23.65,203.8793103448276,0.04820362903225807,5.128614120373936,0.19531577116903198,130.59677419354838,137.0,127.0,144.0,163.0,36.0,28.346456692913385,-0.08262096774193556,32.872587200391024,0.2517105602598794,25.887096774193548,26.5,18.0,30.0,35.0,17.0,94.44444444444444,0.050786290322580654,5.781738027933807,0.2233443973407452,40.8516129032258,42.3,19.1,45.3,62.0,42.9,224.60732984293193,0.11704838709677419,11.494647188082572,0.2813756023614654,11.6
5,110.0,408.3669956514325,35.87933394732998,4.120343043886402,0.0,6867.977700012128,2824.9525733705273,487.1410601641586,10180.071333546814,5.799044269474153,,,146.92666312145818,131,21.7,2.033,1.393,0.68,28.2,33.8,21.0,91.4,43.2,14.2,5.09,3.5,3.0,0.0478524210885303,0.2774983082939058,5.799044269474153,13.871126414166255,20.244077530509692,0.2271584095825928,410.0,31,27.06129032258065,27.8,21.7,27.15,36.5,14.8,68.20276497695853,0.044941532258064514,4.6872826114466255,0.1732098712061573,129.96774193548387,137.0,131.0,142.0,107.5,-23.5,-17.938931297709924,-0.09891129032258074,33.129275946376836,0.2549038357750514,26.516129032258064,27.0,21.0,29.5,37.5,16.5,78.57142857142857,0.05272177419354838,5.953267829475033,0.2245149668050195,42.36774193548386,45.3,28.2,45.85,66.1,37.89999999999999,134.39716312056734,0.11828629032258062,11.628840214362857,0.2744739200892711,21.7
5,120.0,405.21397158322054,35.739014435082055,4.178917714932449,0.0,6966.69442276553,2249.456201160074,378.85971457953696,9595.010338505142,5.937438356718786,,,148.06991912340206,130,23.05,2.1575,1.507,0.715,32.25,38.6,23.5,95.8,41.9,14.95,4.715,3.6,3.0,0.0394850762233323,0.2344402060863781,5.937438356718786,14.947856315179603,21.40013271400133,0.2235940326513353,420.0,31,27.49032258064516,27.95,23.05,30.4,35.0,11.95,51.84381778741865,0.046284274193548386,4.787804287193986,0.17416326320466274,128.74193548387098,137.0,130.0,148.0,93.0,-37.0,-28.46153846153846,-0.12060483870967732,33.78630663640275,0.26243435372800933,26.93548387096774,27.0,23.5,27.0,34.0,10.5,44.680851063829785,0.053689516129032264,6.0093565039359955,0.22310185822995912,43.493548387096766,45.55,32.25,45.9,63.1,30.85,95.65891472868218,0.12168548387096774,11.89777109332867,0.2735525505400792,23.05
5,130.0,401.70688987097856,34.75917673237665,4.207357774444626,0.0,7663.064995151297,1774.2160918490983,298.64572319543385,9735.92681019583,5.940872257822527,,,149.3626360734589,127,18.55,1.7355,1.21,0.72,23.05,27.6,16.5,87.05,45.9,13.94,5.45,3.7,3.0,0.0306746064363056,0.1822339183970726,5.940872257822527,13.281475079227889,19.049586776859503,0.2147546985306369,430.0,31,27.940322580645162,28.4,18.55,27.5,37.0,18.45,99.46091644204851,0.04917137096774194,5.007101945484346,0.17920701992728133,127.70967741935483,137.0,127.0,150.0,98.0,-29.0,-22.834645669291337,-0.1383870967741936,34.23248315892095,0.26804924928682733,27.14516129032258,27.0,16.5,25.0,30.0,13.5,81.81818181818181,0.0533266129032258,5.998879823749177,0.22099260194441414,44.46290322580644,45.75,23.05,40.9,62.3,39.25,170.2819956616052,0.12580645161290321,12.172160639083591,0.2737599157047132,18.55
5,140.0,398.35190488047806,33.62855679704134,4.124374875994448,0.0,8901.632824615652,1441.7065946147345,241.65215050352708,10584.991569733911,5.966040821944565,,,150.62059265915263,131,21.5,2.016,1.475,0.73,31.9,38.2,21.0,96.3,42.1,14.86,4.72,3.7,3.0,0.0228296970206847,0.1362029043780312,5.966040821944565,15.823412698412698,21.627118644067796,0.2322471524158003,440.0,31,28.74838709677419,28.6,21.5,31.8,43.6,22.1,102.79069767441861,0.052584677419354825,5.443459131088242,0.1893483315347122,125.93548387096774,137.0,131.0,151.0,72.0,-59.0,-45.038167938931295,-0.17254032258064558,35.665749661611365,0.2832065162679181,27.677419354838708,27.5,21.0,31.5,33.0,12.0,57.142857142857146,0.04999999999999996,5.749707799962207,0.20774002540655992,46.132258064516115,45.85,31.9,46.45,74.8,42.9,134.48275862068965,0.1303407258064516,12.675807327261229,0.274771014016571,21.5
5,150.0,395.1825063901715,32.54492334442883,4.100836018629391,0.0,10321.598962334649,1206.6776211433098,189.8183077815744,11718.094891259532,6.3570139005340005,,,151.8285830718448,128.5,19.5,1.828,1.3565,0.735,28.15,33.7,20.0,95.3,42.75,14.755,4.88,3.8,3.5,0.0161987344822714,0.1029755802748588,6.3570139005340005,15.399343544857766,20.7519351271655,0.2251922325829201,450.0,31,29.41612903225807,28.85,19.5,29.85,42.2,22.700000000000003,116.41025641025644,0.05604435483870971,5.783660707786696,0.1966152888928474,125.16129032258064,137.0,128.5,153.0,107.0,-21.5,-16.731517509727627,-0.18072580645161276,35.81233193021043,0.2861294561434339,28.032258064516128,29.5,20.0,26.5,32.0,12.0,60.0,0.04830645161290324,5.662648796972091,0.20200473268830244,47.44193548387096,45.9,28.15,45.75,72.5,44.35,157.54884547069273,0.1371068548387097,13.241110834406314,0.2791014046825293,19.5
5,160.0,391.8734681372549,31.21107371521132,4.178678298620551,0.0,11914.248341529308,1009.8435726659684,157.1566106705437,13081.24852486582,6.425714886298743,,,153.11064636553758,130,21.4,2.007,1.507,0.75,28.5,34.2,23.0,94.7,42.6,14.74,4.76,3.9,3.5,0.012013884635844,0.0771977973468191,6.425714886298743,14.200298953662182,18.911745189117457,0.2612134951200507,460.0,31,30.0,29.0,21.4,28.6,37.6,16.200000000000003,75.70093457943926,0.054596774193548386,5.6615663321499055,0.18871887773833018,123.91935483870968,137.0,130.0,159.5,90.0,-40.0,-30.76923076923077,-0.19983870967741954,36.35613125141195,0.29338541423760783,28.516129032258064,30.0,23.0,27.5,35.0,12.0,52.17391304347826,0.047338709677419336,5.593871454499323,0.19616517544058712,48.662903225806446,46.45,28.5,45.55,66.0,37.5,131.57894736842104,0.1358850806451613,13.147648508015513,0.2701780542563925,21.4
5,170.0,388.8029699659533,29.99590610526994,4.169983802604041,0.0,13219.918919308098,895.1866596321322,130.13189872877513,14245.237477669009,6.879071683245839,,,154.3198088359615,134,22.8,2.137,1.53,0.76,30.9,37.0,26.0,97.6,42.3,15.14,4.75,3.9,3.5,0.0091351161349729,0.0628411187272544,6.879071683245839,14.459522695367337,20.19607843137255,0.2657541412599418,470.0,31,30.541935483870972,29.1,22.8,29.1,38.2,15.400000000000002,67.54385964912281,0.054008064516129044,5.614788461052259,0.18383865894869034,122.43548387096774,137.0,134.0,157.0,84.0,-50.0,-37.3134328358209,-0.22006048387096785,37.03213512961499,0.3024624394725503,28.93548387096774,30.0,26.0,27.0,36.0,10.0,38.46153846153846,0.04830645161290324,5.653526827688876,0.19538387029916965,49.80806451612902,46.6,30.9,46.7,64.0,33.1,107.11974110032362,0.13215322580645164,12.876141352479486,0.25851519181818217,22.8
5,180.0,385.3984425273488,27.77738883106859,4.083110068587564,0.0,13417.112175614058,807.7594605610254,111.24738260225524,14336.11901877734,7.260930025194591,,,155.68303703184338,130.5,24.6,2.302,1.616,0.71,31.3,37.45,19.0,92.35,43.7,14.2,5.03,3.95,3.75,0.0077599371529033,0.0563443606671392,7.260930025194591,13.596872284969592,19.36881188118812,0.3100269131166923,480.0,31,31.18225806451613,29.85,24.6,28.85,42.65,18.049999999999997,73.37398373983739,0.056336693548387065,5.83018793846729,0.18697131960118551,122.01612903225806,137.0,130.5,169.0,121.0,-9.5,-7.2796934865900385,-0.21346774193548412,36.97036738411087,0.3029957406232484,28.887096774193548,30.0,19.0,27.0,24.5,5.5,28.94736842105263,0.043729838709677386,5.685815211880871,0.1968288906402088,50.90806451612902,46.7,31.3,46.6,65.0,33.7,107.66773162939299,0.1291431451612903,12.661780395967185,0.24871855797926865,24.6
5,190.0,382.6877793742018,26.368938737634934,4.084656951031958,0.0,13847.70078108088,757.014179397279,98.69242673581174,14703.40738721397,7.670438395680742,,,156.78577481129983,133,26.2,2.451,1.847,0.74,39.0,46.7,26.0,98.4,41.3,14.79,4.78,4.0,4.0,0.0067122146681206,0.0514856291104044,7.670438395680742,15.91187270501836,21.115322144017327,0.3659875884438814,490.0,31,31.7241935483871,30.25,26.2,31.15,41.4,15.2,58.01526717557252,0.05827016129032254,5.9769121203698194,0.1884023343652086,121.19354838709677,137.0,133.0,157.5,105.0,-28.0,-21.05263157894737,-0.21828629032258043,37.05888949122168,0.3057826921021752,29.306451612903224,30.0,26.0,32.0,32.0,6.0,23.076923076923077,0.03923387096774191,5.404747017445001,0.18442174743070452,52.04354838709677,48.35,39.0,54.05,66.5,27.5,70.51282051282051,0.12592338709677411,12.42079400263582,0.23866155148090026,26.2
5,200.0,380.2068874920685,25.643645930652347,4.088626741587516,0.0,14192.502591865748,723.8386234742098,90.50138288002854,15006.842598219988,7.998094619545791,,,157.80881928724045,139,25.4,2.375,1.7615,0.735,38.45,46.05,22.5,94.85,42.95,14.83,4.805,4.05,4.0,0.006030674493165,0.0482339052160157,7.998094619545791,16.189473684210526,21.827987510644338,0.3712674104461194,500.0,31,32.214516129032255,30.4,25.4,27.95,41.4,16.0,62.99212598425197,0.06055846774193547,6.130133135427364,0.19029102007535004,119.12903225806451,137.0,139.0,134.0,69.0,-70.0,-50.35971223021583,-0.24223790322580657,38.14598444177654,0.3202072888424243,29.338709677419356,30.0,22.5,31.5,27.0,4.5,20.0,0.03570564516129031,5.387310857892821,0.18362466915302633,52.949999999999996,52.0,38.45,48.35,67.1,28.64999999999999,74.51235370611181,0.12661491935483865,12.462443580614517,0.2353624849974413,25.4
5,210.0,377.55347079918033,24.617223997162903,4.050621325851615,0.0,13436.888060944522,703.7470122050379,90.0590406730456,14230.694113822608,7.814285017313839,,,158.91788750609535,140.5,19.9,1.86,1.4055,0.75,27.35,32.75,13.0,87.5,47.55,14.43,5.215,4.1,4.0,0.0063285065333228,0.0494527537853176,7.814285017313839,14.704301075268818,19.45926716471007,0.3707263715685649,510.0,31,32.76774193548387,31.15,19.9,30.25,42.55,22.65,113.81909547738694,0.06241330645161291,6.266984234689717,0.19125468721734717,117.61290322580645,134.0,140.5,40.0,92.0,-48.5,-34.519572953736656,-0.2458266129032256,38.26371424675066,0.3253360234912974,29.661290322580644,30.0,13.0,32.5,32.5,19.5,150.0,0.03320564516129036,5.262108412626687,0.1774065913990509,54.243548387096766,54.05,27.35,54.55,78.55,51.199999999999996,187.20292504570384,0.13274395161290325,12.97769074177865,0.2392485581726016,19.9
5,220.0,374.688720703125,23.36188537313635,4.460745843226003,0.0,11914.614751110246,701.305095828099,92.967061006496,12708.88690794484,7.543586817045833,,,160.13292283633876,137,28.4,2.658,1.976,0.74,40.2,48.2,25.0,97.0,42.3,14.87,4.8,4.2,4.0,0.0073151222195846,0.0551822595407379,7.543586817045833,15.124153498871332,20.344129554655872,0.4330094591861211,520.0,31,33.570967741935476,31.6,28.4,31.6,44.8,16.4,57.74647887323943,0.06138911290322581,6.157512676851862,0.1834177889712768,116.11290322580645,121.0,137.0,54.0,94.0,-43.0,-31.386861313868614,-0.2453427419354838,38.24803038009918,0.32940378991056385,30.274193548387096,31.5,25.0,30.0,32.0,7.0,28.0,0.023870967741935492,4.26973595920056,0.14103549785318845,56.10322580645161,54.55,40.2,56.9,85.0,44.8,111.44278606965173,0.13399596774193548,13.125166255987457,0.23394673064375068,28.4
5,230.0,372.02608851581886,21.865352397559953,4.479801864507466,0.0,9997.695271839437,687.2295522060376,94.87736783712292,10779.802191882598,7.243345466600766,,,161.27901201597788,139,21.6,2.019,1.464,0.72,26.1,31.2,17.0,91.4,45.1,14.28,5.46,4.2,4.5,0.0088014015608345,0.0637515920954036,7.243345466600766,12.927191679049034,17.82786885245902,0.5046083717992791,530.0,31,33.99677419354838,31.8,21.6,27.8,41.6,20.0,92.59259259259258,0.06290927419354837,6.243809407243185,0.1836588780952071,114.98387096774194,107.5,139.0,32.0,102.0,-37.0,-26.618705035971225,-0.24040322580645154,38.1273051480099,0.3315882899672624,30.370967741935484,31.5,17.0,33.0,28.0,11.0,64.70588235294117,0.0190927419354839,4.1792498169238534,0.13760673852856023,57.18709677419355,56.9,26.1,52.0,73.8,47.699999999999996,182.75862068965517,0.13443951612903224,13.15541059629038,0.23004158872123295,21.6
5,240.0,369.6505808800863,20.906126233427592,4.57662688996596,0.0,8460.852158297073,671.7761787825616,103.96483901203052,9236.593176091666,6.461570903840149,,,162.315448976567,144,27.35,2.5595,1.92,0.75,42.3,50.6,30.0,97.2,42.35,15.145,4.575,4.3,4.5,0.0112557559946601,0.0727298654358201,6.461570903840149,16.52666536432897,22.03125,0.5043804007195127,540.0,31,34.74838709677419,34.2,27.35,34.2,44.9,17.549999999999997,64.16819012797073,0.06150604838709677,6.102574373040825,0.17562180241762496,112.95161290322581,107.0,144.0,93.0,76.0,-68.0,-47.22222222222222,-0.24848790322580652,38.48189072769807,0.34069359204873345,30.774193548387096,31.5,30.0,36.0,29.5,-0.5,-1.6666666666666667,0.009939516129032265,3.371050058160462,0.109541458912971,58.83709677419354,62.0,42.3,62.8,77.25,34.95,82.62411347517732,0.12651814516129034,12.306718813598904,0.2091659767107465,27.35
5,250.0,367.36581839767155,19.558813734475255,4.5964547823300554,0.0,6626.49210738098,649.9586976270681,114.45143502224572,7390.902240030294,5.678903873077142,,,163.32493932533026,144,29.0,2.719,2.092,0.77,45.3,54.3,30.0,99.3,41.7,15.15,4.71,4.4,4.5,0.0154854483668257,0.0879403727067027,5.678903873077142,16.660536962118424,21.653919694072655,0.4984303806022312,550.0,31,35.32419354838709,35.0,29.0,35.25,45.2,16.200000000000003,55.86206896551725,0.06305443548387094,6.222176347117112,0.1761448945350719,113.59677419354838,107.0,144.0,163.0,164.0,20.0,13.88888888888889,-0.19758064516129042,39.18107948037307,0.3449136628969375,30.548387096774192,31.5,30.0,35.0,23.0,-7.0,-23.333333333333332,0.004737903225806455,3.647727234661965,0.11940817769220795,59.84999999999999,62.3,45.3,62.0,73.7,28.400000000000006,62.69315673289184,0.12483870967741931,12.191916721062908,0.20370788172202023,29.0
5,260.0,365.0648742006699,17.870189676101504,4.614035689279586,0.0,4586.74215005649,614.712487640707,125.4689545704467,5326.9235922676435,4.899319435195948,,,164.35434970667438,142,27.15,2.538,2.012,0.795,45.85,54.9,29.5,101.85,41.0,15.43,4.595,4.4,4.5,0.0235537364854589,0.1153972789346931,4.899319435195948,18.06540583136328,22.7882703777336,0.5623401437865031,560.0,31,35.68225806451612,35.25,27.15,36.5,40.1,12.950000000000003,47.69797421731124,0.061862903225806454,6.165232469084151,0.17278145508439968,114.40322580645162,107.0,142.0,107.5,169.0,27.0,19.014084507042252,-0.14445564516129025,40.07480907728252,0.35029439768666515,30.225806451612904,31.5,29.5,37.5,20.0,-9.5,-32.20338983050848,-0.001995967741935453,4.110633993431791,0.13599749604736983,60.54032258064516,62.8,45.85,66.1,66.7,20.85,45.474372955288985,0.11959475806451614,11.943941416431167,0.1972890283252251,27.15
5,270.0,363.0675899621212,16.56741108376866,4.629274731557779,0.0,3265.8023628477295,556.2773548442982,133.98665047981274,3956.0663681718406,4.15173715330775,,,165.25848535877245,148,30.4,2.847,2.063,0.73,45.9,55.0,27.0,98.6,41.1,15.02,4.67,4.5,5.0,0.0338686558844891,0.1406137569682286,4.15173715330775,16.12223393045311,22.249151720794956,0.6553469740066916,570.0,31,36.43870967741935,36.5,30.4,35.0,50.6,20.200000000000003,66.44736842105264,0.06538104838709677,6.51230514330908,0.17871942231106722,114.11290322580645,107.0,148.0,93.0,133.0,-15.0,-10.135135135135135,-0.11540322580645171,39.900440615240356,0.34965757146924414,30.403225806451612,31.5,27.0,34.0,35.0,8.0,29.62962962962963,0.00042338709677419874,4.196068308227575,0.1380139178302969,61.80967741935484,63.1,45.9,63.1,85.2,39.300000000000004,85.62091503267975,0.12503225806451612,12.412462952981564,0.200817468578064,30.4
5,280.0,361.1422251506024,15.6417562790472,4.687173584301179,0.0,2332.6347166456835,503.57039527061534,139.5368226230033,2975.7419345393023,3.608871019165656,,,166.1395312469457,150,27.5,2.572,1.982,0.77,40.9,48.9,25.0,98.8,42.2,14.91,4.98,4.5,5.0,0.0468914394099184,0.1692251567334171,3.608871019165656,15.902021772939346,20.63572149344097,0.671496545728812,580.0,31,36.993548387096766,37.0,27.5,37.0,47.6,20.1,73.0909090909091,0.06823588709677421,6.710361911942403,0.18139276183311348,111.53225806451613,105.0,150.0,98.0,68.0,-82.0,-54.666666666666664,-0.12143145161290334,40.22145685324997,0.3606262219669556,30.693548387096776,32.0,25.0,30.0,36.0,11.0,44.0,0.0016129032258064358,4.263561538109578,0.13890741742658635,63.141935483870974,64.0,40.9,62.3,87.2,46.300000000000004,113.20293398533008,0.13012500000000005,12.85639333026046,0.20361101115667427,27.5
5,290.0,359.1607183003597,14.847452653535091,4.663249126762004,0.0,1689.891368440556,433.6347750526533,151.078251408702,2274.6043949019113,2.8702660443134853,,,167.05613098207212,151,31.8,2.9795,2.1715,0.7,46.45,55.6,31.5,99.3,41.1,15.17,4.505,4.55,5.0,0.0664195724528251,0.1906418434891633,2.8702660443134853,15.58986407115288,21.390743725535344,0.6725628993957549,590.0,31,37.60645161290322,37.6,31.8,43.6,46.5,14.7,46.22641509433962,0.06786088709677424,6.681987502925106,0.17768194595185993,108.53225806451613,102.0,151.0,72.0,57.0,-94.0,-62.25165562913907,-0.12959677419354834,40.72180731988512,0.3752046446474777,31.048387096774192,32.0,31.5,33.0,36.0,4.5,14.285714285714286,0.0011491935483870907,4.231538015721308,0.13628849712972527,64.4967741935484,65.0,46.45,74.8,82.9,36.45,78.47147470398278,0.12772580645161294,12.645657591204126,0.19606651261744912,31.8
5,300.0,357.2728881108462,14.108020282775708,4.680208469571704,0.0,1389.313600071881,396.9465115739283,172.7930125216724,1959.0531241674817,2.297237057106934,,,167.938855694487,153,29.85,2.7925,2.147,0.76,45.75,54.8,26.5,98.95,42.6,15.11,4.79,4.6,5.0,0.0882023107949675,0.2026216168806624,2.297237057106934,16.38316920322292,21.30880298090359,0.789700969754891,600.0,31,38.11290322580645,38.2,29.85,42.2,47.5,17.65,59.1289782244556,0.07009879032258064,6.820764470130107,0.17896208089211454,108.91935483870968,102.0,153.0,107.0,163.0,10.0,6.5359477124183005,-0.06925403225806448,41.193263359881534,0.37819966360323637,31.048387096774192,32.0,26.5,32.0,31.5,5.0,18.867924528301888,0.001713709677419407,4.231538015721307,0.13628849712972524,65.5983870967742,66.0,45.75,72.5,80.6,34.849999999999994,76.17486338797814,0.1258225806451613,12.507847429187324,0.19067309400054436,29.85
5,310.0,355.5493569997031,13.344544379278211,4.8418831176833,0.0,1066.7430489169042,316.5154816449535,170.66401539454316,1553.9225459564009,1.8546117112809584,,,168.75294194400723,159.5,28.6,2.674,2.0715,0.785,45.55,54.5,27.5,100.3,42.35,15.305,4.675,4.7,5.0,0.1098278777398803,0.2036880682815153,1.8546117112809584,17.034405385190723,21.988896934588464,0.7982914485611654,610.0,31,38.556451612903224,40.1,28.6,37.6,43.6,15.0,52.44755244755245,0.06808669354838712,6.7117278194650165,0.17407535026430915,108.19354838709677,102.0,159.5,90.0,130.5,-29.0,-18.181818181818183,-0.027762096774193536,40.58441355564861,0.3751093679860188,30.903225806451612,32.0,27.5,35.0,22.0,-5.5,-20.0,-0.0066935483870967805,4.463592265650895,0.14443774554820224,66.23064516129033,66.0,45.55,66.0,65.35,19.799999999999997,43.468715697036224,0.11286693548387101,11.954215974705011,0.18049372681774606,28.6
5,320.0,354.11356752364065,12.87463813147848,4.97639382368946,0.0,1013.7517229360348,281.19836482196484,186.84386161333137,1481.793949371331,1.5049911856558489,,,169.43716791081266,157,29.1,2.727,2.175,0.8,46.7,55.9,27.0,99.3,42.7,15.33,4.76,4.7,5.5,0.1260930115773533,0.1897688709967176,1.5049911856558489,17.125045837917128,21.471264367816097,0.8075693596883198,620.0,31,39.030645161290316,41.4,29.1,38.2,43.3,14.199999999999996,48.79725085910651,0.06453225806451611,6.500816325910602,0.1665567222639189,105.2258064516129,98.0,157.0,84.0,67.5,-89.5,-57.00636942675159,-0.019274193548387372,40.06803354081601,0.3807814346306856,30.725806451612904,32.0,27.0,36.0,22.0,-5.0,-18.51851851851852,-0.014274193548387108,4.7060930534740795,0.15316418336766033,66.86451612903225,66.0,46.7,64.0,65.2,18.5,39.614561027837254,0.0989012096774193,11.325510978526806,0.16937998858275327,29.1
5,330.0,352.6999080882353,12.3838413133539,5.095353951451694,0.0,1071.4604637592429,239.0005451080124,197.5600243798765,1508.0210332471318,1.2097616704503558,,,170.11629043291313,169,28.85,2.7025,2.1635,0.8,46.6,55.75,27.0,99.0,43.4,15.17,4.865,4.8,5.5,0.1310061464822425,0.1584862146076217,1.2097616704503558,17.243293246993524,21.5391726369309,0.8030603435444886,630.0,31,39.71774193548387,41.4,28.85,42.65,50.4,21.549999999999997,74.69670710571921,0.06500201612903227,6.54173203857481,0.16470553762096982,104.40322580645162,98.0,169.0,121.0,131.5,-37.5,-22.189349112426036,0.030020161290322443,39.222531652703296,0.3756831395747882,30.983870967741936,32.0,27.0,24.5,35.0,8.0,29.62962962962963,-0.01409274193548381,4.714311315854703,0.15215372284382694,68.1467741935484,66.1,46.6,65.0,86.45,39.85,85.51502145922747,0.09773790322580651,11.216104013752362,0.16458745327983867,28.85
5,340.0,351.2482369211606,12.413515236460976,5.412264400702422,0.0,1030.0047710183076,212.4275994676736,199.55316766136391,1441.985538147345,1.0645162988750807,,,170.81936275588282,157.5,31.15,2.917,2.441,0.81,54.05,64.7,32.0,102.6,41.65,15.665,4.555,4.85,5.5,0.1383877732350552,0.147316040173745,1.0645162988750807,18.52931093589304,22.142564522736585,0.8156665006352809,640.0,31,40.44354838709677,41.6,31.15,41.4,51.35,20.200000000000003,64.84751203852329,0.06502620967741936,6.543950666270387,0.1618045628350006,102.93548387096774,98.0,157.5,105.0,123.5,-34.0,-21.58730158730159,0.08324596774193566,37.53992140275112,0.3646936895911265,31.338709677419356,32.0,32.0,32.0,38.0,6.0,18.75,-0.012419354838709663,4.817307506574936,0.15371748090975093,69.48870967741934,66.5,54.05,66.5,88.2,34.150000000000006,63.1822386679001,0.0959657258064516,11.039434690217155,0.1588665948967026,31.15
5,350.0,349.8056001752336,12.793523630496008,7.911007626316998,0.3508771929824561,1055.445097382619,178.88646365945584,192.9832472316998,1427.3148082737746,0.9269533300197864,,,171.52384058443678,134,27.95,2.6205,2.156,0.82,48.35,57.85,31.5,103.05,41.6,15.715,4.62,4.9,5.5,0.1352072059457562,0.1253307697940897,0.9269533300197864,18.45067735165045,22.425788497217063,0.8251476171448205,650.0,31,40.91290322580645,42.2,27.95,41.4,45.7,17.750000000000004,63.5062611806798,0.062209677419354834,6.374767547944205,0.15581313095188074,100.98387096774194,97.0,134.0,69.0,97.0,-37.0,-27.611940298507463,0.11485887096774211,36.155793420273085,0.3580353285508595,31.43548387096774,32.5,31.5,27.0,35.0,3.5,11.11111111111111,-0.009778225806451607,4.8609703000599085,0.15463322657963793,70.34838709677419,66.7,48.35,67.1,80.7,32.35,66.90796277145812,0.09278629032258062,10.832824222942108,0.15398823867901934,27.95
5,360.0,348.41024709302326,12.763349181566356,7.913217886075393,0.3492433061699651,1083.4048956151346,167.98062977543967,192.008113997232,1443.3936393878062,0.8748621413877399,,,172.2107788178239,40,30.25,2.829,2.45,0.865,54.55,65.3,32.5,104.0,41.85,15.81,4.61,4.95,5.75,0.1330254677294195,0.1163789455568656,0.8748621413877399,19.28243195475433,22.265306122448976,0.825151904179629,660.0,31,41.653225806451616,42.55,30.25,42.55,50.9,20.65,68.26446280991736,0.05988709677419356,6.147749391496466,0.1475935962334098,100.08064516129032,97.0,40.0,92.0,106.0,66.0,165.0,0.13919354838709688,35.64970705213756,0.3562098045499643,31.419354838709676,32.5,32.5,32.5,31.0,-1.5,-4.615384615384615,-0.009999999999999985,4.861578574553654,0.15473196695191302,71.6306451612903,67.1,54.55,78.55,88.1,33.55,61.50320806599449,0.08933064516129037,10.489237956268598,0.14643506187400718,30.25
5,370.0,347.12327092989574,12.963751657805112,8.040334423974937,0.3480278422273782,1079.5111281318975,178.32360074951328,201.93177730948017,1459.7665061908913,0.883088353529494,,,172.8492585336276,54,31.6,2.959,2.595,0.88,56.9,68.1,30.0,103.8,41.9,15.82,4.66,5.0,6.0,0.1383315595015261,0.1221589891213699,0.883088353529494,19.22946941534302,21.92678227360308,0.8305305406470067,670.0,31,42.30645161290323,42.65,31.6,44.8,50.5,18.9,59.81012658227847,0.05788104838709677,5.968943819687084,0.14108826413290093,101.66129032258064,97.0,54.0,94.0,89.0,35.0,64.81481481481481,0.09372983870967753,33.942448128357455,0.3338778016751011,31.274193548387096,32.0,30.0,32.0,28.0,-2.0,-6.666666666666667,-0.011370967741935441,4.895301675548061,0.15652847028570385,72.64838709677419,72.5,56.9,85.0,86.1,29.199999999999996,51.31810193321616,0.08706250000000001,10.305706217681605,0.14185732993567327,31.6
5,380.0,345.9202015372402,13.28024962046693,8.032129480865716,0.3468208092485549,1199.9726578033938,158.96122281394165,188.97999798057648,1547.913878597912,0.8411536909333643,,,173.45040773382144,32,27.8,2.605,2.309,0.89,52.0,62.3,33.0,103.8,42.7,16.04,4.44,5.0,6.0,0.1220868942345507,0.1026938416999836,0.8411536909333643,19.961612284069098,22.52057167605024,0.8336341692892705,680.0,31,43.009677419354844,43.3,27.8,41.6,53.4,25.599999999999998,92.0863309352518,0.05768346774193545,5.949669729697028,0.13833327954744457,103.08064516129032,98.0,32.0,102.0,98.0,66.0,206.25,0.06076612903225802,32.78315034032817,0.3180340042403922,31.306451612903224,32.0,33.0,28.0,31.0,-2.0,-6.0606060606060606,-0.012358870967741919,4.889917210196984,0.1561951916703828,74.07741935483871,73.7,52.0,73.8,101.2,49.2,94.61538461538461,0.09417137096774193,11.090693085568619,0.14971759521539243,27.8
5,390.0,344.29777298850576,12.973283280395558,8.0191324541189,0.3452243958573072,1111.225700306207,166.79744781029336,180.20011266953523,1458.2232607860356,0.9256234379618802,,,174.26775514462324,93,34.2,3.2,2.69,0.83,62.8,75.2,36.0,102.0,41.1,15.42,4.55,5.1,6.0,0.123575118786955,0.114384026298129,0.9256234379618802,19.624999999999996,23.345724907063197,0.8348891327255431,690.0,31,43.800000000000004,43.6,34.2,44.9,52.3,18.099999999999994,52.92397660818712,0.053489919354838725,5.4698263226541295,0.12488187951265134,105.46774193548387,98.0,93.0,76.0,106.0,13.0,13.978494623655914,0.016673387096774205,30.011924153540193,0.28456022289638966,31.306451612903224,32.0,36.0,29.5,33.0,-3.0,-8.333333333333334,-0.010241935483870935,4.889917210196984,0.1561951916703828,75.56935483870969,73.8,62.8,77.25,98.25,35.45,56.449044585987274,0.09454838709677424,11.132539972376437,0.14731553545927453,34.2
5,400.0,342.8153380649313,12.841207252356575,8.122527137934219,0.3436426116838488,1079.0790094107258,159.11497641816152,182.5110994233962,1420.7050852522837,0.8718098620897601,,,175.0213404647479,163,35.25,3.2995,2.8945,0.87,62.0,74.25,35.0,104.05,42.0,15.64,4.745,5.2,6.0,0.1284651553077157,0.1119971893321593,0.8718098620897601,18.79072586755569,21.41993435826568,0.8383816686915639,700.0,31,44.495161290322585,43.6,35.25,45.2,55.75,20.5,58.156028368794324,0.05452419354838708,5.5774300359979065,0.12534913627138514,105.25806451612904,98.0,163.0,164.0,86.5,-76.5,-46.93251533742331,-0.0028427419354840836,30.124428339732837,0.2861959174170144,31.43548387096774,32.0,35.0,23.0,40.0,5.0,14.285714285714286,-0.0019556451612903493,5.067448298509272,0.16120153643282448,77.11612903225806,74.8,62.0,73.7,110.75,48.75,78.62903225806451,0.10758870967741938,12.541207990040768,0.1626275611525407,35.25
5,410.0,341.48711115461276,13.064506572912585,8.109633078736417,0.3420752565564424,1082.851666636961,161.74036608686643,185.2090894955543,1429.8011222193818,0.8732852503480872,,,175.7020925244649,107.5,36.5,3.418,3.053,0.88,66.1,79.1,37.5,103.45,42.8,15.73,4.69,5.2,6.25,0.1295348609099334,0.1131208834385358,0.8732852503480872,19.33879461673493,21.65083524402227,0.8399153061903528,710.0,31,44.97903225806452,44.8,36.5,40.1,50.25,13.75,37.67123287671233,0.05204032258064519,5.396353308694499,0.11997486468213106,103.5,98.0,107.5,169.0,108.5,1.0,0.9302325581395349,0.03637096774193565,28.16913204200655,0.2721655269759087,31.338709677419356,32.0,37.5,20.0,32.0,-5.5,-14.666666666666666,0.0006854838709677909,5.025579729036565,0.16036332640260784,78.13548387096773,77.25,66.1,66.7,93.6,27.5,41.60363086232981,0.10780645161290327,12.555829944348474,0.16069305931582972,36.5
5,420.0,340.0421662173666,13.060744334762436,8.059338907733741,0.3409090909090909,1016.1010181241836,175.24298202968663,196.2092057504615,1387.5532059043317,0.8931435268769208,,,176.4487053692216,93,35.0,3.272,2.948,0.86,63.1,75.5,34.0,102.1,43.4,15.87,4.87,5.3,6.5,0.1414066177178287,0.126296405272238,0.8931435268769208,19.284841075794624,21.404341926729987,0.8353125845512414,720.0,31,45.53387096774194,44.9,35.0,50.6,53.7,18.700000000000003,53.42857142857144,0.0518447580645161,5.379705492198964,0.11814733467335048,102.70967741935483,98.0,93.0,133.0,83.0,-10.0,-10.75268817204301,0.026552419354838652,28.395942842111673,0.2764680364652833,31.338709677419356,32.0,34.0,35.0,37.5,3.5,10.294117647058824,0.008387096774193508,5.025579729036565,0.16036332640260784,79.44516129032256,78.55,63.1,85.2,106.7,43.6,69.09667194928684,0.11731854838709671,13.35086985205277,0.1680513908614731,35.0
6,0.0,475.8640420417349,45.09383551496165,4.820620842789705,0.0,7020.748433007805,3168.4028744075204,848.4250681762645,11037.57637559159,3.7344522141692176,,,126.08643372708922,95.5,9.4,0.812,0.8655,1.06,21.4,25.9,17.5,111.95,38.4,16.99,4.215,1.5,1.0,0.0768669714533042,0.2870560317402742,3.7344522141692176,26.354679802955665,24.725592143269782,0.1160995864142538,300.0,31,21.81451612903226,22.0,9.4,24.9,29.2,19.799999999999997,210.6382978723404,0.060471774193548426,5.938703471695752,0.2722363144141491,105.48387096774194,103.0,95.5,99.0,137.0,41.5,43.455497382198956,0.09403225806451654,14.600504483845608,0.13841456850128864,22.258064516129032,22.0,17.5,23.0,22.0,4.5,25.714285714285715,0.024032258064516206,4.102582454466812,0.18431892186734952,31.470967741935485,31.7,21.4,34.9,41.9,20.5,95.7943925233645,0.06808669354838716,6.675137628962522,0.2121046192064762,9.4
6,10.0,472.8396456517432,45.11761186346401,4.569440982927904,0.0,6204.312356308782,3147.5904166743885,825.6613445805025,10177.564117563674,3.812205133902204,,,126.89291296058391,91.5,10.15,0.8795,0.953,1.08,21.5,26.05,16.0,109.9,39.7,16.785,4.48,3.0,2.0,0.0811256342915726,0.3092675595374058,3.812205133902204,24.4457077885162,22.56033578174187,0.1287069322243754,310.0,31,22.467741935483872,23.15,10.15,21.85,29.65,19.5,192.11822660098522,0.05720161290322577,5.633509095686524,0.2507376625502975,106.41935483870968,105.0,91.5,114.5,124.5,33.0,36.0655737704918,0.09909274193548405,14.866122995025494,0.13969378988959996,22.467741935483872,22.5,16.0,21.5,24.0,8.0,50.0,0.022016129032258056,4.016498234098471,0.17876732987372948,32.190322580645166,33.2,21.5,34.0,43.7,22.200000000000003,103.2558139534884,0.0689858870967742,6.754768924678804,0.2098384975098135,10.15
6,20.0,467.5450107927786,43.93855840581588,4.349645266508559,0.0,4579.9089050051225,2719.7918222708863,716.196341993573,8015.897069269582,3.797550563718592,,,128.329890416888,100,11.4,0.983,1.064,1.04,22.5,27.2,17.0,108.3,40.5,16.41,4.52,3.1,2.0,0.0893469983215283,0.3392997438424838,3.797550563718592,22.88911495422177,21.14661654135338,0.1260319749407893,320.0,31,23.138709677419353,23.6,11.4,23.15,30.95,19.549999999999997,171.49122807017542,0.054385080645161295,5.349014078585251,0.23117166657764224,106.90322580645162,106.5,100.0,101.0,106.5,6.5,6.5,0.08951612903225813,14.606174125370584,0.1366298726271841,22.758064516129032,23.0,17.0,24.0,25.0,8.0,47.05882352941177,0.019375000000000017,3.855452778731995,0.16941039849850015,33.035483870967745,33.6,22.5,34.45,47.7,25.200000000000003,112.00000000000001,0.07146975806451614,7.0069750195595235,0.21210450698793595,11.4
6,30.0,462.9742868964174,43.88065655275773,4.045868686514551,0.0,4168.574942594983,2677.920685776379,718.5382582811611,7565.033886652523,3.7269006276469128,,,129.59683010089927,100,12.6,1.086,0.997,0.92,21.9,26.5,20.0,102.6,42.1,16.06,4.63,3.1,2.0,0.0949814989657778,0.3539866081104021,3.7269006276469128,20.16574585635359,21.965897693079235,0.1204468551692286,330.0,31,23.738709677419354,24.4,12.6,22.0,30.0,17.4,138.09523809523807,0.050961693548387074,5.021548726528821,0.21153419013778157,107.7741935483871,107.0,100.0,105.0,127.0,27.0,27.0,0.09721774193548388,14.981009484053146,0.13900367973829617,22.951612903225808,23.0,20.0,23.5,23.0,3.0,15.0,0.015806451612903203,3.7044001734641587,0.1614004292022332,33.72096774193548,34.0,21.9,31.65,43.75,21.85,99.7716894977169,0.07115322580645157,6.981329555721561,0.20703230136066236,12.6
6,40.0,458.38834032600306,44.00350816312736,3.9962471539509896,0.0,4220.986256821691,2844.377547726889,773.4285423093226,7838.792346857903,3.6776216445724574,,,130.89338170628065,107,10.0,0.868,0.764,0.88,15.6,18.9,18.0,94.2,44.5,14.97,5.45,3.2,2.0,0.0986667981604772,0.362859152515633,3.6776216445724574,17.972350230414747,20.418848167539267,0.1173066079885805,340.0,31,24.22741935483871,24.5,10.0,24.4,27.75,17.75,177.5,0.046201612903225886,4.62274879823822,0.19080648791077134,109.06451612903226,107.0,107.0,129.0,140.0,33.0,30.8411214953271,0.11169354838709682,15.978496975354028,0.14650500036556488,23.032258064516128,23.0,18.0,20.0,22.5,4.5,25.0,0.0136290322580646,3.6650045108452636,0.15912484570896804,34.39032258064517,34.45,15.6,31.7,42.65,27.049999999999997,173.39743589743588,0.06892741935483883,6.802627180666289,0.19780643710782753,10.0
6,50.0,453.0973332216692,42.38629120895719,3.537003434380581,0.0,4479.444351106935,3095.2759042302205,826.3499370341158,8401.070192371271,3.745720505939159,,,132.4218784811213,107,17.8,1.54,1.245,0.8,25.5,30.85,15.0,91.7,45.1,14.825,5.17,3.25,2.5,0.0983624607475005,0.3684382862365483,3.745720505939159,16.558441558441558,20.481927710843372,0.1130145071421283,350.0,31,25.006451612903227,24.9,17.8,26.35,34.15,16.349999999999998,91.85393258426964,0.04302419354838709,4.156596001848224,0.1662209443463557,110.40322580645162,107.0,107.0,100.0,148.5,41.5,38.78504672897196,0.13421370967741952,17.468743207435153,0.15822674636391226,23.177419354838708,23.0,15.0,24.0,22.5,7.5,50.0,0.010060483870967757,3.5462383523408154,0.15300402076905398,35.37580645161292,34.9,25.5,36.95,46.15,20.65,80.98039215686275,0.06391733870967745,6.173543970953015,0.17451316564039884,17.8
6,60.0,449.1089416229385,41.520111276157266,3.220880636992626,0.0,5344.154794235393,3401.8119895587843,901.7975807383708,9647.764364532548,3.77225672614187,,,133.59787445598135,99,19.5,1.683,1.177,0.77,23.1,27.9,18.0,86.8,45.7,14.97,5.18,3.3,2.5,0.0934721813950588,0.3526010649746635,3.77225672614187,13.725490196078432,19.626168224299064,0.1146534433108592,360.0,31,25.587096774193547,25.05,19.5,24.5,35.8,16.299999999999997,83.58974358974358,0.04490322580645159,4.368198861123722,0.17071881580286863,110.33870967741936,107.0,99.0,112.0,105.0,6.0,6.0606060606060606,0.12874999999999998,17.48541635038287,0.1584703718350735,23.467741935483872,23.5,18.0,30.0,24.0,6.0,33.333333333333336,0.00528225806451611,3.206596024527588,0.1366384560279797,36.230645161290326,36.0,23.1,36.0,52.0,28.9,125.1082251082251,0.06760080645161293,6.581687694142423,0.18166079198541166,19.5
6,70.0,444.3156528189911,40.12374855337444,3.123861618492138,0.0,6405.142829946841,3664.229764747851,935.548897474368,11004.921492169058,3.916663014236776,,,135.03913179588855,90,19.1,1.6505,1.318,0.78,26.75,32.4,19.0,93.8,42.25,15.04,4.99,3.35,2.5,0.0850118647497931,0.3329628264368141,3.916663014236776,16.207209936382913,20.295902883156295,0.1167503862145577,370.0,31,26.077419354838714,26.1,19.1,26.1,34.7,15.600000000000001,81.67539267015708,0.04648790322580649,4.512849039311297,0.17305581422396116,112.14516129032258,108.5,90.0,108.5,155.0,65.0,72.22222222222223,0.14844758064516145,19.093713428066273,0.17025891450310787,23.79032258064516,24.0,19.0,30.0,28.0,9.0,47.36842105263158,0.004495967741935536,3.14052594732259,0.1320085482942377,37.179032258064524,36.85,26.75,37.65,52.5,25.75,96.26168224299066,0.06896975806451616,6.742783478079217,0.18135984366878286,19.1
6,80.0,439.83616087793257,39.073053422733615,3.0573417675252874,0.0,7772.517017613588,3853.4687999905946,955.9114411291694,12581.897258733352,4.03119853387118,,,136.41443186535034,122,20.1,1.733,1.366,0.78,28.1,34.0,21.0,94.8,43.3,15.02,4.89,3.4,2.5,0.0759751428160527,0.3062708843307254,4.03119853387118,16.21465666474322,20.571010248901903,0.1175603044871408,380.0,31,26.69354838709678,26.2,20.1,26.2,38.2,18.1,90.0497512437811,0.04931854838709677,4.821751789814636,0.18063360179366003,113.7258064516129,112.0,122.0,118.0,139.0,17.0,13.934426229508198,0.1504032258064515,19.227081035905847,0.16906524240904305,23.822580645161292,24.0,21.0,18.0,20.0,-1.0,-4.761904761904762,-0.0008870967741935868,3.094479996964418,0.12989692607433576,38.13225806451613,36.95,28.1,33.6,56.3,28.199999999999996,100.35587188612098,0.07380645161290324,7.286134644962042,0.1910753523338324,20.1
6,90.0,435.5568109556686,38.38316141454775,3.108938104504246,0.0,8061.549130947564,3937.7438210768487,943.9631336369044,12943.256085661316,4.171501704632782,,,137.75470499095664,101.5,21.05,1.8195,1.395,0.76,28.9,35.0,25.0,92.3,44.45,14.895,4.915,3.5,3.0,0.0729308859679163,0.3042313151355419,4.171501704632782,15.883484473756528,20.7168458781362,0.1266875621316135,390.0,31,27.237096774193553,26.35,21.05,25.05,36.95,15.900000000000002,75.53444180522567,0.05126814516129031,5.000132793935502,0.1835780382684912,112.91935483870968,108.5,101.5,96.0,97.0,-4.5,-4.433497536945813,0.14562499999999995,19.392050250121205,0.17173362598307595,23.887096774193548,24.0,25.0,30.0,23.0,-2.0,-8.0,-0.0032056451612903353,3.054258440874955,0.1278622709886882,38.791935483870965,37.4,28.9,36.85,48.55,19.65,67.99307958477509,0.07363508064516129,7.273297014584623,0.18749507916687316,21.05
6,100.0,431.5512709384006,37.85258016232356,3.066192441949055,0.0,8665.771915016858,3910.12503262603,901.9851602509946,13477.882107893884,4.3350214670249825,,,139.03330621534508,66.5,21.4,1.8505,1.49,0.795,30.9,37.35,22.5,96.05,43.05,15.205,4.87,3.5,3.0,0.0669233602898714,0.29011420350204,4.3350214670249825,16.69818967846528,20.73825503355705,0.1210406917162039,400.0,31,27.903225806451616,27.15,21.4,27.4,41.7,20.300000000000004,94.85981308411218,0.05602419354838708,5.499029239842717,0.19707503634118406,113.93548387096774,112.0,66.5,117.0,133.0,66.5,100.0,0.15040322580645163,19.597934387533407,0.17200905040020828,23.887096774193548,24.0,22.5,21.0,25.0,2.5,11.11111111111111,-0.0018145161290322725,3.054258440874955,0.1278622709886882,39.68709677419355,37.5,30.9,38.2,56.65,25.75,83.33333333333334,0.07805443548387098,7.709831037296207,0.19426543294820972,21.4
6,110.0,427.62571326676175,37.5895443071294,3.032065370363286,0.0,9679.861149034914,3770.278127474967,845.5794976519088,14295.718774161787,4.4588097724042015,,,140.30961688819391,85,20.95,1.81,1.4145,0.795,30.3,36.65,27.5,96.0,43.3,15.2,4.78,3.6,3.0,0.0591491418521898,0.2637347717198663,4.4588097724042015,16.740331491712706,21.42099681866384,0.1201076427783222,410.0,31,28.53548387096775,27.25,20.95,29.5,41.0,20.05,95.70405727923628,0.059750000000000004,5.842433761547025,0.20474276125701757,114.95161290322581,112.0,85.0,107.0,98.0,13.0,15.294117647058824,0.11016129032258058,17.789676237783567,0.15475795239828555,24.06451612903226,24.0,27.5,25.5,28.0,0.5,1.8181818181818181,-0.0002217741935483877,3.1298081290601796,0.13005905093949807,40.48548387096775,37.65,30.3,42.95,55.65,25.349999999999998,83.66336633663366,0.08204032258064516,8.04380914687798,0.19868378435378456,20.95
6,120.0,423.5488115730933,37.21218007450568,2.982957871578511,0.0,9585.482445027745,3537.086739264166,765.0910036390791,13887.660187930993,4.623092837898192,,,141.66017790760722,103,22.0,1.905,1.498,0.79,30.2,36.6,20.0,97.6,42.9,15.04,5.0,3.6,3.0,0.0550914260059428,0.2546927769976727,4.623092837898192,15.853018372703412,20.16021361815754,0.1191754880277508,420.0,31,29.254838709677426,27.4,22.0,27.25,43.25,21.25,96.5909090909091,0.0637560483870968,6.236870941408436,0.21319108962803118,116.14516129032258,114.5,103.0,121.0,122.0,19.0,18.446601941747574,0.09510080645161301,16.93378946976877,0.1457984928656664,24.096774193548388,24.0,20.0,24.5,28.5,8.5,42.5,0.00467741935483869,3.171275649846892,0.1316058167941816,41.5516129032258,38.2,30.2,38.75,63.35,33.150000000000006,109.76821192052982,0.0892983870967742,8.803204756138223,0.21186192643450427,22.0
6,130.0,419.3501619397759,36.565197350543485,2.97246223170874,0.0,8472.902149648928,3192.9935488293017,673.4495971930019,12339.345295671232,4.741250959445197,,,143.07851873112375,93,23.6,2.039,1.552,0.79,33.2,40.2,27.0,94.8,43.5,15.03,4.96,3.7,3.0,0.0545774172823622,0.2587652320540407,4.741250959445197,16.282491417361452,21.39175257731959,0.1298047702320694,430.0,31,30.025806451612908,27.75,23.6,27.15,45.9,22.299999999999997,94.49152542372879,0.06914314516129033,6.765006417436497,0.22530640195587814,117.24193548387096,117.0,93.0,128.0,137.0,44.0,47.31182795698925,0.09923387096774193,17.15365411398882,0.14630988513788787,24.161290322580644,24.0,27.0,25.0,22.0,-5.0,-18.51851851851852,0.0007661290322581065,3.1048003069821677,0.12850308346655168,42.67741935483871,38.75,33.2,37.5,65.1,31.89999999999999,96.08433734939756,0.09621774193548387,9.506610320453143,0.22275504152233366,23.6
6,140.0,415.39731601074897,35.7153382108034,2.947716516320774,0.0,7691.796423476847,2838.4327918377944,581.051044288295,11111.280259602936,4.88499731605245,,,144.44002810660294,93,20.4,1.7635,1.485,0.85,31.3,37.9,24.5,100.15,41.9,15.47,4.815,3.75,3.5,0.0522937978984123,0.2554550623799337,4.88499731605245,17.748795009923448,21.077441077441076,0.1242022656068952,440.0,31,30.619354838709683,29.2,20.4,31.8,42.0,21.6,105.88235294117648,0.07223991935483871,6.986005981237955,0.22815653752462767,117.91935483870968,117.0,93.0,123.0,114.0,21.0,22.580645161290324,0.08163306451612891,16.56909612008329,0.14051209950009083,24.161290322580644,24.0,24.5,20.0,27.0,2.5,10.204081632653061,0.0043145161290322,3.1048003069821677,0.12850308346655168,43.52258064516129,41.9,31.3,37.4,59.4,28.099999999999998,89.77635782747603,0.10021774193548383,9.796171349985645,0.22508250211203304,20.4
6,150.0,411.37494097699175,34.66886262149746,2.9129044333953926,0.0,6636.9200468634235,2435.5789825096404,489.6074347239092,9562.106464096974,4.974554734617274,,,145.85234544793482,99,24.9,2.149,1.753,0.82,34.9,42.3,23.0,95.2,44.3,14.96,5.12,3.8,3.5,0.0512028846951503,0.2547115524863225,4.974554734617274,16.240111679851093,19.90872789503708,0.1188305764123986,450.0,31,31.45483870967742,29.5,24.9,29.2,46.3,21.4,85.94377510040161,0.07513104838709678,7.266215828966153,0.2310047079252905,118.98387096774194,118.0,99.0,137.0,126.0,27.0,27.272727272727273,0.07044354838709684,15.963752624288011,0.13416736650479283,24.177419354838708,24.0,23.0,22.0,25.0,2.0,8.695652173913043,0.0050403225806451585,3.107915665674704,0.12854621165565822,44.538709677419355,42.65,34.9,41.9,62.8,27.9,79.94269340974212,0.10399193548387095,10.114623981126034,0.22709737337213518,24.9
6,160.0,407.449112457483,33.86608483350062,2.937880587876149,0.0,5525.02870817145,2059.5158959228493,406.67897593084626,7991.223580025146,5.064230063058533,,,147.25765295724125,114.5,21.85,1.888,1.616,0.855,34.0,41.15,21.5,99.75,42.75,15.485,4.85,3.85,3.5,0.0508907017627914,0.2577222217972743,5.064230063058533,18.008474576271187,21.03960396039604,0.1349338518324713,460.0,31,31.948387096774198,29.65,21.85,29.65,40.2,18.35,83.9816933638444,0.0761915322580645,7.325520275845802,0.2292923349669021,118.46774193548387,118.0,114.5,124.5,83.0,-31.5,-27.510917030567686,0.035786290322580516,16.864625444932045,0.14235626651950808,24.112903225806452,24.0,21.5,24.0,21.0,-0.5,-2.3255813953488373,0.00235887096774191,3.1535949788015865,0.13078454092688854,45.13870967741936,42.95,34.0,43.7,53.5,19.5,57.35294117647059,0.10319354838709678,10.075396681003179,0.22320967420217147,21.85
6,170.0,403.8791012989204,32.92998046029348,2.933534038747494,0.0,4569.964242126634,1701.8714425793016,342.6414612936072,6614.477145999543,4.966916251623673,,,148.55930848373507,101,23.15,2.0,1.7025,0.835,34.45,41.75,24.0,98.3,42.9,15.335,4.905,3.9,3.5,0.0518017454336262,0.2572949312567508,4.966916251623673,17.225,20.23494860499266,0.1399068166236477,470.0,31,32.69838709677419,30.0,23.15,30.95,45.1,21.950000000000003,94.81641468682508,0.07763104838709681,7.446357989771104,0.22772860226202757,118.1774193548387,118.0,101.0,106.5,105.5,4.5,4.455445544554456,0.025383064516128998,17.012029267108208,0.14395329801565565,24.14516129032258,24.0,24.0,25.0,22.5,-1.5,-6.25,-0.0003024193548387329,3.1310103491447636,0.1296744433179528,45.987096774193546,43.7,34.45,47.7,60.3,25.849999999999994,75.03628447024671,0.10517741935483872,10.212557366154142,0.2220744096175494,23.15
6,180.0,400.34036075367646,31.76893837777637,2.908805017384264,0.0,3596.257603675046,1398.8939889008027,282.94348971342083,5278.095082289269,4.944075547798155,,,149.8724732301401,105,22.0,1.9005,1.5445,0.815,31.65,38.35,23.5,96.35,44.25,15.06,4.975,4.0,4.0,0.0536071225133556,0.2650376636061016,4.944075547798155,16.65351223362273,20.492068630624797,0.1352154216849672,480.0,31,33.55483870967742,30.95,22.0,30.0,49.7,27.700000000000003,125.90909090909093,0.0817540322580645,7.82856260581202,0.2333065187273338,118.75806451612904,119.0,105.0,127.0,119.0,14.0,13.333333333333334,0.014798387096773948,16.71071062110662,0.1407122176434348,24.387096774193548,24.0,23.5,23.0,31.5,8.0,34.04255319148936,0.004052419354838658,3.3978171360923155,0.13932848044822987,47.16129032258064,43.75,31.65,43.75,70.85,39.199999999999996,123.85466034755133,0.11277217741935482,10.910558415875721,0.23134562988518972,22.0
6,190.0,396.8057998758278,30.513979063727277,2.9243940836476345,0.0,2782.463651290106,1135.9570918960685,249.24762590301995,4167.668369089194,4.557544280634629,,,151.20746727687893,129,24.4,2.111,1.626,0.76,31.7,38.4,20.0,92.6,45.3,14.59,5.21,4.0,4.0,0.0598050525688757,0.2725641752883331,4.557544280634629,15.016579819990524,19.49569495694957,0.1491042047196321,490.0,31,34.41129032258065,31.8,24.4,27.75,48.55,24.15,98.97540983606558,0.08336895161290318,7.973275254220809,0.2317052101062527,118.2258064516129,119.0,129.0,140.0,88.5,-40.5,-31.3953488372093,-0.012379032258064656,17.411604707625994,0.14727414623094293,24.629032258064516,24.0,20.0,22.5,31.0,11.0,55.0,0.007479838709677425,3.593901644766877,0.1459213503441692,48.40322580645161,46.15,31.7,42.65,70.15,38.45,121.29337539432179,0.1166693548387096,11.271312667445253,0.2328628408469196,24.4
6,200.0,393.191360113189,29.376196724371056,2.896022321369832,0.0,2185.1004446422776,923.1980237357968,213.8857470946322,3322.184215472707,4.31631390252168,,,152.59745275869656,100,26.35,2.2765,1.821,0.82,36.95,44.75,24.0,96.3,43.3,15.145,4.96,4.1,4.0,0.0643810617419957,0.277888871856083,4.31631390252168,16.231056446299146,20.29104887424492,0.1505977506383884,500.0,31,35.25322580645162,34.15,26.35,34.15,50.5,24.15,91.65085388994306,0.08664112903225804,8.253968091003978,0.23413369705002818,117.41935483870968,118.0,100.0,148.5,104.0,4.0,4.0,-0.014032258064516218,17.474789829062107,0.14882375953322124,25.06451612903226,24.5,24.0,22.5,33.5,9.5,39.583333333333336,0.009858870967741941,3.8247917927731065,0.1525978707541394,49.795161290322575,47.7,36.95,46.15,74.85,37.89999999999999,102.57104194857912,0.12188911290322577,11.792153852164509,0.23681324744410961,26.35
6,210.0,390.00193277994794,28.5978406555146,2.9490929427068076,0.0,2028.181372696759,755.2506118573529,198.04492096947692,2981.4769055235884,3.8135318399493494,,,153.84539141208307,112,24.5,2.118,1.827,0.83,36.0,43.6,30.0,97.3,43.8,15.16,5.08,4.1,4.0,0.0664251064975791,0.2533142586005443,3.8135318399493494,16.997167138810198,19.704433497536947,0.1749202526403142,510.0,31,36.04838709677419,34.7,24.5,35.8,51.0,26.5,108.16326530612245,0.09042137096774194,8.549722060501614,0.23717349787521255,117.54838709677419,118.0,112.0,105.0,104.0,-8.0,-7.142857142857143,-0.03338709677419338,17.356245196234926,0.1476519212632499,25.35483870967742,25.0,30.0,24.0,33.0,3.0,10.0,0.013971774193548371,4.074705609789696,0.16070721870671828,51.11290322580644,48.55,36.0,52.0,77.8,41.8,116.11111111111111,0.13054032258064513,12.565945830842018,0.24584684175203703,24.5
6,220.0,386.7767885981912,27.97854811576864,2.912317710337062,0.0,2014.1070533813436,615.0539650129776,181.8798266818236,2811.0408450761447,3.3816502700375835,,,155.12823356711792,108.5,26.1,2.2545,1.9,0.85,37.65,45.55,30.0,98.45,43.3,15.21,5.07,4.2,4.0,0.0647019508807233,0.2187993696677563,3.3816502700375835,16.69993346640053,19.815789473684212,0.1744512322354783,520.0,31,36.97096774193548,35.8,26.1,34.7,53.1,27.0,103.44827586206895,0.09328427419354839,8.801399265586015,0.23806245286900488,116.70967741935483,118.0,108.5,155.0,86.0,-22.5,-20.737327188940093,-0.05604838709677423,18.239048857487234,0.1562770908187132,25.483870967741936,25.0,30.0,28.0,34.0,4.0,13.333333333333334,0.022197580645161277,4.2846311995467055,0.16813109770373147,52.54193548387096,52.0,37.65,52.5,80.3,42.65,113.28021248339974,0.13844354838709674,13.288178309900077,0.25290614415944407,26.1
6,230.0,383.73279449423814,27.37904951571187,2.933701593673325,0.0,2106.7100419088047,514.7059119153613,162.56354729805787,2783.979501122224,3.166182828009133,,,156.358801908188,118,26.2,2.262,1.903,0.87,33.6,40.7,18.0,92.3,47.6,14.97,5.38,4.3,4.5,0.0583925087208897,0.1848813583964547,3.166182828009133,14.854111405835544,17.65633210719916,0.1783036381923004,530.0,31,37.667741935483875,36.95,26.2,38.2,47.7,21.500000000000004,82.0610687022901,0.0927600806451613,8.767026751671068,0.23274627841209478,116.53225806451613,118.0,118.0,139.0,103.0,-15.0,-12.711864406779661,-0.06963709677419345,18.347995114757985,0.15744992347612388,25.451612903225808,25.0,18.0,20.0,29.0,11.0,61.111111111111114,0.027237903225806468,4.253145578489873,0.16710711398375924,53.71451612903225,52.5,33.6,56.3,74.0,40.4,120.23809523809523,0.14181451612903223,13.531846348203848,0.2519215907241506,26.2
6,240.0,380.44120274777634,25.69085261861623,2.899976990693755,0.0,2126.8266722962862,430.4430280563984,152.77075184386652,2710.040452196551,2.81757484898887,,,157.7116242053798,96,25.05,2.165,1.8325,0.845,36.85,44.6,30.0,97.55,44.25,15.24,4.985,4.3,4.5,0.0563721296927661,0.1588326948062765,2.81757484898887,17.02078521939954,20.109140518417465,0.2063074335770517,540.0,31,38.461290322580645,38.2,25.05,36.95,50.8,25.749999999999996,102.79441117764469,0.09330443548387098,8.807664367634773,0.229000750982704,115.14516129032258,117.0,96.0,97.0,75.0,-21.0,-21.875,-0.0938104838709679,19.80117570094728,0.17196706730056469,25.870967741935484,25.0,30.0,23.0,31.0,1.0,3.3333333333333335,0.025786290322580677,4.133133883498662,0.1597595391377288,55.10483870967741,53.5,36.85,48.55,76.7,39.85,108.14111261872455,0.14273991935483873,13.610218923286462,0.2469877281556449,25.05
6,250.0,377.6538363020177,24.932504012525264,2.941633843124115,0.0,2333.9591324738526,371.450297217162,136.83517723519742,2842.2446069262123,2.7145819132363846,,,158.8756533960289,117,27.4,2.363,1.972,0.81,38.2,46.2,21.0,94.0,46.1,14.75,5.47,4.3,4.5,0.0481433501190384,0.1306890674757485,2.7145819132363846,16.16589081675836,19.371196754563897,0.2071245888403464,550.0,31,39.27258064516129,40.2,27.4,41.7,50.2,22.800000000000004,83.2116788321168,0.09175201612903225,8.688650055385258,0.22123960057246128,115.38709677419355,117.0,117.0,133.0,103.5,-13.5,-11.538461538461538,-0.1132056451612903,19.604297861021596,0.16990026102646616,25.741935483870968,25.0,21.0,25.0,26.0,5.0,23.80952380952381,0.028528225806451615,4.061754480808212,0.15778745476823883,56.38548387096774,55.65,38.2,56.65,76.55,38.349999999999994,100.39267015706804,0.14393346774193544,13.702744211461118,0.24301900543796714,27.4
6,260.0,374.8857214095744,24.162712554459443,2.9966872335980614,0.0,2447.691067228522,325.3654477296662,133.9107209964047,2906.967235954593,2.4297191838613257,,,160.04877372869615,107,29.5,2.55,2.2255,0.875,42.95,52.0,25.5,98.2,44.55,15.16,5.195,4.4,4.5,0.0460654386950566,0.1119260801103671,2.4297191838613257,16.84313725490196,19.299033924960685,0.2528026727791782,560.0,31,40.12903225806452,41.0,29.5,41.0,53.95,24.450000000000003,82.8813559322034,0.09296975806451611,8.787318269278256,0.21897658066529413,115.25806451612904,114.0,107.0,98.0,113.0,6.0,5.607476635514018,-0.11360887096774165,19.60649168334387,0.17010949963158686,26.161290322580644,25.0,25.5,28.0,34.0,8.5,33.333333333333336,0.030463709677419345,4.223716958584768,0.1614491069249418,57.81935483870967,56.3,42.95,55.65,82.65,39.7,92.43306169965076,0.14808669354838705,14.057421986382346,0.24312657976894264,29.5
6,270.0,372.41908482142856,23.73460741390416,3.010952808711021,0.0,2681.573708416881,295.22924741340915,131.7340457039736,3108.5370015342637,2.2411005889611415,,,161.10882187675594,121,27.25,2.3525,2.033,0.865,38.75,46.9,24.5,95.8,45.95,15.13,5.285,4.5,5.0,0.042378149476411,0.094973695750668,2.2411005889611415,16.47183846971307,19.060501721593702,0.2543430728239716,570.0,31,40.76774193548387,41.7,27.25,43.25,49.3,22.049999999999997,80.91743119266053,0.0916592741935484,8.708219760539434,0.21360564375433017,114.8225806451613,114.0,121.0,122.0,93.5,-27.5,-22.727272727272727,-0.13209677419354837,19.943064118926483,0.173685907483276,26.193548387096776,25.0,24.5,28.5,26.5,2.0,8.16326530612245,0.030241935483870965,4.222316542994771,0.1611968138335442,58.798387096774185,56.65,38.75,63.35,73.3,34.55,89.16129032258063,0.14785685483870967,14.044183160481825,0.23885320421063594,27.25
6,280.0,369.89535108024694,23.103416704613817,3.0242776625165027,0.0,2722.44940455663,273.9457239046092,128.87036591454293,3125.265494375782,2.1257464581598944,,,162.20804025996884,128,27.15,2.347,1.957,0.85,37.5,45.35,25.0,96.1,46.05,15.01,5.185,4.5,5.0,0.0412350138400905,0.0876551846227468,2.1257464581598944,15.977844056242011,19.161982626469083,0.2559759010262991,580.0,31,41.604838709677416,42.0,27.15,45.9,53.2,26.050000000000004,95.94843462246779,0.09045766129032262,8.612204081405931,0.20700005933210613,114.59677419354838,114.0,128.0,137.0,114.0,-14.0,-10.9375,-0.128608870967742,19.910390651968097,0.17374302891231838,26.5,25.0,25.0,22.0,34.0,9.0,36.0,0.03387096774193549,4.43471156521669,0.16734760623459208,60.24516129032258,59.4,37.5,65.1,83.6,46.099999999999994,122.93333333333331,0.14992338709677425,14.219079639922255,0.23602027673891085,27.15
6,290.0,367.4771178002451,22.51693032429597,3.036577346205131,0.0,2762.6445555828464,259.36916525589214,131.37099165331168,3153.3847124920503,1.9743260060057088,,,163.27547238632442,123,31.8,2.75,2.064,0.91,37.4,45.2,20.0,90.1,49.0,14.83,5.56,4.6,5.0,0.0416603122140121,0.0822510378224414,1.9743260060057088,13.6,18.120155038759687,0.2578787808243334,590.0,31,42.54032258064517,43.25,31.8,42.0,56.15,24.349999999999998,76.57232704402516,0.08992943548387097,8.564640675035534,0.20132994193448456,113.38709677419355,113.0,123.0,114.0,90.5,-32.5,-26.422764227642276,-0.13453629032258066,20.205902469913482,0.17820283828373198,26.79032258064516,26.0,20.0,27.0,34.0,14.0,70.0,0.037439516129032256,4.623804698781417,0.17259234878052251,62.004838709677415,60.3,37.4,59.4,92.05,54.65,146.12299465240642,0.15448588709677416,14.67842154796574,0.23673025933820876,31.8
6,300.0,365.02681086327647,21.87473312320236,3.131403990459176,0.0,2663.680076077416,246.02384512301197,137.17714907824927,3046.8810702786773,1.7934754204774574,,,164.37148783154302,137,29.2,2.519,2.188,0.87,41.9,50.8,22.0,95.9,46.3,15.08,5.28,4.6,5.0,0.0450221541025566,0.0807461267598836,1.7934754204774574,16.633584755855498,19.14990859232175,0.309536191032447,600.0,31,43.31129032258065,45.1,29.2,46.3,55.7,26.500000000000004,90.75342465753427,0.09095967741935483,8.640965510070998,0.19950838328097487,111.61290322580645,106.5,137.0,126.0,68.0,-69.0,-50.36496350364963,-0.15578629032258048,21.69358955906074,0.19436453073146906,27.370967741935484,26.5,22.0,25.0,38.0,16.0,72.72727272727273,0.03983870967741935,4.866497272055614,0.17779777894369364,63.75967741935484,62.8,41.9,62.8,91.8,49.9,119.09307875894989,0.15663306451612902,14.889114700315119,0.23351929154828802,29.2
6,310.0,362.5174977300242,20.828314200449388,3.2230597629609505,0.0,2349.751564727086,233.43932234800064,139.54498972494014,2722.7358768000267,1.672860650949471,,,165.5092523138938,124.5,29.65,2.5625,2.255,0.86,43.7,52.95,24.0,97.15,46.2,15.2,5.175,4.7,5.0,0.0512517541322973,0.0857370427800572,1.672860650949471,17.053658536585367,19.37915742793792,0.3184302413354147,610.0,31,44.18225806451614,45.9,29.65,40.2,56.2,26.550000000000004,89.54468802698148,0.0896512096774194,8.531242078258561,0.19309203404228475,111.12903225806451,106.5,124.5,83.0,122.0,-2.5,-2.0080321285140563,-0.13312500000000002,21.271642994816474,0.1914139137414545,27.758064516129032,27.0,24.0,21.0,34.0,10.0,41.666666666666664,0.04038306451612905,4.9021610332279915,0.17660312844865514,65.37096774193547,63.35,43.7,53.5,91.85,48.14999999999999,110.18306636155603,0.15952016129032265,15.145196016083494,0.23168076807233576,29.65
6,320.0,360.2393341982551,20.109089019051073,3.2677197828835713,0.0,2163.56944171695,217.73961624398825,154.81209470516984,2536.121152666108,1.4064767785660417,,,166.5559374118192,106.5,30.95,2.6705,2.5155,0.94,47.7,57.75,25.0,98.05,46.0,15.22,5.35,4.75,5.5,0.0610428624604242,0.0858553685477874,1.4064767785660417,17.861823628533983,18.96243291592129,0.3273917231612445,620.0,31,45.05161290322581,46.3,30.95,45.1,56.6,25.650000000000002,82.87560581583199,0.08778629032258062,8.372668669257209,0.18584614689028603,109.95161290322581,105.5,106.5,105.5,88.0,-18.5,-17.370892018779344,-0.13848790322580645,21.515635724866726,0.19568276587087238,28.112903225806452,28.0,25.0,22.5,35.0,10.0,40.0,0.04233870967741932,5.017817715267855,0.1784880656033316,66.9032258064516,65.1,47.7,60.3,91.2,43.5,91.19496855345912,0.16116129032258059,15.281835270912712,0.22841701706764425,30.95
6,330.0,358.0550052332536,19.28419035233872,3.283108896343568,0.0,1993.3353070762264,201.26343452567193,164.45458147568826,2359.0533230775864,1.2238238224784588,,,167.5720186090213,127,30.0,2.5945,2.3335,0.91,43.75,52.9,23.0,98.35,46.25,15.13,5.385,4.8,5.5,0.0697121086102213,0.0853153392323945,1.2238238224784588,16.862593948737715,18.748660809942148,0.3904063365456959,630.0,31,45.914516129032265,47.7,30.0,49.7,57.7,27.700000000000003,92.33333333333334,0.08633870967741938,8.248415944373674,0.17964723664283827,109.56451612903226,105.0,127.0,119.0,94.5,-32.5,-25.590551181102363,-0.15006048387096765,21.687070624177544,0.19793881623715703,28.467741935483872,28.0,23.0,31.5,36.0,13.0,56.52173913043478,0.045100806451612914,5.176767788029785,0.1818468004860321,68.39354838709677,70.15,43.75,70.85,93.9,50.150000000000006,114.62857142857145,0.1651008064516129,15.596200081726552,0.22803612986205224,30.0
6,340.0,355.9784877894893,18.754296629680493,3.37090677271436,0.0,1924.7796821436652,185.49841691554923,166.23628036389317,2276.5143794231076,1.1158720377374365,,,168.54951087797608,140,27.75,2.396,2.1985,0.9,42.65,51.6,22.5,96.55,46.95,15.305,5.2,4.85,5.5,0.0730222843600132,0.0814835252490504,1.1158720377374365,17.80050083472454,19.39959062997498,0.4035461527372266,640.0,31,46.79193548387098,48.55,27.75,48.55,57.2,29.450000000000003,106.12612612612614,0.08289717741935482,7.940015709201438,0.16968769569145808,108.16129032258064,104.0,140.0,88.5,83.5,-56.5,-40.357142857142854,-0.15457661290322586,21.927299232073775,0.20272778890375398,28.887096774193548,28.5,22.5,31.0,36.0,13.5,60.0,0.046129032258064515,5.245171871062877,0.18157490564260098,69.99354838709677,70.85,42.65,70.15,93.35,50.699999999999996,118.87456037514654,0.16429637096774194,15.527828469855251,0.2218465676861982,27.75
6,350.0,353.99814141824083,18.189251317316973,3.3948451731754457,0.0,1836.4001764460368,167.99961543209713,180.46099558906843,2184.860787467202,0.9309469610521968,,,169.49241529805477,148.5,34.15,2.9485,2.584,0.875,46.15,55.9,22.5,94.7,47.35,14.87,5.465,4.9,5.5,0.0825961070948907,0.0768925948947303,0.9309469610521968,15.652026454129215,17.85990712074303,0.4176072846603229,650.0,31,47.664516129032265,49.3,34.15,50.5,54.8,20.65,60.46852122986823,0.07545564516129033,7.232440730813574,0.15173637158582887,107.0,104.0,148.5,104.0,104.0,-44.5,-29.966329966329965,-0.13655241935483856,21.123446688454987,0.19741538961172886,29.225806451612904,29.0,22.5,33.5,33.0,10.5,46.666666666666664,0.04449596774193551,5.157258169604948,0.17646247600193532,71.39193548387097,73.3,46.15,74.85,86.0,39.85,86.34886240520044,0.15633669354838708,14.923494322567317,0.20903613582431685,34.15
6,360.0,351.9480757931845,17.25926516595673,3.4671002676378975,0.0,1659.788987275078,149.5397320547192,183.69882081113815,1993.0275401409351,0.814048404853191,,,170.47969324673292,105,35.8,3.0895,2.822,0.915,52.0,62.95,24.0,97.55,46.9,15.2,5.375,5.0,6.0,0.092170738793779,0.0750314428892159,0.814048404853191,16.831202459944976,18.42664776754075,0.4321551614664844,660.0,31,48.391935483870974,49.7,35.8,51.0,56.7,20.900000000000006,58.37988826815644,0.07220161290322581,6.9566286946838645,0.14375595076172368,105.43548387096774,104.0,105.0,104.0,100.0,-5.0,-4.761904761904762,-0.11401209677419351,19.69506788322221,0.18679733956857536,29.661290322580644,31.0,24.0,33.0,36.0,12.0,50.0,0.04425403225806452,5.140342233700971,0.17330136948855912,72.93548387096774,74.0,52.0,77.8,94.0,42.0,80.76923076923077,0.1537258064516129,14.698561117494842,0.20152825946145073,35.8
6,370.0,349.9795788916472,16.529878336172263,3.514466767257508,0.0,1509.3945176946993,127.63832860185964,191.4790714462088,1828.511917742768,0.6665915373300543,,,171.4385741877124,155,34.7,3.001,2.809,0.86,52.5,63.5,28.0,93.8,48.5,14.59,5.61,5.0,6.0,0.1047185252599189,0.0698044827399454,0.6665915373300543,17.49416861046318,18.689925240299036,0.5229760981996261,670.0,31,49.13387096774194,50.2,34.7,53.1,58.8,24.099999999999994,69.45244956772332,0.07037298387096774,6.793494278802995,0.1382649920512706,106.24193548387096,104.0,155.0,86.0,130.0,-25.0,-16.129032258064516,-0.09943548387096787,20.182447393606626,0.18996686479483998,30.112903225806452,31.0,28.0,34.0,38.0,10.0,35.714285714285715,0.045645161290322554,5.240403415481411,0.17402518037485135,74.49677419354839,74.85,52.5,80.3,100.4,47.900000000000006,91.23809523809526,0.15683064516129028,14.968711453583614,0.20093100158530008,34.7
6,380.0,348.1564543968023,15.86667202378184,3.5987015671754827,0.0,1384.374056288932,112.30063989431603,195.726407723594,1692.401103906842,0.5737633526330677,,,172.33631386772038,139,38.2,3.297,3.041,0.88,56.3,68.2,20.0,91.4,49.7,14.53,5.75,5.1,6.0,0.1156501300263674,0.0663558063363787,0.5737633526330677,17.076129814983318,18.51364682670174,0.53392133856064,680.0,31,49.8983870967742,50.5,38.2,47.7,58.4,20.199999999999996,52.87958115183245,0.06666532258064516,6.439338525435768,0.12904903144358457,104.62903225806451,104.0,139.0,103.0,105.0,-34.0,-24.46043165467626,-0.06872983870967736,18.04021791347298,0.1724207662456181,30.467741935483872,31.5,20.0,29.0,39.0,19.0,95.0,0.04965725806451612,5.460365500390012,0.17921792537013273,75.9483870967742,76.55,56.3,74.0,97.5,41.2,73.17939609236235,0.15655241935483866,14.946390221226038,0.19679667722477368,38.2
6,390.0,346.3692196531792,15.211481651557548,3.757689445432955,0.0,1248.2479626404422,102.50328371716412,199.7116387471848,1550.462885104791,0.5132564349287783,,,173.22555410691004,97,36.95,3.192,2.748,0.855,48.55,58.7,23.0,90.85,49.85,14.485,5.7,5.1,6.0,0.1288077519725258,0.0661114075686089,0.5132564349287783,15.209899749373433,17.66739446870451,0.5514975062291745,690.0,31,50.52258064516129,50.8,36.95,50.8,57.55,20.599999999999994,55.75101488497969,0.06374596774193549,6.200992376355005,0.12273704741859606,103.01612903225806,103.5,97.0,75.0,89.0,-8.0,-8.24742268041237,-0.05600806451612901,17.074095325457094,0.16574196182532328,30.967741935483872,33.0,23.0,31.0,35.5,12.5,54.34782608695652,0.045947580645161294,5.171936265189547,0.1670104418967458,77.35161290322581,76.7,48.55,76.7,99.8,51.25,105.56127703398559,0.1583024193548387,15.081597416890602,0.1949745693830471,36.95
6,400.0,344.61206896551727,14.502368912085052,3.784422107505956,0.0,1063.5616862409388,86.23654449059856,206.04536949244076,1355.8436002239782,0.4185318248259024,,,174.10881801125703,133,41.7,3.6055,3.1365,0.87,56.65,68.55,25.0,92.95,49.15,14.72,5.56,5.2,6.0,0.1519683903500397,0.0636036077290572,0.4185318248259024,15.712106503952294,18.061533556512035,0.6769258063286892,700.0,31,51.2467741935484,51.0,41.7,50.2,59.4,17.699999999999996,42.446043165467614,0.06035887096774194,5.864880440439102,0.11444389491304702,102.30645161290323,103.5,133.0,103.5,75.0,-58.0,-43.609022556390975,-0.07683467741935496,17.775300006542242,0.173745640927892,31.612903225806452,33.0,25.0,26.0,43.0,18.0,72.0,0.04808467741935484,5.387809816953074,0.17043071869953602,79.36935483870967,77.8,56.65,76.55,111.1,54.449999999999996,96.11650485436894,0.16013306451612905,15.282722692741165,0.19255193296956905,41.7
6,410.0,342.9041672625858,13.886085645785414,3.80287728497904,0.0,879.6138273668565,78.6217867914416,210.48792490085845,1168.7235390591566,0.3735216014337787,,,174.9760012512586,98,41.0,3.542,3.0995,0.895,55.65,67.35,28.0,93.95,48.8,14.985,5.59,5.25,6.5,0.180100697783759,0.0672715010555306,0.3735216014337787,15.711462450592888,17.954508791740604,0.6843915827029055,710.0,31,51.785483870967745,53.1,41.0,53.95,58.4,17.4,42.439024390243894,0.058526209677419366,5.7240311195926,0.1105335065296481,101.98387096774194,103.5,98.0,113.0,123.0,25.0,25.510204081632654,-0.044516129032257934,17.28365502961673,0.1694743969375672,32.193548387096776,33.5,28.0,34.0,43.0,15.0,53.57142857142857,0.05070564516129033,5.616460064481362,0.17445918035964147,81.09032258064516,80.3,55.65,82.65,110.0,54.35,97.6639712488769,0.16400201612903226,15.63873619869819,0.19285576504083216,41.0
6,420.0,341.3224969746583,13.565219517986334,3.831875235102775,0.0,748.1760165864572,69.08203993842272,216.257349298891,1033.515405823771,0.3194436635905672,,,175.78683072992618,122,43.25,3.735,3.434,0.91,63.35,76.7,28.5,96.05,48.05,15.01,5.55,5.3,6.5,0.2092444370739897,0.0668418095648611,0.3194436635905672,16.961178045515396,18.447874199184625,0.6960632885034905,720.0,31,52.38387096774194,53.2,43.25,49.3,59.55,16.299999999999997,37.6878612716763,0.056264112903225756,5.5250850234298685,0.10547301910605697,103.2258064516129,104.0,122.0,93.5,136.5,14.5,11.885245901639344,-0.026209677419355,18.338865245554963,0.1776577570663137,32.70967741935484,34.0,28.5,26.5,44.0,15.5,54.3859649122807,0.05514112903225801,5.943868260019994,0.18171589355090711,82.96129032258065,82.65,63.35,73.3,113.65,50.300000000000004,79.40015785319653,0.16728225806451602,15.959854373173435,0.19237712324767728,43.25
6,430.0,339.8288026147959,13.305894001726692,3.873481960724152,0.0,641.8627769559646,58.2488060358926,221.07344514602215,921.1850281378794,0.2634816949517317,,,176.55948977347705,137,45.9,3.968,3.724,0.89,65.1,78.7,22.0,91.1,51.7,14.62,5.74,5.4,6.5,0.2399881005370972,0.0632324714977609,0.2634816949517317,16.40625,17.481203007518793,0.712100253146974,730.0,31,52.87096774193548,53.95,45.9,53.2,58.35,12.450000000000003,27.124183006535954,0.05397983870967742,5.356021131921661,0.10130363336764582,104.04838709677419,104.0,137.0,114.0,147.5,10.5,7.664233576642336,0.012681451612903214,19.728302359262813,0.18960699833735767,33.193548387096776,34.0,22.0,34.0,43.5,21.5,97.72727272727273,0.058951612903225786,6.194994510832702,0.18663248769272472,84.63225806451614,83.6,65.1,83.6,115.15,50.05000000000001,76.88172043010755,0.17409879032258058,16.539309479676476,0.19542559607789706,45.9
6,440.0,338.3689863148984,12.8688303091331,3.929354341733835,0.0,544.8547604201844,51.18794933140724,230.9013213900418,826.9440311416336,0.221687554766912,,,177.3212156747777,114,42.0,3.628,3.436,0.97,59.4,71.9,27.0,93.05,50.0,14.86,5.89,5.4,6.5,0.2792224294445564,0.0619001376196403,0.221687554766912,16.37265711135612,17.28754365541327,0.7182789884751726,740.0,31,53.28064516129032,54.8,42.0,56.15,58.6,16.6,39.52380952380953,0.05294758064516129,5.29034777400243,0.09929211176005044,104.46774193548387,104.0,114.0,90.5,150.0,36.0,31.57894736842105,0.061733870967741945,20.57220433978453,0.19692398781328407,33.806451612903224,34.0,27.0,34.0,41.0,14.0,51.851851851851855,0.056451612903225805,5.987037970141326,0.17709749720837895,86.29354838709678,86.0,59.4,92.05,116.6,57.199999999999996,96.2962962962963,0.18083266129032258,17.089308265381817,0.19803691683557112,42.0
6,450.0,336.9761274957818,12.343869820134246,3.973409323480876,0.0,445.910666109894,44.50402129563044,236.22599332579145,726.6406807313159,0.1883959536758203,,,178.0541560789082,126,46.3,4.0,3.617,0.91,62.8,76.0,25.0,95.3,49.7,14.88,5.61,5.5,7.0,0.3250932676767361,0.0612462561975474,0.1883959536758203,15.7,17.362455073265135,0.7221286293199343,750.0,31,53.85483870967741,55.7,46.3,55.7,59.8,13.5,29.157667386609074,0.04961290322580645,4.982174137842328,0.09251116997490998,104.24193548387096,104.0,126.0,68.0,107.0,-19.0,-15.079365079365079,0.06941532258064541,20.502386433348818,0.19668079202655528,34.354838709677416,34.0,25.0,38.0,44.0,19.0,76.0,0.058225806451612926,6.119904068402675,0.17813805269528912,88.21612903225807,91.2,62.8,91.8,119.0,56.2,89.49044585987262,0.18326411290322597,17.31396058626667,0.19626751679316443,46.3
6,460.0,335.7661636420964,11.940864971163094,3.980519246641739,0.0,419.1241282407841,36.93066251430028,242.58001635481705,698.6348071099014,0.1522411576569544,,,178.69579039523433,83,40.2,3.474,3.201,0.91,53.5,64.7,21.0,91.0,52.9,14.52,6.0,5.5,7.0,0.3472200552937195,0.0528611831796275,0.1522411576569544,15.400115141047785,16.713527022805373,0.8789132197114474,760.0,31,54.24516129032258,56.15,40.2,56.2,58.4,18.199999999999996,45.27363184079601,0.04748790322580647,4.842594945527821,0.08927238541351241,103.33870967741936,103.5,83.0,122.0,98.0,15.0,18.072289156626507,0.07967741935483871,20.125186167575443,0.1947497334773962,34.96774193548387,34.0,21.0,34.0,44.0,23.0,109.52380952380952,0.058024193548387136,6.10318971777732,0.17453771333127022,90.10322580645162,91.8,53.5,91.85,121.3,67.8,126.72897196261682,0.18687701612903238,17.63648177067387,0.1957364080233746,40.2
6,470.0,334.5652988978795,11.338384343352862,4.062662354992664,0.0,381.59570997106744,31.5105611603562,248.66392849826167,661.7701996296853,0.126719469730313,,,179.337188278794,105.5,45.1,3.895,3.5975,0.92,60.3,72.95,22.5,91.35,52.4,14.62,5.93,5.6,7.0,0.3757557058891584,0.0476155637984136,0.126719469730313,15.481386392811295,16.76164002779708,0.8871624589511314,770.0,31,54.835483870967735,56.2,45.1,56.6,58.5,13.399999999999999,29.71175166297117,0.04099999999999999,4.137454804353095,0.07545214361723981,103.7258064516129,103.5,105.5,88.0,95.0,-10.5,-9.95260663507109,0.06151209677419355,19.83424593545106,0.19121804509375928,35.70967741935484,35.0,22.5,35.0,44.0,21.5,95.55555555555556,0.05447580645161289,5.735524087573845,0.1606153990196831,92.35161290322581,91.85,60.3,91.2,123.2,62.900000000000006,104.31177446102821,0.18328024193548384,17.25326289851173,0.1868214572125689,45.1
6,480.0,333.32337579949944,10.652734057543627,4.098004618458564,0.0,354.3484269275249,25.538057321292644,248.7271989817246,628.6136832305422,0.1026749685030187,,,180.00537722890212,119,49.7,4.294,3.9975,0.935,70.85,85.75,31.5,96.95,48.65,14.95,5.625,5.6,7.0,0.3956757633774011,0.0406259965421825,0.1026749685030187,16.499767116907314,17.723577235772357,0.8727738643255791,780.0,31,55.26451612903225,56.6,49.7,57.7,58.4,8.699999999999996,17.505030181086507,0.03687499999999995,3.767297739503013,0.06816847415631183,102.96774193548387,103.0,119.0,94.5,82.0,-37.0,-31.092436974789916,0.04951612903225799,20.20970702569723,0.196272217354829,36.435483870967744,35.5,31.5,36.0,45.0,13.5,42.857142857142854,0.05157258064516127,5.423316844090695,0.14884712011227227,94.32903225806452,92.05,70.85,93.9,121.6,50.75,71.6302046577276,0.1802923387096774,16.967811556952714,0.1798789953715663,49.7
6,490.0,332.15669988925805,10.092981462335764,4.1411937167773685,0.0,374.5228048939676,22.414927246958573,250.59876678545825,647.5364989263844,0.0894454810551736,,,180.63763284017503,88.5,48.55,4.195,4.1075,0.97,70.15,84.95,31.0,97.7,49.0,15.085,5.635,5.7,7.0,0.3870033074598127,0.0346156970056862,0.0894454810551736,16.7222884386174,17.078514911746808,0.8728652986872182,790.0,31,55.545161290322575,56.7,48.55,57.2,58.4,9.850000000000001,20.28836251287333,0.03518145161290319,3.661519603450405,0.06591968622275543,101.80645161290323,100.0,88.5,83.5,83.0,-5.5,-6.214689265536723,0.047782258064516074,20.29190208734954,0.19931842988207724,36.903225806451616,36.0,31.0,36.0,46.0,15.0,48.38709677419355,0.054173387096774175,5.605680682484375,0.15190218632606262,95.99516129032257,93.35,70.15,93.35,122.5,52.349999999999994,74.62580185317175,0.18218346774193547,17.12063255664886,0.1783489118255674,48.55
6,500.0,331.1280645718232,9.684804671979045,4.228171871166456,0.0,445.3906472388831,20.861994835374603,246.85430903440823,713.106951108666,0.0845113659023335,,,181.1987760010167,104,50.5,4.361,4.1855,0.94,74.85,90.6,33.5,97.5,48.8,15.015,5.595,5.75,7.5,0.3461673016237246,0.029255071490946,0.0845113659023335,17.16349461132768,17.883168080277144,1.1087230913253543,800.0,31,55.82096774193548,57.1,50.5,54.8,57.1,6.600000000000001,13.069306930693072,0.031608870967741926,3.431855042430851,0.061479676566994934,102.08064516129032,100.0,104.0,104.0,97.0,-7.0,-6.730769230769231,0.03629032258064514,20.16312507780542,0.1975215286496976,37.354838709677416,36.0,33.5,33.0,45.0,11.5,34.32835820895522,0.055262096774193546,5.677724820716916,0.15199436048551332,97.62903225806451,93.9,74.85,86.0,120.8,45.95,61.38944555778224,0.18051209677419358,16.988264450268545,0.17400832577509498,50.5
6,510.0,330.1453443350771,9.229687978269624,4.264726726720144,0.0,541.4865104406776,19.75828626463162,243.27353885496436,804.5183355602736,0.0812183945595956,,,181.7381375492114,104,51.0,4.404,4.458,0.97,77.8,94.2,33.0,98.0,49.0,15.09,5.69,5.8,7.5,0.3023840826269628,0.024559149731338,0.0812183945595956,17.665758401453225,17.451772095109913,1.109750532298659,810.0,31,56.0258064516129,57.1,51.0,56.7,56.85,5.850000000000001,11.47058823529412,0.028798387096774184,3.2902601459393734,0.05872758206133152,102.79032258064517,100.0,104.0,100.0,126.0,22.0,21.153846153846153,0.05199596774193552,20.61503261924349,0.2005542166002034,37.693548387096776,36.0,33.0,36.0,44.0,11.0,33.333333333333336,0.05679435483870969,5.752792683202999,0.15262008830063584,98.98870967741935,94.0,77.8,94.0,117.0,39.2,50.385604113110546,0.1775322580645162,16.789950911569196,0.16961480724704514,51.0
7,0.0,535.7117583786232,47.53140383598838,29.431382656824766,10.344827586206897,41957.54553063973,8940.10686775085,13313.04221150468,64210.69460989526,0.6715299723173049,,,112.00052838413524,102,5.5,0.542,0.523,1.15,12.0,14.5,14.0,106.2,42.7,17.15,4.44,0.0,0.0,0.2073337205334181,0.1392308076102501,0.6715299723173049,22.14022140221402,22.94455066921606,1.2370257088899408,300.0,31,21.711290322580645,21.5,5.5,21.5,36.05,30.549999999999997,555.4545454545454,0.07791330645161293,7.599602069378581,0.3500299593651824,117.51612903225806,117.5,102.0,114.0,126.0,24.0,23.529411764705884,0.03953629032258103,12.229393464768766,0.10406565945864171,21.43548387096774,22.0,14.0,25.0,33.5,19.5,139.28571428571428,0.04925403225806459,5.871884898230253,0.27393292978952277,36.68064516129032,34.8,12.0,35.5,62.85,50.85,423.75,0.13330040322580658,12.939478849753796,0.35276039428578637,5.5
7,10.0,531.2820895315275,46.05647034768964,29.660060081254382,10.676156583629894,41238.253322826706,7740.916332698003,13183.323751719116,62162.49340724383,0.58717486413004,,,112.93435480369128,105,8.6,0.839,0.678,0.82,15.05,18.1,15.5,97.5,45.0,15.63,4.585,3.0,2.0,0.212078425898258,0.1245271209117224,0.58717486413004,17.93802145411204,22.1976401179941,1.282073632282518,310.0,31,22.509677419354837,22.0,8.6,22.0,30.25,21.65,251.74418604651163,0.07261895161290323,7.124984436881701,0.3165298331088173,118.3225806451613,118.0,105.0,115.0,127.0,22.0,20.952380952380953,0.035262096774193695,11.99412938836939,0.10136805099221675,21.612903225806452,22.0,15.5,18.0,19.5,4.0,25.806451612903224,0.04328629032258066,5.720882329121612,0.2646975406011492,37.74838709677419,35.5,15.05,34.8,45.1,30.05,199.66777408637873,0.12246975806451611,12.178276313932715,0.322617130175965,8.6
7,20.0,526.7996896968366,44.92797424571767,29.393726423716735,10.035211267605634,39953.53839662971,6331.742346790864,12752.905396865754,59038.186140286336,0.4964941046568885,,,113.89528348911686,122,11.85,1.158,1.036,0.865,22.25,26.75,18.0,100.3,44.0,15.675,4.74,3.05,2.0,0.2160111316184806,0.1072482533888388,0.4964941046568885,19.214162348877377,21.476833976833976,1.266435308394153,320.0,31,23.35322580645161,22.9,11.85,23.85,34.75,22.9,193.24894514767934,0.07104838709677418,6.969575973279281,0.2984416812924342,119.03225806451613,120.0,122.0,121.0,127.0,5.0,4.098360655737705,0.03191532258064534,11.829296600580957,0.09937891453062593,22.048387096774192,22.5,18.0,22.5,29.0,11.0,61.111111111111114,0.04381048387096776,5.753773890108528,0.2609612152060927,38.96290322580645,40.6,22.25,40.9,52.7,30.450000000000003,136.85393258426967,0.1168689516129032,11.707433306393675,0.3004764105627387,11.85
7,30.0,522.2956206369983,44.15984089354992,29.73384476013229,10.664335664335663,36769.86131044942,5141.110548598751,12167.507189770078,54078.47904881825,0.4225278414399604,,,114.87747097481548,108,7.9,0.767,0.836,0.92,17.4,21.0,22.0,98.2,45.3,16.6,4.8,3.1,2.0,0.2249972152283741,0.0950675876804471,0.4225278414399604,22.685788787483705,20.8133971291866,1.277216555804533,330.0,31,23.922580645161286,23.85,7.9,26.5,29.5,21.6,273.4177215189873,0.06734475806451608,6.714807501704439,0.2806890945965988,119.51612903225806,120.0,108.0,116.0,137.0,29.0,26.85185185185185,0.04469758064516126,12.25389997168775,0.10252925752289345,22.080645161290324,22.5,22.0,26.0,19.0,-3.0,-13.636363636363637,0.039354838709677424,5.733086391281094,0.2596430652004586,39.99354838709677,40.9,17.4,44.6,54.2,36.800000000000004,211.49425287356325,0.11530241935483868,11.592869517764528,0.2898684909265207,7.9
7,40.0,517.7063093696028,43.34370277078245,29.38003090296849,10.207612456747404,32602.597067672195,4256.209388060232,11534.609608300563,48393.41606403299,0.368994663243511,,,115.89582532432416,120.5,14.35,1.4015,1.3445,0.97,26.65,32.05,13.5,97.8,45.45,15.685,5.13,3.2,2.0,0.2383508036101078,0.0879501745119319,0.368994663243511,19.015340706386013,19.821494979546294,1.3101903803194537,340.0,31,24.670967741935478,24.2,14.35,21.3,31.1,16.75,116.72473867595819,0.06134879032258071,6.137558882182562,0.24877657602988948,120.2258064516129,120.0,120.5,120.0,130.0,9.5,7.8838174273858925,0.04360887096774226,12.20166567159133,0.10148957226169339,22.338709677419356,22.5,13.5,14.0,30.0,16.5,122.22222222222223,0.04409274193548394,5.9067575662317955,0.26441802823564714,41.05806451612903,42.5,26.65,33.5,50.4,23.75,89.11819887429644,0.10702016129032266,10.94613399618174,0.2666013151175628,14.35
7,50.0,512.9745692422945,43.528632923709566,29.28060141801171,10.120068610634648,28901.081078407628,3656.4988415355433,10951.297754265006,43508.877674208175,0.3338872637365295,,,116.96486258300274,107,18.5,1.811,1.535,0.85,29.7,35.7,14.5,95.05,46.4,15.01,5.27,3.2,2.25,0.2517026027715,0.0840402933147387,0.3338872637365295,16.39977912755384,19.348534201954397,1.3259850276372465,350.0,31,25.514516129032256,24.3,18.5,24.95,40.5,22.0,118.91891891891892,0.06426411290322581,6.46030434717007,0.25320113125010707,120.62903225806451,120.0,107.0,117.5,133.0,26.0,24.299065420560748,0.05151209677419346,12.415694195879318,0.10292459421640832,22.64516129032258,23.0,14.5,22.5,23.0,8.5,58.62068965517241,0.03879032258064518,5.674788613371569,0.2505960783682602,42.179032258064524,42.75,29.7,42.5,61.4,31.7,106.73400673400674,0.11002822580645165,11.197892466840567,0.2654848124141008,18.5
7,60.0,508.0736351337012,42.833560444750894,29.050717594297492,9.693877551020408,24633.11042417015,3302.073206622495,10444.895793678515,38380.079424471165,0.3161422834511171,,,118.09311849887824,126,19.7,1.923,1.479,0.88,28.2,34.0,13.0,92.9,48.2,14.91,5.34,3.3,2.5,0.2721436732363519,0.086036122283715,0.3161422834511171,14.664586583463338,19.066937119675455,1.33174236522569,360.0,31,25.924193548387095,24.95,19.7,22.9,31.2,11.5,58.3756345177665,0.06317741935483871,6.403083514575118,0.24699258253198367,121.53225806451613,120.0,126.0,117.0,135.0,9.0,7.142857142857143,0.05141129032258056,12.40963032209996,0.10210976509226245,22.919354838709676,23.0,13.0,24.0,23.0,10.0,76.92307692307692,0.033749999999999995,5.46976046732327,0.23865246233219053,42.96129032258066,42.8,28.2,40.6,53.95,25.750000000000004,91.31205673758868,0.1090967741935484,11.143972284583711,0.25939566062629144,19.7
7,70.0,503.459139175801,42.09711180671973,29.26172433146144,9.797297297297296,20543.778443458912,3097.222099887592,9774.023105465234,33415.02364881174,0.3168830343930486,,,119.17551064466588,117.5,17.25,1.687,1.51,0.9,28.55,34.35,13.5,93.75,47.05,15.14,5.335,3.35,2.5,0.2925038512074435,0.0926895079422675,0.3168830343930486,16.923532898636633,18.90728476821192,1.329673133286442,370.0,31,26.506451612903227,25.9,17.25,24.3,37.75,20.5,118.84057971014492,0.06631451612903226,6.634716044356932,0.2503057044846841,121.79032258064517,120.0,117.5,116.5,134.0,16.5,14.042553191489361,0.06183467741935512,12.587542911908574,0.10335421275835407,23.451612903225808,23.5,13.5,25.5,29.5,16.0,118.51851851851852,0.03133064516129033,5.271550750189925,0.22478414478113845,43.816129032258075,43.2,28.55,42.75,54.7,26.150000000000002,91.59369527145358,0.10667338709677421,10.989224927906838,0.2508031898440049,17.25
7,80.0,498.72345836811354,41.636700336726435,29.387023426098423,9.698996655518394,17256.893227937362,3015.795233801597,9058.6436358717,29331.33209761066,0.3329190721069128,,,120.30715418185385,122,15.85,1.551,1.159,0.75,22.45,27.05,19.0,89.9,48.05,14.385,5.26,3.4,2.5,0.3088384668560491,0.1028182158166374,0.3329190721069128,14.474532559638943,19.370146678170837,1.328942248038914,380.0,31,26.846774193548388,26.0,15.85,25.9,27.8,11.950000000000001,75.39432176656152,0.061124999999999985,6.410888335270848,0.2387954801963308,121.90322580645162,121.0,122.0,117.0,121.0,-1.0,-0.819672131147541,0.05858870967741923,12.563451857696004,0.10306086467017098,23.596774193548388,23.5,19.0,27.0,18.0,-1.0,-5.2631578947368425,0.021612903225806425,5.045491972772509,0.21382125926992177,44.4725806451613,44.6,22.45,47.5,48.9,26.45,117.81737193763921,0.09989919354838708,10.649450992967333,0.23946105304608656,15.85
7,90.0,493.7683709777228,40.322298170839176,29.52197816122474,9.917355371900827,14683.719946096851,3032.2760503074883,8536.953969991444,26252.949966395783,0.3551941431295461,,,121.51446614774562,108,17.9,1.745,1.478,0.85,28.3,34.0,14.0,93.8,47.1,14.94,5.27,3.4,2.5,0.3251807503887711,0.1155022979965623,0.3551941431295461,16.21776504297994,19.14749661705007,1.3328935843927754,390.0,31,27.40967741935484,26.5,17.9,30.0,33.3,15.399999999999999,86.03351955307262,0.057933467741935474,6.1748875746154095,0.22528129317768353,121.54838709677419,120.0,108.0,120.0,111.0,3.0,2.7777777777777777,0.05205645161290342,12.715053308781734,0.10460898422829983,23.725806451612904,23.5,14.0,29.0,23.0,9.0,64.28571428571429,0.018286290322580653,4.974667006740953,0.20967325249350038,45.625806451612924,45.1,28.3,53.95,58.2,29.900000000000002,105.65371024734982,0.09399395161290319,10.107001459118507,0.22151940415205995,17.9
7,100.0,489.27775862949346,39.75302641220519,29.402883713321927,9.819967266775777,13391.61059939004,3025.0255130100763,7990.27507988431,24406.911192284424,0.3785884068779613,,,122.62973115325096,112,17.2,1.677,1.446,0.81,26.6,31.9,20.0,92.9,46.6,14.88,5.25,3.5,3.0,0.3273775619100141,0.1239413496111034,0.3785884068779613,15.86165772212284,18.39557399723375,1.3277168229251808,400.0,31,27.862903225806452,26.7,17.2,26.0,31.95,14.75,85.75581395348837,0.05454435483870967,5.965707107319515,0.21410931441609837,121.29032258064517,120.0,112.0,122.0,100.0,-12.0,-10.714285714285714,0.030282258064516107,13.075278323072377,0.1078014968125648,24.129032258064516,24.0,20.0,25.0,26.5,6.5,32.5,0.013689516129032239,4.656478894929594,0.1929824140946757,46.58225806451614,46.75,26.6,46.75,57.95,31.35,117.85714285714285,0.09027016129032256,9.8113671183573,0.21062454947479398,17.2
7,110.0,484.8142157111021,38.55257881183514,29.043147549370225,8.928571428571429,12575.166573007751,3050.0228650070094,7594.047287682158,23219.23672569692,0.4016333780215282,,,123.75874728012026,83,24.2,2.363,2.113,0.88,42.8,51.4,21.0,97.1,45.1,15.1,5.07,3.6,3.0,0.3270584376823103,0.1313575851367898,0.4016333780215282,18.1125687685146,20.25556081400852,1.352733277680916,410.0,31,28.561290322580643,27.8,24.2,26.7,38.85,14.650000000000002,60.53719008264464,0.054310483870967735,5.943031068366535,0.20807992220393337,122.16129032258064,121.0,83.0,120.0,139.0,56.0,67.46987951807229,0.03500000000000012,13.332533578165226,0.1091387749995041,24.241935483870968,24.0,21.0,17.0,23.5,2.5,11.904761904761905,0.010645161290322584,4.595053441368474,0.18954977602451456,47.61451612903226,47.5,42.8,43.2,58.6,15.800000000000004,36.9158878504673,0.08464717741935482,9.309477192162719,0.19551762674505896,24.2
7,120.0,480.98132774879616,38.19052064261736,29.40507963528979,9.32475884244373,11549.065921472918,3041.7556178027344,7148.468798813795,21739.29033808945,0.4255114911192559,,,124.74496729597873,104,21.05,2.057,1.7315,0.835,33.85,40.65,23.5,95.55,46.75,15.095,5.09,3.6,3.0,0.3288271460402251,0.1399197292320655,0.4255114911192559,16.45600388915897,19.549523534507653,1.3172513278612148,420.0,31,28.688709677419357,28.15,21.05,33.4,28.15,7.099999999999998,33.72921615201899,0.05124798387096774,5.88850164412843,0.20525501879797753,123.16129032258064,121.0,104.0,118.0,114.0,10.0,9.615384615384615,0.004798387096774143,11.305888655013806,0.09179741967140598,24.35483870967742,24.5,23.5,32.0,24.5,1.0,4.25531914893617,0.00870967741935484,4.555570854069951,0.18704992910750792,47.97903225806452,48.9,33.85,54.3,54.1,20.25,59.822747415066466,0.08546370967741938,9.335869663057181,0.19458228362844832,21.05
7,130.0,477.37578373805735,37.79852859786548,29.38470406190481,9.090909090909092,11056.743029584875,2970.133663467499,7065.845709419501,21092.72240247188,0.4203507670013237,,,125.68714636124656,151,20.0,1.949,1.738,0.84,33.9,40.7,20.0,94.7,47.4,15.02,5.25,3.7,3.0,0.3349897454958894,0.1408131964567753,0.4203507670013237,17.393535146228835,19.50517836593786,1.291485363462182,430.0,31,29.296774193548384,29.5,20.0,33.05,39.9,19.9,99.49999999999999,0.0531008064516129,6.0445972499396925,0.20632296272641543,124.03225806451613,121.0,151.0,122.0,131.0,-20.0,-13.245033112582782,-0.0028225806451613474,10.809668113831377,0.08715207061866649,24.387096774193548,24.5,20.0,29.0,24.5,4.5,22.5,0.00824596774193548,4.552855655921448,0.18669117107614402,48.70000000000001,50.4,33.9,55.7,56.2,22.300000000000004,65.7817109144543,0.08132056451612904,9.067515278913698,0.18619127882779662,20.0
7,140.0,473.79892083662975,37.15391355421513,29.365458468371628,8.55784469096672,10367.305340312278,2834.281614535311,6718.492291715219,19920.079246562807,0.4218627470973437,,,126.63599970648426,148,19.3,1.884,1.586,0.84,30.6,36.7,25.0,93.7,48.4,14.93,5.26,3.7,3.5,0.3372723676726581,0.1422826475464129,0.4218627470973437,16.242038216560513,19.293820933165197,1.2685363451665246,440.0,31,29.883870967741935,30.0,19.3,35.5,38.2,18.900000000000002,97.92746113989638,0.052487903225806445,5.995183999077568,0.20061604487414142,121.93548387096774,121.0,148.0,125.0,86.0,-62.0,-41.891891891891895,-0.008427419354839032,11.673861068989321,0.09573801405784893,24.580645161290324,25.0,25.0,28.0,26.0,1.0,4.0,0.006391129032258045,4.487198038482271,0.1825500514343181,49.464516129032255,52.7,30.6,59.4,57.6,27.0,88.23529411764706,0.07715524193548381,8.772392238802246,0.1773471758203141,19.3
7,150.0,470.5666822017269,36.7951829783898,29.033831552788698,8.176100628930818,10268.49059063514,2707.8215668139933,6860.141051199909,19836.453208649044,0.3947180599647244,,,127.50583980843471,114,21.5,2.105,1.834,0.88,35.5,42.7,25.0,98.7,45.7,15.38,5.24,3.8,3.5,0.3458350633070213,0.1365073452563251,0.3947180599647244,16.8646080760095,19.35659760087241,1.236972073164982,450.0,31,30.345161290322583,30.25,21.5,36.05,33.6,12.100000000000001,56.27906976744187,0.047907258064516144,5.696378306121496,0.18771949345143657,119.2741935483871,120.0,114.0,126.0,65.5,-48.5,-42.54385964912281,-0.025745967741935362,14.576715856505208,0.12221181651160552,24.419354838709676,24.5,25.0,33.5,20.0,-5.0,-20.0,0.0038911290322580835,4.5608785231823274,0.18677309672212966,50.28387096774193,53.95,35.5,62.85,56.0,20.5,57.74647887323944,0.06893750000000005,8.113110655977092,0.1613461831763471,21.5
7,160.0,467.43522084633383,36.467678200690685,28.999953851580894,7.96875,9948.667519609908,2613.718211066299,6721.660878275711,19284.04660895192,0.3888500563177458,,,128.36003220160552,115,22.0,2.153,1.896,0.87,34.8,41.8,18.0,92.7,49.1,14.88,5.5,3.8,3.5,0.3485607048447717,0.1355378497090426,0.3888500563177458,16.163492800743146,18.35443037974683,1.2621975242967485,460.0,31,30.822580645161292,31.1,22.0,30.25,36.3,14.299999999999997,64.99999999999999,0.045802419354838704,5.548631043024296,0.18001838025510536,120.14516129032258,121.0,115.0,127.0,141.0,26.0,22.608695652173914,-0.016008064516129145,15.050024113151833,0.12526533696005016,24.548387096774192,24.5,18.0,19.5,29.0,11.0,61.111111111111114,0.007036290322580645,4.63385159938914,0.18876399419325013,50.98064516129032,53.95,34.8,45.1,57.1,22.300000000000004,64.08045977011496,0.06352217741935484,7.71907461443571,0.1514118660133555,22.0
7,170.0,464.1805959302326,36.4716774958673,28.68367601057929,7.608695652173913,9790.9158257231,2379.07292917053,6830.368465627596,19000.357220521222,0.348308139032721,,,129.26003483570463,121,23.85,2.331,2.151,0.925,40.9,49.2,22.5,98.4,47.4,15.375,5.33,3.9,3.5,0.3594863184072401,0.12521201057215,0.348308139032721,17.546117546117546,19.014411901441193,1.277921528131523,470.0,31,31.225806451612904,31.2,23.85,34.75,34.5,10.649999999999999,44.654088050314456,0.04233467741935486,5.336241982390197,0.17089204695671084,121.80645161290323,121.0,121.0,127.0,166.5,45.5,37.603305785123965,0.008709677419354751,17.157931800071765,0.1408622578925383,24.919354838709676,25.0,22.5,29.0,29.5,7.0,31.11111111111111,0.00580645161290321,4.551733688375504,0.18265856872445388,51.73064516129031,54.1,40.9,52.7,58.05,17.15,41.931540342298284,0.05735887096774196,7.207052997115105,0.13931883073648757,23.85
7,180.0,461.22220552884613,36.75123642376559,28.714273278028127,7.395993836671803,10199.196712042343,2108.882576595007,6879.454545086843,19187.533833724192,0.3065479338185503,,,130.08913985657492,116,26.5,2.59,2.348,0.91,44.6,53.7,26.0,96.8,47.9,15.23,5.32,3.9,3.5,0.3585377154095461,0.1099089958548198,0.3065479338185503,17.220077220077222,18.994889267461673,1.258206975572316,480.0,31,31.579032258064515,31.95,26.5,29.5,34.8,8.299999999999997,31.320754716981124,0.03973790322580641,5.192202072877306,0.16441929032044178,122.90322580645162,122.0,116.0,137.0,155.0,39.0,33.62068965517241,0.028266129032257812,18.161965456615974,0.1477745220879515,25.0,25.0,26.0,19.0,25.0,-1.0,-3.8461538461538463,0.004294354838709627,4.529532720564745,0.18118130882258981,52.4758064516129,54.2,44.6,54.2,64.0,19.4,43.49775784753363,0.05779233870967733,7.244007534596463,0.1380447109712558,26.5
7,190.0,458.26016580657495,36.64222564485278,28.477496998751064,7.350689127105667,10997.80345190635,1988.5422971756711,6803.682941036164,19790.028690118183,0.2922743923268163,,,130.9299923426579,120,21.3,2.079,1.911,0.92,33.5,40.2,14.0,97.9,48.9,15.3,5.32,4.0,4.0,0.3437934854755147,0.1004820320532741,0.2922743923268163,16.113516113516113,17.530088958660386,1.264230753360383,490.0,31,31.946774193548386,33.05,21.3,31.1,37.9,16.599999999999998,77.93427230046947,0.040284274193548394,5.224093788780834,0.1635249229587579,122.95161290322581,122.0,120.0,130.0,117.5,-2.5,-2.0833333333333335,0.02054435483870971,18.144951014313268,0.1475779828003965,25.096774193548388,25.0,14.0,30.0,29.0,15.0,107.14285714285714,0.007358870967741969,4.58333822091626,0.18262658720874556,53.103225806451604,54.3,33.5,50.4,64.05,30.549999999999997,91.19402985074626,0.05971169354838711,7.380152838117819,0.1389774863210135,21.3
7,200.0,455.0276643237082,36.197127140131414,28.75908443599048,7.91476407914764,12205.069282836974,1742.206191849016,6745.956174351957,20693.231649037945,0.2582593403842235,,,131.86011467934793,117.5,24.95,2.442,2.22,0.91,42.5,51.05,22.5,97.05,48.0,15.22,5.375,4.05,4.0,0.3259981953889539,0.0841920789075984,0.2582593403842235,17.403767403767404,19.144144144144143,1.2888079018929703,500.0,31,32.633870967741935,33.3,24.95,40.5,42.6,17.650000000000002,70.74148296593188,0.03985887096774192,5.177634387387967,0.15865829685071614,121.8225806451613,122.0,117.5,133.0,85.0,-32.5,-27.659574468085108,-0.004314516129032268,19.381498216553837,0.1590961061070221,25.629032258064516,25.5,22.5,23.0,30.5,8.0,35.55555555555556,0.003467741935483876,4.193184434165128,0.16361072052752546,54.1758064516129,54.7,42.5,61.4,66.75,24.25,57.05882352941177,0.05531854838709678,6.831994230185673,0.1261078455064193,24.95
7,210.0,451.3880718185241,35.8764156583117,28.619360398137268,7.541478129713424,12491.092090021695,1541.4224457454657,6697.794793121704,20730.309328888867,0.2301387984189107,,,132.92331753091247,117,22.9,2.238,2.137,0.94,40.6,48.8,24.0,98.6,47.6,15.44,5.25,4.1,4.0,0.3230918886380506,0.0743559790300574,0.2301387984189107,18.141197497765862,18.99859616284511,1.305719455456145,510.0,31,33.29032258064516,33.4,22.9,31.2,45.3,22.4,97.81659388646288,0.042562500000000024,5.453644337426102,0.16382071168624918,121.54838709677419,122.0,117.0,135.0,109.0,-8.0,-6.837606837606837,-0.01485887096774192,19.504424642761478,0.16046633862144527,25.64516129032258,25.5,24.0,23.0,23.0,-1.0,-4.166666666666667,-0.00014112903225806095,4.181693334019718,0.1630597400686934,54.99193548387096,55.7,40.6,53.95,67.8,27.199999999999996,66.99507389162561,0.056026209677419406,6.901522739876487,0.12550063348653534,22.9
7,220.0,447.78164120889386,35.23993587770508,28.649106545595338,7.634730538922156,12610.339087563436,1313.6526295396554,6499.327181224823,20423.31889832791,0.2021213262404328,,,133.99388112030593,116.5,24.3,2.372,2.221,0.94,42.75,51.35,25.5,99.55,47.05,15.405,5.295,4.15,4.0,0.31823070547838,0.0643212122417187,0.2021213262404328,18.022765598650928,19.24808644754615,1.3011972673905734,520.0,31,34.151612903225804,33.6,24.3,37.75,49.6,25.3,104.11522633744856,0.04572379032258066,5.851829968351322,0.17134856807300558,120.19354838709677,122.0,116.5,134.0,75.0,-41.5,-35.622317596566525,-0.04594758064516127,21.21464801316724,0.17650404949226636,25.967741935483872,26.0,25.5,29.5,34.0,8.5,33.333333333333336,0.003850806451612896,4.428949243087966,0.17055580936115147,56.22096774193548,56.0,42.75,54.7,78.7,35.95,84.093567251462,0.061080645161290345,7.609311994671927,0.13534651394832015,24.3
7,230.0,444.1323662370178,34.746476386019204,28.75071460795169,7.280832095096582,11765.285036581863,1042.514076124932,6416.938885475232,19224.737998182027,0.1624628338731208,,,135.09486036417377,117,25.9,2.53,2.486,0.94,47.5,57.1,27.0,99.6,47.3,15.4,5.31,4.2,4.5,0.333785505221556,0.0542277390840653,0.1624628338731208,18.774703557312257,19.10699919549477,1.3039341553059915,530.0,31,34.42258064516129,33.6,25.9,27.8,32.7,6.800000000000004,26.254826254826273,0.03848991935483871,5.568046316702676,0.16175563285332487,118.79032258064517,122.0,117.0,121.0,73.0,-44.0,-37.60683760683761,-0.07687499999999976,22.84322444896531,0.19229869868782742,26.016129032258064,26.5,27.0,18.0,27.0,0.0,0.0,0.004173387096774216,4.431861668583798,0.1703505415078707,56.83870967741935,56.2,47.5,48.9,61.9,14.399999999999999,30.315789473684205,0.05582459677419354,7.247996386098935,0.12751866513567933,25.9
7,240.0,440.9158113954345,34.53102143790969,28.531740120477217,6.784660766961652,11572.93970950439,909.0443384952766,6211.76282437966,18693.746872379324,0.1463424094248251,,,136.08040004305747,120,30.0,2.933,2.829,0.955,53.95,64.9,29.0,100.75,46.6,15.535,5.245,4.3,4.5,0.3322909455652125,0.0486282576040666,0.1463424094248251,18.39413569723833,19.070342877341815,1.3240377619350705,540.0,31,35.08064516129031,34.5,30.0,33.3,46.3,16.299999999999997,54.33333333333333,0.04017540322580644,5.73035306386606,0.16334799538376818,117.09677419354838,122.0,120.0,111.0,64.5,-55.5,-46.25,-0.110866935483871,24.83928989686793,0.21212616716333493,26.032258064516128,26.5,29.0,23.0,27.5,-1.5,-5.172413793103448,0.005705645161290326,4.436469098789726,0.17042198520753596,57.62741935483872,57.1,53.95,58.2,71.95,18.0,33.364226135310474,0.05893951612903224,7.522985208785998,0.13054523858622735,30.0
7,250.0,437.61707328216374,33.97630770934007,28.629492107332403,6.734992679355783,10642.757148377845,783.2821466649331,5837.713807184787,17263.75310222756,0.1341761813847239,,,137.10616807062647,122,26.0,2.539,2.4325,0.95,46.75,56.2,25.0,99.1,47.95,15.42,5.27,4.3,4.5,0.3381485921755646,0.0453714868387375,0.1341761813847239,18.4127609294998,19.21891058581706,1.3679534309811772,550.0,31,35.42258064516129,34.75,26.0,31.95,40.6,14.600000000000001,56.15384615384616,0.0402358870967742,5.733335833957945,0.16185539645997293,118.38709677419355,122.0,122.0,100.0,160.0,38.0,31.147540983606557,-0.08304435483870964,26.00663687004382,0.21967458936549275,26.177419354838708,26.5,25.0,26.5,33.5,8.5,34.0,0.012137096774193543,4.607147322542758,0.17599700184698153,58.027419354838706,57.6,46.75,57.95,66.35,19.599999999999994,41.92513368983956,0.06184274193548386,7.64952981898972,0.1318261246844825,26.0
7,260.0,433.9985280797101,32.89977769478807,28.542946855849397,6.531204644412192,8283.85417864917,611.9045005666883,5870.3620224562965,14766.120701672156,0.1042362461166667,,,138.2493168017845,120,26.7,2.607,2.511,0.91,43.2,51.9,17.0,90.6,51.8,14.64,5.82,4.4,4.5,0.3975561449793323,0.0414397601732589,0.1042362461166667,16.57077100115075,17.204301075268816,1.36375460189062,560.0,31,36.022580645161284,34.8,26.7,38.85,44.6,17.900000000000002,67.04119850187267,0.039707661290322625,5.68745459629756,0.1578858175743032,119.6774193548387,125.0,120.0,139.0,162.0,42.0,35.0,-0.05433467741935466,27.15865374274431,0.2269321471765697,26.338709677419356,27.0,17.0,23.5,30.0,13.0,76.47058823529412,0.013689516129032336,4.6518582250791525,0.1766167850305618,58.78387096774194,57.95,43.2,58.6,70.2,27.0,62.49999999999999,0.06192943548387099,7.6566135584079005,0.13025024436736263,26.7
7,270.0,430.3062702047414,31.834770993016477,28.484027048082197,6.330935251798561,6173.3231803169265,517.8697077808978,5683.164082193714,12374.356970291536,0.0911234833784702,,,139.43556985923485,118,33.4,3.262,2.932,0.89,54.3,65.3,32.0,97.0,48.3,15.09,5.4,4.4,4.5,0.4592694469569534,0.0418502318160211,0.0911234833784702,16.646229307173513,18.519781718963163,1.3671481252032969,570.0,31,36.70483870967741,35.5,33.4,28.15,47.85,14.450000000000003,43.26347305389223,0.040846774193548395,5.799315402682022,0.15799866193535414,119.74193548387096,125.0,118.0,114.0,122.0,4.0,3.389830508474576,-0.0527217741935485,27.161820928079035,0.2268363277937635,26.870967741935484,27.5,32.0,24.5,33.5,1.5,4.6875,0.011995967741935482,4.48881525188901,0.1670507476693389,59.95161290322581,58.05,54.3,54.1,79.4,25.10000000000001,46.224677716390445,0.06434475806451613,7.955307283725413,0.13269546720230713,33.4
7,280.0,427.2001869658119,31.586794159548088,28.47874270269468,5.848787446504993,5388.844286049216,496.9162351526599,5300.843703863682,11186.60422506556,0.0937428573474949,,,140.44937673400804,122,33.05,3.2305,3.0285,0.93,55.7,66.95,29.0,99.05,47.85,15.2,5.47,4.5,5.0,0.4738563729631381,0.0444206503738848,0.0937428573474949,17.241913016560904,18.391943206207692,1.425779509610829,580.0,31,37.23387096774193,36.05,33.05,39.9,49.8,16.75,50.680786686838125,0.04663508064516131,6.22052231323563,0.1670662263030579,118.64516129032258,125.0,122.0,131.0,84.0,-38.0,-31.147540983606557,-0.07546370967741932,27.910629262101054,0.23524456419932918,26.967741935483872,27.5,29.0,24.5,35.0,6.0,20.689655172413794,0.02022177419354838,4.633097387045675,0.17180145813207645,60.741935483870975,58.2,55.7,56.2,78.8,23.099999999999994,41.472172351885085,0.07209879032258064,8.568479997197029,0.14106366431922882,33.05
7,290.0,423.98144669377655,31.216234608762992,28.574574351180807,5.665722379603399,4186.163846982794,418.1606608829276,5290.961405290052,9895.285913155774,0.0790330204383722,,,141.51562637441398,125,35.5,3.47,3.204,0.92,59.4,71.4,28.0,97.3,48.4,15.17,5.47,4.6,5.0,0.534695151987041,0.0422585728752903,0.0790330204383722,17.11815561959654,18.539325842696627,1.423445208632304,590.0,31,37.758064516129025,36.3,35.5,38.2,49.3,13.799999999999997,38.87323943661971,0.05123387096774196,6.533032690032421,0.17302350567364808,116.54838709677419,125.0,125.0,86.0,57.0,-68.0,-54.4,-0.11058467741935488,30.01259592202072,0.2575118941551736,27.29032258064516,27.5,28.0,26.0,39.0,11.0,39.285714285714285,0.028810483870967754,5.103551367346055,0.18700956547012734,61.60645161290323,58.6,59.4,57.6,82.5,23.1,38.88888888888889,0.0820060483870968,9.358398562570093,0.15190614485269288,35.5
7,300.0,420.8408312851123,31.10761484810238,28.734591296073507,5.344585091420535,3576.908719642314,414.4568669879095,4881.690623688718,8873.05621031894,0.0849002730686641,,,142.57171723755826,126,36.05,3.5195,3.2965,0.95,62.85,75.55,33.5,101.3,46.8,15.445,5.22,4.6,5.0,0.5501701452101189,0.0467095955625656,0.0849002730686641,17.857650234408297,19.06567571666919,1.4287335443950473,600.0,31,37.982258064516124,37.75,36.05,33.6,42.45,6.400000000000006,17.753120665742042,0.05261491935483869,6.572094394573376,0.17303063928979973,116.74193548387096,126.0,126.0,65.5,131.0,5.0,3.9682539682539684,-0.09639112903225801,30.088167931304252,0.25773230336292674,27.274193548387096,27.5,33.5,20.0,27.5,-6.0,-17.91044776119403,0.02939516129032254,5.102023633940784,0.18706414269918903,62.15161290322581,58.6,62.85,56.0,76.3,13.449999999999996,21.40015910898965,0.08946975806451608,9.711174696116563,0.15624976155063758,36.05
7,310.0,417.6504831128134,30.662824479137925,28.49385995366948,4.881450488145049,2920.486513166228,411.6033623093764,5065.971673634629,8398.061549110233,0.0812486505701418,,,143.66079395577557,127,30.25,2.959,2.62,0.885,45.1,54.2,19.5,92.45,51.35,14.495,5.92,4.65,5.0,0.6032310723147015,0.0490117106075491,0.0812486505701418,15.241635687732344,17.213740458015266,1.4235829158852051,610.0,31,38.32258064516129,37.9,30.25,36.3,46.6,16.35,54.04958677685951,0.05658064516129034,6.739718573621075,0.175868077257789,116.09677419354838,122.0,127.0,141.0,106.0,-21.0,-16.53543307086614,-0.09691532258064531,30.097458185822134,0.2592445689804074,27.129032258064516,27.5,19.5,29.0,29.0,9.5,48.717948717948715,0.034455645161290314,4.981578969790409,0.18362538414209592,62.54032258064516,58.6,45.1,57.1,74.9,29.800000000000004,66.07538802660754,0.09763104838709678,9.977570006058913,0.15953819223098714,30.25
7,320.0,414.4229624740305,29.926000404056516,28.51613662710395,4.715672676837725,2567.404082182895,414.3694579405807,4865.014610302711,7846.788150426186,0.0851733224116253,,,144.77962234961788,127,34.75,3.396,2.9835,0.88,52.7,63.3,29.0,92.8,50.9,14.575,5.72,4.7,5.5,0.6200007591690206,0.0528075245561554,0.0851733224116253,15.518256772673736,17.663817663817667,1.4157571190762144,620.0,31,38.93387096774194,38.2,34.75,34.5,49.2,14.450000000000003,41.58273381294965,0.05795161290322577,6.841739387718767,0.17572718092653528,114.29032258064517,121.0,127.0,166.5,71.0,-56.0,-44.09448818897638,-0.11715725806451624,31.085573876411008,0.2719878041684282,27.693548387096776,27.5,29.0,29.5,37.0,8.0,27.586206896551722,0.03550403225806448,5.078840778751976,0.18339436708364737,63.869354838709675,61.4,52.7,58.05,86.3,33.599999999999994,63.7571157495256,0.10074999999999992,10.315293479581298,0.16150614806789074,34.75
7,330.0,411.3501244848901,29.597579229553585,28.28217132655595,4.126547455295736,2505.1336239471725,447.6780368165789,4681.872147966574,7634.683808730325,0.095619449371554,,,145.8611446274254,137,29.5,2.885,3.273,1.14,54.2,65.1,19.0,95.1,50.1,15.43,6.08,4.8,5.5,0.6132372034337314,0.058637403726485,0.095619449371554,18.78682842287695,16.559731133516653,1.4165158566887104,630.0,31,39.45967741935484,38.85,29.5,34.8,51.05,21.549999999999997,73.0508474576271,0.06258064516129032,7.129766468298461,0.1806848645144102,113.93548387096774,117.5,137.0,155.0,116.0,-21.0,-15.328467153284672,-0.10792338709677404,30.998317678943984,0.2720690396509806,27.887096774193548,27.5,19.0,25.0,35.0,16.0,84.21052631578948,0.04076612903225808,5.24199338264137,0.1879720009969722,65.06129032258065,61.9,54.2,64.0,89.65,35.45,65.4059040590406,0.10913709677419353,11.087535867491173,0.17041678412029668,29.5
7,340.0,408.24902609843326,29.44900691039203,28.17169471946495,4.092769440654843,2485.8810139985603,463.1520830220751,4535.698662672333,7484.731759692968,0.1021126219944241,,,146.9691197390226,130,31.1,3.041,2.684,0.9,50.4,60.5,30.0,97.5,48.0,14.97,5.39,4.8,5.5,0.605993482237818,0.0618795833828351,0.1021126219944241,16.573495560670832,18.7779433681073,1.343367633375764,640.0,31,40.008064516129025,39.9,31.1,37.9,46.5,15.399999999999999,49.5176848874598,0.0604133064516129,6.990601986169164,0.17472982186756228,115.29032258064517,117.5,130.0,117.5,179.0,49.0,37.69230769230769,-0.05368951612903216,32.89953753310939,0.28536252476955537,28.177419354838708,28.0,30.0,29.0,28.0,-2.0,-6.666666666666667,0.03510080645161292,4.975855683693633,0.1765901845386407,65.86129032258064,64.0,50.4,64.05,79.0,28.6,56.74603174603175,0.11056048387096776,11.172113420457649,0.1696309526542524,31.1
7,350.0,405.65401936738834,29.489059759501757,28.161074170110687,3.9295392953929538,2239.2134141109723,468.18441316674927,4507.4113971790475,7214.809224456769,0.103869909336379,,,147.90929495427935,133,40.5,3.959,3.616,1.0,61.4,73.8,23.0,94.4,50.9,14.78,5.92,4.9,5.5,0.6247443635654036,0.0648921404019523,0.103869909336379,15.508966910836069,16.98008849557522,1.345464540373168,650.0,31,40.5758064516129,40.5,40.5,42.6,48.7,8.200000000000003,20.24691358024692,0.059923387096774236,6.957632151909896,0.17147243050380157,114.12903225806451,116.0,133.0,85.0,94.0,-39.0,-29.32330827067669,-0.05707661290322569,32.99822412947286,0.2891308502017125,28.274193548387096,28.0,23.0,30.5,33.0,10.0,43.47826086956522,0.03919354838709679,5.041227875688983,0.17829784842710608,66.62903225806451,64.05,61.4,66.75,74.2,12.800000000000004,20.846905537459293,0.10562903225806457,10.888363622032072,0.16341770626143512,40.5
7,360.0,402.8800050471063,29.504676616579573,28.71770488204049,4.5822102425876015,2017.537949106607,519.9533155212785,4016.86396534242,6554.355229970305,0.1294426000002603,,,148.9277185473242,135,31.2,3.053,2.895,0.95,53.95,64.8,23.0,91.55,52.1,14.37,6.04,4.9,5.5,0.6128541747287352,0.0793294377979013,0.1294426000002603,17.67114313789715,18.635578583765113,1.3273237036062098,660.0,31,40.82096774193548,40.6,31.2,45.3,48.1,16.900000000000002,54.16666666666668,0.06442540322580648,7.087556868596639,0.17362540039234725,111.87096774193549,114.0,135.0,109.0,63.0,-72.0,-53.333333333333336,-0.07582661290322586,34.042367657067054,0.3043002875920065,28.838709677419356,29.0,23.0,23.0,40.5,17.5,76.08695652173913,0.043185483870967746,5.398127911251877,0.18718340631857738,67.35000000000001,66.35,53.95,67.8,83.75,29.799999999999997,55.236329935125106,0.11261088709677422,11.264050485208834,0.16724648084942587,31.2
7,370.0,400.3246939756016,29.13022723615878,28.362425114959283,4.28380187416332,1925.706819246428,637.9953479257894,3741.9800243490154,6305.682191521233,0.1704967273407025,,,149.87833851602667,134,37.75,3.6875,3.171,0.895,54.7,65.75,29.5,92.75,51.0,14.58,6.0,5.0,6.0,0.5934298479838659,0.1011778469875397,0.1704967273407025,14.833898305084746,17.250078839482814,1.3396640250038885,670.0,31,41.008064516129025,40.6,37.75,49.6,37.0,-0.75,-1.9867549668874172,0.055907258064516095,6.8991677852500635,0.16823929309164365,111.58064516129032,114.0,134.0,75.0,126.0,-8.0,-5.970149253731344,-0.052358870967741965,33.87651516271844,0.3036056577173379,29.451612903225808,29.0,29.5,34.0,42.0,12.5,42.3728813559322,0.04737903225806447,5.778342955539067,0.19619784405444804,67.91290322580646,66.75,54.7,78.7,71.4,16.700000000000003,30.530164533820844,0.10641532258064511,11.005127348513023,0.16204766437272772,37.75
7,380.0,397.8817801709827,29.04630405284827,28.05492857258864,4.122340425531915,1838.0483026698737,783.8310443767799,3520.5295613252692,6142.408908371923,0.2226457783475376,,,150.79856125660254,121,27.8,2.718,3.299,1.23,48.9,58.8,18.0,92.8,52.1,15.11,6.6,5.1,6.0,0.5731512854064292,0.1276097140502061,0.2226457783475376,17.991169977924944,14.822673537435586,1.3548659742493272,680.0,31,41.472580645161294,42.45,27.8,32.7,52.15,24.349999999999998,87.58992805755395,0.060544354838709666,7.1526083669954215,0.17246595836880804,111.64516129032258,114.0,121.0,73.0,136.0,15.0,12.396694214876034,-0.02312499999999998,33.922508149306786,0.3038421706525601,29.774193548387096,29.0,18.0,27.0,39.5,21.5,119.44444444444444,0.05348790322580643,6.053702324029238,0.2033204464191835,68.7258064516129,67.8,48.9,61.9,79.9,31.000000000000007,63.394683026584886,0.10514112903225803,10.927044972359042,0.15899478720635077,27.8
7,390.0,395.42986786774406,29.04717492176957,28.04127275246124,3.963011889035667,1695.2332553245087,806.3473982057301,3173.7158998949844,5675.2965534252235,0.2540704409718625,,,151.73360657740622,111,33.3,3.257,3.649,1.14,58.2,70.0,23.0,91.9,51.9,15.18,6.21,5.1,6.0,0.5592158700463935,0.1420802227011509,0.2540704409718625,17.86920478968376,15.94957522608934,1.3795092622494711,690.0,31,42.25322580645162,42.6,33.3,46.3,52.0,18.700000000000003,56.156156156156165,0.05809072580645163,6.927697254305491,0.16395664761878856,111.7741935483871,114.0,111.0,64.5,125.0,14.0,12.612612612612613,-0.009012096774193417,33.966856078064644,0.3038881784761916,30.451612903225808,29.0,23.0,27.5,39.0,16.0,69.56521739130434,0.05147177419354839,5.864234588744549,0.19257550026597564,70.2,70.2,58.2,71.95,94.6,36.39999999999999,62.542955326460465,0.10800000000000007,11.241367058028723,0.16013343387505302,33.3
7,400.0,392.92625737221493,29.29965237671162,28.140764332312006,4.199475065616798,1581.5682133073974,868.8257850261269,3229.5770903282123,5679.971088661737,0.2690215346238509,,,152.70040847171643,100,31.95,3.1215,3.611,1.105,57.95,69.65,26.5,94.7,50.65,15.29,5.985,5.2,6.0,0.568590410041882,0.1529630646818718,0.2690215346238509,18.5647925676758,16.048186098033785,1.3714255468462806,700.0,31,42.84516129032258,44.6,31.95,40.6,51.65,19.7,61.658841940532085,0.05799798387096775,6.921143388664304,0.16153850703854347,110.43548387096774,114.0,100.0,160.0,69.5,-30.5,-30.5,-0.03508064516129038,34.80582851944098,0.3151688868417322,30.93548387096774,29.5,26.5,33.5,38.0,11.5,43.39622641509434,0.051229838709677414,5.84770886114649,0.189029170693995,71.40967741935485,71.4,57.95,66.35,95.7,37.75,65.14236410698878,0.11568145161290323,11.90509288326386,0.16671539927776102,31.95
7,410.0,390.2912139892578,29.351350754397757,28.163706551405863,3.911342894393742,1698.8000188807043,1058.55518302261,2887.3792571890367,5644.734459092351,0.3666145278238059,,,153.73136224801465,139,38.85,3.7975,3.597,0.92,58.6,70.45,23.5,93.85,51.3,14.335,6.4,5.2,6.5,0.5115172871485818,0.1875296687016914,0.3666145278238059,15.4312047399605,16.291353906032807,1.3907093793290075,710.0,31,43.45967741935484,45.3,38.85,44.6,51.0,12.149999999999999,31.274131274131268,0.05590120967741938,6.765493568528941,0.1556728896822395,109.5,114.0,139.0,162.0,71.0,-68.0,-48.92086330935252,-0.06566532258064488,35.47886694921358,0.32400791734441625,31.338709677419356,30.0,23.5,30.0,39.0,15.5,65.95744680851064,0.05324596774193549,5.961525387536026,0.19022880804283768,72.74677419354839,71.95,58.6,70.2,99.4,40.800000000000004,69.6245733788396,0.12392741935483875,12.64754215571726,0.17385708570482453,38.85
7,420.0,387.611823996114,29.146688343605614,28.283994054316743,4.020752269779507,1471.0461918308267,1048.5369966723035,2371.784811385021,4891.367999888151,0.4420877440647757,,,154.79403951464994,114,28.15,2.7475,3.567,1.25,54.1,65.0,24.5,92.55,52.1,15.57,6.25,5.3,6.5,0.4848919180563097,0.214364774168756,0.4420877440647757,19.690627843494084,15.166806840482195,1.429539759976601,720.0,31,43.79838709677419,46.3,28.15,47.85,49.35,21.200000000000003,75.31083481349913,0.0564899193548387,6.789814477963392,0.15502430404482795,107.91935483870968,109.0,114.0,122.0,90.0,-24.0,-21.05263157894737,-0.05842741935483879,35.2112900393689,0.3262740969124005,31.838709677419356,30.5,24.5,33.5,39.0,14.5,59.183673469387756,0.05282258064516125,5.932097853730716,0.1863171565001542,73.9274193548387,74.2,54.1,79.4,95.2,41.1,75.97042513863217,0.1283810483870967,12.986678037574233,0.17566794771017835,28.15
7,430.0,385.0850789283419,28.769919999802177,28.056546060200148,3.861003861003861,1890.786136562247,1268.2266496494035,2365.381879344007,5524.394665555657,0.5361614801924168,,,155.80972435227756,131,39.9,3.901,3.5985,0.905,56.2,67.55,24.5,93.5,51.35,14.36,6.255,5.3,6.5,0.4281703286139298,0.2295684371641181,0.5361614801924168,14.406562419892335,15.617618452132836,1.4367953896929522,730.0,31,44.535483870967745,46.5,39.9,49.8,51.0,11.100000000000001,27.81954887218046,0.050749999999999997,6.253521588518305,0.14041660817330687,109.7741935483871,109.0,131.0,84.0,171.5,40.5,30.916030534351144,-0.0160483870967741,37.010772915841095,0.3371536762830073,32.225806451612904,33.0,24.5,35.0,36.5,12.0,48.97959183673469,0.05090725806451611,5.827862257691379,0.18084457456299574,75.28709677419356,74.9,56.2,78.8,96.25,40.05,71.26334519572953,0.12909072580645156,13.047956211235636,0.17330932882655842,39.9
7,440.0,382.4139030612245,28.669514534302422,28.448045863195407,4.342273307790549,1655.3358702265627,1246.3965686377246,2095.87135659106,4997.603795455347,0.5946913510307197,,,156.89806128830517,86,38.2,3.737,3.604,0.97,57.6,69.3,26.0,94.8,49.8,14.59,5.83,5.4,6.5,0.4193752530956885,0.249398835852325,0.5946913510307197,15.413433235215413,15.982241953385127,1.453646543149382,740.0,31,45.212903225806464,46.6,38.2,49.3,60.9,22.699999999999996,59.42408376963349,0.05765725806451613,6.844169875910634,0.15137647413900512,108.19354838709677,106.0,86.0,57.0,82.0,-4.0,-4.651162790697675,-0.019153225806451638,37.12022750903583,0.34309095193205447,32.87096774193548,33.5,26.0,39.0,44.5,18.5,71.15384615384616,0.05334677419354838,6.046993387813324,0.183961526027687,77.08548387096774,76.3,57.6,82.5,111.95,54.35,94.35763888888889,0.13895161290322583,14.126884496993592,0.1832625779535921,38.2
8,0.0,450.9498596191406,46.34442151634304,3.772283026312011,0.0,22337.532678268977,2937.7911791408887,702.6116824075484,25977.93553981741,4.1812444237681055,,,133.05248625794957,103,10.6,0.8725,0.8735,1.005,19.9,24.05,19.5,106.1,43.6,16.415,4.6,1.5,2.0,0.0270464787831437,0.1130879385945823,4.1812444237681055,22.8080229226361,22.7819118488838,0.1146138318344269,300.0,31,25.145161290322584,24.65,10.6,23.05,39.2,28.6,269.811320754717,0.07972782258064524,7.674626536393695,0.3052128577654965,131.93548387096774,132.5,103.0,132.5,155.0,52.0,50.48543689320388,0.17368951612903255,16.07106195178354,0.12181000501351828,26.70967741935484,27.0,19.5,21.5,31.0,11.5,58.97435897435897,0.023548387096774273,4.003694530364813,0.14989677589530095,35.096774193548384,34.4,19.9,35.0,55.3,35.4,177.88944723618093,0.10061491935483875,9.51162390169585,0.2710113427872899,10.6
8,10.0,446.72531987252665,46.072654666639195,3.629411315263307,0.0,22691.170141203183,2836.632385220298,658.622134311929,26186.42466073541,4.3069193053825385,,,134.31072144538626,103,12.5,1.027,1.079,1.04,23.1,27.9,17.0,100.7,45.7,16.51,4.73,3.0,2.0,0.0251512813545517,0.1083245392210268,4.3069193053825385,22.49269717624148,21.408711770157556,0.1188444258889397,310.0,31,26.06129032258065,25.0,12.5,24.65,39.0,26.5,212.0,0.07872379032258063,7.574900545853384,0.2906571567291185,133.7741935483871,137.5,103.0,137.5,160.0,57.0,55.33980582524272,0.17199596774193543,15.91007998601171,0.11893235581537569,27.048387096774192,27.5,17.0,24.5,30.0,13.0,76.47058823529412,0.020887096774193547,3.813036494950967,0.14097093779782943,36.16774193548387,35.0,23.1,34.2,53.1,30.0,129.87012987012986,0.10169959677419353,9.612054483712077,0.26576319032739426,12.5
8,20.0,442.3574566487389,45.75703159693371,3.637929884643358,0.0,22548.313163792303,2704.443201297149,621.8023967227322,25874.558761812183,4.349361172538366,,,135.6369133111369,105,14.5,1.193,1.059,0.9,22.8,27.6,25.0,102.5,44.3,15.8,4.81,3.1,2.0,0.0240314203015681,0.1045213263805908,4.349361172538366,19.111483654652137,21.52974504249292,0.1284660054940422,320.0,31,26.980645161290326,26.1,14.5,27.3,41.0,26.5,182.75862068965517,0.07901008064516127,7.603570185767505,0.2818157290277291,135.61290322580646,139.0,105.0,139.0,160.0,55.0,52.38095238095238,0.16800403225806468,15.524018851132672,0.11447302197552635,27.56451612903226,27.5,25.0,31.0,33.0,8.0,32.0,0.018004032258064573,3.47549021838136,0.12608566035087437,37.27096774193547,35.0,22.8,38.4,57.3,34.5,151.31578947368422,0.10605040322580644,10.016359736231092,0.26874428927052446,14.5
8,30.0,437.4771897810219,45.34704889815618,3.645844806089013,0.0,21776.271826625383,2433.5956696186004,569.1062436604008,24778.973739904384,4.276171095867971,,,137.1500078210543,113,8.2,0.671,0.53,0.79,16.2,19.6,35.0,106.1,41.7,16.53,3.99,3.1,2.0,0.0229673048462013,0.0982121251333143,4.276171095867971,24.143070044709383,30.566037735849054,0.1264458106498567,330.0,31,27.812903225806455,26.7,8.2,24.0,40.3,32.099999999999994,391.4634146341463,0.07901411290322578,7.603935031086816,0.2733959475338567,137.80645161290323,139.0,113.0,139.0,173.0,60.0,53.097345132743364,0.17086693548387077,15.854903247552391,0.11505196644993541,27.887096774193548,28.0,35.0,28.0,35.0,0.0,0.0,0.020846774193548384,3.6871616848631117,0.1322174808915633,38.31612903225806,37.5,16.2,33.6,55.2,39.0,240.74074074074076,0.10755846774193543,10.145609782041806,0.264786919719899,8.2
8,40.0,431.8156159682081,44.06170957518355,3.6681460849805023,0.0,19143.51154776663,2125.678431541374,519.1989829875403,21788.388962295547,4.094149836946784,,,138.94819404682536,113,16.85,1.3835,1.1755,0.845,24.0,29.0,23.5,95.9,45.25,15.46,4.86,3.2,2.0,0.0238291589105557,0.0975601470682309,4.094149836946784,17.34730755330683,20.416843896214377,0.1262361044303334,340.0,31,28.816129032258065,26.8,16.85,26.8,39.3,22.449999999999996,133.23442136498514,0.07330846774193553,6.953852494562208,0.24131806485103377,139.51612903225808,141.0,113.0,141.0,166.0,53.0,46.902654867256636,0.17191532258064543,15.948084457058231,0.11430996951879888,27.79032258064516,28.0,23.5,29.0,32.0,8.5,36.170212765957444,0.027923387096774267,3.530283731629294,0.12703284466686954,39.55483870967741,37.75,24.0,37.5,54.6,30.6,127.5,0.10313911290322587,9.689301272010534,0.24495868490648068,16.85
8,50.0,426.43020499465814,42.14272465096863,3.537044434137231,0.0,15566.97050666765,1907.3797322571024,465.9702445811802,17940.320483505933,4.093350926240963,,,140.70297858180945,112,20.05,1.6495,1.2795,0.765,23.8,28.85,20.0,88.05,47.7,14.57,5.165,3.2,2.5,0.0259733512012556,0.1063180411972416,4.093350926240963,14.428614731736891,18.60101602188355,0.1322066866683313,350.0,31,29.643548387096775,27.3,20.05,26.1,42.5,22.45,111.97007481296758,0.07386491935483872,7.008372872684547,0.23642152353579735,141.09677419354838,141.0,112.0,141.0,162.0,50.0,44.642857142857146,0.16840725806451637,15.658022094567963,0.11097363624408021,28.096774193548388,28.0,20.0,29.5,33.0,13.0,65.0,0.028306451612903193,3.5576662641838444,0.1266218762223871,40.66451612903226,38.4,23.8,39.15,58.4,34.599999999999994,145.37815126050418,0.10450201612903229,9.817486045728026,0.24142635841469842,20.05
8,60.0,421.8474911971831,41.12650894998749,3.5473547721494727,0.0,12859.900011821304,1708.568281732788,429.6371477531722,14998.105441307263,3.9767703762766,,,142.23149657645908,119,21.45,1.7665,1.4275,0.8,28.85,34.85,26.5,94.65,45.55,15.075,4.99,3.3,2.5,0.0286460946307178,0.1139189405234549,3.9767703762766,16.33172940843476,20.21015761821366,0.1416848905377073,360.0,31,30.280645161290316,28.25,21.45,28.25,39.8,18.349999999999998,85.54778554778554,0.0738185483870968,7.004887310768042,0.23133216856696426,142.83870967741936,142.0,119.0,144.0,166.0,47.0,39.49579831932773,0.16469758064516124,15.313059294152707,0.10720524799429401,28.419354838709676,29.0,26.5,27.5,30.0,3.5,13.20754716981132,0.024233870967741915,3.2380466699167787,0.11393807805609552,41.63870967741936,39.15,28.85,37.75,54.0,25.15,87.17504332755632,0.10168749999999999,9.583829346677483,0.2301663385086783,21.45
8,70.0,417.5539149547354,40.613496880628304,3.5321723352216545,0.0,10979.345588212613,1541.162628732629,422.62824212621666,12943.136459071458,3.64661533497888,,,143.69401854729168,122,21.9,1.798,1.445,0.81,29.4,35.6,27.0,92.8,46.3,15.06,5.1,3.3,2.5,0.0326526915220776,0.1190718056327432,3.64661533497888,16.351501668520577,20.346020761245672,0.1376392579800857,370.0,31,30.969354838709677,29.7,21.9,33.2,42.8,20.9,95.43378995433791,0.0756935483870968,7.155658337047622,0.23105609962864046,144.4516129032258,142.0,122.0,142.0,169.0,47.0,38.52459016393443,0.16514112903225825,15.351631204701384,0.10627524951892428,28.596774193548388,29.0,27.0,23.0,32.0,5.0,18.51851851851852,0.025161290322580677,3.279784939186078,0.11469073109392941,42.575806451612905,39.4,29.4,44.8,57.9,28.5,96.93877551020408,0.10327217741935489,9.711075043198031,0.22808904522418377,21.9
8,80.0,413.1505926724138,39.6375752005842,3.5292668106716087,0.0,8103.893371442601,1390.5070936716932,392.30601585548,9886.706480969777,3.544444993124797,,,145.22549662072944,122,21.95,1.8075,1.497,0.805,30.0,36.2,27.5,93.95,46.15,14.98,5.07,3.4,2.5,0.0396801519910196,0.1406441160510006,3.544444993124797,16.59751037344398,20.04008016032064,0.1389122452710042,380.0,31,31.627419354838704,32.1,21.95,32.1,42.3,20.349999999999998,92.71070615034168,0.07669556451612902,7.231434144410515,0.22864445762326074,145.96774193548387,144.0,122.0,142.0,169.0,47.0,38.52459016393443,0.1655040322580644,15.381230707083102,0.10537417721979583,28.693548387096776,29.0,27.5,32.0,30.0,2.5,9.090909090909092,0.024979838709677377,3.275356009542674,0.11414956300823259,43.553225806451614,42.8,30.0,42.8,59.7,29.700000000000003,99.00000000000001,0.1051290322580645,9.86436292489173,0.22648983496029595,21.95
8,90.0,408.9258878325375,38.53619906651931,3.5657193830022225,0.0,6097.789923080266,1278.3209261964969,377.69690427627984,7753.807753553043,3.384515233573171,,,146.72585371892885,123,23.5,1.932,1.59,0.82,31.0,37.5,26.0,94.3,46.6,14.93,5.14,3.5,3.0,0.0487111515117468,0.164863634336398,3.384515233573171,16.045548654244307,19.49685534591195,0.1484003734091361,390.0,31,32.26129032258064,32.6,23.5,29.7,41.6,18.1,77.0212765957447,0.07648387096774192,7.216078224786408,0.2236760573626424,147.8709677419355,146.0,123.0,146.0,181.0,58.0,47.15447154471545,0.1712298387096774,15.956173174216662,0.10790605767903938,28.774193548387096,29.5,26.0,26.0,30.0,4.0,15.384615384615385,0.025000000000000012,3.2757663471759275,0.11384389771575533,44.45967741935484,43.7,31.0,39.4,58.1,27.1,87.41935483870968,0.10518346774193546,9.86849717835192,0.22196510976158862,23.5
8,100.0,404.8828125,37.6446478626104,3.6322658271309898,0.0,5043.348156413364,1163.875514032701,372.8294679751832,6580.053138421249,3.1217369172926333,,,148.19102749638205,126,21.3,1.757,1.569,0.84,30.4,36.8,27.0,95.5,46.2,15.16,5.15,3.5,3.0,0.0566605557937235,0.1768793487755859,3.1217369172926333,17.30221969265794,19.37539834289356,0.1513999687948308,400.0,31,32.97419354838709,32.9,21.3,32.6,45.6,24.3,114.08450704225352,0.07889919354838708,7.410711515184647,0.22474276753152425,150.1290322580645,148.0,126.0,150.0,193.0,67.0,53.17460317460318,0.18247983870967727,17.22206324357193,0.11471507532246022,29.0,29.5,27.0,32.0,33.0,6.0,22.22222222222222,0.025766129032258046,3.319136433873526,0.11445298047839744,45.54677419354839,44.8,30.4,43.7,64.7,34.300000000000004,112.82894736842107,0.108741935483871,10.187393643484668,0.223668828887726,21.3
8,110.0,400.86648678045515,36.85956428619807,3.59941393047828,0.0,4737.88007670888,1069.3980202087378,351.58896213927414,6158.867059056892,3.0416143149144697,,,149.6757698102624,126,26.7,2.197,1.844,0.84,35.0,42.3,24.0,95.0,46.8,15.03,5.13,3.6,3.0,0.0570866295323336,0.1736355095757652,3.0416143149144697,15.930814747382794,18.980477223427332,0.151509014313956,410.0,31,33.76451612903225,33.2,26.7,32.9,45.8,19.099999999999998,71.53558052434457,0.07912499999999999,7.43059209785675,0.22007103757863694,151.90322580645162,150.0,126.0,150.0,181.0,55.0,43.65079365079365,0.1855846774193548,17.484478523745334,0.11510274670548001,29.193548387096776,30.0,24.0,29.5,33.0,9.0,37.5,0.026895161290322583,3.3731227355741606,0.11554343072132484,46.78709677419355,45.9,35.0,46.15,68.85,33.849999999999994,96.71428571428571,0.11306451612903225,10.613536700380443,0.22684751634845127,26.7
8,120.0,396.6305360099338,35.278424395486425,3.522707154835309,0.0,5077.850335447211,988.9827627103028,320.1249210256251,6386.958019183139,3.089365112662183,,,151.2742831240237,125,22.8,1.879,1.5655,0.845,30.7,37.15,23.0,95.05,47.2,15.1,5.175,3.6,3.0,0.0501216572997872,0.1548440994507725,3.089365112662183,16.338477913783926,19.61034813158735,0.1721189451539737,420.0,31,34.358064516129026,35.7,22.8,36.0,45.1,22.3,97.80701754385964,0.0814233870967742,7.580843145435665,0.2206423223251391,153.6451612903226,150.0,125.0,148.0,180.0,55.0,44.0,0.18586693548387098,17.507709515328337,0.11394898067923125,29.516129032258064,30.0,23.0,29.0,34.0,11.0,47.82608695652174,0.0264516129032258,3.337873252456175,0.11308641620343327,47.71935483870968,46.15,30.7,45.9,63.9,33.2,108.14332247557005,0.11581048387096776,10.811087498638877,0.2265556090433348,22.8
8,130.0,392.5134901294233,33.504976329572635,3.5796950168307573,0.0,6204.4033227071695,926.102274848064,291.6270753807482,7422.132672935982,3.1756388656264005,,,152.86098824327345,126,25.0,2.058,1.713,0.84,33.5,40.5,28.0,95.1,46.9,15.04,5.19,3.7,3.0,0.0392915470837829,0.1247757640098509,3.1756388656264005,16.277939747327505,19.556333917104496,0.1967630718211853,430.0,31,35.125806451612895,36.0,25.0,36.9,46.6,21.6,86.4,0.08137096774193546,7.576453336574463,0.215694786880162,155.6451612903226,153.0,126.0,162.0,187.0,61.0,48.41269841269841,0.18756048387096777,17.666915194031986,0.11350764166113814,29.806451612903224,30.0,28.0,30.0,32.0,4.0,14.285714285714286,0.023750000000000035,3.1376143255527724,0.10526628148499562,48.9,49.8,33.5,51.5,67.3,33.8,100.89552238805969,0.11667338709677415,10.888709749093323,0.22267300100395343,25.0
8,140.0,388.7466054636835,32.45200488150434,3.696424221345235,0.0,7292.076699031836,880.0634532204602,270.2604019520253,8442.400554204321,3.256353675432936,,,154.342183717422,130,23.75,1.952,1.75,0.9,34.4,41.6,26.5,96.35,46.5,15.35,5.21,3.7,3.5,0.0320122695217813,0.1042432715162025,3.256353675432936,17.62295081967213,19.657142857142855,0.2044229143099262,440.0,31,35.81935483870968,36.9,23.75,35.7,46.5,22.75,95.78947368421052,0.08171774193548385,7.602649509867758,0.21224976117246083,157.25806451612902,155.0,130.0,153.0,176.0,46.0,35.38461538461539,0.18074596774193535,17.144907391478252,0.10902402648940017,29.774193548387096,30.0,26.5,29.0,27.0,0.5,1.8867924528301887,0.020887096774193505,3.161852594280288,0.10619439915784283,49.81612903225806,51.5,34.4,49.8,61.9,27.5,79.94186046511628,0.11460080645161289,10.74359023710397,0.21566489500111577,23.75
8,150.0,385.04428422236504,31.225121470917788,3.7674159790880024,0.0,8459.484297414054,853.4461539233067,253.030070758374,9565.960522095736,3.3729040637952,,,155.82623209477302,132.5,23.05,1.8945,1.803,0.94,35.0,42.3,21.5,99.2,47.15,15.58,5.135,3.8,3.5,0.026451088750985,0.0892169847400051,3.3729040637952,18.474531538664554,19.412090959511925,0.2308437428129848,450.0,31,36.633870967741935,39.0,23.05,39.2,49.0,25.95,112.5813449023861,0.08190322580645165,7.619059293385833,0.207978548051742,156.38709677419354,155.0,132.5,155.0,103.0,-29.5,-22.264150943396228,0.13034274193548395,19.14493391536403,0.12242016323768255,29.983870967741936,30.0,21.5,31.0,33.0,11.5,53.48837209302326,0.020725806451612937,3.152998231756936,0.10515647679877893,50.900000000000006,53.1,35.0,55.3,68.0,33.0,94.28571428571429,0.11565322580645164,10.83100487797262,0.21278987972441293,23.05
8,160.0,381.801683075574,30.5748728387759,3.843066896145982,0.0,9111.662754052832,839.025442853395,246.60684899133628,10197.295045897565,3.402279564761283,,,157.14964773511377,137.5,24.65,2.029,1.7985,0.925,34.2,41.4,24.5,96.35,47.4,15.32,5.35,3.85,3.5,0.0241835553331908,0.0822792161133888,3.402279564761283,16.855593888615083,19.01584653878232,0.2402628783365863,460.0,31,37.4258064516129,39.2,24.65,39.0,47.6,22.950000000000003,93.10344827586209,0.07977217741935484,7.4336943593315015,0.1986248277359736,154.1451612903226,155.0,137.5,160.0,63.0,-74.5,-54.18181818181818,0.05844758064516112,25.159886575124265,0.16322203281968237,30.35483870967742,30.0,24.5,30.0,33.0,8.5,34.69387755102041,0.01707661290322581,2.775468574214382,0.09143414006444829,51.96451612903226,54.0,34.2,53.1,68.0,33.8,98.83040935672513,0.11573790322580647,10.837882584930101,0.2085631387006227,24.65
8,170.0,378.80069235935525,30.13537129117853,3.8855280695401473,0.0,9834.998629030655,848.2775959916952,255.62663520108097,10938.902860223432,3.3184241357494817,,,158.39464185318872,139,27.3,2.248,1.954,0.87,38.4,46.5,31.0,96.7,46.65,15.23,5.075,3.9,3.5,0.0233685807861593,0.0775468624990028,3.3184241357494817,17.081850533807827,19.651995905834188,0.2498145915065131,470.0,31,38.291935483870965,39.3,27.3,41.0,51.5,24.2,88.64468864468864,0.08004233870967745,7.459670421385848,0.19481048234106507,150.67741935483872,155.0,139.0,160.0,30.0,-109.0,-78.41726618705036,-0.027379032258064408,33.542398142027345,0.2226106491977837,30.629032258064516,31.0,31.0,33.0,33.0,2.0,6.451612903225806,0.014899193548387066,2.5915495426979716,0.08461088554358832,53.093548387096774,54.6,38.4,57.3,69.2,30.800000000000004,80.20833333333334,0.11470161290322585,10.748269177992363,0.20244021174905114,27.3
8,180.0,375.8963054814931,29.462710941811753,3.928461615388128,0.0,10115.858250829571,855.9017491343677,273.7209730745113,11245.48097303845,3.126913292469472,,,159.61848819754906,139,24.0,1.977,1.871,0.87,33.6,40.7,28.0,95.0,47.6,14.98,5.28,4.0,4.0,0.0243405305411809,0.0761107284949777,3.126913292469472,16.99544764795144,17.958311063602352,0.2605011684151956,480.0,31,39.0516129032258,39.8,24.0,40.3,50.85,26.85,111.875,0.08054637096774189,7.5019828919978195,0.19210430336356554,148.19354838709677,155.0,139.0,173.0,62.0,-77.0,-55.39568345323741,-0.08854838709677462,37.09844503016149,0.25033778753482944,30.758064516129032,31.0,28.0,35.0,35.0,7.0,25.0,0.017782258064516065,2.7076157031046564,0.08802945652464012,54.1483870967742,55.2,33.6,55.2,71.1,37.49999999999999,111.60714285714282,0.11611290322580643,10.862162797765519,0.2005999325215841,24.0
8,190.0,372.9509192319652,28.78337326096792,3.985930762631098,0.0,9893.012167424378,874.3858102002564,335.0023407103238,11102.400318334958,2.6100886589217507,,,160.8790779321867,141,26.8,2.206,1.907,0.89,37.5,45.3,29.0,96.8,47.0,15.35,5.2,4.0,4.0,0.030173866110474,0.0787564657307717,2.6100886589217507,16.99909338168631,19.664394336654432,0.2994163059533443,490.0,31,39.88709677419355,40.3,26.8,39.3,49.9,23.099999999999998,86.19402985074626,0.07739717741935481,7.206223788526317,0.18066553776329625,146.5483870967742,155.0,141.0,166.0,88.0,-53.0,-37.5886524822695,-0.1308870967741935,38.619372262874684,0.26352642310128,30.758064516129032,31.0,29.0,32.0,28.0,-1.0,-3.4482758620689653,0.014334677419354819,2.7076157031046564,0.08802945652464012,55.41935483870968,55.3,37.5,54.6,73.0,35.5,94.66666666666667,0.11425806451612898,10.681242729034818,0.19273488044242104,26.8
8,200.0,370.0097535537701,27.724504905424784,4.071579930755343,0.0,8990.545176519216,872.5371026996227,403.4955816893966,10266.577860908234,2.162445246727102,,,162.15788752520209,141,26.1,2.147,2.0305,0.89,39.15,47.35,29.5,97.95,46.75,15.3,5.185,4.1,4.0,0.039301857654611,0.0849881152727588,2.162445246727102,18.234746157428972,19.28096527948781,0.3075836239808872,500.0,31,40.64193548387097,41.0,26.1,42.5,50.2,24.1,92.33716475095785,0.07519153225806449,7.012632610441835,0.1725467187266425,144.17741935483872,155.0,141.0,162.0,67.5,-73.5,-52.12765957446808,-0.18227822580645156,41.14497709058721,0.28537740011370477,30.983870967741936,32.0,29.5,33.0,36.0,6.5,22.033898305084747,0.01637096774193547,2.8445382489012805,0.09180706477453378,56.59516129032259,57.3,39.15,58.4,73.95,34.800000000000004,88.8888888888889,0.11390524193548382,10.649087244444237,0.1881625036779454,26.1
8,210.0,367.3041848575368,27.101642256158765,4.121647967959846,0.0,8267.294296333454,872.0114515732699,482.76170249765664,9622.06745040438,1.806297904456294,,,163.35234520475638,144,28.25,2.3245,1.99,0.875,37.75,45.6,27.5,95.05,48.15,15.03,5.3,4.1,4.0,0.0501723465342542,0.0906262044064784,1.806297904456294,16.24005162400516,18.969849246231156,0.3218458632308587,510.0,31,41.438709677419354,41.6,28.25,39.8,50.8,22.549999999999997,79.82300884955751,0.07195362903225809,6.701613110257104,0.16172349869061983,141.4516129032258,155.0,144.0,166.0,56.5,-87.5,-60.763888888888886,-0.23735887096774183,44.05836183191368,0.3114730254935745,31.193548387096776,32.0,27.5,30.0,36.0,8.5,30.90909090909091,0.01844758064516132,2.9683817683344986,0.09516011873667989,57.81129032258064,57.9,37.75,54.0,76.85,39.099999999999994,103.57615894039733,0.11490120967741937,10.742700697663038,0.18582357594372914,28.25
8,220.0,364.2613722660996,26.120406735526796,4.197936584584226,0.0,6779.746833764515,838.1483482356014,612.9757048740071,8230.870886874123,1.3673435041081716,,,164.71688893811364,142,33.2,2.73,2.398,0.825,44.8,54.2,23.0,92.5,48.7,14.565,5.425,4.2,4.0,0.0744727639758664,0.101829850055382,1.3673435041081716,16.41025641025641,18.68223519599666,0.3708963524243587,520.0,31,42.26129032258064,42.3,33.2,42.8,53.75,20.549999999999997,61.897590361445765,0.07089112903225805,6.592921831750311,0.15600379878197057,139.06451612903226,155.0,142.0,169.0,70.0,-72.0,-50.70422535211268,-0.27893145161290306,45.88259327448044,0.3299374603360923,31.467741935483872,32.0,23.0,32.0,36.0,13.0,56.52173913043478,0.0189717741935484,3.0081430702649095,0.09559450043896688,59.17096774193549,58.1,44.8,57.9,79.9,35.10000000000001,78.3482142857143,0.1153185483870968,10.78627812078498,0.18229004074815153,33.2
8,230.0,361.3027979870326,24.855335030888767,4.203609121003124,0.0,5276.348754611115,808.3741730882226,735.6765923843878,6820.399520083725,1.098817308388481,,,166.06569429931025,142,32.1,2.643,2.275,0.86,42.8,51.7,32.0,96.3,47.1,14.97,5.25,4.2,4.5,0.1078641493387702,0.1185229942480406,1.098817308388481,16.193719258418465,18.813186813186817,0.3794210529406916,530.0,31,42.91290322580646,42.5,32.1,42.3,53.4,21.299999999999997,66.35514018691588,0.07178225806451614,6.6653327966668385,0.15532234585933394,138.17741935483872,155.0,142.0,169.0,114.5,-27.5,-19.366197183098592,-0.29189516129032245,46.089324213440285,0.33355178023033705,31.93548387096774,32.0,32.0,30.0,37.5,5.5,17.1875,0.017157258064516134,2.765085699346619,0.08658349159570221,60.29838709677419,58.4,42.8,59.7,79.75,36.95,86.3317757009346,0.11849395161290323,11.057248632088724,0.18337552900615245,32.1
8,240.0,358.61187780688624,23.754663089685685,4.300733372078542,0.0,4151.310824473022,739.3627313946714,863.9664214784943,5754.639977346188,0.855777161026015,,,167.3118034096746,146,29.7,2.446,2.246,0.92,39.4,47.6,26.0,94.3,49.1,14.92,5.61,4.3,4.5,0.15013387890113,0.1284811446598326,0.855777161026015,16.107931316434993,17.542297417631342,0.4425398044826806,540.0,31,43.62580645161291,42.8,29.7,41.6,54.2,24.500000000000004,82.4915824915825,0.07163306451612902,6.65212836827109,0.15248149912481793,135.88709677419354,155.0,146.0,181.0,71.0,-75.0,-51.36986301369863,-0.3300604838709682,47.631346414838234,0.35052148103501135,32.16129032258065,32.0,26.0,30.0,39.0,13.0,50.0,0.021471774193548367,3.0424417189000064,0.09459949176118373,61.59193548387097,59.7,39.4,58.1,82.9,43.50000000000001,110.4060913705584,0.120875,11.28516797079389,0.18322476606940089,29.7
8,250.0,356.1521115115933,22.94988511690357,4.371867193542738,0.0,3513.6540047210456,676.3873865471005,1039.0491019692713,5229.090493237418,0.6509676831106138,,,168.46734319598974,150,32.6,2.682,2.33,0.87,43.7,52.9,32.0,95.0,48.1,15.01,5.34,4.3,4.5,0.1987055116588695,0.1293508665458833,0.6509676831106138,16.293810589112603,18.75536480686695,0.4541305869131588,550.0,31,44.32741935483871,45.1,32.6,45.6,51.45,18.85,57.82208588957056,0.06738104838709677,6.2704444115452915,0.14145746589375544,132.7741935483871,155.0,150.0,193.0,49.5,-100.5,-67.0,-0.37578629032258065,50.04078981352403,0.37688641501925285,32.225806451612904,32.0,32.0,33.0,28.0,-4.0,-12.5,0.014979838709677404,2.9264275994159936,0.09081006564754335,62.774193548387096,61.9,43.7,64.7,76.05,32.349999999999994,74.0274599542334,0.11530241935483869,10.791778282313981,0.17191424807386096,32.6
8,260.0,353.7750424291618,21.98629183513251,4.368868689190964,0.0,2969.8697628848377,589.021617064682,1160.325922681446,4719.217302630966,0.507634627091229,,,169.59930126222545,150,32.9,2.7055,2.463,0.91,46.15,55.75,29.5,96.3,48.05,15.165,5.38,4.4,4.5,0.2458725352686268,0.1248134127530644,0.507634627091229,17.05784513029015,18.73731222086886,0.4601222650925584,560.0,31,44.70806451612904,45.1,32.9,45.8,44.4,11.5,34.954407294832826,0.059858870967741985,5.880860152140353,0.13153913540629236,131.29032258064515,155.0,150.0,181.0,104.0,-46.0,-30.666666666666668,-0.3820766129032253,50.1947497575773,0.38231873279727185,32.225806451612904,32.0,29.5,33.0,32.0,2.5,8.474576271186441,0.014697580645161306,2.9264275994159936,0.09081006564754335,63.49032258064517,63.9,46.15,68.85,65.9,19.750000000000007,42.79523293607802,0.1048870967741936,10.204446901186746,0.16072444565429786,32.9
8,270.0,351.3020451714537,20.22638812749972,4.431689335964077,0.0,2337.5011405678997,489.754372248661,1296.1723117601234,4123.4278245766845,0.3778466549587101,,,170.79319868666542,148,36.0,2.967,2.55,0.86,45.9,55.5,29.0,94.4,48.9,14.74,5.5,4.5,5.0,0.3143433975088893,0.1187736012570899,0.3778466549587101,15.470171890798786,18.0,0.5271331375921932,570.0,31,45.46290322580646,45.6,36.0,45.1,56.3,20.299999999999997,56.388888888888886,0.05925201612903224,5.8161122143853605,0.12793094592964568,130.19354838709677,155.0,148.0,180.0,116.0,-32.0,-21.62162162162162,-0.37925403225806464,50.143739625759004,0.3851476532206465,32.435483870967744,33.0,29.0,34.0,36.0,7.0,24.137931034482758,0.015221774193548402,2.9573127877739247,0.09117523264146361,64.6467741935484,64.7,45.9,63.9,82.0,36.1,78.64923747276688,0.10489516129032259,10.205202394562221,0.15786096865418967,36.0
8,280.0,348.9867879516317,18.74563110806872,4.477471110609647,0.0,1970.3142196356216,404.2703443571339,1420.357917500195,3794.9424814929503,0.28462568439696,,,171.92627936481017,162,36.9,3.034,2.784,0.91,51.5,62.2,30.0,95.8,48.5,15.03,5.49,4.5,5.0,0.3742765336831716,0.1065287145532945,0.28462568439696,16.97429136453527,18.498563218390807,0.6146140498914061,580.0,31,46.09516129032258,45.8,36.9,46.6,55.6,18.700000000000003,50.67750677506776,0.059278225806451604,5.818467078173163,0.12622728536573571,126.61290322580645,155.0,162.0,187.0,37.0,-125.0,-77.1604938271605,-0.4241330645161291,52.72644966829889,0.4164382012018511,32.75806451612903,33.0,30.0,32.0,39.0,9.0,30.0,0.016975806451612896,3.111459913882698,0.0949830205124211,65.9725806451613,65.9,51.5,67.3,87.0,35.5,68.93203883495146,0.10632056451612905,10.357154038873142,0.15699179776792282,36.9
8,290.0,346.8577067057292,17.666826572066164,4.521662212051668,0.0,1751.9229907236097,325.11725941473185,1537.4777762577546,3614.518026396096,0.2114614366693952,,,172.98159689126769,153,35.7,2.935,2.668,0.93,49.8,60.1,29.0,98.7,47.5,15.17,5.47,4.6,5.0,0.4253617674693734,0.0899476104533069,0.2114614366693952,16.96763202725724,18.66566716641679,0.6311362479401121,590.0,31,46.75806451612903,46.5,35.7,46.5,57.45,21.75,60.924369747899156,0.060213709677419354,5.9059164794607115,0.1263079757594219,122.6774193548387,153.0,153.0,176.0,40.0,-113.0,-73.85620915032679,-0.45368951612903263,54.519652173489504,0.4444147297865303,33.096774193548384,33.0,29.0,27.0,40.5,11.5,39.6551724137931,0.019879032258064484,3.3625866899325927,0.10159862318509784,67.15806451612904,67.3,49.8,61.9,88.25,38.45,77.20883534136547,0.11045766129032258,10.741477992453627,0.1599432334723389,35.7
8,300.0,344.8085982451093,16.59507114266241,4.528528302650349,0.0,1538.1111043094586,250.75100067640037,1618.7935653072636,3407.6556702931225,0.1548999242709525,,,174.00958185314346,155,39.2,3.223,2.954,0.92,55.3,66.9,31.0,98.6,47.3,15.2,5.34,4.6,5.0,0.4750461085077933,0.0735846062330678,0.1548999242709525,17.157927396835248,18.72037914691943,0.7336507254721593,600.0,31,47.40645161290323,46.6,39.2,49.0,55.8,16.599999999999994,42.34693877551019,0.058548387096774214,5.752792683203001,0.12135041724230608,119.38709677419355,116.0,155.0,103.0,51.0,-104.0,-67.09677419354838,-0.4774798387096769,55.69391194697128,0.46649858696463375,33.435483870967744,33.0,31.0,33.0,39.5,8.5,27.419354838709676,0.021108870967741947,3.4634807527588753,0.10358697861603969,68.37258064516129,68.0,55.3,68.0,87.45,32.150000000000006,58.13743218806511,0.11153225806451617,10.841454689521433,0.1585643628955035,39.2
8,310.0,343.0069633152174,15.804505765096172,4.5984847548277905,0.0,1517.611798285384,187.71640052478588,1687.6979381823403,3393.0261369925106,0.1112263019808849,,,174.92356254255122,160,39.0,3.211,2.921,0.92,53.1,64.2,30.0,97.9,47.7,15.12,5.42,4.7,5.0,0.4974019857324976,0.0553241834709746,0.1112263019808849,16.536904391155403,18.17870592262924,0.7529046623954276,610.0,31,47.995161290322585,47.6,39.0,47.6,57.45,18.450000000000003,47.307692307692314,0.05932862903225806,5.818424111371133,0.1212293896915046,116.19354838709677,114.5,160.0,63.0,56.0,-104.0,-65.0,-0.4928427419354843,56.41744372965907,0.48554712815642176,33.66129032258065,33.0,30.0,33.0,38.0,8.0,26.666666666666668,0.0222983870967742,3.5270079311275384,0.10477934438423928,69.43225806451613,68.0,53.1,68.0,88.15,35.050000000000004,66.00753295668551,0.11506048387096778,11.12288592937325,0.16019766949013695,39.0
8,320.0,341.316935684795,15.023539812543968,4.574129159233793,0.0,1425.2511194741123,142.1634793512578,1706.7804528023685,3274.1950516277384,0.0832933603837793,,,175.7896949344752,160,41.0,3.371,3.043,0.9,57.3,69.2,33.0,98.9,46.8,15.18,5.36,4.7,5.5,0.5212824605406012,0.0434193678475515,0.0832933603837793,16.997923464847226,18.830101873151495,0.7633215585012543,620.0,31,48.23387096774194,47.6,41.0,51.5,46.4,5.399999999999999,13.17073170731707,0.05256048387096773,5.58416491961532,0.11577268851902685,113.54838709677419,104.0,160.0,30.0,78.0,-82.0,-51.25,-0.48768145161290355,56.21704291385749,0.4950932756618131,33.95161290322581,33.0,33.0,33.0,39.0,6.0,18.181818181818183,0.023165322580645138,3.585514464967981,0.10560660181853435,70.11612903225807,68.85,57.3,69.2,74.3,17.0,29.66841186736475,0.10746774193548382,10.730038731654032,0.15303238897739924,41.0
8,330.0,339.77122750141723,14.462826319758696,4.593375346204155,0.0,1438.3652583673188,109.0769327387215,1725.6096089487194,3273.05180005476,0.0632106660585725,,,176.58940823572158,173,40.3,3.3165,2.9655,0.91,55.2,66.7,35.0,98.65,47.35,15.2,5.32,4.8,5.5,0.527217323269937,0.0333257581615104,0.0632106660585725,16.64405246494799,18.614061709661105,0.8945484117577955,630.0,31,48.50483870967742,49.0,40.3,50.85,49.4,9.100000000000001,22.580645161290327,0.04859879032258067,5.422919798391357,0.11180162521207199,111.80645161290323,104.0,173.0,62.0,106.0,-67.0,-38.72832369942196,-0.4622782258064514,55.56252895302656,0.49695279790646946,34.20967741935484,33.0,35.0,35.0,41.0,6.0,17.142857142857142,0.02681451612903226,3.7964329607944416,0.11097540950931417,70.85483870967742,69.2,55.2,71.1,80.2,25.0,45.289855072463766,0.10529838709677423,10.605858089115262,0.14968431630438112,40.3
8,340.0,338.35575973476296,14.20512703938229,4.635643629906901,0.0,1544.499070843277,85.14325767391219,1761.0042253885151,3390.6465539057044,0.0483492637021514,,,177.3281472939429,166,39.3,3.233,2.874,0.91,54.6,66.0,32.0,98.8,46.9,15.15,5.33,4.8,5.5,0.5193712164896706,0.0251112159053662,0.0483492637021514,16.888339004021034,18.997912317327767,0.9309911417296476,640.0,31,48.94677419354839,49.4,39.3,49.9,54.0,14.700000000000003,37.40458015267176,0.0466290322580645,5.28855581237876,0.1080470756145527,108.80645161290323,103.0,166.0,88.0,80.0,-86.0,-51.80722891566265,-0.4420362903225805,54.651574759158706,0.5022824837040972,34.46774193548387,33.0,32.0,28.0,43.0,11.0,34.375,0.03264112903225807,4.1108301754247645,0.1192660135125575,71.98709677419356,71.1,54.6,73.0,90.3,35.699999999999996,65.38461538461537,0.10695967741935486,10.751472517303041,0.14935277291467747,39.3
9,0.0,498.385361493644,57.76337497183915,5.52467472019833,0.0,15743.105836511726,11616.328412148136,3031.1973201697683,30390.63156882963,3.832257416847261,,,120.38876868329768,94,7.05,0.6305,0.5895,0.925,17.75,21.7,18.0,105.5,39.35,16.665,4.15,0.5,2.0,0.099741175608826,0.3822338599919886,3.832257416847261,28.152260111023,30.110262934690414,0.16935164651915,300.0,31,20.364516129032264,19.8,7.05,19.15,31.2,24.15,342.5531914893617,0.06641733870967746,6.308171863389941,0.30976291424851593,118.40322580645162,116.0,94.0,115.0,151.0,57.0,60.638297872340424,0.1638104838709679,15.270024751583689,0.12896628996024911,21.225806451612904,21.0,18.0,18.5,28.0,10.0,55.55555555555556,0.023770161290322618,3.4685220427857053,0.16341061295798914,32.91451612903226,30.6,17.75,28.75,56.1,38.35,216.05633802816902,0.10060483870967747,9.835159662730334,0.2988091826771601,7.05
9,10.0,492.0375679905583,59.089243987902655,5.2255504865732405,0.0,15456.90016375858,10899.69112846093,2814.995194274698,29171.586486494212,3.872010563509792,,,121.94190830800818,90,10.1,0.9,0.894,1.04,20.9,25.5,21.0,107.6,38.9,16.63,4.35,3.0,2.0,0.0964978437349637,0.3736406702976967,3.872010563509792,23.22222222222222,23.37807606263982,0.171290473361681,310.0,31,21.229032258064525,20.0,10.1,19.8,33.85,23.75,235.14851485148515,0.06598387096774193,6.258870694110192,0.2948260013940372,120.37096774193549,116.0,90.0,118.0,155.0,65.0,72.22222222222223,0.17020161290322586,15.936314788314707,0.13239334274092346,21.56451612903226,21.0,21.0,23.0,28.5,7.5,35.714285714285715,0.026088709677419362,3.650894720210995,0.16930102666647842,34.317741935483866,30.9,20.9,30.6,61.25,40.35,193.0622009569378,0.10795967741935482,10.66740790435284,0.31084236032799556,10.1
9,20.0,484.5914871561488,59.629352980587065,5.221600896305971,0.0,14737.037072244735,9433.223212857583,2440.9973891772806,26611.2576742796,3.864495412687426,,,123.81562943276866,95,10.0,0.899,0.894,1.01,21.7,26.5,20.0,107.5,40.3,16.72,4.37,3.1,2.0,0.0917279979418846,0.3544824272614147,3.864495412687426,24.13793103448276,24.272930648769577,0.163185894620997,320.0,31,21.929032258064517,20.25,10.0,19.7,31.8,21.8,218.0,0.06519758064516128,6.1857467104296635,0.28208024128172926,122.53225806451613,118.0,95.0,121.0,157.0,62.0,65.26315789473684,0.1727620967741936,16.220838184195333,0.13238014577071353,21.596774193548388,21.0,20.0,19.0,22.0,2.0,10.0,0.025987903225806457,3.650158340946115,0.1690140531281995,35.39354838709678,32.1,21.7,29.15,54.25,32.55,149.99999999999997,0.11135887096774193,10.947128557567687,0.3092972888120655,10.0
9,30.0,478.29254442891374,61.04996175261246,5.16194347125098,0.0,13328.11070654389,8100.54457535859,2123.1848934963373,23551.84017539882,3.8152798657205422,,,125.44623724302586,106,11.6,1.04,1.022,0.99,23.1,28.3,17.0,105.9,39.5,16.45,4.47,3.1,2.0,0.0901494268678894,0.3439452932353052,3.8152798657205422,22.211538461538463,22.6027397260274,0.1353008925041614,330.0,31,22.812903225806455,21.6,11.6,21.6,37.4,25.799999999999997,222.41379310344826,0.06685887096774193,6.37896239919335,0.2796208065257266,124.53225806451613,121.0,106.0,116.0,157.0,51.0,48.113207547169814,0.1758467741935483,16.532259113558847,0.13275483292846116,21.85483870967742,21.5,17.0,18.0,28.0,11.0,64.70588235294117,0.028830645161290303,3.8126839811063475,0.17445491278862993,36.91612903225807,32.2,23.1,32.1,68.9,45.800000000000004,198.26839826839824,0.12279032258064511,12.190832533074284,0.3302305212559444,11.6
9,40.0,471.90652682086613,61.70780993779019,5.035870341148406,0.0,12057.446793182446,6941.341861294754,1818.57060426918,20817.35925874638,3.816921842352245,,,127.14382317237109,107,15.1,1.354,1.227,0.92,28.8,35.2,23.0,107.4,37.9,16.37,4.29,3.2,2.0,0.0873583715237613,0.3334400763813672,3.816921842352245,21.270310192023633,23.471882640586795,0.1158423596708238,340.0,31,23.641935483870967,21.95,15.1,21.95,37.3,22.199999999999996,147.01986754966885,0.06838709677419359,6.541089317718081,0.2766731734878708,126.1774193548387,121.0,107.0,121.0,157.0,50.0,46.728971962616825,0.1835282258064519,17.152525755262584,0.13593974138134735,22.112903225806452,21.5,23.0,21.5,25.0,2.0,8.695652173913043,0.027600806451612944,3.743237630312728,0.16927843404769446,38.31774193548387,32.6,28.8,33.85,66.55,37.75,131.07638888888889,0.1318004032258065,13.019053654721457,0.3397656802595994,15.1
9,50.0,465.405691096423,61.93738568963096,5.01418179169011,0.0,11080.079070033076,5846.610402213711,1551.7254301710043,18478.414902417793,3.767812454790663,,,128.91978148924088,106,14.9,1.331,1.126,0.86,24.2,29.6,17.0,98.4,41.8,15.58,4.58,3.2,2.5,0.0839750291551235,0.3164021607420837,3.767812454790663,18.181818181818183,21.49200710479574,0.1111193459824392,350.0,31,24.39032258064516,22.3,14.9,23.35,38.3,23.4,157.04697986577182,0.071741935483871,6.851051249684711,0.2808921951332179,127.88709677419355,125.0,106.0,125.0,160.0,54.0,50.943396226415096,0.19161290322580654,17.806230032126095,0.13923398436017378,22.241935483870968,21.5,17.0,23.5,27.0,10.0,58.8235294117647,0.031129032258064526,3.8424622482247313,0.17275754850611555,39.58870967741936,33.85,24.2,37.2,68.2,44.0,181.8181818181818,0.14373387096774196,13.948905032758063,0.3523455335225096,14.9
9,60.0,459.03679783358893,60.85918578788888,4.641246982975873,0.0,11335.387564813083,4836.211339277415,1270.0085979849332,17441.607502075432,3.8080146441140785,,,130.7084754058243,106,13.5,1.21,1.009,0.81,20.1,24.6,17.0,95.0,41.8,15.11,4.55,3.3,2.5,0.0728148823343152,0.2772801382385161,3.8080146441140785,16.611570247933887,19.920713577799805,0.0945395555431322,360.0,31,25.204838709677418,23.35,13.5,22.3,40.15,26.65,197.40740740740742,0.07515120967741934,7.178304753894539,0.28479867840369966,129.53225806451613,126.0,106.0,126.0,157.0,51.0,48.113207547169814,0.19510080645161282,18.070664756205918,0.13950706199536383,22.661290322580644,21.5,17.0,19.0,30.0,13.0,76.47058823529412,0.03243951612903227,3.958928930856159,0.1747000666997024,41.09193548387097,36.2,20.1,32.6,70.8,50.699999999999996,252.23880597014923,0.1526834677419355,14.724628443383518,0.35833377693204777,13.5
9,70.0,451.0640337423313,58.35701977513392,4.298219762011634,0.0,13081.511649516857,3532.4538132459847,961.7930134988824,17575.758476261723,3.672779655983735,,,133.018807778132,104,18.0,1.615,1.194,0.75,25.2,30.9,20.0,93.7,41.8,15.09,4.73,3.3,2.5,0.0547227031367041,0.2009844308009244,3.672779655983735,15.603715170278637,21.105527638190956,0.0967967625050906,370.0,31,26.140322580645154,24.05,18.0,24.05,42.5,24.5,136.11111111111111,0.07806048387096774,7.485167770941395,0.2863456542224758,131.33870967741936,129.0,104.0,129.0,162.0,58.0,55.76923076923077,0.1995564516129033,18.435196001477806,0.14036376668201203,23.274193548387096,22.0,20.0,21.5,36.0,16.0,80.0,0.03685483870967745,4.488575701484491,0.19285633644631908,42.93387096774194,37.2,25.2,36.2,77.2,52.0,206.34920634920636,0.16097983870967741,15.558916988320952,0.36239259674514407,18.0
9,80.0,445.53690470621257,57.82534784873389,4.248289624514625,0.0,15517.522295146766,3080.035156455275,807.4169864484347,19404.97443805048,3.8146771843423184,,,134.66897885723753,105,17.0,1.519,1.227,0.79,25.9,31.6,16.0,96.1,41.7,15.31,4.63,3.4,2.5,0.0416087632079123,0.1587239996779254,3.8146771843423184,17.05069124423963,21.108394458027707,0.1027348720779409,380.0,31,26.856451612903225,24.1,17.0,27.3,40.2,23.200000000000003,136.47058823529414,0.08131249999999998,7.738095609122052,0.28812799697649827,133.2741935483871,130.0,105.0,130.0,164.0,59.0,56.19047619047619,0.20167338709677413,18.618019367303557,0.13969710768157093,23.612903225806452,23.0,16.0,26.0,30.5,14.5,90.625,0.03911290322580642,4.62729164382247,0.1959645368285472,44.40967741935484,40.5,25.9,40.6,70.95,45.050000000000004,173.93822393822396,0.16648387096774195,15.984671925289547,0.3599366816909827,17.0
9,90.0,440.2975643382353,57.342923098025395,4.164421439187055,0.0,18422.148243354754,2575.652688810012,628.0642234657738,21625.86515563054,4.100938395435242,,,136.271478335747,107,19.8,1.772,1.33,0.78,27.4,33.5,20.0,93.5,42.5,15.18,4.9,3.5,3.0,0.0290422703991682,0.1191005617705616,4.100938395435242,15.4627539503386,20.601503759398497,0.0997530243288812,390.0,31,27.68870967741935,24.95,19.8,24.95,42.8,22.999999999999996,116.16161616161614,0.08459677419354836,8.024791894263462,0.2898218077965484,135.17741935483872,134.5,107.0,134.5,164.0,57.0,53.271028037383175,0.2020161290322581,18.646960604477776,0.13794434524252738,24.0,23.5,20.0,25.0,28.0,8.0,40.0,0.036854838709677394,4.468407620916725,0.18618365087153022,46.0483870967742,40.6,27.4,41.05,76.7,49.300000000000004,179.9270072992701,0.1740725806451612,16.615356771528,0.3608238598370353,19.8
9,100.0,434.8927623820755,56.5151379407836,4.300312497970044,0.0,22428.753851149017,2053.4068680641412,479.85283814343416,24962.01355735659,4.279242936248616,,,137.96504607562758,111,19.05,1.7065,1.3745,0.81,29.75,36.35,21.5,98.85,40.7,15.43,4.69,3.5,3.0,0.0192233225513178,0.0822612672389555,4.279242936248616,17.4333430999121,21.644234267006183,0.0964288176687849,400.0,31,28.47258064516129,27.3,19.05,24.1,44.1,25.05,131.49606299212599,0.08943346774193546,8.406285730627186,0.2952414407176602,137.01612903225808,137.0,111.0,137.0,164.0,53.0,47.747747747747745,0.20127016129032252,18.586053853614608,0.1356486567303244,24.387096774193548,24.0,21.5,21.0,32.0,10.5,48.83720930232558,0.039112903225806454,4.62729164382247,0.18974344042129174,47.6741935483871,41.05,29.75,40.5,77.8,48.05,161.51260504201682,0.18124596774193547,17.18581232183368,0.36048459434118957,19.05
9,110.0,429.4030779232425,54.7938807878689,4.402630626865402,0.0,27903.317835893045,1594.1725051708672,355.720187413623,29853.210528477535,4.481535098589164,,,139.72885404124943,112,20.0,1.786,1.471,0.83,32.2,39.3,20.0,100.6,40.1,15.58,4.61,3.6,3.0,0.011915642609839,0.0534003705782383,4.481535098589164,18.029115341545353,21.889870836165873,0.1017350655869758,410.0,31,29.2,28.1,20.0,30.6,41.6,21.6,108.0,0.09129435483870965,8.538364402311878,0.2924097398052013,138.7258064516129,137.0,112.0,137.0,164.0,52.0,46.42857142857143,0.20080645161290323,18.550758614172366,0.1337224780930923,24.403225806451612,24.0,20.0,26.0,22.0,2.0,10.0,0.03580645161290322,4.6177544233077725,0.18922721364513015,48.90483870967743,45.9,32.2,46.8,67.9,35.7,110.86956521739131,0.18191532258064513,17.225389956102156,0.3522226104938272,20.0
9,120.0,424.2684127938034,53.13500804555315,4.316364267713032,0.0,34422.56231074303,1187.008979081582,259.8287865205649,35869.40007634518,4.568427520973057,,,141.41990822484422,115,18.9,1.692,1.427,0.84,29.7,36.4,17.0,100.5,40.6,15.53,4.73,3.6,3.0,0.0072437449739203,0.0330925238937681,4.568427520973057,17.5531914893617,20.81289418360196,0.1005164196354519,420.0,31,29.932258064516137,28.7,18.9,28.1,42.7,23.800000000000004,125.92592592592597,0.09352419354838709,8.695013402204514,0.29048972461293227,140.40322580645162,137.0,115.0,137.0,164.0,49.0,42.608695652173914,0.19885080645161285,18.40399383958036,0.13107956554324895,24.56451612903226,25.0,17.0,20.0,25.0,8.0,47.05882352941177,0.033326612903225826,4.5455874858369905,0.1850468969940206,50.20645161290323,46.8,29.7,45.9,72.55,42.849999999999994,144.27609427609426,0.18543951612903228,17.444142961347055,0.3474482342596753,18.9
9,130.0,412.0259018059758,45.5544610863098,4.332149099266783,0.0,36945.46410854491,610.9063368414282,123.01547295093604,37679.38591833728,4.966093469275076,,,145.62191293559542,116,20.25,1.8125,1.4405,0.785,30.9,37.75,26.0,97.6,41.8,15.3,4.725,3.7,3.0,0.0032647950584318,0.0162132774182001,4.966093469275076,17.048275862068966,21.450885109337037,0.1017612980621301,430.0,31,30.822580645161295,30.6,20.25,28.7,46.5,26.25,129.62962962962962,0.09642741935483871,8.937382527989552,0.289962175162403,141.98387096774192,139.0,116.0,139.0,164.0,48.0,41.37931034482759,0.1967338709677419,18.253074567940487,0.12855738080339774,25.14516129032258,25.0,26.0,24.0,35.0,9.0,34.61538461538461,0.03475806451612901,4.694311359484471,0.18668845688777244,51.958064516129035,48.5,30.9,48.5,84.0,53.1,171.84466019417476,0.1926491935483871,18.032674495547397,0.34706209062020815,20.25
9,140.0,407.6967324276706,43.98507799390086,4.265674439356086,0.0,40359.568716097,568.9910829524489,100.90545692247628,41029.465255971925,5.638853440697402,,,147.16821408580847,116,17.6,1.5755,1.316,0.83,28.25,34.55,21.0,98.35,41.95,15.41,4.765,3.7,3.5,0.0024593412634786,0.0138678649454158,5.638853440697402,17.930815614090765,21.466565349544073,0.1134205609075047,440.0,31,31.66935483870968,31.2,17.6,31.6,46.5,28.9,164.20454545454544,0.09908870967741935,9.143446445581985,0.28871590508076544,143.69354838709677,144.0,116.0,144.0,169.0,53.0,45.689655172413794,0.19631048387096764,18.220262264557206,0.12679944554973024,25.43548387096774,25.0,21.0,29.5,35.0,14.0,66.66666666666667,0.041270161290322564,5.01621028181613,0.1972130865393786,53.641935483870974,54.25,28.25,54.6,83.1,54.849999999999994,194.1592920353982,0.19789919354838714,18.433484463398816,0.34363943614490544,17.6
9,150.0,403.33953056669094,42.27990170958353,4.307739859037266,0.0,41544.66636399885,332.2624270149466,92.5386956933874,41969.46748670718,3.5905242074715047,,,148.75804490499644,115,19.15,1.711,1.4385,0.84,28.75,35.1,18.5,96.0,43.4,15.165,5.015,3.8,3.5,0.0022049051664212,0.0079167653752143,3.5905242074715047,16.80303915838691,19.986096628432396,0.1192577456204272,450.0,31,32.612903225806456,31.6,19.15,31.2,46.85,27.700000000000003,144.64751958224548,0.09919354838709679,9.152385551883322,0.2806369457056211,145.40322580645162,151.0,115.0,151.0,169.0,54.0,46.95652173913044,0.19375000000000006,18.020552782327325,0.12393502745471927,25.983870967741936,25.0,18.5,28.0,38.0,19.5,105.4054054054054,0.04600806451612906,5.4275283984636165,0.20888067082851908,55.43709677419355,54.6,28.75,56.1,83.9,55.150000000000006,191.82608695652178,0.19981854838709678,18.587361152774108,0.3352874200552776,19.15
9,160.0,401.02243758790434,42.12349492921986,4.473182670236321,0.0,44152.08115233829,374.2594369206209,91.41310650614412,44617.75369576505,4.094155107784964,,,149.61756344829948,118,19.8,1.774,1.434,0.82,30.6,37.4,23.0,98.4,41.9,15.17,4.85,3.8,3.5,0.0020488056644326,0.0083881281758956,4.094155107784964,17.249154453213077,21.338912133891217,0.1186338011628817,460.0,31,33.520967741935486,31.8,19.8,33.85,47.3,27.499999999999996,138.88888888888886,0.09939112903225807,9.16857653613279,0.2735176563731092,147.1451612903226,155.0,118.0,155.0,169.0,51.0,43.220338983050844,0.18840725806451614,17.588440118624835,0.11953121641507615,26.548387096774192,26.0,23.0,28.5,36.0,13.0,56.52173913043478,0.047237903225806455,5.532261199409752,0.20838407920012433,57.18064516129033,56.1,30.6,61.25,82.8,52.199999999999996,170.58823529411765,0.1991512096774194,18.53554098400941,0.3241576049330315,19.8
9,170.0,397.46968082816807,40.71138044005612,4.536441908413378,0.0,43505.075929196064,401.11938307152775,86.49648948381505,43992.6918017514,4.637406505920497,,,150.95491025877487,121,19.7,1.7655,1.477,0.84,29.15,35.6,19.0,95.2,43.9,15.09,5.085,3.9,3.5,0.0019661558759259,0.009117864050673,4.637406505920497,16.510903426791277,19.73595125253893,0.1237365556339381,470.0,31,34.42741935483872,33.85,19.7,31.8,47.9,28.2,143.14720812182742,0.09923588709677422,9.155880066107583,0.26594732447817754,148.8548387096774,157.0,121.0,157.0,171.0,50.0,41.32231404958678,0.18403225806451623,17.233297976295336,0.1157725078047796,26.870967741935484,26.0,19.0,22.0,33.0,14.0,73.6842105263158,0.0488508064516129,5.609467802943348,0.20875570455131306,59.02258064516129,61.25,29.15,54.25,87.7,58.550000000000004,200.85763293310464,0.20046169354838717,18.642884427709845,0.3158602050931875,19.7
9,180.0,395.728994205298,40.86359598686971,4.5063992821584575,0.0,45634.265932402,498.3666952754552,88.27540678577917,46220.90803446324,5.645589337071628,,,151.6189131415348,116,21.6,1.936,1.589,0.83,32.1,39.2,18.0,95.5,44.0,15.16,5.04,4.0,4.0,0.0019098587747337,0.0107822783339492,5.645589337071628,16.580578512396695,20.201384518565135,0.1371181970438086,480.0,31,35.39193548387097,37.3,21.6,37.4,49.6,28.0,129.62962962962962,0.09891129032258063,9.127569015298228,0.2578996850697216,150.46774193548387,157.0,116.0,157.0,171.0,55.0,47.41379310344828,0.1794556451612902,16.875492824344896,0.11215355934284313,27.419354838709676,27.0,18.0,28.0,36.0,18.0,100.0,0.04929435483870964,5.645199692649719,0.20588375349663682,61.04677419354839,66.55,32.1,68.9,91.9,59.800000000000004,186.29283489096574,0.2010745967741935,18.69781598424386,0.30628671590349,21.6
9,190.0,391.8469813481675,38.54142967252941,4.576252619326589,0.0,41113.298460203994,464.9390073027621,81.23117518365878,41659.468642690415,5.723652357011493,,,153.12099583762836,121,21.95,1.9615,1.6845,0.835,33.85,41.45,21.5,97.5,43.1,15.27,4.865,4.0,4.0,0.0019498850520723,0.0111604641741953,5.723652357011493,17.25720112159062,20.094983674680915,0.1464748452476131,490.0,31,36.225806451612904,37.4,21.95,37.3,47.45,25.500000000000004,116.1731207289294,0.09730645161290317,9.005552647929147,0.2485949528813923,152.24193548387098,157.0,121.0,157.0,171.0,50.0,41.32231404958678,0.16963709677419347,15.999411951559313,0.1050920162089922,27.774193548387096,28.0,21.5,25.0,29.0,7.5,34.883720930232556,0.04417338709677416,5.372520683498916,0.19343570405164506,62.714516129032255,67.9,33.85,66.55,83.8,49.949999999999996,147.56277695716395,0.19616129032258056,18.331958403965768,0.2923080577748316,21.95
9,200.0,387.84015240446894,36.154505684820634,4.610864591928422,0.0,34746.36080099995,442.05202101258067,79.96240458171461,35268.37522659425,5.5282482227112375,,,154.7029095054281,125,23.35,2.094,1.8795,0.88,37.2,45.5,23.5,98.85,42.5,15.465,4.965,4.1,4.0,0.0022672551278012,0.0125339491307002,5.5282482227112375,17.765042979942695,19.79249800478851,0.1677689300432065,500.0,31,37.1016129032258,38.3,23.35,38.3,49.1,25.75,110.27837259100642,0.095883064516129,8.890383230125382,0.23962255369637603,153.91935483870967,157.0,125.0,160.0,173.0,48.0,38.4,0.1620362903225806,15.326500347542677,0.09957487389161124,28.14516129032258,28.0,23.5,27.0,33.0,9.5,40.42553191489362,0.043286290322580634,5.321643775481245,0.18907846079073767,64.58064516129032,68.2,37.2,68.2,91.7,54.5,146.50537634408602,0.19507056451612897,18.239940960336448,0.28243664823697795,23.35
9,210.0,384.16215945512823,33.89137952486632,4.651100606571261,0.0,28123.058398726876,410.4357000068062,78.44336668896663,28611.93746542265,5.2322550309985045,,,156.1840450009451,126,22.3,1.997,1.702,0.85,32.6,39.9,19.0,96.5,44.1,15.08,5.22,4.1,4.0,0.0027416307191278,0.0143449111232965,5.2322550309985045,16.324486730095142,19.153936545240896,0.2012004090981097,510.0,31,37.987096774193546,40.15,22.3,40.15,50.8,28.499999999999996,127.80269058295961,0.09529637096774196,8.841945183253284,0.23276180424664725,155.46774193548387,160.0,126.0,157.0,173.0,47.0,37.301587301587304,0.15491935483870975,14.720131047803756,0.09468286388254309,28.70967741935484,28.0,19.0,30.0,41.0,22.0,115.78947368421052,0.048064516129032286,5.725344521727327,0.19942211255454734,66.45645161290322,68.9,32.6,70.8,95.35,62.74999999999999,192.48466257668707,0.1960161290322581,18.320151663925913,0.275671529539938,22.3
9,220.0,380.5863842121982,31.506714280565156,4.676623745499857,0.0,21412.73135856735,370.15971314207394,80.05687541306229,21862.947947122488,4.623709222127319,,,157.6514622933716,129,24.05,2.1495,1.8195,0.85,36.2,44.25,21.5,98.05,43.35,15.185,5.02,4.2,4.0,0.0036617603264979,0.0169309149908483,4.623709222127319,16.841125843219352,19.895575707611982,0.2362585854720049,520.0,31,38.909677419354836,40.2,24.05,42.5,50.9,26.849999999999998,111.64241164241164,0.0929858870967742,8.64035511765227,0.2220618542921741,156.98387096774192,162.0,129.0,162.0,173.0,44.0,34.10852713178294,0.14651209677419366,13.985995299446126,0.08909192526103564,29.451612903225808,28.5,21.5,36.0,42.0,20.5,95.34883720930233,0.049838709677419366,5.912352660193285,0.20074800927271833,68.38870967741936,70.8,36.2,77.2,92.5,56.3,155.52486187845304,0.18992540322580648,17.78117314126292,0.26000158834893067,24.05
9,230.0,377.1695922544081,28.735525282701595,4.889058259130759,0.0,15001.833123878529,337.2819178983582,82.6405804759227,15421.755622252807,4.081311093847231,,,159.07963216591665,130,27.3,2.443,2.097,0.87,40.6,49.7,26.0,100.0,42.7,15.5,4.9,4.2,4.5,0.0053587012075769,0.0218705266870963,4.081311093847231,16.6189111747851,19.360991893180735,0.2845506112594135,530.0,31,39.80645161290322,41.6,27.3,40.2,51.85,24.55,89.92673992673993,0.0912258064516129,8.48799880159711,0.21323173650689664,158.3709677419355,164.0,130.0,164.0,172.0,42.0,32.30769230769231,0.13754032258064525,13.229996058159834,0.08353801360687542,29.983870967741936,29.0,26.0,30.5,38.0,12.0,46.15384615384615,0.04987903225806452,5.915352724010831,0.19728449106437415,70.40967741935485,70.95,40.6,70.95,98.85,58.24999999999999,143.47290640394087,0.18758266129032256,17.559676436630028,0.24939293972397983,27.3
9,240.0,374.1605951544944,26.862069710733017,4.910717382058492,0.0,10894.002926186682,286.6884786752456,85.50151425093317,11266.19291911286,3.353022238107516,,,160.35894954471473,134.5,24.95,2.2365,2.0035,0.89,41.05,50.15,25.0,101.15,42.7,15.61,4.875,4.3,4.5,0.0075892109131099,0.0254467929613458,3.353022238107516,18.354571875698635,20.489143998003495,0.2927204243330065,540.0,31,40.54516129032258,42.5,24.95,42.8,50.2,25.250000000000004,101.20240480961925,0.08944354838709677,8.358791328482742,0.20616002162699099,159.8548387096774,164.0,134.5,164.0,176.0,41.5,30.855018587360593,0.12989919354838705,12.50146228006088,0.078205091450285,30.338709677419356,29.5,25.0,28.0,37.0,12.0,48.0,0.051552419354838716,5.997759438287759,0.19769329355334453,72.14838709677419,72.55,41.05,76.7,94.5,53.45,130.20706455542023,0.18292137096774191,17.173892413927636,0.23803570814260785,24.95
9,250.0,371.2940239699504,25.14376536567992,5.134692970847072,0.0,7891.281300252337,236.10198470856713,89.75094460695644,8217.13422956786,2.6306350951794584,,,161.59699894565478,137,24.1,2.16,2.017,0.93,40.5,49.5,21.0,100.7,43.9,15.66,4.97,4.3,4.5,0.0109224143234759,0.0287328864434266,2.6306350951794584,18.75,20.079325731284086,0.3492654819392833,550.0,31,41.42741935483871,42.7,24.1,44.1,52.3,28.199999999999996,117.01244813278005,0.08649193548387096,8.097158336001561,0.19545408480907017,161.19354838709677,164.0,137.0,164.0,176.0,39.0,28.467153284671532,0.12330645161290318,11.90355508475993,0.07384634933511264,30.629032258064516,30.0,21.0,32.0,34.0,13.0,61.904761904761905,0.05032258064516129,5.948343945916774,0.19420606879770405,74.00161290322582,76.7,40.5,77.8,98.5,58.0,143.20987654320987,0.17879637096774198,16.801892174548712,0.2270476482251956,24.1
9,260.0,368.3736690882534,23.06017882743739,5.209755037946285,0.0,5523.5676103507085,190.8496851831148,94.99472671542384,5809.4120222492475,2.0090555737356253,,,162.8780910115089,137,30.6,2.738,2.313,0.87,46.8,57.2,26.0,99.5,43.4,15.28,5.0,4.4,4.5,0.0163518659636478,0.0328518074552444,2.0090555737356253,17.092768444119795,20.23346303501945,0.4146552730299072,560.0,31,42.366129032258065,42.8,30.6,41.6,53.2,22.6,73.85620915032679,0.0824334677419355,7.698391467234938,0.18171099515306893,162.4516129032258,164.0,137.0,164.0,176.0,39.0,28.467153284671532,0.11665322580645168,11.307338943292299,0.0696043501274943,31.14516129032258,30.5,26.0,22.0,37.0,11.0,42.30769230769231,0.04796370967741935,5.776667938623293,0.18547561480820515,75.88870967741936,77.2,46.8,67.9,99.0,52.2,111.53846153846155,0.17230241935483873,16.18772533782629,0.2133087439045355,30.6
9,270.0,365.4999523628049,20.483023039258683,5.278922925632496,0.0,3890.344435244794,151.93248587985806,98.63848208782608,4140.915403212478,1.540296268393302,,,164.15870812602026,137,28.1,2.516,2.32,0.92,45.9,56.1,20.0,102.2,42.4,15.76,4.85,4.5,5.0,0.0238204533256833,0.0366905553689868,1.540296268393302,18.24324324324324,19.78448275862069,0.4871651193182759,570.0,31,43.020967741935486,44.1,28.1,42.7,50.9,22.799999999999997,81.13879003558716,0.08000403225806453,7.525620397388602,0.17492912857124931,163.70967741935485,164.0,137.0,164.0,176.0,39.0,28.467153284671532,0.10842741935483871,10.523603781934199,0.06428211177142072,31.274193548387096,30.5,20.0,25.0,30.0,10.0,50.0,0.043951612903225794,5.702102988777355,0.18232613991964725,77.40645161290323,77.8,45.9,72.55,93.85,47.949999999999996,104.46623093681917,0.16439919354838708,15.563117414448621,0.20105710945487051,28.1
9,280.0,362.8709991676755,17.84356503081482,5.435249801075816,0.0,3043.168493353616,117.73067245919482,103.0375511188118,3263.936716931623,1.14259967536923,,,165.34801661643723,139,28.7,2.569,2.375,0.92,48.5,59.3,24.0,101.8,43.4,15.72,4.91,4.5,5.0,0.0315684892370327,0.0360701455541306,1.14259967536923,18.878941222265475,20.42105263157895,0.5790581112223884,580.0,31,43.91612903225806,46.5,28.7,46.5,55.85,27.150000000000002,94.5993031358885,0.07813709677419357,7.339747805576317,0.1671310283332348,164.96774193548387,164.0,139.0,164.0,176.0,37.0,26.618705035971225,0.09862903225806441,9.506081811022323,0.05762388270271647,31.93548387096774,32.0,24.0,35.0,40.5,16.5,68.75,0.04225806451612905,5.5373608868664,0.17339210857864487,79.34032258064515,82.8,48.5,84.0,105.85,57.349999999999994,118.24742268041236,0.16127620967741937,15.23894363877649,0.19207060348521934,28.7
9,290.0,360.4935866135817,16.272218497614205,5.465007076238666,0.0,2682.5237612212677,92.93743689185828,102.69897193919908,2878.160170052325,0.9049500217673072,,,166.4384672238701,144,31.6,2.8275,2.68,0.935,54.6,66.7,29.5,103.45,42.3,15.815,4.895,4.6,5.0,0.0356821600853895,0.0322905715459778,0.9049500217673072,19.310344827586206,20.37313432835821,0.6833599436580544,590.0,31,44.72096774193549,46.5,31.6,46.5,53.65,22.049999999999997,69.7784810126582,0.0742076612903226,6.974462633942351,0.15595509189758203,166.25806451612902,169.0,144.0,169.0,179.0,35.0,24.305555555555557,0.09036290322580641,8.528257899225311,0.051295303623590346,32.17741935483871,32.0,29.5,35.0,31.5,2.0,6.779661016949152,0.03687500000000002,5.3393950766867055,0.16593608759627856,80.93064516129031,83.1,54.6,83.1,97.8,43.199999999999996,79.12087912087912,0.15254435483870968,14.466044595415815,0.17874619146536871,31.6
9,300.0,358.5158352646531,15.73747978983126,5.514856730358973,0.0,2463.80584674648,75.21786277487081,101.4339882938191,2640.45769781517,0.7415449598313214,,,167.35662444507798,151,31.2,2.795,2.73,0.97,56.1,68.6,28.0,105.0,42.0,16.05,4.8,4.6,5.0,0.038415305186578,0.0284866759414889,0.7415449598313214,20.07155635062612,20.54945054945055,0.6869530596240729,600.0,31,45.42419354838711,46.85,31.2,46.85,53.4,22.2,71.15384615384616,0.07099193548387099,6.701067961747365,0.14752200178544067,167.4516129032258,169.0,151.0,169.0,181.0,30.0,19.867549668874172,0.08491935483870976,7.873325048023101,0.047018508281393985,32.32258064516129,33.0,28.0,38.0,34.0,6.0,21.428571428571427,0.03624999999999999,5.325330016529139,0.16475571907425482,82.46290322580644,83.8,56.1,83.9,102.1,45.99999999999999,81.99643493761138,0.14836088709677417,14.094975273372748,0.17092504292235228,31.2
9,310.0,356.8096320023838,15.41427991239212,5.629618146717535,0.0,2310.969075192844,64.82273333414625,102.92832547971705,2478.720134006707,0.6297851736344449,,,168.15689549434344,155,33.85,3.032,3.0055,0.99,61.25,74.9,28.5,105.5,42.0,16.0,4.905,4.7,5.0,0.0415247869525872,0.0261516951610684,0.6297851736344449,20.20118733509235,20.379304608218263,0.6883488165036205,610.0,31,46.261290322580656,47.3,33.85,47.3,57.15,23.299999999999997,68.83308714918758,0.06890725806451616,6.482215537882854,0.14012180578367509,168.3548387096774,169.0,155.0,169.0,179.0,24.0,15.483870967741936,0.08129032258064509,7.521295930431023,0.044675258448622676,32.62903225806452,33.0,28.5,36.0,37.5,9.0,31.57894736842105,0.03659274193548386,5.341609841510772,0.16370727146498656,84.19354838709677,83.9,61.25,82.8,109.75,48.5,79.18367346938776,0.1478568548387097,14.043721859105368,0.1668028266790293,33.85
9,320.0,355.1565511936536,15.17554487916946,5.643490452683651,0.0,2117.1003160989617,61.295159719287206,98.51743614576895,2276.912911964018,0.622175749971744,,,168.93958396190257,157,31.8,2.847,2.7475,0.97,54.25,66.25,22.0,102.5,43.8,15.84,5.105,4.7,5.5,0.0432679860648644,0.0269202916796739,0.622175749971744,19.055145767474535,19.745222929936304,0.7097164239683967,620.0,31,46.988709677419365,47.45,31.8,47.9,56.4,24.599999999999998,77.35849056603773,0.06703225806451611,6.305879659458298,0.1341998897766843,169.19354838709677,171.0,157.0,171.0,181.0,24.0,15.286624203821656,0.08032258064516119,7.431551452371659,0.04392337369371238,33.225806451612904,34.0,22.0,33.0,47.0,25.0,113.63636363636364,0.04262096774193547,5.872022237806182,0.17673076638057442,85.77903225806452,84.0,54.25,87.7,110.4,56.150000000000006,103.50230414746545,0.14890524193548382,14.141226810249693,0.16485645078981648,31.8
9,330.0,353.38722085053064,14.889105659445956,5.986691655725935,0.0,1830.1342077349864,62.09043680128525,96.16522226843392,1988.3898668047057,0.6456641531796921,,,169.78542646673043,157,37.4,3.349,3.281,0.99,68.9,84.2,28.0,105.0,42.4,15.99,4.91,4.8,5.5,0.0483633636812729,0.0312264902561905,0.6456641531796921,20.573305464317706,20.999695214873515,0.7313773314882138,630.0,31,47.779032258064525,47.9,37.4,49.6,56.3,18.9,50.53475935828877,0.06286491935483872,5.858224620046993,0.12261078433747882,169.96774193548387,171.0,157.0,171.0,181.0,24.0,15.286624203821656,0.07959677419354852,7.36878041002599,0.04335399368206599,34.03225806451613,34.0,28.0,36.0,47.0,19.0,67.85714285714286,0.043709677419354845,5.994352180554302,0.17613736265135865,87.6741935483871,87.7,68.9,91.9,113.0,44.099999999999994,64.00580551523946,0.14502822580645167,13.704973981294417,0.15631708062111443,37.4
9,340.0,351.6971785137911,14.737143795460646,6.100445164446091,0.0,1515.3740089297105,61.23976793394775,100.59412114720747,1677.2078980108658,0.6087807839618248,,,170.60131176925898,157,37.3,3.338,3.2545,0.995,66.55,81.4,25.0,105.0,41.9,16.015,4.93,4.8,5.5,0.0599771329878126,0.0365129260401032,0.6087807839618248,19.93708807669263,20.448609617452757,0.7596064557190586,640.0,31,48.433870967741946,49.1,37.3,47.45,57.7,20.400000000000006,54.691689008042914,0.062169354838709695,5.793593978075759,0.11961864419084783,170.83870967741936,171.0,157.0,171.0,184.0,27.0,17.197452229299362,0.07971774193548374,7.380590645711892,0.043202097812890604,34.58064516129032,35.0,25.0,29.0,45.0,20.0,80.0,0.0464516129032258,6.19824810489968,0.17924038363049447,89.0225806451613,91.7,66.55,83.8,110.7,44.150000000000006,66.34109691960933,0.14684274193548388,13.851767869780362,0.15559836357690734,37.3
9,350.0,350.1347336813668,14.627292550539268,6.20521876737412,0.0,1285.8800335197775,64.80588792804058,100.51851207557216,1451.2044335233902,0.644715949230506,,,171.36260481544173,160,38.3,3.426,3.335,0.97,68.2,83.3,27.0,104.5,41.8,15.88,4.9,4.9,5.5,0.0692655767537331,0.0446566220657815,0.644715949230506,19.906596614127263,20.449775112443778,0.891789183832338,650.0,31,49.03870967741936,49.6,38.3,49.1,56.05,17.75,46.344647519582246,0.05959274193548389,5.566787069717136,0.11351822073492382,170.48387096774192,171.0,160.0,173.0,146.0,-14.0,-8.75,0.055766129032258145,8.277966609185839,0.048555717102130753,35.096774193548384,35.0,27.0,33.0,41.0,14.0,51.851851851851855,0.044153225806451625,6.037962342323098,0.17203752997427946,90.42258064516129,91.9,68.2,91.7,109.95,41.75,61.21700879765395,0.14500201612903227,13.697109419567797,0.15147885983611062,38.3
9,360.0,348.2887445494186,13.99719625636079,6.2408771480011085,0.0,937.1866300244604,69.66894932460629,94.6615012553866,1101.5170806044532,0.7359797636913334,,,172.27085554436175,157,40.15,3.5945,3.375,0.945,70.8,86.6,30.0,105.35,41.1,16.02,4.73,5.0,6.0,0.0859373884637735,0.0632481788538183,0.7359797636913334,19.696758937265265,20.977777777777774,0.8986226900706367,660.0,31,49.712903225806464,50.2,40.15,50.8,59.2,19.050000000000004,47.44707347447075,0.058810483870967774,5.487910466682431,0.11039207349760256,168.0,171.0,157.0,173.0,83.0,-74.0,-47.13375796178344,-0.003911290322580452,17.708754896942924,0.10540925533894598,35.516129032258064,36.0,30.0,41.0,40.0,10.0,33.333333333333336,0.04189516129032259,5.906894094992932,0.16631581920506894,91.93870967741934,92.5,70.8,95.35,115.2,44.400000000000006,62.711864406779675,0.14565120967741937,13.756384636944762,0.14962560041587583,40.15
9,370.0,346.7479904263006,13.849647445254984,6.374920061229418,0.0,736.7603609126919,70.24081264030649,100.1007643717621,907.1019379247604,0.7017010617365581,,,173.03633087025108,162,42.5,3.8,3.589,0.95,77.2,94.3,36.0,106.4,40.0,16.05,4.68,5.0,6.0,0.1103522770558395,0.0774343099751294,0.7017010617365581,20.315789473684212,21.51016996377821,0.9068899575894492,670.0,31,50.337096774193554,50.8,42.5,50.9,59.5,17.0,40.0,0.05856048387096772,5.464353693742982,0.1085552017085023,165.1290322580645,171.0,162.0,173.0,68.0,-94.0,-58.02469135802469,-0.07149193548387078,25.1869568566535,0.15252894365232633,35.87096774193548,36.0,36.0,42.0,41.0,5.0,13.88888888888889,0.04165322580645157,5.894867459544056,0.16433533385419583,93.38387096774193,93.85,77.2,92.5,115.6,38.39999999999999,49.74093264248703,0.14632459677419346,13.814740841439226,0.14793497740323192,42.5
10,0.0,502.0915680708828,57.39116350438579,9.626995001706854,0.3401360544217687,30375.816521450255,43046.05462739453,6335.922564591093,79757.79371343588,6.7939679168368485,,,119.5001147510398,78,6.2,0.502,0.554,1.105,11.2,13.55,10.0,111.2,44.4,16.32,5.085,0.0,0.0,0.0794395415118379,0.5397096963596556,6.7939679168368485,22.31075697211155,20.216606498194945,0.2476120111465141,300.0,31,22.311290322580653,21.2,6.2,20.2,35.85,29.650000000000002,478.22580645161287,0.08051209677419359,7.7954549757900535,0.3493950759047084,116.5,114.0,78.0,113.0,142.0,64.0,82.05128205128206,0.16836693548387127,16.498484778912275,0.14161789509795944,26.370967741935484,26.0,10.0,22.0,36.5,26.5,265.0,0.08167338709677424,8.627444331835745,0.32715691044270107,36.63870967741936,35.5,11.2,27.9,57.25,46.05,411.16071428571433,0.12914112903225813,13.559029646189162,0.3700738853951963,6.2
10,10.0,496.8662546641791,56.068073401033445,9.488927255840814,0.3322259136212624,31162.413389617497,41779.924404269696,5252.097876956108,78194.43567084329,7.954902094947926,,,120.75684238317346,77,9.0,0.731,0.8,1.07,16.5,20.0,15.0,109.7,43.4,16.33,4.77,3.0,2.0,0.0671671562291801,0.5343081517991998,7.954902094947926,22.5718194254446,20.625,0.252968247111268,310.0,31,23.417741935483875,22.5,9.0,22.5,40.5,31.5,350.0,0.08111895161290322,7.866337016967691,0.33591355813210055,118.53225806451613,114.5,77.0,115.0,141.0,64.0,83.11688311688312,0.15834677419354826,15.444489569568692,0.1302977756583561,27.306451612903224,26.0,15.0,29.0,39.0,24.0,160.0,0.07874999999999996,8.36129716746036,0.3062022589383003,38.648387096774194,35.8,16.5,31.6,73.5,57.0,345.45454545454544,0.13502419354838707,14.26165303573986,0.3690103030698069,9.0
10,20.0,491.30318762081646,56.20364689607917,9.29808005657912,0.33003300330033,27959.210818421172,38991.273238154754,3946.4082288852433,70896.89228546116,9.880192564155676,,,122.12418219909348,95,9.4,0.764,0.892,1.32,19.6,23.8,18.0,114.8,40.3,17.66,4.14,3.0,2.0,0.0556640510136229,0.54997154291558,9.880192564155676,25.654450261780102,21.973094170403588,0.2177264571195908,320.0,31,24.30806451612904,23.9,9.4,24.2,36.6,27.200000000000003,289.3617021276596,0.07979032258064517,7.7410281054283905,0.31845514069176567,120.62903225806451,115.0,95.0,114.0,142.0,47.0,49.473684210526315,0.14574596774193552,13.958848891136812,0.11571715887825677,28.112903225806452,27.5,18.0,26.0,40.0,22.0,122.22222222222223,0.07848790322580644,8.340373370358742,0.2966742105348491,40.19838709677419,37.25,19.6,35.5,64.55,44.949999999999996,229.33673469387753,0.13640120967741934,14.384838568616654,0.35784616268275593,9.4
10,30.0,486.1712352366376,57.53168255696216,9.462800760388438,0.4918032786885246,24053.931704613715,36564.4499271043,2888.786076935271,63507.16770865329,12.657375434977078,,,123.41330718752984,110,12.3,1.001,0.932,1.16,19.2,23.2,34.0,103.7,45.8,17.19,4.22,3.1,2.0,0.0454875596119783,0.5757531196297099,12.657375434977078,19.18081918081918,20.60085836909871,0.1992483233446701,330.0,31,25.158064516129034,24.2,12.3,21.1,35.75,23.45,190.65040650406502,0.07709274193548384,7.492163648041349,0.29780365827578126,122.37096774193549,121.0,110.0,121.5,149.0,39.0,35.45454545454545,0.14637096774193545,14.02317590154211,0.11459561169047197,28.85483870967742,29.0,34.0,24.0,41.0,7.0,20.58823529411765,0.07975806451612902,8.433261081759433,0.2922650570537087,41.75806451612903,39.3,19.2,33.6,67.95,48.75,253.90625,0.13989717741935478,14.694846584059063,0.35190439869125606,12.3
10,40.0,480.5609383265949,58.07947721387196,9.586550790038432,0.6482982171799028,24440.753512391675,34644.437161816946,2245.4027192241415,61330.59339343276,15.429052822109217,,,124.85409282105093,111,11.2,0.914,0.937,1.06,20.0,24.3,17.0,108.1,41.7,16.66,4.54,3.2,2.0,0.0366114624852884,0.564880188580185,15.429052822109217,21.88183807439825,21.34471718249733,0.1902562541999859,340.0,31,26.008064516129036,26.1,11.2,27.0,38.65,27.45,245.08928571428572,0.07695766129032265,7.479484126308373,0.2875832656317017,123.66129032258064,121.5,111.0,122.0,150.0,39.0,35.13513513513514,0.15510080645161317,14.672188598827711,0.11864819266040409,29.032258064516128,29.0,17.0,33.0,39.5,22.5,132.35294117647058,0.08951612903225814,8.601293976171034,0.29626679251255783,43.303225806451614,39.6,20.0,40.4,67.1,47.099999999999994,235.49999999999994,0.14067137096774207,14.761989113281622,0.34089813953495995,11.2
10,50.0,473.9793109071427,57.220933870674486,9.188971517574902,0.6451612903225806,26548.8534333797,31754.143330964813,1670.6601520896415,59973.65691643416,19.006943627192587,,,126.58780376967678,107,15.5,1.258,1.118,0.89,24.0,29.1,19.0,103.0,44.1,15.77,4.8,3.2,2.0,0.0278565663324065,0.5294681859272025,19.006943627192587,19.07790143084261,21.46690518783542,0.1782627480738729,350.0,31,26.925806451612903,26.75,15.5,28.9,39.65,24.15,155.80645161290323,0.07565524193548388,7.346188024725725,0.2728307520863753,124.95161290322581,122.0,107.0,122.5,151.0,44.0,41.12149532710281,0.16346774193548402,15.268352257043368,0.12219411900563945,29.85483870967742,31.5,19.0,31.5,42.5,23.5,123.6842105263158,0.08989919354838713,8.631525114743722,0.2891164544106487,44.90967741935484,40.4,24.0,46.6,69.8,45.8,190.83333333333334,0.1416633064516129,14.850956306777233,0.3306849917469431,15.5
10,60.0,467.7901225207683,55.53385899208469,7.795301102771299,0.48,30363.04748060696,28550.09383981323,1316.6464457066556,60229.78776612685,21.683948589927,,,128.26264837889175,109,18.5,1.508,1.359,0.95,29.9,36.3,18.0,106.9,41.0,16.23,4.59,3.3,2.5,0.0218603866050335,0.4740194992994773,21.683948589927,19.82758620689655,22.001471670345843,0.1692416863872297,360.0,31,27.70645161290323,27.0,18.5,26.75,39.7,21.200000000000003,114.59459459459462,0.0760100806451613,7.377293337616941,0.26626626320424396,126.37096774193549,122.5,109.0,123.0,151.0,42.0,38.53211009174312,0.1676411290322581,15.585766873409153,0.12333344558409284,30.56451612903226,33.0,18.0,27.5,41.0,23.0,127.77777777777777,0.08963709677419354,8.613692525550885,0.2818200193056226,46.232258064516124,41.2,29.9,47.75,65.0,35.1,117.3913043478261,0.14032459677419354,14.752070749486306,0.3190860963118026,18.5
10,70.0,461.68191610538827,54.089934009097504,7.029290543692585,0.4761904761904761,34447.049081521924,25170.215943435054,1032.3662867461117,60649.631311703095,24.38109057471104,,,129.9596061854495,105,21.2,1.728,1.657,0.955,37.25,45.15,15.0,103.75,42.55,16.2,4.605,3.3,2.5,0.0170218064713429,0.4150102053230149,24.38109057471104,21.55671296296296,22.48038624019312,0.1577827078950809,370.0,31,28.419354838709676,28.3,21.2,23.9,40.6,19.400000000000002,91.50943396226417,0.07786895161290323,7.524323639807045,0.2647605367014965,127.7258064516129,123.0,105.0,121.0,151.0,46.0,43.80952380952381,0.1713306451612904,15.848679603086508,0.12408361351071645,31.225806451612904,33.0,15.0,33.0,38.5,23.5,156.66666666666666,0.08633064516129033,8.401228788771933,0.2690476161693491,47.564516129032256,46.6,37.25,39.3,71.2,33.95,91.14093959731545,0.1448891129032258,15.088992641151734,0.31723212741655055,21.2
10,80.0,454.1624304573979,52.12069766507441,6.5700321864783975,0.4746835443037974,37228.08887645376,20797.771519776343,814.7496008988101,58840.609997128915,25.526580800816348,,,132.1113240026758,107,18.4,1.498,1.602,1.07,35.8,43.5,17.0,107.0,41.6,16.6,4.58,3.4,2.5,0.0138467225431307,0.3534594818237125,25.526580800816348,23.89853137516689,22.347066167290883,0.151686480742523,380.0,31,29.080645161290324,28.4,18.4,26.1,41.7,23.300000000000004,126.63043478260873,0.08124395161290324,7.765658132866728,0.26703871560606607,129.33870967741936,127.0,107.0,127.0,155.0,48.0,44.85981308411215,0.17316532258064513,16.00228478310425,0.12372386289468307,32.08064516129032,33.0,17.0,35.0,41.5,24.5,144.11764705882354,0.0820766129032258,8.035438978045473,0.2504762275710505,48.688709677419354,47.7,35.8,41.2,72.1,36.3,101.39664804469274,0.15307459677419355,15.584985882131447,0.320094452808212,18.4
10,90.0,448.87740891022906,51.6577452058368,6.378266184473828,0.4651162790697674,38614.15793068363,18040.83335577127,731.7248634773433,57386.71614993224,24.655214352067556,,,133.66678475904183,109,17.4,1.416,1.309,0.92,27.5,33.3,20.0,101.1,44.2,15.8,4.86,3.4,2.5,0.0127507707805686,0.3143729867489999,24.655214352067556,19.42090395480226,21.008403361344534,0.152315409571876,390.0,31,29.84193548387097,28.9,17.4,28.3,42.0,24.6,141.3793103448276,0.08216733870967742,7.840132830233103,0.26272199517590117,131.0483870967742,134.0,109.0,134.0,160.0,51.0,46.788990825688074,0.1772983870967742,16.363248882128957,0.12486417608516864,32.88709677419355,35.0,20.0,33.0,42.0,22.0,110.0,0.0783467741935484,7.719790236160733,0.2347361425414249,49.83709677419355,47.75,27.5,39.6,71.4,43.900000000000006,159.63636363636368,0.15849596774193545,15.911793151317752,0.31927608511010086,17.4
10,100.0,443.8531248578033,51.08129472894925,6.191280391466996,0.4545454545454545,39051.17409519482,15364.05362965754,670.7070829945783,55085.93480784694,22.90724821491372,,,135.1798526127807,104,19.3,1.5705,1.315,0.84,27.85,33.75,24.5,98.45,43.85,15.525,4.745,3.5,3.0,0.0121756503785252,0.2789106453988858,22.90724821491372,17.733205985354985,21.1787072243346,0.1498390810419026,400.0,31,30.658064516129034,29.1,19.3,33.1,42.7,23.400000000000002,121.24352331606217,0.08191733870967745,7.818589991959266,0.25502555739766125,132.75806451612902,134.0,104.0,134.0,162.0,58.0,55.76923076923077,0.18179435483870957,16.747074852911844,0.12614732606980128,33.306451612903224,35.0,24.5,37.0,33.0,8.5,34.69387755102041,0.07010080645161289,7.340160556094623,0.22038254454133976,51.39516129032258,53.3,27.85,53.6,75.8,47.949999999999996,172.17235188509872,0.1597883064516129,16.0160614948386,0.3116258630723343,19.3
10,110.0,439.1556668208576,50.8361837397798,9.11326820421406,1.188707280832095,39119.40568654663,12865.63298562392,652.6715575581641,52637.710229728706,19.712262372452734,,,136.62581297049613,106,20.9,1.705,1.444,0.91,29.4,35.7,23.0,97.5,44.4,15.42,5.03,3.5,3.0,0.0123993151432629,0.2444185533427264,19.712262372452734,17.24340175953079,20.3601108033241,0.153150200493255,410.0,31,31.343548387096778,31.7,20.9,29.1,40.55,19.65,94.01913875598086,0.08057258064516129,7.720511014342293,0.24631898465971394,134.6290322580645,137.0,106.0,137.0,162.0,56.0,52.83018867924528,0.1809274193548387,16.666817203621235,0.12379809112549618,33.46774193548387,35.0,23.0,40.0,29.5,6.5,28.26086956521739,0.06211693548387096,7.19367254823173,0.21494346891102034,52.70645161290323,53.6,29.4,53.3,68.5,39.1,132.99319727891157,0.15494354838709679,15.684731120506358,0.2975865504227291,20.9
10,120.0,433.6063176003259,49.65491338794175,9.42618933424611,1.3235294117647058,36379.87917945206,9864.195966340149,597.9833371019502,46842.05848289416,16.495770624890174,,,138.374367633879,114,18.15,1.48,1.4035,0.935,28.75,34.9,26.0,101.95,43.3,16.115,4.895,3.6,3.0,0.012765949159137,0.210584169138134,16.495770624890174,19.425675675675677,20.484503028143926,0.1618846704269946,420.0,31,32.020967741935486,33.0,18.15,33.0,41.9,23.75,130.85399449035813,0.08021975806451617,7.694876804228777,0.24030744061964646,136.43548387096774,139.0,114.0,139.0,162.0,48.0,42.10526315789474,0.17901209677419344,16.49431312881497,0.12089459912359948,33.82258064516129,35.0,26.0,38.0,34.0,8.0,30.76923076923077,0.05568548387096776,6.926456991248332,0.2047879511003322,54.0516129032258,57.0,28.75,60.6,71.1,42.349999999999994,147.3043478260869,0.15103225806451617,15.404936891956465,0.2850042036587792,18.15
10,130.0,428.1791552602492,48.86692035786249,9.350092666541238,1.3062409288824384,32455.042327203468,7490.814739582725,585.3196659827263,40531.17673276891,12.797818311821068,,,140.12826001193758,114,28.4,2.311,2.316,0.95,57.0,69.2,18.0,108.1,39.3,16.56,4.29,3.7,3.0,0.014441220639654,0.1848161179472123,12.797818311821068,24.664647338814365,24.611398963730572,0.1601781139737299,430.0,31,32.90967741935484,33.1,28.4,33.7,45.7,17.300000000000004,60.9154929577465,0.07954435483870967,7.6301203502395545,0.23185035371243498,138.0483870967742,141.0,114.0,142.0,164.0,50.0,43.85964912280702,0.18120967741935484,16.67101018670318,0.12076207869793167,34.306451612903224,36.5,18.0,40.0,41.0,23.0,127.77777777777777,0.05497983870967741,6.885585692051232,0.2007081866042202,55.57903225806451,57.25,57.0,61.5,76.1,19.099999999999994,33.508771929824555,0.1480443548387097,15.15805492245816,0.27272973829548336,28.4
10,140.0,423.5683537280228,47.944756954665536,9.254092908556826,1.2838801711840229,28315.234973755036,5823.130581726297,622.7089199489507,34761.07447543028,9.35128821055538,,,141.65364213806814,114.5,20.4,1.658,1.6135,0.975,34.45,41.8,20.0,104.45,42.85,16.135,4.74,3.7,3.0,0.0179139721468935,0.1675187165414632,9.35128821055538,20.77804583835947,21.35110009296561,0.1672917254850365,440.0,31,33.4225806451613,33.7,20.4,31.7,44.3,23.9,117.15686274509805,0.0835241935483871,7.848161554462691,0.23481614534151468,139.7258064516129,142.0,114.5,144.0,166.0,51.5,44.97816593886463,0.18260080645161278,16.78632315789525,0.12013760080682276,35.04838709677419,37.0,20.0,37.5,41.0,21.0,105.0,0.04850806451612902,6.282720799555022,0.1792584857673315,56.22096774193548,60.6,34.45,47.7,76.9,42.45,123.22206095791,0.16185685483870965,15.63413878980626,0.27808377226037473,20.4
10,150.0,418.0829115316901,46.12523834420633,10.593746513156884,1.692524682651622,21800.14200165353,4188.77917337898,619.7420390239174,26608.66321405643,6.75890759319189,,,143.51220378796106,113,20.2,1.645,1.344,0.95,27.9,33.9,22.0,102.2,44.3,15.55,4.92,3.8,3.5,0.023290987376492,0.1574216314319087,6.75890759319189,16.960486322188448,20.75892857142857,0.1639790732271801,450.0,31,34.25806451612903,35.75,20.2,35.85,46.3,26.099999999999998,129.20792079207922,0.08291129032258067,7.794037216297614,0.22750956092770813,141.38709677419354,142.0,113.0,142.0,166.0,53.0,46.902654867256636,0.18221774193548393,16.754954330694428,0.11850412599852322,35.79032258064516,37.5,22.0,36.5,43.0,21.0,95.45454545454545,0.04360887096774195,5.7847128905250305,0.16162785002818922,57.729032258064514,61.5,27.9,57.25,81.2,53.300000000000004,191.0394265232975,0.16291935483870973,15.718634239831124,0.27228300258983285,20.2
10,160.0,413.1978352864583,44.51444833684204,10.725269225632644,1.6689847009735743,16004.103635969455,2897.58305682677,608.8419858972164,19510.52867869344,4.759170891535615,,,145.20889239026073,115,22.5,1.829,1.57,0.88,31.6,38.4,29.0,101.9,43.4,16.07,4.69,3.8,3.5,0.0312058169167965,0.1485138155170079,4.759170891535615,17.27720065609623,20.127388535031848,0.1717449735367306,460.0,31,35.079032258064515,35.85,22.5,40.5,45.65,23.15,102.88888888888889,0.08073185483870969,7.601894217819972,0.21670763782465322,143.25806451612902,142.0,115.0,141.0,171.0,56.0,48.69565217391305,0.1818145161290323,16.71769071360333,0.11669633238498159,36.46774193548387,38.0,29.0,39.0,43.0,14.0,48.275862068965516,0.039072580645161316,5.327500170297146,0.14608801882283196,59.449999999999996,64.55,31.6,73.5,81.25,49.65,157.12025316455694,0.15790120967741939,15.257692049149066,0.256647469287621,22.5
10,170.0,408.55199353448273,41.97788978647276,10.68484224553137,1.6574585635359116,11339.850327140182,2086.9420929687412,551.8502505284808,13978.642670637404,3.7817181218458735,,,146.86013273592278,114,24.2,1.971,1.746,0.9,35.5,43.1,26.0,101.3,43.3,15.49,5.04,3.9,3.5,0.0394780998077631,0.1492950454590581,3.7817181218458735,18.011161846778283,20.332187857961053,0.180224060193546,470.0,31,35.61774193548386,36.6,24.2,36.6,39.2,15.000000000000004,61.98347107438018,0.07510887096774195,7.265025216601073,0.20397208867874228,144.90322580645162,144.0,114.0,142.0,166.0,52.0,45.6140350877193,0.17733870967741935,16.349525658174667,0.11283065347360077,36.75806451612903,38.0,26.0,40.0,38.0,12.0,46.15384615384615,0.03518145161290323,5.149224808554416,0.14008422032925572,60.95322580645161,65.0,35.5,64.55,78.2,42.7,120.28169014084507,0.15127419354838711,14.708052984016788,0.24130064962796458,24.2
10,180.0,404.1635856052812,39.98609409362285,11.19755133049054,1.7857142857142858,8933.25565192334,1617.3248110009297,554.8797489217411,11105.460211846012,2.914730289118973,,,148.45473995422705,121.5,21.1,1.7165,1.661,0.96,33.6,40.85,24.0,102.65,43.35,15.78,5.025,3.9,3.5,0.0499645884400054,0.1456332993094474,2.914730289118973,19.57471599184387,20.228777844671885,0.1770378048962811,480.0,31,36.37580645161291,38.65,21.1,35.75,47.7,26.6,126.06635071090047,0.07505040322580643,7.259980153413436,0.19958265840980488,146.58064516129033,149.0,121.5,149.0,166.0,44.5,36.62551440329218,0.17016129032258043,15.729005464530356,0.10730615523777311,37.04838709677419,38.0,24.0,41.0,35.0,11.0,45.833333333333336,0.02717741935483867,4.761573337160869,0.12852309399389372,62.28225806451613,67.1,33.6,67.95,76.7,43.1,128.27380952380952,0.14437701612903225,14.183491274407118,0.227729239677131,21.1
10,190.0,399.7898670392954,38.36475395693015,11.121032482197704,1.7639077340569878,8014.106926260899,1340.7298313858173,576.2597805926517,9931.09653823937,2.3266066391219424,,,150.07884127814222,122,27.0,2.198,1.952,0.95,40.4,49.0,33.0,103.2,44.1,15.94,4.83,4.0,4.0,0.05802579588002,0.1350032019347893,2.3266066391219424,18.3803457688808,20.69672131147541,0.1870678808766885,490.0,31,37.25645161290323,39.2,27.0,38.65,48.4,21.4,79.25925925925925,0.07246774193548383,6.996210187612098,0.18778519919994374,148.17741935483872,150.0,122.0,150.0,171.0,49.0,40.16393442622951,0.16874999999999996,15.610118719971766,0.10534748673541411,37.596774193548384,38.5,33.0,39.5,41.0,8.0,24.242424242424242,0.0211491935483871,4.148130813669192,0.11033209371406688,63.891935483870974,67.95,40.4,67.1,83.5,43.1,106.68316831683168,0.1387056451612903,13.64104160718793,0.21350177458047903,27.0
10,200.0,395.3232343331099,36.7835705384526,12.654423415539751,2.1476510067114094,7802.760570748194,1139.7553059154775,521.9476041729685,9464.46348083664,2.1836584684039924,,,151.77453483405026,122.5,28.9,2.355,2.2305,0.97,46.6,56.5,31.5,106.05,41.45,15.925,4.835,4.0,4.0,0.0551481449772395,0.1204247137963202,2.1836584684039924,19.78768577494692,20.89217664200852,0.1897174807449318,500.0,31,37.86451612903225,39.65,28.9,39.65,45.85,16.950000000000003,58.650519031141876,0.07104838709677418,6.893477515598677,0.18205640056530842,149.8709677419355,151.0,122.5,151.0,174.5,52.0,42.44897959183673,0.16778225806451608,15.523083747511576,0.10357632289557875,37.88709677419355,39.0,31.5,42.5,42.0,10.5,33.333333333333336,0.02084677419354837,4.130596561876898,0.10902383432795557,65.42096774193548,68.5,46.6,69.8,87.8,41.199999999999996,88.41201716738198,0.13801008064516126,13.576436536597447,0.20752423886714866,28.9
10,210.0,391.9422089741492,35.74300414614086,12.527422468765202,2.0969855832241153,8499.470860011608,1079.5158264405734,565.478112894996,10144.464799347175,1.9090320240936176,,,153.0837930342872,123,26.75,2.177,2.1495,1.025,47.75,57.95,27.5,108.3,40.95,16.43,4.675,4.1,4.0,0.0557425279775613,0.106414271013099,1.9090320240936176,21.93385392742306,22.2144684810421,0.2268413343686351,510.0,31,38.567741935483866,39.7,26.75,39.7,50.7,23.950000000000003,89.53271028037385,0.07302822580645162,7.058464757380516,0.1830147268976213,151.59677419354838,151.0,123.0,151.0,176.0,53.0,43.08943089430894,0.1659274193548387,15.35166622598272,0.10126644387817094,38.354838709677416,39.5,27.5,41.0,46.0,18.5,67.27272727272727,0.021633064516129064,4.203557121429217,0.10959652713566505,66.81129032258065,69.8,47.75,65.0,89.7,41.95,87.85340314136126,0.14055241935483875,13.789982533693433,0.20640197887381234,26.75
10,220.0,387.897708873057,34.15577333168404,12.464399114333837,2.0752269779507135,9207.684668923015,948.8440886188451,609.5650193354804,10766.093776877344,1.5565920919366916,,,154.67995460534038,121,23.9,1.947,1.863,0.98,39.3,47.7,33.0,104.3,42.8,16.21,4.81,4.2,4.0,0.0566189587392096,0.0881326234271436,1.5565920919366916,20.184899845916792,21.09500805152979,0.2501170935610671,520.0,31,39.33387096774194,40.5,23.9,40.6,50.5,26.6,111.29707112970712,0.0726209677419355,7.021827719057841,0.17851860359272814,153.30645161290323,151.0,121.0,151.0,176.0,55.0,45.45454545454545,0.16223790322580647,15.008151906744347,0.09789641433120984,39.08064516129032,40.0,33.0,38.5,50.0,17.0,51.515151515151516,0.021673387096774206,4.2093086807565525,0.10770826999872318,68.30645161290323,71.1,39.3,71.2,94.1,54.8,139.44020356234097,0.1447600806451613,14.162095783790171,0.20733174465052906,23.9
10,230.0,384.0864132612179,32.64719455185877,12.440004173320276,2.053915275994865,9917.973125306184,906.4822548683624,647.6037806432064,11472.059160817756,1.399748244162558,,,156.21484626480105,127,26.1,2.124,1.995,0.895,41.2,50.05,35.0,101.05,44.3,15.65,4.91,4.2,4.0,0.0564505265850671,0.0790165254694996,1.399748244162558,19.397363465160076,20.651629072681704,0.2541193668085065,530.0,31,40.07419354838709,40.55,26.1,41.7,46.85,20.75,79.50191570881226,0.06720967741935487,6.533195631640792,0.16302750107129083,155.08064516129033,155.0,127.0,155.0,176.0,49.0,38.58267716535433,0.1551209677419356,14.295743407388523,0.09218264079647305,39.41935483870968,40.0,35.0,41.5,43.5,8.5,24.285714285714285,0.020423387096774215,4.125321753499049,0.10465218850938668,69.77580645161291,71.2,41.2,72.1,84.85,43.64999999999999,105.94660194174755,0.13605241935483872,13.394444563373662,0.19196402370013801,26.1
10,240.0,380.48835570203306,31.74150958256729,12.38730222589839,2.035623409669211,10390.13606273155,909.3253624862552,688.4778000766394,11987.939225294444,1.320776592048475,,,157.6920794048873,134,28.3,2.303,2.121,0.9,39.6,48.1,33.0,102.3,45.0,15.7,4.89,4.3,4.5,0.0574308717401534,0.0758533510553329,1.320776592048475,17.194963091619627,18.67043847241867,0.2552642223997942,540.0,31,40.843548387096774,40.6,28.3,42.0,49.95,21.650000000000002,76.5017667844523,0.0641673387096774,6.229991197632677,0.152533054635401,156.75806451612902,160.0,134.0,160.0,179.0,45.0,33.582089552238806,0.15147177419354832,13.937282714444937,0.08890951006230952,39.58064516129032,40.0,33.0,42.0,40.0,7.0,21.21212121212121,0.01792338709677416,4.043712762205769,0.10216389211766817,71.36451612903225,71.4,39.6,71.4,90.45,50.85,128.4090909090909,0.13012096774193543,12.799656203380275,0.17935602870532413,28.3
10,250.0,377.1637922562893,30.83087331370038,12.362712807583392,2.0151133501259446,10803.265178910362,950.7107248040112,786.8829616789471,12540.858865393322,1.2081983866768573,,,159.08207848124766,134,33.1,2.693,2.504,0.95,53.6,65.0,37.0,105.1,42.2,15.99,4.74,4.3,4.5,0.0627455400084568,0.0758090602093857,1.2081983866768573,19.903453397697735,21.40575079872205,0.2879035636093263,550.0,31,41.5258064516129,41.7,33.1,42.7,49.45,16.35,49.39577039274925,0.06128024193548385,5.9628973797383376,0.1435949807907158,158.20967741935485,162.0,134.0,162.0,179.0,45.0,33.582089552238806,0.15024193548387094,13.830988271238603,0.08742188529073232,39.83870967741935,40.0,37.0,33.0,41.0,4.0,10.81081081081081,0.014536290322580622,3.8608874126168486,0.09691296339362131,72.98225806451612,72.1,53.6,75.8,89.75,36.15,67.44402985074626,0.12074798387096772,11.779711006550604,0.16140513213687321,33.1
10,260.0,374.2279052734375,30.212731891973544,12.32599186377044,2.002503128911139,10973.295064156471,1005.9841886033672,839.6372651728178,12818.916517932656,1.198117604268447,,,160.33010674647508,137,29.1,2.368,2.458,1.03,53.3,64.8,40.0,107.0,42.6,16.34,4.76,4.4,4.5,0.0654998621762011,0.0784765379504636,1.198117604268447,22.508445945945947,21.68429617575264,0.288624654584354,560.0,31,42.12903225806452,41.9,29.1,40.55,51.8,22.699999999999996,78.00687285223366,0.0620584677419355,6.027627700756305,0.14307538952790616,159.66129032258064,162.0,137.0,162.0,179.0,42.0,30.656934306569344,0.14719758064516136,13.56428342914717,0.08495661911376146,39.903225806451616,40.0,40.0,29.5,39.0,-1.0,-2.5,0.012197580645161289,3.828444755682368,0.09594323963310704,74.2758064516129,73.5,53.3,68.5,93.7,40.400000000000006,75.79737335834898,0.12077419354838713,11.782090016685931,0.15862621463910181,29.1
10,270.0,371.3224616635688,29.40810698578235,12.316776776857996,1.9851116625310177,11007.54581299118,1104.613734647851,917.1113788735656,13029.270926512596,1.2044488380512557,,,161.58462305563972,139,33.0,2.685,2.802,1.04,60.6,73.6,38.0,107.4,42.4,16.37,4.84,4.4,4.5,0.0703885416188086,0.0847793971648965,1.2044488380512557,22.56983240223464,21.62740899357602,0.2894869827533958,570.0,31,42.90645161290323,42.0,33.0,41.9,53.2,20.200000000000003,61.21212121212122,0.06034879032258063,5.842498636934428,0.13616830143971673,161.01612903225808,162.0,139.0,162.0,179.0,40.0,28.776978417266186,0.14427419354838708,13.320713113398336,0.08272906070627033,40.0,41.0,38.0,34.0,43.0,5.0,13.157894736842104,0.01413306451612904,3.8686776379877745,0.09671694094969437,75.64032258064515,75.8,60.6,71.1,95.6,34.99999999999999,57.75577557755774,0.12013911290322578,11.72113062915888,0.15495876047675772,33.0
10,280.0,368.54243542435427,28.77853088603589,12.870450682569048,2.2167487684729066,10494.373474801849,1156.83245662395,1056.828897957489,12708.034829383289,1.0946260637457357,,,162.80350438047557,142,33.7,2.741,2.828,1.03,61.5,74.7,40.0,108.4,41.4,16.44,4.67,4.5,5.0,0.083162260109164,0.0910315774354932,1.0946260637457357,22.43706676395476,21.74681753889675,0.333707541024452,580.0,31,43.47580645161291,42.7,33.7,45.7,50.65,16.949999999999996,50.29673590504449,0.058641129032258064,5.703272028227041,0.13118266212208365,162.30645161290323,164.0,142.0,164.0,179.0,37.0,26.056338028169016,0.14094758064516127,13.05161383338911,0.08041340133857942,40.064516129032256,41.0,40.0,41.0,40.0,0.0,0.0,0.01284274193548389,3.8508482517575944,0.09611618019684817,76.5064516129032,76.1,61.5,76.1,87.45,25.950000000000003,42.19512195121952,0.11757862903225808,11.563662496051181,0.15114623998717658,33.7
10,290.0,365.8854166666667,28.112915555131345,13.100709385173488,2.3227383863080684,9851.490619407825,1214.489240200105,1142.1725123983022,12208.152372006229,1.0633150658213215,,,163.98576512455514,144,31.7,2.5775,2.466,0.98,47.7,57.9,37.5,102.5,45.55,15.945,4.89,4.5,5.0,0.0935581796158891,0.0994818219163922,1.0633150658213215,18.506304558680892,19.343065693430656,0.3377904292407229,590.0,31,44.11129032258065,44.3,31.7,44.3,53.4,21.7,68.45425867507886,0.05833669354838708,5.675160932775671,0.12865551860473565,163.56451612903226,166.0,144.0,166.0,181.0,37.0,25.694444444444443,0.13915322580645162,12.9078412444296,0.07891590150425354,40.096774193548384,41.0,37.5,41.0,41.0,3.5,9.333333333333334,0.013366935483870962,3.8544765205293214,0.09612934202446417,77.51290322580644,76.7,47.7,76.9,92.7,45.0,94.33962264150942,0.11769153225806446,11.571782978016937,0.14928847322756883,31.7
10,300.0,363.1048768939394,26.689749645866,13.337668051951292,2.4271844660194173,8551.909213760193,1225.4920344203292,1141.8825910411242,10919.283839221647,1.0732207006527468,,,165.24151510508523,142,35.85,2.915,2.8,0.965,57.25,69.45,36.5,102.1,45.7,15.955,4.87,4.6,5.0,0.1045748611222583,0.1122319057242938,1.0732207006527468,19.639794168096056,20.446428571428573,0.3841377526677386,600.0,31,44.79193548387098,45.65,35.85,46.3,52.8,16.949999999999996,47.28033472803346,0.055584677419354855,5.395416214624435,0.12045508095016919,164.69354838709677,166.0,142.0,166.0,179.0,37.0,26.056338028169016,0.135866935483871,12.66798946120683,0.07691855318723176,40.20967741935484,41.0,36.5,43.0,41.0,4.5,12.32876712328767,0.012237903225806479,3.8270401825875546,0.09517709238685454,79.01612903225805,76.9,57.25,81.2,94.3,37.05,64.71615720524017,0.10861088709677422,10.551669592192304,0.13353817405918003,35.85
10,310.0,360.1790208082933,25.05574804566398,13.57560379139018,2.527075812274368,7325.025484831385,1228.5411307397717,1266.950530131674,9820.51714570283,0.9696835839455304,,,166.58382785691242,141,40.5,3.296,3.327,1.01,73.5,89.2,39.0,109.5,40.9,16.45,4.62,4.7,5.0,0.1290105715752509,0.1250994334119507,0.9696835839455304,22.2997572815534,22.091974752028857,0.3923459314001772,610.0,31,45.31774193548388,45.7,40.5,45.65,52.15,11.649999999999999,28.765432098765427,0.05426612903225807,5.288124248210903,0.11668993251559809,165.9516129032258,166.0,141.0,171.0,181.0,40.0,28.368794326241133,0.13108870967741934,12.269443643125307,0.07393386197626291,40.306451612903224,41.0,39.0,43.0,39.5,0.5,1.2820512820512822,0.009415322580645147,3.767575301956681,0.09347325679124219,80.15806451612903,78.2,73.5,81.25,92.65,19.150000000000006,26.05442176870749,0.1028145161290323,10.019689755461439,0.12499914782055802,40.5
10,320.0,357.57220502684964,23.703173916155343,13.541433030905472,2.508960573476702,6613.506795745843,1191.8622292266657,1264.8113508712229,9070.18037584373,0.942324108971422,,,167.79827726121687,142,36.6,2.978,3.1265,1.035,64.55,78.4,40.0,105.9,43.6,16.21,4.89,4.7,5.0,0.1394472103597572,0.1314044682508087,0.942324108971422,21.67562122229684,20.646089876859108,0.4576559343435505,620.0,31,45.74032258064517,45.85,36.6,39.2,53.6,17.0,46.448087431693985,0.056167338709677384,5.412261070243482,0.11832581767872485,166.6290322580645,166.0,142.0,166.0,162.0,20.0,14.084507042253522,0.11260080645161277,11.394419498110675,0.06838195807597153,40.306451612903224,41.0,40.0,38.0,39.0,-1.0,-2.5,0.007782258064516107,3.7675753019566813,0.0934732567912422,80.92258064516129,81.2,64.55,78.2,97.2,32.650000000000006,50.580945003872976,0.10882661290322578,10.391990815925483,0.12841892501542293,36.6
10,330.0,355.177403061981,22.827306777111517,14.031379661549668,2.7315914489311166,6357.049934565192,1094.4642401237145,1262.317912954343,8713.83208764325,0.8670274174928072,,,168.92966580289334,149,35.75,2.913,3.145,1.085,67.95,82.45,41.0,108.75,41.85,16.54,4.705,4.8,5.5,0.1448636949000185,0.125600795277629,0.8670274174928072,23.326467559217303,21.605723370429253,0.4664505453714146,630.0,31,46.31451612903227,46.3,35.75,47.7,54.4,18.65,52.16783216783216,0.05550806451612906,5.354129147184552,0.11560369393189697,165.66129032258064,166.0,149.0,166.0,112.0,-37.0,-24.83221476510067,0.06366935483870975,14.426472828781465,0.08708415104512228,40.33870967741935,41.0,41.0,35.0,41.0,0.0,0.0,0.008004032258064541,3.769144679221431,0.09343741307945971,82.14032258064516,81.25,67.95,76.7,102.3,34.349999999999994,50.55187637969094,0.11119354838709679,10.618799519051409,0.12927633086205498,35.75
10,340.0,352.88988883981153,22.025285648889867,14.514796482806595,3.0660377358490565,6211.136121247915,988.6286093431572,1265.554462402924,8465.319192993997,0.7811821922432605,,,170.02470713247325,150,38.65,3.145,3.2585,1.035,67.1,81.45,39.5,106.75,42.8,16.195,4.885,4.8,5.5,0.1494987292918987,0.1167857450858271,0.7811821922432605,21.33545310015898,20.592297069203617,0.4750347087219601,640.0,31,46.933870967741946,46.85,38.65,48.4,54.95,16.300000000000004,42.17335058214749,0.05391532258064516,5.199589520605996,0.11078543945756614,163.30645161290323,166.0,150.0,171.0,76.0,-74.0,-49.333333333333336,-0.0013104838709678956,21.47350205072709,0.13149206194025478,40.41935483870968,41.0,39.5,41.0,43.5,4.0,10.126582278481013,0.01034274193548388,3.8102860220582486,0.09426884811157678,83.3258064516129,83.5,67.1,83.5,104.7,37.60000000000001,56.03576751117737,0.11568346774193551,11.025386395101549,0.1323165879169014,38.65
10,350.0,350.68313634367684,21.096822093771312,14.909165366606295,3.28253223915592,6050.199384143613,875.8028319162408,1299.574027769865,8225.57624382972,0.6739153085562681,,,171.09462583680883,151,39.65,3.2245,3.266,1.015,69.8,84.7,42.5,106.8,42.4,16.25,4.765,4.9,5.5,0.1579918523938938,0.1064731279554073,0.6739153085562681,21.64676694061095,21.37170851194121,0.5506278436052562,650.0,31,47.425806451612914,47.7,39.65,45.85,53.9,14.25,35.939470365699876,0.052784274193548385,5.110363179653378,0.10775490312151727,163.11290322580646,166.0,151.0,174.5,144.0,-7.0,-4.635761589403973,-0.02157258064516125,21.62394879041112,0.13257043656733802,40.53225806451613,41.0,42.5,42.0,43.0,0.5,1.1764705882352942,0.011310483870967768,3.8339176740225915,0.09458929398702773,84.5758064516129,84.85,69.8,87.8,105.85,36.05,51.64756446991404,0.1188387096774194,11.31724253052057,0.13381181930550476,39.65
10,360.0,348.33814044331393,19.947370552585472,15.476169286821118,3.492433061699651,5735.2770202110805,739.5727389784013,1295.2383406402926,7770.088099829774,0.5709935505868351,,,172.24642677267772,151,39.7,3.229,3.153,0.99,65.0,78.9,41.0,105.1,43.5,16.06,4.89,4.9,5.5,0.1666954510681376,0.0951820274720699,0.5709935505868351,20.130071229482812,20.615287028227087,0.5601784696495673,660.0,31,47.893548387096786,48.4,39.7,50.7,54.15,14.449999999999996,36.39798488664986,0.051834677419354845,5.038001289127199,0.10519164811944712,164.17741935483872,166.0,151.0,176.0,184.0,33.0,21.85430463576159,-0.01675403225806444,21.819161451614335,0.13289989291679818,40.516129032258064,41.0,41.0,46.0,42.0,1.0,2.4390243902439024,0.013467741935483871,3.8264079564863924,0.0944415976521323,85.64999999999999,87.45,65.0,89.7,103.1,38.099999999999994,58.615384615384606,0.12051008064516132,11.447634399007217,0.13365597663756237,39.7
10,370.0,346.2568111287529,18.854567358941313,15.48143554837958,3.468208092485549,5462.554706630057,588.8592832704298,1304.8462491947512,7356.260239095238,0.4512863363279985,,,173.2817899073456,151,40.6,3.306,3.364,1.025,71.2,86.45,38.5,108.4,41.4,16.31,4.745,5.0,6.0,0.1773790223271433,0.0800487291274587,0.4512863363279985,21.536600120992137,21.165279429250894,0.648505988172292,670.0,31,48.48387096774194,49.45,40.6,50.5,58.0,17.4,42.85714285714285,0.05266129032258065,5.117443813350147,0.10554940666257787,165.24193548387098,171.0,151.0,176.0,184.0,33.0,21.85430463576159,-0.013266129032257832,21.95938332761265,0.13289231491576226,40.774193548387096,41.0,38.5,50.0,49.0,10.5,27.272727272727273,0.018911290322580668,4.118735060018264,0.10101328074411882,87.18225806451612,87.8,71.2,94.1,112.5,41.3,58.00561797752809,0.12342741935483867,11.766007170284352,0.13495873393847332,40.6
10,380.0,344.38674666470115,18.51666608230714,16.422625224058148,3.9125431530494823,4844.643044411271,442.2074762320055,1277.8470739392249,6564.697594582502,0.3460566489140289,,,174.22273238179133,155,41.7,3.3955,3.4415,1.01,72.1,87.5,41.5,108.3,40.9,16.205,4.765,5.0,6.0,0.1946543699124487,0.0673614389483737,0.3460566489140289,21.23398615815049,20.950167078308876,0.6649278762705442,680.0,31,49.00000000000001,49.95,41.7,46.85,56.6,14.899999999999999,35.73141486810551,0.052483870967741944,5.102630040805754,0.10413530695521946,163.24193548387098,171.0,155.0,176.0,89.0,-66.0,-42.58064516129032,-0.06856854838709676,25.7891679353115,0.1579812678578513,41.11290322580645,41.0,41.5,43.5,49.0,7.5,18.072289156626507,0.02241935483870966,4.350688982638947,0.10582295681585513,88.6241935483871,89.7,72.1,84.85,115.9,43.80000000000001,60.74895977808601,0.13048588709677417,12.46059034829237,0.14060032423865307,41.7
12,0.0,457.43643638573747,48.51517353054977,4.13225962382638,0.0,37413.10992032812,2150.3140569564325,284.3527435749409,39847.776720859496,7.5621357822057345,,,131.16576474333246,70.5,18.6,1.595,1.558,0.985,45.9,55.5,34.0,118.35,30.2,17.425,3.48,0.0,0.0,0.0071359751277186,0.0539632128542515,7.5621357822057345,28.777429467084637,29.460847240051347,0.092805093463805,300.0,30,21.826666666666664,21.125,18.6,20.7,37.6,19.0,102.1505376344086,0.08932426502852124,8.773831912954659,0.40197763804007297,126.65,130.5,70.5,130.0,151.0,80.5,114.18439716312056,0.20645090517912465,19.696905935914806,0.15552235243517415,29.066666666666666,30.0,34.0,30.0,30.0,-4.0,-11.764705882352942,0.019417118430551022,5.592071563188019,0.19238778313720248,35.015,34.3,45.9,33.6,61.65,15.75,34.31372549019608,0.14214787187362873,14.8552739386759,0.4242545748586577,18.6
12,10.0,453.8275739615988,48.48759017005966,4.148755785028162,0.0,37723.671353312384,2055.8881496549448,269.80162512513647,40049.36112809247,7.619999133442599,,,132.2088022907947,85,1.9,0.164,0.166,1.01,5.6,6.7,18.0,114.5,34.7,17.97,2.98,3.0,2.0,0.0067367273166284,0.0513338563149475,7.619999133442599,34.14634146341463,33.73493975903614,0.1004056083201205,310.0,30,22.508333333333333,22.0,1.9,20.75,39.05,37.15,1955.2631578947369,0.0987517158544955,9.293519092703084,0.41289236990905964,129.4,133.5,85.0,131.0,153.0,68.0,80.0,0.1855567947838022,17.1863016823644,0.13281531439230604,28.916666666666668,29.75,18.0,26.5,29.5,11.5,63.888888888888886,0.0233570693205216,5.515000442888239,0.19072047641112064,35.72833333333333,34.3,5.6,31.1,67.3,61.699999999999996,1101.7857142857144,0.17147434797529168,15.874799392342771,0.4443196172694716,1.9
12,20.0,450.8014293457768,49.434211180066775,4.187257985323046,0.0,38347.31376913775,2043.035102692111,277.92172196634203,40668.2705937962,7.351117027619506,,,133.09629494093372,99,9.9,0.85,0.593,0.8,15.8,19.1,24.0,107.8,37.5,16.11,3.88,3.1,2.0,0.006833871170532,0.0502365867262565,7.351117027619506,18.58823529411765,26.64418212478921,0.1128909031716248,320.0,30,23.851666666666667,22.65,9.9,25.45,42.2,32.300000000000004,326.26262626262627,0.09761043073408424,9.12298615787515,0.38248841413773255,131.8,137.5,99.0,136.0,157.0,58.0,58.58585858585859,0.17342577464177772,15.738487856207787,0.11941189572236559,29.316666666666666,30.0,24.0,24.5,30.0,6.0,25.0,0.016521594540275582,5.116712531150913,0.17453254796421536,37.90833333333333,35.2,15.8,36.25,71.0,55.2,349.3670886075949,0.17420620002602621,16.083907589057247,0.4242842186605561,9.9
12,30.0,445.5126152663934,48.77092722906656,4.16765248797055,0.0,34767.774968916776,1789.219809185513,238.32753636420452,36795.32231446649,7.507398584657396,,,134.67632103778502,105.5,6.6,0.564,0.38,0.615,12.3,14.9,30.5,107.7,34.1,16.955,2.81,3.1,2.0,0.006477115061729,0.0486262844470874,7.507398584657396,21.808510638297875,32.36842105263158,0.1099904243938872,330.0,30,24.728333333333335,23.225,6.6,21.5,36.2,29.6,448.4848484848485,0.09659870616474447,8.9988762069775,0.3639095318586304,133.83333333333334,139.0,105.5,139.0,160.0,54.5,51.65876777251185,0.16983051343598135,15.288790875565722,0.11423754078878497,29.716666666666665,30.0,30.5,27.0,36.0,5.5,18.0327868852459,0.017144780750541516,5.155651959397257,0.1734936161322689,39.531666666666666,35.825,12.3,35.4,64.5,52.2,424.390243902439,0.1773245126163574,16.232526325853907,0.4106208438598737,6.6
12,40.0,440.76529083702064,48.437050787784294,4.1562730688538885,0.0,31815.36016467377,1694.048360659878,204.90532967646337,33714.31385501011,8.267468510139325,,,136.12687125626204,105.5,6.6,0.564,0.38,0.615,12.3,14.9,30.5,107.7,34.1,16.955,2.81,3.1,2.0,0.0060776953835592,0.0502471551977954,8.267468510139325,21.808510638297875,32.36842105263158,0.1117521036054046,340.0,30,25.818333333333335,24.549999999999997,13.2,23.65,39.3,26.099999999999998,197.72727272727275,0.09397886540600667,8.70288778205984,0.33708170352048955,135.65,139.0,113.0,139.0,160.0,47.0,41.5929203539823,0.16817575083426042,15.041981481724797,0.11088817900276296,29.833333333333332,30.0,24.0,24.5,34.0,10.0,41.666666666666664,0.020711902113459406,5.213267777463597,0.17474640594850047,41.58166666666667,37.175,17.05,38.1,73.8,56.75,332.8445747800586,0.181805339265851,16.555062166398933,0.3981336847103835,6.6
12,50.0,435.618660161936,46.880820486240125,4.174125527301133,0.0,25522.81629230139,1655.0527723976625,187.64169149065253,27365.510756189706,8.82028273807215,,,137.7351465561547,113,13.2,1.1355,0.7075,0.605,17.05,20.6,24.0,93.05,37.65,15.035,4.11,3.2,2.5,0.0068568678714761,0.0604795133240227,8.82028273807215,15.015411712901807,24.098939929328623,0.1077084330608717,350.0,31,26.21129032258065,25.45,13.2,22.5,38.0,24.8,187.87878787878788,0.09253629032258066,8.831899660486595,0.33695020549515037,136.43548387096774,139.0,113.0,139.0,160.0,47.0,41.5929203539823,0.16713709677419353,15.422246883146801,0.11303692005616522,30.0,30.0,24.0,29.0,35.0,11.0,45.833333333333336,0.021895161290322603,5.208966628164681,0.17363222093882272,42.53709677419355,38.1,17.05,32.95,71.2,54.150000000000006,317.5953079178886,0.1826754032258065,17.124037528875093,0.40256714321095655,13.2
12,60.0,430.37165742243866,45.344739713069536,4.134504779517799,0.0,19359.998763998003,1632.7746392677925,168.93375783826855,21161.707161104063,9.66517681345226,,,139.41438513713734,112,11.55,0.993,0.6585,0.625,15.35,18.55,25.0,91.4,39.5,15.145,3.945,3.3,2.5,0.0079829928914607,0.077157037796501,9.66517681345226,15.458207452165157,23.31055429005315,0.1225865977093175,360.0,31,27.06612903225807,26.6,11.55,28.7,39.7,28.150000000000002,243.7229437229437,0.09230040322580647,8.81300541904571,0.3256101161914272,138.01612903225808,139.0,112.0,139.0,162.0,50.0,44.642857142857146,0.16747983870967753,15.451258778800591,0.11195255864036889,30.35483870967742,30.0,25.0,33.0,35.0,10.0,40.0,0.02104838709677417,5.161061822898942,0.17002435335798852,44.16451612903226,44.5,15.35,44.5,67.5,52.15,339.73941368078175,0.18133064516129033,17.018059983188383,0.3853333280832955,11.55
12,70.0,425.0902728245364,42.71583615167175,4.130153524843418,0.0,12546.142272424851,1594.6046511435616,165.86063647528434,14306.6075600437,9.614123549930914,,,141.14649013567544,113,20.25,1.738,1.084,0.625,26.65,32.25,26.0,94.05,38.2,14.98,4.12,3.3,2.5,0.0115932890295047,0.1114593130797173,9.614123549930914,15.333716915995396,24.584870848708483,0.1394661281443371,370.0,31,28.030645161290323,28.15,20.25,26.6,41.45,21.200000000000003,104.69135802469138,0.09098991935483872,8.693634428125701,0.31014749671660824,139.69354838709677,139.0,113.0,139.0,164.0,51.0,45.13274336283186,0.1664112903225808,15.355062910624865,0.10991962827141688,30.693548387096776,30.0,26.0,30.0,35.5,9.5,36.53846153846154,0.020705645161290368,5.142433631648927,0.16754119031121045,46.13387096774194,45.4,26.65,45.4,76.4,49.75000000000001,186.67917448405257,0.18223790322580646,17.104630889015475,0.37076079960806885,20.25
12,80.0,420.3614652826545,40.44483668458646,4.085746502093919,0.0,8054.845653668048,1552.1791002164364,177.71977064539283,9784.74452452988,8.733857210031656,,,142.73430120350235,111,17.55,1.509,1.0725,0.685,26.85,32.5,28.5,98.15,37.8,15.635,4.05,3.4,2.5,0.0181629443875471,0.1586325627945828,8.733857210031656,17.79324055666004,25.034965034965037,0.1551538566376882,380.0,31,28.43225806451613,28.7,17.55,29.4,32.7,15.150000000000002,86.32478632478633,0.08879435483870969,8.6093800433703,0.3028032463631487,141.33870967741936,141.0,111.0,141.0,164.0,53.0,47.747747747747745,0.163891129032258,15.130205493633254,0.10704926858441877,30.887096774193548,30.5,28.5,33.5,32.0,3.5,12.280701754385966,0.018467741935483836,5.072326352242718,0.16422153203083473,47.061290322580646,46.15,26.85,46.15,55.4,28.549999999999997,106.33147113594039,0.17527217741935483,16.78950917327752,0.35675836888861684,17.55
12,90.0,415.594482421875,37.7194714002832,4.125799849051838,0.0,4966.729644470677,1469.926282207986,182.78457337135225,6619.440500050015,8.041850879951594,,,144.37150284178526,113,16.0,1.378,0.9355,0.68,20.45,24.7,14.5,90.55,41.35,14.56,4.685,3.45,2.75,0.0276132965270963,0.2220620129747944,8.041850879951594,14.840348330914368,21.859967931587384,0.1794601530543604,390.0,31,29.32096774193549,29.4,16.0,28.15,45.1,29.1,181.875,0.09185483870967741,8.866695872698282,0.30240120144523536,143.0483870967742,141.0,113.0,141.0,164.0,51.0,45.13274336283186,0.15802419354838715,14.571864922233804,0.10186668453923732,30.93548387096774,30.5,14.5,41.0,30.0,15.5,106.89655172413794,0.016391129032258096,5.0559238118664185,0.16343445064427423,48.58548387096774,46.85,20.45,46.85,74.1,53.64999999999999,262.3471882640587,0.17858669354838708,17.036437389452384,0.3506487129920817,16.0
12,100.0,411.3246372767857,35.76483052625203,4.116920666039545,0.0,3874.5329481968383,1377.5938030666016,197.9962126278525,5450.122963891293,6.957677547377556,,,145.87018272777377,116,17.9,1.539,0.986,0.67,25.5,30.9,38.0,97.5,38.0,15.33,4.2,3.5,3.0,0.0363287606425831,0.252763802246954,6.957677547377556,16.569200779727097,25.86206896551724,0.1988553086382564,400.0,31,30.10645161290323,29.9,17.9,29.9,40.35,22.450000000000003,125.41899441340786,0.08993145161290322,8.724703833898737,0.28979515573862724,144.69354838709677,143.0,116.0,143.0,164.0,48.0,41.37931034482759,0.15131048387096777,13.931186488926466,0.09628063340914512,31.612903225806452,31.0,38.0,31.0,35.5,-2.5,-6.578947368421052,0.008548387096774144,4.096156079015534,0.12957228413212404,50.2,50.2,25.5,50.75,70.5,45.0,176.47058823529412,0.17368951612903227,16.648363282917632,0.3316407028469648,17.9
12,110.0,407.5852997448979,34.168800958953334,4.174017420519356,0.0,4013.5606655,1264.8006888973166,213.29786685662555,5491.659221253942,5.929739043042046,,,147.20844946457387,122,19.25,1.6525,1.223,0.73,29.0,35.15,30.5,99.5,38.3,15.575,4.245,3.6,3.0,0.0388403319039017,0.2303130325352776,5.929739043042046,17.549167927382754,23.712183156173342,0.2252403851256067,410.0,31,30.885483870967743,32.05,19.25,33.3,42.05,22.799999999999997,118.44155844155841,0.08928024193548387,8.676502689720738,0.280924939559604,146.17741935483872,144.0,122.0,144.0,162.0,40.0,32.78688524590164,0.14326612903225808,13.203880986978017,0.09032777459920964,31.548387096774192,31.0,30.5,37.0,36.0,5.5,18.0327868852459,0.015322580645161267,4.006983151760764,0.1270107133993698,51.90645161290323,50.4,29.0,53.65,78.4,49.400000000000006,170.34482758620692,0.17481048387096773,16.74307688735598,0.3225625402448793,19.25
12,120.0,403.7802971276954,32.91425901821326,4.17330338170444,0.0,4727.5471882925785,1139.1320782951773,232.960859656394,6099.6401262441495,4.889800286517409,,,148.595660627356,125,18.2,1.56,1.173,0.76,28.5,34.4,36.0,101.5,38.0,15.97,4.14,3.6,3.0,0.0381925580583127,0.1867539813363706,4.889800286517409,18.26923076923077,24.296675191815854,0.2321291875595574,420.0,31,31.700000000000003,32.3,18.2,32.3,44.5,26.3,144.5054945054945,0.09000806451612907,8.732802146695716,0.27548271756137904,147.59677419354838,146.0,125.0,146.0,166.0,41.0,32.8,0.1396572580645161,12.879194691982045,0.08725932366985978,31.951612903225808,31.0,36.0,29.0,43.0,7.0,19.444444444444443,0.021572580645161262,4.496952373014561,0.14074257805497364,53.535483870967745,50.75,28.5,50.2,79.5,51.0,178.94736842105263,0.1767217741935484,16.896105042032552,0.3156057220432689,18.2
12,130.0,400.1963555574099,31.583028581343378,4.208579539555877,0.0,5887.130080909716,1007.7004911610468,234.94788068242892,7129.778452753191,4.289038437946676,,,149.9264027940223,126,11.6,0.999,1.073,0.76,24.2,29.2,32.0,99.9,39.3,15.73,4.47,3.7,3.0,0.0329530408608563,0.1413368588994402,4.289038437946676,24.224224224224223,22.553588070829452,0.2685388116124285,430.0,31,32.49032258064516,32.7,11.6,32.05,42.7,31.1,268.1034482758621,0.08795161290322577,8.577571716933633,0.2640038951796491,149.01612903225808,150.5,126.0,150.5,169.0,43.0,34.12698412698413,0.13802419354838708,12.729548218592143,0.08542396250164658,32.064516129032256,31.0,32.0,24.0,39.5,7.5,23.4375,0.028750000000000022,4.643529432597348,0.1448183223445853,55.09516129032259,53.65,24.2,50.4,76.85,52.64999999999999,217.56198347107434,0.1746713709677419,16.738908540875205,0.3038181239305198,11.6
12,140.0,396.7087903559603,30.475217293988948,4.278373024733612,0.0,7007.981847719057,871.3682254667532,236.0143552648804,8115.364428450691,3.6920136679347793,,,151.24444292288806,129,22.8,1.956,1.532,0.75,35.0,42.4,31.0,101.0,39.2,15.66,4.34,3.7,3.5,0.0290824099577667,0.1073726550605573,3.6920136679347793,17.893660531697343,22.845953002610965,0.2726507576354341,440.0,31,33.53709677419355,33.3,22.8,36.95,44.05,21.249999999999996,93.20175438596489,0.08146572580645159,7.89619072445627,0.2354464603069729,150.40322580645162,151.0,129.0,151.0,169.0,40.0,31.007751937984494,0.13526209677419335,12.47826066594667,0.08296537922666955,32.41935483870968,31.0,31.0,30.0,43.0,12.0,38.70967741935484,0.035322580645161236,5.041654447688028,0.15551371928191926,56.93064516129032,55.4,35.0,65.35,81.1,46.099999999999994,131.7142857142857,0.17046774193548384,16.353423073979314,0.2872516731129324,22.8
12,150.0,393.2849153133202,29.434866435527287,4.273191876095472,0.0,7719.504756584355,761.6250189803377,241.71082316265085,8722.840598727344,3.1509760672480467,,,152.5611526498531,130,20.7,1.776,1.424,0.79,33.6,40.7,30.0,102.6,38.4,15.7,4.42,3.8,3.5,0.0277101043435227,0.0873138756073862,3.1509760672480467,18.91891891891892,23.59550561797753,0.2735759551472403,450.0,31,34.277419354838706,36.2,20.7,37.6,45.75,25.05,121.01449275362319,0.08192540322580649,7.931738341516289,0.23139835176642667,151.75806451612902,151.0,130.0,151.0,171.0,41.0,31.53846153846154,0.13391129032258067,12.356422734582164,0.08142185243321226,32.62903225806452,32.0,30.0,30.0,37.5,7.5,25.0,0.03747983870967742,5.1152838662441855,0.1567709341112899,58.51129032258064,61.65,33.6,61.65,84.0,50.4,150.0,0.17269153225806452,16.530152800652,0.2825121905450903,20.7
12,160.0,390.0203704833984,28.747600008122312,4.342802712238996,0.0,8180.518366047667,645.5199896698343,232.9430467641424,9058.981402481644,2.771149423161065,,,153.83811857220405,131,20.75,1.7815,1.4075,0.79,31.1,37.7,26.5,99.3,40.5,15.59,4.49,3.8,3.5,0.0257140440425597,0.0712574583156775,2.771149423161065,17.45719898961549,22.095914742451157,0.3089973376883857,460.0,31,35.14032258064517,36.95,20.75,39.05,47.45,26.700000000000003,128.67469879518075,0.08113306451612905,7.860157116271476,0.22367913949090348,153.08064516129033,153.0,131.0,153.0,171.0,40.0,30.53435114503817,0.13151209677419345,12.14227928506667,0.07931949380193166,33.0,33.0,26.5,29.5,41.5,15.0,56.60377358490566,0.041149193548387086,5.330728530573158,0.16153722819918662,60.13225806451613,64.5,31.1,67.3,83.85,52.74999999999999,169.6141479099678,0.17194556451612905,16.469570670315488,0.2738891104446007,20.75
12,170.0,387.0196675145349,28.20001257227527,4.424503570369492,0.0,8341.967458046296,558.5797999724789,224.11558910489,9124.662847123664,2.492373699676259,,,155.0308809506345,136,25.45,2.186,1.679,0.79,36.25,43.9,24.5,98.9,40.8,15.5,4.56,3.9,3.5,0.0245615200100831,0.0612164864972033,2.492373699676259,16.582799634034767,21.59023228111971,0.3153811901796919,470.0,31,35.982258064516124,37.6,25.45,42.2,46.85,21.400000000000002,84.08644400785855,0.07893145161290327,7.662729587502277,0.21295855234440864,154.43548387096774,157.0,136.0,157.0,173.0,37.0,27.205882352941178,0.12931451612903236,11.937854312706193,0.07729994437470329,33.274193548387096,33.5,24.5,30.0,35.0,10.5,42.857142857142854,0.038165322580645165,5.202305113564914,0.1563465424338462,61.853225806451604,65.35,36.25,71.0,84.45,48.2,132.9655172413793,0.16792338709677423,16.118384614490534,0.2605908488092032,25.45
12,180.0,384.1953375400641,27.873688112565773,4.586994235882513,0.0,8461.56724058635,493.5067048317018,216.78820516694293,9171.862150584991,2.276446287525953,,,156.1705573632662,139,21.5,1.849,1.538,0.81,35.4,42.9,27.0,101.6,40.0,15.77,4.45,3.9,3.5,0.0236362258402581,0.0538065985651807,2.276446287525953,19.14548404542996,23.016905071521457,0.3264312185622274,480.0,31,36.7258064516129,38.0,21.5,36.2,48.5,27.0,125.5813953488372,0.07970766129032257,7.724742400966542,0.21033554187963358,155.6290322580645,160.0,139.0,160.0,173.0,34.0,24.46043165467626,0.12864919354838675,11.882737999534932,0.0763529646565619,33.693548387096776,34.0,27.0,36.0,37.5,10.5,38.888888888888886,0.035060483870967676,4.991121148858305,0.14813284405419574,63.43225806451613,67.3,35.4,64.5,85.2,49.800000000000004,140.67796610169492,0.16552620967741932,15.923067901564995,0.2510247685865108,21.5
12,190.0,381.5073105518448,27.360944224340187,4.6216087575808915,0.0,8379.954008335359,446.3385369354816,220.98846735190492,9047.281012622743,2.019736786647451,,,157.2709050141421,139,23.65,2.029,1.716,0.835,38.1,46.15,24.5,101.1,40.5,15.88,4.4,4.0,4.0,0.0244259537250564,0.0493339972874448,2.019736786647451,18.777723016264172,22.202797202797203,0.3355215328730323,490.0,31,37.59032258064516,39.05,23.65,39.3,48.3,24.65,104.22832980972517,0.07688508064516127,7.459037240766384,0.19842972149983518,156.7258064516129,160.0,139.0,160.0,173.0,34.0,24.46043165467626,0.12842741935483867,11.865804305986046,0.07571059658033703,34.04838709677419,35.0,24.5,34.0,38.0,13.5,55.10204081632653,0.033346774193548374,4.889367441550556,0.14360055962867574,65.14838709677419,67.5,38.1,73.8,88.6,50.49999999999999,132.54593175853014,0.16266330645161287,15.665920995752572,0.24046521631428489,23.65
12,200.0,378.86360265031647,26.51606722244178,4.624963392978452,0.0,7918.076012341686,402.05726068579855,189.91868869242032,8510.051961719904,2.116996823503472,,,158.368340427198,139,22.5,1.932,1.5425,0.8,32.95,39.9,29.0,98.35,41.75,15.43,4.72,4.1,4.0,0.0223169834387282,0.0472449830499673,2.116996823503472,17.054865424430645,21.3614262560778,0.3877565861849093,500.0,31,38.44032258064516,39.3,22.5,38.0,50.0,27.5,122.22222222222223,0.07539717741935481,7.317529402683653,0.1903607699267346,157.82258064516128,160.0,139.0,160.0,173.0,34.0,24.46043165467626,0.12683467741935478,11.743472220129199,0.07440932832376192,34.67741935483871,35.0,29.0,35.0,44.0,15.0,51.724137931034484,0.033205645161290306,4.874334804354973,0.14056221296279456,67.07741935483871,70.5,32.95,71.2,97.9,64.95,197.11684370257964,0.16502217741935474,15.904222912535303,0.23710248643291065,22.5
12,210.0,376.1796040750628,25.490600373107995,4.6968336986647525,0.0,6916.664372553572,373.9998147120923,182.17029457967195,7472.834481845337,2.053023055021322,,,159.4982804756943,139,28.7,2.464,1.941,0.8,44.5,53.9,33.0,101.6,40.4,15.75,4.38,4.1,4.0,0.0243776702163336,0.0500479189818395,2.053023055021322,18.060064935064936,22.92632663575477,0.3979270051740082,510.0,31,39.19516129032258,39.7,28.7,39.7,45.9,17.2,59.930313588850176,0.06962500000000002,6.8075369363511316,0.17368309536799725,158.91935483870967,162.0,139.0,162.0,173.0,34.0,24.46043165467626,0.12387096774193554,11.512382300660413,0.07244166270587087,35.354838709677416,35.0,33.0,35.0,50.0,17.0,51.515151515151516,0.03881048387096774,5.480561936497475,0.1550158941892534,69.01290322580644,71.0,44.5,67.5,92.95,48.45,108.87640449438203,0.1586532258064516,15.250038075045012,0.22097372175675212,28.7
12,220.0,373.5211531717581,24.23263901924402,4.761248766522712,0.0,5725.574616442753,343.65001880122355,149.79965044796893,6219.024285691945,2.294064223605022,,,160.6334728047113,139,26.6,2.289,2.001,0.88,45.4,55.0,30.0,102.7,40.4,16.03,4.41,4.2,4.0,0.0240873236003615,0.0552578673139862,2.294064223605022,19.833988641328087,22.68865567216392,0.4721847325424171,520.0,31,39.84516129032258,40.35,26.6,41.45,48.85,22.25,83.64661654135338,0.06869354838709679,6.733614121687175,0.1689945253985609,160.01612903225808,162.0,139.0,164.0,173.0,34.0,24.46043165467626,0.11953629032258072,11.165783948420088,0.06977911549259605,35.91935483870968,35.5,30.0,35.5,50.5,20.5,68.33333333333333,0.04645161290322581,6.096579333519123,0.16972964466914486,70.6741935483871,71.2,45.4,76.4,96.0,50.6,111.45374449339208,0.15916129032258067,15.295723100307821,0.21642585974236273,26.6
12,230.0,370.8868203996283,23.05105036457859,4.77200290039741,0.0,4508.54241443144,318.49894146477965,141.24809009121367,4968.289445987433,2.254890252031746,,,161.77441931031782,141,29.4,2.525,2.088,0.83,46.15,55.9,33.5,100.3,41.35,15.675,4.67,4.2,4.5,0.0284299237447388,0.0641063579180175,2.254890252031746,18.277227722772277,22.102490421455936,0.4787710580712507,530.0,31,40.558064516129036,41.45,29.4,32.7,48.7,19.300000000000004,65.64625850340138,0.06550403225806455,6.448424830584515,0.15899242006531453,161.20967741935485,164.0,141.0,164.0,176.0,35.0,24.822695035460992,0.11564516129032265,10.816479859877694,0.06709572299273807,36.403225806451616,35.5,33.5,32.0,45.0,11.5,34.32835820895522,0.048125000000000015,6.205400007035149,0.17046291556764698,72.33225806451614,73.8,46.15,55.4,96.8,50.65,109.75081256771398,0.15865725806451614,15.250489327598075,0.21083939221136344,29.4
12,240.0,368.2270471821253,21.604146687389814,4.776253943471487,0.0,3343.6219415682053,295.0673604382675,123.27779073560238,3761.9670927420752,2.3935159664818086,,,162.9429463673372,141,28.15,2.4185,2.021,0.84,46.85,56.7,41.0,102.5,39.85,15.93,4.36,4.3,4.5,0.032769502682105,0.0784343278832869,2.3935159664818086,19.371511267314453,23.18159327065809,0.5652998878025572,540.0,31,41.33387096774193,42.05,28.15,45.1,53.45,25.300000000000004,89.87566607460037,0.06610282258064513,6.507705523669284,0.1574424405773191,162.33870967741936,164.0,141.0,164.0,176.0,35.0,24.822695035460992,0.11155241935483869,10.457363511559846,0.06441694363802389,36.903225806451616,36.0,41.0,30.0,49.0,8.0,19.51219512195122,0.05387096774193551,6.577004580149828,0.1782230262103537,74.25000000000001,74.1,46.85,74.1,105.6,58.74999999999999,125.40021344717181,0.16188709677419358,15.582623869768103,0.2098669881450249,28.15
12,250.0,365.711924793956,20.325485794960276,4.919469450027322,0.0,2517.3779558730107,271.4410995923804,119.31107358488666,2908.130129050278,2.275070464429752,,,164.06355913552534,143,29.9,2.569,2.271,0.88,50.75,61.4,31.0,104.45,40.05,16.01,4.495,4.3,4.5,0.0410267313670212,0.0933387047852037,2.275070464429752,19.754768392370572,22.34698370761779,0.5740469751641367,550.0,31,42.122580645161285,42.2,29.9,40.35,52.6,22.700000000000003,75.9197324414716,0.06441129032258065,6.335966628564231,0.15041734223119252,163.56451612903226,164.0,143.0,164.0,179.0,36.0,25.174825174825173,0.10786290322580631,10.093514366070153,0.06170968254574001,36.935483870967744,36.0,31.0,35.5,42.0,11.0,35.483870967741936,0.059596774193548356,6.600179209036512,0.17869480827959117,75.93870967741935,76.4,50.75,70.5,99.2,48.45,95.4679802955665,0.15930040322580644,15.349140636516752,0.20212538113589879,29.9
12,260.0,363.33451704545456,19.264388558918657,5.003026470883893,0.0,2074.089186640655,236.35851271263817,119.66960473367526,2430.1173040869685,1.9750922821100152,,,165.13707667497434,144,33.3,2.86,2.4425,0.855,53.65,64.9,37.0,102.45,41.35,15.925,4.505,4.4,4.5,0.0492443737314306,0.0972621824942897,1.9750922821100152,18.75874125874126,21.96519959058342,0.6776032890045679,560.0,31,42.86774193548387,42.7,33.3,42.05,53.0,19.700000000000003,59.159159159159174,0.06310483870967744,6.207650500083168,0.14480936526644458,164.7258064516129,164.0,144.0,162.0,179.0,35.0,24.305555555555557,0.10393145161290326,9.712396468497891,0.058960989038173824,37.46774193548387,36.0,37.0,36.0,47.5,10.5,28.37837837837838,0.06215725806451609,6.7687215482578,0.18065464313042773,77.70806451612903,76.85,53.65,78.4,105.6,51.949999999999996,96.83131407269339,0.16098991935483872,15.509304179396064,0.199584229461499,33.3
12,270.0,361.0583628618818,17.96801915649569,4.995655880314755,0.0,1796.743402783568,208.2856506368768,108.83101282816304,2113.860066248608,1.913844640642516,,,166.17812013663902,146,32.3,2.772,2.403,0.83,50.2,60.7,29.0,98.7,43.2,15.42,4.81,4.4,4.5,0.0514844925479393,0.0985333201390733,1.913844640642516,18.10966810966811,20.89055347482314,0.6715076570340598,570.0,31,43.509677419354844,44.05,32.3,44.5,53.2,20.900000000000006,64.7058823529412,0.06318145161290321,6.214196372753261,0.14282331521007643,165.8548387096774,166.0,146.0,166.0,179.0,33.0,22.602739726027398,0.09919354838709676,9.245894177405717,0.05574690644745254,37.79032258064516,36.0,29.0,43.0,47.0,18.0,62.06896551724138,0.06762096774193548,6.980656838183147,0.18472075286698894,79.38064516129032,78.4,50.2,79.5,105.5,55.3,110.15936254980079,0.1622782258064516,15.623735561741494,0.19682046587044308,32.3
12,280.0,359.0535774505396,17.323544878103473,4.994441766673042,0.0,1802.5120913152452,189.87658235149985,107.81739184047557,2100.2060655072205,1.761094190002643,,,167.10598018833312,150.5,32.05,2.752,2.4125,0.875,50.4,61.05,24.0,97.55,43.25,15.22,4.89,4.5,5.0,0.0513365776869312,0.0904085486990738,1.761094190002643,18.313953488372093,20.89119170984456,0.6748735631774591,580.0,31,44.13870967741936,44.5,32.05,42.7,51.8,19.75,61.62246489859595,0.06096370967741937,6.025760113565471,0.13651871922862646,166.91935483870967,169.0,150.5,169.0,179.0,28.5,18.93687707641196,0.09433467741935488,8.771256821947418,0.05254787157800173,38.53225806451613,37.5,24.0,39.5,52.0,28.0,116.66666666666667,0.07054435483870969,7.232951776270146,0.187711599049288,80.88709677419355,79.5,50.4,76.85,96.9,46.50000000000001,92.26190476190479,0.15404838709677424,14.953371792241015,0.1848672085979946,32.05
12,290.0,357.16522180423124,16.567284180523128,5.017484469377772,0.0,1838.4476779195863,166.43521016966116,92.4623322357923,2097.34522032504,1.8000325769982457,,,167.98948032204294,151,36.95,3.1745,2.823,0.89,65.35,79.1,30.0,104.55,39.25,15.905,4.395,4.6,5.0,0.0440854139508148,0.0793551812819196,1.8000325769982457,20.585919042368875,23.14913212894084,0.7836661583802809,590.0,31,44.80483870967742,45.1,36.95,44.05,52.7,15.75,42.625169147496614,0.05834274193548389,5.781282366953858,0.1290325449984302,167.90322580645162,169.0,151.0,169.0,181.0,30.0,19.867549668874172,0.09225806451612914,8.57653713612387,0.05108024038805763,39.37096774193548,37.5,30.0,43.0,50.0,20.0,66.66666666666667,0.06810483870967743,6.995198045725705,0.1776740183674698,82.81290322580645,81.1,65.35,81.1,110.1,44.75,68.47742922723796,0.15204838709677423,14.738905249610273,0.17797836660093427,36.95
12,300.0,355.2662636996445,15.599778188011456,5.135704051370078,0.0,1829.6448098525025,149.03690993051836,110.81038109834608,2089.4921008813667,1.3449724516175572,,,168.88741243026178,151,37.6,3.23,2.8335,0.875,61.65,74.55,30.0,100.8,42.75,15.615,4.72,4.6,5.0,0.0530322086652566,0.071326859703204,1.3449724516175572,19.08668730650155,21.757543673901537,0.7875708639581933,600.0,31,45.44193548387097,45.75,37.6,45.75,56.7,19.1,50.797872340425535,0.060469758064516134,5.971907802009249,0.13141842966017372,168.80645161290323,171.0,151.0,171.0,179.0,28.0,18.543046357615893,0.0880645161290323,8.203330034559988,0.0485960693811121,40.08064516129032,38.0,30.0,37.5,52.0,22.0,73.33333333333333,0.06969758064516127,7.127525019473857,0.17782959807137994,84.3306451612903,83.85,61.65,84.0,112.4,50.75000000000001,82.31954582319547,0.15867741935483867,15.292801560534697,0.18134334833186408,37.6
12,310.0,353.4678333210495,14.716567496360913,5.1867383894437324,0.0,1757.315355877015,131.5630357866764,89.38160995089476,1978.260001614586,1.4719251069538315,,,169.74670491586969,153,39.05,3.3565,2.9235,0.885,67.3,81.45,29.5,104.05,40.35,15.945,4.515,4.7,5.0,0.0451819325457445,0.0665044208947758,1.4719251069538315,20.050647996424846,23.020352317427736,0.7882533730107787,610.0,31,45.93387096774194,45.9,39.05,47.45,52.85,13.800000000000004,35.33930857874521,0.05989112903225811,5.932374273099181,0.1291503230212259,169.70967741935485,171.0,153.0,171.0,179.0,26.0,16.99346405228758,0.08274193548387093,7.703650859114773,0.04539311473722827,40.774193548387096,39.5,29.5,41.5,51.5,22.0,74.57627118644068,0.07010080645161292,7.159886765488939,0.17559848871056735,85.8483870967742,84.0,67.3,83.85,108.7,41.400000000000006,61.51560178306094,0.15878427419354846,15.301565736175322,0.1782394084926295,39.05
12,320.0,351.93043023767603,14.30569856415242,5.154516937582552,0.0,1698.1357159655115,116.94849181801328,110.87361905832825,1925.9578268418531,1.0547909666093715,,,170.4882409841031,157,42.2,3.623,3.291,0.89,71.0,86.0,30.0,104.8,40.9,16.09,4.51,4.7,5.5,0.0575680409576447,0.0607222495675219,1.0547909666093715,19.59701904499034,21.57398966879368,0.9160600247558172,620.0,31,46.348387096774196,46.85,42.2,46.85,51.9,9.699999999999996,22.985781990521314,0.059058467741935454,5.884081404815421,0.12695331538786056,170.61290322580646,173.0,157.0,173.0,181.0,24.0,15.286624203821656,0.07879032258064506,7.310619761027281,0.04284916101188234,41.37096774193548,41.5,30.0,35.0,48.0,18.0,60.0,0.06719758064516125,6.956972212506774,0.168160731842269,87.00967741935484,84.45,71.0,84.45,103.3,32.3,45.492957746478865,0.15737298387096768,15.212765578918905,0.174839926202679,42.2
12,330.0,350.3517909356725,13.87918249526455,5.364354752865258,0.0,1532.1281839952944,108.36282799736874,102.03340852904192,1742.524420521705,1.0620328141495463,,,171.2564386777075,160,36.2,3.113,2.872,0.92,64.5,78.0,36.0,106.2,39.7,16.27,4.38,4.8,5.5,0.0585549374960802,0.0621872650513129,1.0620328141495463,20.719563122389975,22.458217270194982,0.931499418513186,630.0,31,46.67741935483871,47.45,36.2,48.5,52.4,16.199999999999996,44.7513812154696,0.06004233870967742,5.929387808614498,0.12702904082035207,171.38709677419354,173.0,160.0,173.0,181.0,21.0,13.125,0.07629032258064518,7.088382134896691,0.04135890197285855,42.12903225806452,42.0,36.0,37.5,53.5,17.5,48.611111111111114,0.06719758064516129,6.956972212506773,0.16513486875016076,88.25967741935484,85.2,64.5,85.2,109.75,45.25,70.15503875968992,0.16079838709677421,15.443684897905888,0.17498007413427477,36.2
12,340.0,348.84881584691504,13.462810633579965,5.4337644354622725,0.0,1344.6718293235197,96.88480257793924,97.21590031635358,1538.7725322178123,0.9965942017989144,,,171.99427739015098,160,39.3,3.374,3.169,0.91,73.8,89.4,34.0,105.9,39.7,16.25,4.45,4.8,5.5,0.0631775641174447,0.0629623940832245,0.9965942017989144,21.873147599288675,23.288103502682233,0.9388926993365846,640.0,31,47.248387096774195,48.3,39.3,48.3,53.9,14.600000000000001,37.15012722646311,0.05765120967741936,5.735888246688095,0.12139860425160848,172.06451612903226,173.0,160.0,173.0,181.0,21.0,13.125,0.07475806451612897,6.96627822140808,0.04048643135801472,42.564516129032256,43.0,34.0,38.0,49.5,15.5,45.588235294117645,0.06770161290322582,6.983005484130587,0.16405696855479213,89.76612903225806,88.6,73.8,88.6,111.2,37.400000000000006,50.67750677506776,0.15934475806451617,15.326020287389104,0.17073277474047696,39.3
12,350.0,347.3650938950116,12.951787093160416,5.436120339052054,0.0,1114.5228241669222,102.46227939278349,100.24349277569712,1317.228596335403,1.0221339715491666,,,172.72892715620566,160,38.0,3.268,2.959,0.93,71.2,86.1,35.0,106.4,39.3,16.3,4.39,4.9,5.5,0.0761018194219132,0.0777862549278377,1.0221339715491666,21.78702570379437,24.06218316998986,0.94205267913221,650.0,31,47.66290322580647,48.5,38.0,50.0,52.15,14.149999999999999,37.23684210526315,0.05548790322580645,5.605160832392701,0.11760007160784655,172.74193548387098,173.0,160.0,173.0,181.0,21.0,13.125,0.07237903225806461,6.772334614372819,0.039204924938479435,43.0,43.0,35.0,44.0,47.5,12.5,35.714285714285715,0.06516129032258068,6.8507907086214015,0.15932071415398608,90.82096774193548,92.95,71.2,97.9,106.5,35.3,49.57865168539325,0.15916532258064517,15.315807597563747,0.16863735300732607,38.0
13,0.0,491.5202632669984,51.82433339893144,6.866920768010479,0.0,14232.606683999024,15984.237594643531,19710.072722085573,49926.917000728135,0.8109679664820739,,,122.07024711696867,71,7.85,0.6735,0.68,1.005,17.75,21.55,23.0,111.9,36.6,17.025,3.975,1.5,2.0,0.3947784863583329,0.3201527062928884,0.8109679664820739,26.35486265775798,26.102941176470587,0.3047231664599621,300.0,31,20.711290322580645,21.05,7.85,18.1,28.15,20.299999999999997,258.59872611464965,0.05750000000000004,5.59549982392725,0.27016664518611444,120.20967741935483,118.0,71.0,118.0,146.0,75.0,105.63380281690141,0.16300403225806467,16.0487664082261,0.13350644268214387,18.193548387096776,17.5,23.0,17.5,23.0,0.0,0.0,-0.007338709677419328,5.736836264229671,0.3153225606225528,32.99032258064516,30.7,17.75,27.45,46.0,28.25,159.1549295774648,0.08494153225806464,8.361722503516035,0.253459858813921,7.85
13,10.0,486.40184278612014,51.50293624276471,6.60249920442332,0.0,14633.676723711584,14856.946307290244,18965.25374278613,48455.87677378796,0.7833771437380016,,,123.35479581310533,94,10.1,0.865,0.967,1.05,24.2,29.3,24.0,112.6,37.0,17.11,4.06,3.0,2.0,0.3913922315619995,0.3066077284422817,0.7833771437380016,27.976878612716764,25.0258531540848,0.2953012677136654,310.0,31,21.414516129032254,21.7,10.1,22.1,29.65,19.549999999999997,193.56435643564356,0.0546088709677419,5.286605614638866,0.24687018762341623,122.66129032258064,118.0,94.0,118.0,147.0,53.0,56.38297872340426,0.14745967741935498,13.948349422526782,0.11371435426649053,18.14516129032258,17.5,24.0,12.0,21.5,-2.5,-10.416666666666666,-0.002237903225806454,5.701160040417355,0.31419726444966756,34.06612903225806,31.35,24.2,30.3,51.1,26.900000000000002,111.15702479338843,0.08606250000000003,8.480107969996356,0.24893077701802666,10.1
13,20.0,480.9601662821027,51.96362596943761,6.489193126450973,0.0,12809.386097510627,13507.13210679788,17337.146001079356,43653.66420538786,0.7790862524868261,,,124.75045587207228,107,9.1,0.783,0.7475,0.98,18.75,22.75,22.5,108.55,39.7,16.72,4.16,3.1,2.0,0.3971521364050708,0.3094157696189634,0.7790862524868261,23.946360153256705,25.083612040133776,0.2836013594664441,320.0,31,22.109677419354835,21.9,9.1,21.7,31.65,22.549999999999997,247.80219780219775,0.05349999999999997,5.164662288972996,0.23359283769793243,124.46774193548387,119.5,107.0,119.5,150.0,43.0,40.18691588785047,0.14550403225806446,13.737379349710391,0.11036899309084414,18.258064516129032,17.5,22.5,19.0,27.5,5.0,22.22222222222222,0.007197580645161296,5.853590020579872,0.3206029869928905,35.101612903225806,32.95,18.75,32.95,56.3,37.55,200.26666666666665,0.09314516129032255,9.16721044330433,0.26116208587275125,9.1
13,30.0,476.1161379670111,53.30247161690817,6.437128050727671,0.0,9966.124606085485,12148.18625220208,15630.342280277097,37744.65313856466,0.7772181846286936,,,126.01967296508072,113,14.6,1.2535,1.0425,0.86,25.0,30.3,26.0,104.35,39.6,15.955,4.445,3.1,2.0,0.41410745577384,0.3218518450177509,0.7772181846286936,19.94415636218588,23.980815347721823,0.2681717411426441,330.0,31,22.76774193548387,22.1,14.6,21.9,29.5,14.9,102.05479452054794,0.04957661290322578,4.733401672988408,0.20789947841122225,125.88709677419355,123.0,113.0,123.0,151.0,38.0,33.6283185840708,0.15028225806451598,14.139607300899693,0.11231975050042035,18.177419354838708,17.5,26.0,12.0,20.0,-6.0,-23.076923076923077,0.010987903225806457,5.8102615935038795,0.3196417203169836,36.227419354838716,33.0,25.0,33.0,53.65,28.65,114.6,0.09381451612903222,9.2349141731229,0.25491504328997805,14.6
13,40.0,471.013291077044,53.94696674197267,6.265595271301978,0.0,9286.273186262451,10701.876659865824,13880.965875726346,33869.11572185462,0.7709749275142447,,,127.38494037567564,111,15.1,1.293,1.151,0.81,26.2,31.8,24.0,104.6,39.8,16.45,4.23,3.2,2.0,0.4098414021116417,0.3159774452853593,0.7709749275142447,20.26295436968291,22.762814943527367,0.2401418771958784,340.0,31,23.296774193548384,22.2,15.1,22.2,31.0,15.9,105.29801324503312,0.04928629032258073,4.706501451606967,0.2020237399609748,127.24193548387096,126.0,111.0,126.0,155.0,44.0,39.63963963963964,0.15957661290322603,14.857585586573801,0.1167664224068419,17.951612903225808,17.5,24.0,11.5,19.0,-5.0,-20.833333333333332,0.016532258064516143,5.6293203241446435,0.3135829830161436,37.08870967741936,33.35,26.2,33.6,51.7,25.500000000000004,97.32824427480918,0.09592943548387109,9.396557079390119,0.25335357204704817,15.1
13,50.0,465.5769324376947,54.04313286380555,6.125483762490942,0.0,9925.13344856613,9160.195666008787,11867.01935321211,30952.34846778703,0.7719036594921663,,,128.8723641995073,112,15.6,1.3385,1.0995,0.8,24.95,30.2,25.5,101.95,39.5,15.78,4.455,3.2,2.5,0.3833964122484097,0.2959450936507147,0.7719036594921663,18.640268957788567,22.692132787630744,0.2170796750717029,350.0,31,23.937096774193545,22.25,15.6,22.25,34.95,19.35,124.03846153846156,0.05104637096774197,4.900458613605048,0.2047223462324055,128.6290322580645,126.0,112.0,126.0,154.0,42.0,37.5,0.16528225806451613,15.291592320583385,0.11888134468666707,17.919354838709676,17.5,25.5,12.5,23.0,-2.5,-9.803921568627452,0.02348790322580645,5.596273721852111,0.31230330400974876,38.09354838709677,33.6,24.95,31.35,57.35,32.400000000000006,129.8597194388778,0.10115927419354842,9.848034845723316,0.25852238141876777,15.6
13,60.0,460.428217405914,53.15916589189752,5.991490693659385,0.0,12050.652011379218,7804.833587470463,10280.109782550771,30135.595381400453,0.7592169492896089,,,130.31347283197445,107,19.15,1.648,1.2635,0.795,30.05,36.45,29.0,101.8,38.9,15.73,4.205,3.3,2.5,0.3411284778828563,0.25899052229403,0.7592169492896089,18.234223300970875,23.78314206569054,0.2008090154070437,360.0,31,24.575806451612902,24.7,19.15,26.05,35.4,16.25,84.85639686684074,0.052600806451612886,5.065173096215336,0.20610404408042976,129.9516129032258,126.0,107.0,126.0,153.0,46.0,42.99065420560748,0.16929435483870972,15.57581182405895,0.11985854947147263,17.903225806451612,17.5,29.0,16.5,25.0,-4.0,-13.793103448275861,0.03266129032258064,5.574374934822603,0.3113614828459472,39.05806451612903,38.5,30.05,38.7,54.85,24.8,82.52911813643927,0.10281451612903224,9.981149706439915,0.2555464493720163,19.15
13,70.0,454.6955387766768,52.102129730646446,5.86156515296659,0.0,14141.399770811078,6285.922620856942,8378.1898566447,28805.51224831272,0.7502721624136517,,,131.95642992545157,111,20.15,1.727,1.4295,0.815,30.7,37.2,22.0,100.75,40.95,15.575,4.725,3.35,2.5,0.2908537013479235,0.218219435456321,0.7502721624136517,17.776491024898668,21.47604057362714,0.187094192010976,370.0,31,25.125806451612902,24.9,20.15,24.9,36.2,16.050000000000004,79.6526054590571,0.05613104838709681,5.372722323114263,0.21383283093663136,131.5,131.0,111.0,131.0,155.0,44.0,39.63963963963964,0.16963709677419367,15.603952490741996,0.1186612356710418,17.612903225806452,17.5,22.0,15.0,20.0,-2.0,-9.090909090909092,0.041088709677419365,5.198893596108301,0.2951752774347204,39.91774193548387,38.7,30.7,38.5,56.7,26.000000000000004,84.69055374592836,0.10767338709677424,10.321309254701305,0.2585644566614736,20.15
13,80.0,449.0119137670197,51.30416544004399,5.647381626897102,0.0,15997.079486871362,4962.347555968443,6700.966685666348,27660.393728506155,0.7405420424762169,,,133.62674387996842,113,20.6,1.773,1.5535,0.88,33.35,40.4,13.5,102.8,40.9,15.755,4.725,3.4,2.5,0.2422585430792508,0.1794026362992209,0.7405420424762169,18.809926677946983,21.467653685226907,0.1826134927293604,380.0,31,25.66290322580645,26.05,20.6,26.9,36.8,16.199999999999996,78.6407766990291,0.05998185483870967,5.682047279838718,0.22141093039406734,132.98387096774192,134.0,113.0,134.0,157.0,44.0,38.93805309734513,0.1718346774193548,15.775764044343326,0.11862915351719665,17.548387096774192,17.5,13.5,21.0,20.0,6.5,48.148148148148145,0.045362903225806446,5.154859905483494,0.29375120784924325,40.86290322580644,42.0,33.35,42.4,60.0,26.65,79.91004497751125,0.11387298387096773,10.780414090237407,0.263819093583864,20.6
13,90.0,443.2029495696108,49.71039407598069,5.4357338103838435,0.0,17753.256918050287,3815.454391673177,5293.327675125969,26862.03898484943,0.7208044968767927,,,135.37816040769877,110,17.0,1.463,1.364,0.93,26.1,31.6,11.0,99.0,43.9,15.4,5.23,3.5,3.0,0.1970560640654077,0.1420388971151872,0.7208044968767927,17.840054682159945,19.13489736070381,0.1769177929624118,390.0,31,26.232258064516127,26.3,17.0,26.9,38.25,21.25,125.0,0.06432862903225804,6.031370054239981,0.22992187860481977,134.4516129032258,134.0,110.0,134.0,158.5,48.5,44.09090909090909,0.17437499999999997,15.969948256391687,0.11877840593765411,17.806451612903224,19.0,11.0,21.5,21.5,10.5,95.45454545454545,0.04514112903225805,5.145673618608871,0.28897804742187505,41.8258064516129,42.4,26.1,43.7,63.2,37.1,142.14559386973178,0.12253629032258061,11.402162594348365,0.2726107052481871,17.0
13,100.0,438.0765335648149,48.91788512536479,5.720792692297359,0.0,18962.04767943152,2926.2519602028074,4125.217677077128,26013.517316711455,0.709356981684459,,,136.96236936444532,113.5,18.3,1.5735,1.3935,0.885,28.75,34.9,10.5,100.45,42.7,15.595,4.89,3.5,3.0,0.1585797732330118,0.1124896692967752,0.709356981684459,18.2713695583095,20.631503408683173,0.1741595139496146,400.0,31,26.96129032258065,26.4,18.3,26.4,39.6,21.3,116.39344262295081,0.06645766129032259,6.240482215307556,0.23146081439882055,136.1290322580645,137.0,113.5,137.0,162.0,48.5,42.731277533039645,0.17526209677419344,16.046789783803842,0.11787926144500453,18.225806451612904,19.0,10.5,17.0,24.0,13.5,128.57142857142858,0.04449596774193549,5.102023633940783,0.27993404009232614,43.03548387096774,43.6,28.75,46.3,63.6,34.85,121.21739130434783,0.12556048387096772,11.664377348351312,0.27104092481739805,18.3
13,110.0,432.4220179813324,47.51584323714736,5.619716376167935,0.0,18928.19020114056,2086.6245600005245,3131.5890213583634,24146.40378249945,0.6663149429152829,,,138.7533416547494,112.5,17.75,1.522,1.3535,0.885,27.8,33.75,10.5,100.4,43.2,15.575,4.92,3.6,3.0,0.1296917358612233,0.086415541576955,0.6663149429152829,18.265440210249672,20.53934244551164,0.1718893952061193,410.0,31,27.58709677419355,26.9,17.75,26.3,37.7,19.950000000000003,112.39436619718312,0.06736491935483871,6.31524567669297,0.22892027125524095,137.91935483870967,141.0,112.5,141.0,169.0,56.5,50.22222222222222,0.18054435483870973,16.52679479622589,0.11982940911776462,18.629032258064516,20.0,10.5,25.0,23.0,12.5,119.04761904761905,0.042399193548387094,4.963143731439251,0.2664198366660031,44.12580645161291,43.7,27.8,43.6,62.55,34.75,125.0,0.12814717741935483,11.86257329424313,0.26883527459721984,17.75
13,120.0,427.7547200520833,46.383780864913945,5.416148970189599,0.0,18408.52324048397,1644.6284684780558,2484.179351108412,22537.331060070435,0.6620409543877103,,,140.26730083234244,110.5,19.0,1.631,1.365,0.84,26.0,31.5,10.5,96.25,44.65,14.885,5.32,3.6,3.0,0.1102250902951703,0.0729735239764861,0.6620409543877103,15.941140404659718,19.047619047619047,0.1743993332500043,420.0,31,28.29032258064516,26.9,19.0,24.7,39.55,20.549999999999997,108.15789473684208,0.06825403225806453,6.396567039629391,0.22610442215337645,139.58064516129033,141.5,110.5,142.0,164.0,53.5,48.41628959276018,0.17991935483870977,16.474777071933097,0.11803052674599629,19.0,20.0,10.5,17.0,22.0,11.5,109.52380952380952,0.03919354838709679,4.760952285695233,0.2505764360892228,45.232258064516124,44.45,26.0,42.0,62.1,36.1,138.84615384615384,0.12848588709677422,11.88866090291569,0.26283589216259196,19.0
13,130.0,422.81891780761026,44.96211572122757,5.293024205292645,0.0,17346.582471473186,1250.6535996341938,1812.6893175140117,20409.925388621392,0.6899437137685491,,,141.90471966370487,115,21.0,1.802,1.5185,0.84,29.1,35.3,12.5,96.75,44.1,14.895,5.295,3.7,3.0,0.0888141079890763,0.0612767355010243,0.6899437137685491,16.148723640399556,19.163648337174845,0.1687601791618487,430.0,31,28.967741935483872,28.15,21.0,28.15,40.0,19.0,90.47619047619048,0.06934274193548387,6.491180534477746,0.22408306967573507,141.8548387096774,142.0,115.0,141.5,181.0,66.0,57.391304347826086,0.1862096774193549,17.1775985653734,0.12109279261548049,19.403225806451612,20.0,12.5,21.5,23.0,10.5,84.0,0.03612903225806452,4.5413275497346035,0.23405013140776842,46.43548387096774,46.0,29.1,44.45,63.3,34.199999999999996,117.52577319587627,0.12700604838709675,11.764198467868425,0.25334501736986537,21.0
13,140.0,418.25021366584855,43.795220346603045,5.172546887145871,0.0,15993.32136857506,970.0111647039456,1368.0251537437885,18331.35768702279,0.7090594511726462,,,143.4547982034879,117,21.05,1.805,1.574,0.87,30.7,37.2,12.5,98.65,44.2,15.205,5.17,3.7,3.5,0.0746275958988158,0.0529154021903483,0.7090594511726462,17.00831024930748,19.504447268106738,0.1562467739766315,440.0,31,29.651612903225807,28.15,21.05,29.0,42.2,21.150000000000002,100.4750593824228,0.07220564516129031,6.735904837398953,0.22716824408112224,143.5,146.0,117.0,146.0,166.0,49.0,41.88034188034188,0.18348790322580635,16.960738977611403,0.11819330297987041,19.838709677419356,21.0,12.5,25.0,26.0,13.5,108.0,0.03566532258064515,4.504418380461185,0.2270519834053605,47.74838709677419,46.3,30.7,49.0,69.8,39.099999999999994,127.3615635179153,0.12995362903225804,12.03306198127315,0.2520098104441749,21.05
13,150.0,413.20749847879,42.0978857533757,5.587438263463245,0.0,13340.809441372869,738.3025048657023,983.8638910638956,15062.975837302463,0.7504112220922581,,,145.205496562594,118,18.1,1.554,1.4425,0.925,27.45,33.2,17.5,96.9,45.15,15.35,5.345,3.8,3.5,0.0653167011413124,0.049014385526487,0.7504112220922581,17.664092664092664,19.02946273830156,0.1726178423704459,450.0,31,30.348387096774196,29.0,18.1,28.15,42.65,24.549999999999997,135.63535911602207,0.07451814516129034,6.93083068459291,0.2283755859081422,145.24193548387098,146.0,118.0,146.0,171.0,53.0,44.91525423728814,0.1830241935483871,16.921323316918773,0.11650439152126195,20.225806451612904,21.5,17.5,23.0,24.5,7.0,40.0,0.03375,4.366231612572065,0.21587429025475918,48.9758064516129,49.0,27.45,46.0,68.75,41.3,150.45537340619308,0.13165725806451614,12.175870064515182,0.24860989428616545,18.1
13,160.0,408.90782639363886,40.75485124520948,5.457068932057321,0.0,10992.919441275511,600.3333796771514,785.4701966442335,12378.723017596896,0.7642981009870996,,,146.73233459278535,118,22.1,1.901,1.57,0.9,30.3,36.7,12.0,97.2,44.8,15.3,5.28,3.9,3.5,0.0634532492186514,0.0484971978792765,0.7642981009870996,15.938979484481852,19.29936305732484,0.1840661195482456,460.0,31,31.203225806451616,29.5,22.1,29.65,44.6,22.5,101.80995475113122,0.0752358870967742,7.003629243516905,0.22445208988837387,146.9516129032258,147.0,118.0,147.0,171.0,53.0,44.91525423728814,0.18102822580645161,16.753783074632068,0.11400884103031372,20.5,21.5,12.0,21.5,26.0,14.0,116.66666666666667,0.03548387096774193,4.455333881989093,0.21733336009702892,50.48064516129031,51.1,30.3,51.1,74.1,43.8,144.55445544554456,0.13296572580645163,12.308829333851877,0.24383264703777127,22.1
13,170.0,404.6122782939189,39.55050437408877,5.362998741339371,0.0,8900.102764025243,492.1469810346472,620.1579593275751,10012.407704387466,0.7935832696048477,,,148.2901118398951,119.5,21.7,1.863,1.6795,0.9,32.95,39.95,19.0,98.0,45.1,15.395,5.18,3.9,3.5,0.0619389439221317,0.0491537096335966,0.7935832696048477,17.686527106816964,19.61893420660911,0.1815236421749608,470.0,31,31.912903225806453,29.65,21.7,31.65,44.1,22.400000000000002,103.22580645161291,0.07716330645161291,7.163262382252186,0.22446288673791343,148.66129032258064,150.0,119.5,150.0,171.0,51.5,43.09623430962343,0.1768951612903227,16.40141614656805,0.11032741684791354,20.919354838709676,21.5,19.0,27.5,25.0,6.0,31.57894736842105,0.03272177419354839,4.234967088013688,0.20244252849410074,51.967741935483865,51.7,32.95,56.3,76.4,43.45,131.86646433990893,0.13562298387096777,12.571419625398297,0.24190813680158116,21.7
13,180.0,400.1774501418558,37.98967775057864,5.347023584279548,0.0,6652.892715378721,403.8968915324119,501.70197086332695,7558.49157777446,0.8050534281086988,,,149.93348570423214,123,21.9,1.882,1.797,0.89,33.0,40.0,12.0,97.8,46.0,15.11,5.36,4.0,4.0,0.0663759383338559,0.0534361766996023,0.8050534281086988,17.534537725823593,18.363939899833056,0.1997858453643782,480.0,31,32.65967741935484,31.0,21.9,29.5,44.85,22.950000000000003,104.79452054794524,0.07839919354838709,7.268991440298977,0.22256776596302855,150.53225806451613,151.0,123.0,151.0,177.5,54.5,44.3089430894309,0.1755241935483869,16.27161920024708,0.10809390232672442,21.177419354838708,21.5,12.0,20.0,27.0,15.0,125.0,0.03516129032258064,4.356122869205241,0.20569658636003424,53.42096774193548,53.65,33.0,53.65,78.0,45.0,136.36363636363637,0.13909879032258063,12.89929438763705,0.2414650077091565,21.9
13,190.0,396.0406002311757,36.9353869283,5.212497791962098,0.0,5350.955036274016,337.8657852612294,418.2761383186035,6107.096959853849,0.8077577330119534,,,151.49961889002537,126,22.2,1.905,1.7955,0.94,33.6,40.8,11.5,98.4,46.0,15.325,5.345,4.05,4.0,0.0684901748028925,0.0553234683323768,0.8077577330119534,17.637795275590552,18.71345029239766,0.1997939765476018,490.0,31,33.440322580645166,31.65,22.2,31.0,46.1,23.900000000000002,107.65765765765767,0.07958669354838704,7.373662809337464,0.22050214352911915,152.1451612903226,153.0,126.0,155.0,173.0,47.0,37.301587301587304,0.17135080645161277,15.925971214961583,0.10467615979302641,21.693548387096776,22.0,11.5,19.0,28.0,16.5,143.47826086956522,0.03336693548387098,4.176676149273963,0.1925307964721083,54.94677419354838,54.85,33.6,51.7,80.3,46.699999999999996,138.98809523809524,0.14218145161290316,13.197284666954985,0.24018306553298183,22.2
13,200.0,391.7151756535948,35.4114607087552,5.088684920618283,0.0,3881.408181588971,285.8598865162042,354.2513690989963,4521.5194372041715,0.8069408094124262,,,153.1725185267261,126,22.25,1.9115,1.7165,0.9,31.35,38.05,12.5,96.45,47.05,14.955,5.555,4.1,4.0,0.0783478593908342,0.0632220850725707,0.8069408094124262,16.4007324091028,18.26390911739004,0.2126047011732239,500.0,31,34.25000000000001,34.95,22.25,34.95,47.3,25.049999999999997,112.58426966292133,0.08071774193548384,7.475627063999381,0.21826648362041984,153.8548387096774,154.0,126.0,154.0,179.0,53.0,42.06349206349206,0.17072580645161287,15.870409335398953,0.10315183759248718,22.29032258064516,23.0,12.5,23.0,30.0,17.5,140.0,0.03181451612903224,3.9890980466524577,0.1789609832796327,56.56290322580645,56.3,31.35,57.35,83.7,52.35,166.98564593301435,0.1458004032258064,13.558693199948236,0.23970999412495098,22.25
13,210.0,387.3508660368217,33.600791649043124,5.009562976165206,0.0,2796.309126520388,249.5430575769814,313.2751457514291,3359.1273298487986,0.7965619391171987,,,154.89832413152882,126,26.05,2.2385,2.0335,0.91,38.7,46.9,16.5,99.65,44.9,15.26,5.3,4.1,4.0,0.0932608725390383,0.0742880614734583,0.7965619391171987,17.2883627429082,19.03122694861077,0.2349488249613694,510.0,31,35.02258064516129,35.4,26.05,35.4,46.2,20.150000000000002,77.35124760076776,0.08020362903225806,7.431574964407807,0.2121938140339339,155.56451612903226,155.0,126.0,153.0,179.0,53.0,42.06349206349206,0.1679637096774195,15.622495498203795,0.10042454337881133,22.79032258064516,23.0,16.5,25.0,28.0,11.5,69.6969696969697,0.028951612903225826,3.6805212347084457,0.1614949161726282,58.15483870967742,56.7,38.7,54.85,80.7,42.0,108.52713178294573,0.14413306451612903,13.395884659344139,0.23034858244933898,26.05
13,220.0,383.4727112676056,32.435823890417716,4.988248042517715,0.0,2323.833943675298,217.71018000021195,284.0390109408697,2825.5831346163795,0.7664798552813372,,,156.4648493543759,131,24.9,2.136,2.047,0.95,38.5,46.7,15.0,100.7,45.3,15.43,5.32,4.2,4.0,0.1005240325301675,0.0770496459060192,0.7664798552813372,18.024344569288388,18.80801172447484,0.2302663368884155,520.0,31,35.71129032258065,36.2,24.9,36.2,47.4,22.5,90.36144578313254,0.08190120967741935,7.560508246555688,0.21171198739282443,157.2741935483871,155.0,131.0,155.0,179.0,48.0,36.6412213740458,0.16306451612903225,15.172803910109154,0.09647357629235642,23.20967741935484,23.0,15.0,20.0,29.5,14.5,96.66666666666667,0.028951612903225808,3.680521234708446,0.15857700941759809,59.656451612903226,57.35,38.5,56.7,85.25,46.75,121.42857142857143,0.14796975806451615,13.746816249199206,0.23043301902029112,24.9
13,230.0,379.77513070342206,31.449968091116457,4.938991125716798,0.0,2170.174666515898,197.6522869337236,255.71383058683583,2623.540784036458,0.7729432799161968,,,157.98822816245917,134,26.9,2.309,2.143,0.93,42.4,51.4,21.0,102.1,44.8,15.57,5.16,4.2,4.5,0.0974689748079335,0.0753379890781133,0.7729432799161968,18.362927674317884,19.785347643490436,0.2539906928313596,530.0,31,36.42096774193549,36.8,26.9,36.8,46.9,20.0,74.34944237918216,0.08169354838709678,7.544377312426658,0.20714379051877804,158.88709677419354,157.0,134.0,157.0,181.0,47.0,35.07462686567164,0.16046370967741935,14.942506303283125,0.09404480670018818,23.693548387096776,23.0,21.0,20.0,30.0,9.0,42.857142857142854,0.02776209677419355,3.548890482378116,0.14978298836449502,61.10806451612903,60.0,42.4,60.0,83.5,41.1,96.93396226415095,0.14874193548387096,13.814057434211678,0.22605948238739515,26.9
13,240.0,376.1499421659347,30.19349835687816,4.9101712247370255,0.0,2029.1858455506044,172.92855178525429,236.08101758374912,2438.1954149196076,0.7324966384639897,,,159.51085796932438,134,26.9,2.307,2.2195,0.965,43.7,52.95,21.5,102.5,44.7,15.66,5.05,4.3,4.5,0.0968261264618665,0.0709248121488064,0.7324966384639897,18.942349371478112,19.68911917098446,0.2523201665095245,540.0,31,37.03064516129032,37.7,26.9,38.25,45.8,18.9,70.26022304832713,0.08122379032258065,7.512929715046309,0.2028841161779133,160.33870967741936,158.5,134.0,158.5,179.0,45.0,33.582089552238806,0.15657258064516125,14.626680585363054,0.09122363909994058,23.983870967741936,24.0,21.5,21.5,30.0,8.5,39.53488372093023,0.02983870967741935,3.6866513056515617,0.15371377333584185,62.4241935483871,62.1,43.7,63.2,83.2,39.5,90.38901601830663,0.1500342741935484,13.91547023380658,0.22291790158282507,26.9
13,250.0,372.79726854011193,29.446239468348296,5.946071346601164,0.12453300124533,2008.139993227428,151.5523209946934,213.861098732174,2373.5534129542953,0.7086483792196722,,,160.94538523568653,137,26.4,2.267,2.278,1.01,46.3,56.1,17.0,105.0,43.3,15.99,5.04,4.4,4.5,0.0901016583679855,0.0638503941674775,0.7086483792196722,20.423467137185707,20.324846356453023,0.2604002944153968,550.0,31,37.68548387096775,38.25,26.4,39.6,47.2,20.800000000000004,78.78787878787881,0.08083870967741935,7.485131857538062,0.1986210893076652,161.9516129032258,162.0,137.0,162.0,184.0,47.0,34.306569343065696,0.15389112903225807,14.38016854253899,0.08879299368961432,24.29032258064516,24.5,17.0,24.0,31.0,14.0,82.3529411764706,0.03247983870967742,3.863880160211121,0.15907076356778851,63.788709677419355,62.55,46.3,63.6,86.0,39.7,85.74514038876892,0.15221370967741932,14.091029709697226,0.2209016263372596,26.4
13,260.0,369.5042771270037,28.904066887837395,5.930382666895086,0.1234567901234567,2018.6156360721532,130.22701671834486,194.44080077335929,2343.283453563857,0.669751493515694,,,162.37971713484976,141,26.3,2.257,2.235,0.97,43.6,52.8,25.0,102.8,44.7,15.79,5.08,4.4,4.5,0.082977925900359,0.0555745898006,0.669751493515694,19.317678334071775,19.50782997762864,0.2991918945278347,560.0,31,38.435483870967744,39.55,26.3,37.7,49.65,23.349999999999998,88.78326996197718,0.08079435483870968,7.4814570054723415,0.19464974164468532,163.46774193548387,164.0,141.0,169.0,184.0,43.0,30.49645390070922,0.15112903225806457,14.137382763363574,0.08648423594756206,24.838709677419356,25.0,25.0,23.0,34.0,9.0,36.0,0.03364919354838707,3.9987229144111196,0.16098754590486325,65.33548387096775,63.2,43.6,62.55,94.25,50.65,116.1697247706422,0.1593548387096774,14.724787454880218,0.2253719813870281,26.3
13,270.0,366.3571831066626,28.406824794429575,5.906948335751623,0.1223990208078335,1964.209128177796,110.47934153936156,176.09792414144354,2250.786393858601,0.6273744683703568,,,163.7745969417266,142,24.7,2.118,2.192,1.03,42.0,50.9,17.0,103.6,44.8,15.75,5.36,4.5,5.0,0.07823839908662,0.049084774033116,0.6273744683703568,19.8300283286119,19.16058394160584,0.3017328324932705,570.0,31,39.18870967741936,39.6,24.7,39.55,49.65,24.95,101.01214574898786,0.07974798387096774,7.3938567932825086,0.18867313708833003,164.9516129032258,166.0,142.0,164.0,187.0,45.0,31.690140845070424,0.15086693548387098,14.114622936698,0.08556826264547532,25.112903225806452,25.0,17.0,22.0,33.5,16.5,97.05882352941177,0.03899193548387096,4.290900599756332,0.17086437841033564,67.01774193548388,63.3,42.0,62.1,95.75,53.75,127.97619047619048,0.16372782258064514,15.132154221982058,0.2257932569042592,24.7
13,280.0,363.1463068181818,27.781202525960506,5.910757172804858,0.1213592233009708,1882.8463983537488,91.60049417353156,159.36071852334183,2133.807611050622,0.5747997061152476,,,165.2226633549119,141.5,28.15,2.419,2.3295,0.96,44.45,53.9,21.5,102.3,45.1,15.555,5.25,4.5,5.0,0.0746837332934984,0.0429281879486924,0.5747997061152476,18.375361719718892,19.081347928740076,0.2985045921090046,580.0,31,39.995161290322585,40.0,28.15,40.0,49.7,21.550000000000004,76.55417406749558,0.07675806451612904,7.119168430356522,0.1780007431068695,166.91935483870967,169.0,141.5,181.0,203.0,61.5,43.46289752650177,0.15907258064516133,15.03057815155134,0.0900469461200293,25.661290322580644,25.0,21.5,23.0,34.0,12.5,58.13953488372093,0.03913306451612903,4.305785055740308,0.16779300657190388,68.74354838709678,63.6,44.45,63.3,95.5,51.05,114.84814398200224,0.16481451612903233,15.234263694796038,0.2216100863605627,28.15
13,290.0,360.13383131760816,27.26690964529938,6.6450730219099885,0.2406738868832731,1847.3693759891423,76.2833213768819,141.10643359830334,2064.7591309643276,0.540608386390393,,,166.60473074823392,146,29.0,2.492,2.468,0.99,49.0,59.4,25.0,104.0,44.2,15.86,5.03,4.6,5.0,0.0683403848333635,0.0369453851700631,0.540608386390393,19.662921348314608,19.854132901134523,0.2990918164445926,590.0,31,40.74677419354839,42.2,29.0,42.2,51.45,22.450000000000003,77.41379310344828,0.0760443548387097,7.056603709574351,0.17318189842600235,169.0,171.0,146.0,166.0,206.0,60.0,41.0958904109589,0.16631048387096775,15.837192512142632,0.09371119829670196,26.129032258064516,25.0,25.0,26.0,36.0,11.0,44.0,0.042701612903225834,4.615134057163605,0.17662858737292808,70.45161290322582,68.75,49.0,69.8,97.4,48.400000000000006,98.77551020408166,0.16647379032258067,15.387286331421839,0.21840928400827697,29.0
13,300.0,357.0814166790822,26.647259274008547,6.611523629635317,0.2386634844868735,1796.391641131797,59.02453266185442,121.47260609848244,1976.888779892134,0.4859081776347253,,,168.0289065670518,146,28.15,2.4175,2.3775,0.955,46.0,55.8,23.0,102.55,45.1,15.69,5.135,4.6,5.0,0.061446353145426,0.0298572854791937,0.4859081776347253,19.027921406411583,19.348054679284964,0.336590652220633,600.0,31,41.46774193548388,42.65,28.15,42.65,51.35,23.200000000000003,82.41563055062169,0.07487903225806453,6.957484559655844,0.1677806467128208,170.58064516129033,171.0,146.0,171.0,195.0,49.0,33.56164383561644,0.16719758064516138,15.910215153685355,0.09327092847281505,26.548387096774192,26.0,23.0,24.5,38.0,15.0,65.21739130434783,0.049153225806451574,5.076670232067599,0.1912233015724126,72.21451612903226,69.8,46.0,68.75,103.65,57.650000000000006,125.32608695652176,0.17271370967741936,15.967337460935617,0.2211098033587225,28.15
13,310.0,354.1857130984043,25.985847812615173,6.864588615077527,0.2366863905325443,1740.3445005454362,50.01278124441291,105.75519304205156,1896.1124748319007,0.4729108784712469,,,169.402654542788,147,29.65,2.544,2.587,1.005,51.1,62.0,21.5,105.3,44.1,15.935,5.06,4.7,5.0,0.0557747467229902,0.0263764844692806,0.4729108784712469,20.086477987421382,19.75260919984538,0.3420188083081664,610.0,31,42.164516129032265,44.1,29.65,44.6,49.75,20.1,67.79089376053965,0.07129637096774197,6.654274234760531,0.15781692393663563,172.20967741935485,171.0,147.0,171.0,196.5,49.5,33.673469387755105,0.16701612903225804,15.89484937201796,0.0922993969340745,26.951612903225808,26.0,21.5,26.0,35.5,14.0,65.11627906976744,0.05227822580645164,5.277870212357881,0.1958276200874857,73.89193548387097,74.1,51.1,74.1,98.0,46.9,91.78082191780821,0.1713971774193549,15.852592305225633,0.21453751619059858,29.65
13,320.0,351.46733205354576,25.286763114493525,6.884493179975364,0.2350176263219741,1794.0365345578548,40.26447824644876,91.72462202464396,1926.0256348289472,0.4389713182533559,,,170.71287863208593,150,31.65,2.7175,2.766,1.015,56.3,68.2,27.5,105.95,43.4,16.065,4.91,4.7,5.5,0.0476237804762085,0.0209054736958496,0.4389713182533559,20.717571297148115,20.354302241503976,0.3405626598254579,620.0,31,42.803225806451614,44.6,31.65,44.1,49.45,17.800000000000004,56.24012638230649,0.0676290322580645,6.356622996055256,0.14850803593165493,174.11290322580646,173.0,150.0,171.0,206.0,56.0,37.333333333333336,0.17118951612903213,16.30271433300774,0.09363300496956736,27.322580645161292,27.0,27.5,25.0,33.0,5.5,20.0,0.05241935483870963,5.286064047879061,0.19346869596723837,75.24354838709678,76.4,56.3,76.4,93.0,36.7,65.18650088809947,0.16824999999999996,15.629196726722096,0.20771477504378683,31.65
13,330.0,349.0078443691725,24.496259897190647,7.104173797401657,0.2333722287047841,1999.706756347319,35.80765345315517,87.09025798454972,2122.604667785024,0.4111556709305837,,,171.9159066709497,151,29.5,2.5325,2.6975,1.045,53.65,65.05,20.0,104.65,44.15,15.935,5.11,4.8,5.5,0.0410299003419369,0.016869676203304,0.4111556709305837,21.184600197433365,19.888785912882295,0.3370996202868906,630.0,31,43.40967741935484,44.85,29.5,44.85,50.45,20.950000000000003,71.0169491525424,0.06505846774193551,6.150547663349971,0.14168609464505394,175.30645161290323,177.5,151.0,177.5,187.0,36.0,23.841059602649008,0.16342741935483873,15.825968858890777,0.09027602072419065,27.516129032258064,27.0,20.0,27.0,33.5,13.5,67.5,0.05627016129032259,5.401363826182763,0.19629809919304297,76.41290322580646,78.0,53.65,78.0,92.55,38.9,72.50698974836907,0.16649596774193548,15.52033057928608,0.20311138464955608,29.5
13,340.0,346.6644463511561,23.640551755644005,7.099603834532495,0.2314814814814814,2269.171533598298,29.411210841833785,77.29975515484489,2375.882499594977,0.3804825873370233,,,173.07803159953298,155,31.0,2.663,2.739,0.99,51.7,62.7,19.0,102.1,44.9,15.77,5.3,4.9,5.5,0.0325351759474731,0.0123790679239598,0.3804825873370233,19.41419451746151,18.87550200803213,0.3821819681496536,640.0,31,44.05483870967742,45.8,31.0,46.1,49.5,18.5,59.67741935483871,0.059768145161290316,5.673290562491191,0.12877792153271359,176.46774193548387,179.0,155.0,173.0,187.0,32.0,20.64516129032258,0.15481854838709683,15.294844166074922,0.08667218154616993,27.967741935483872,28.0,19.0,28.0,34.0,15.0,78.94736842105263,0.05534274193548387,5.336877182821068,0.1908225982323565,77.75645161290325,80.3,51.7,80.3,95.3,43.599999999999994,84.33268858800771,0.16323387096774195,15.28510572384919,0.19657668793765676,31.0
13,350.0,344.33313128591954,22.579353766139427,7.095509750466039,0.2301495972382048,2522.4306516193014,24.922844377211813,70.9386808917673,2618.2921768882807,0.3513294025756856,,,174.24986023252742,154,34.95,2.9995,2.9365,0.975,57.35,69.5,23.0,102.6,44.45,15.76,5.08,4.9,5.5,0.0270934930478517,0.0095187407261902,0.3513294025756856,19.119853308884817,19.530052783926443,0.3892292679668302,650.0,31,44.751612903225805,46.1,34.95,47.3,52.6,17.65,50.50071530758225,0.056514112903225805,5.332689813326975,0.11916195791331091,177.5,179.0,154.0,179.0,187.0,33.0,21.428571428571427,0.1473387096774195,14.871673297469476,0.08378407491532099,28.548387096774192,28.0,23.0,30.0,37.0,14.0,60.869565217391305,0.05502016129032259,5.307784909466593,0.18592240925815187,79.3467741935484,80.7,57.35,83.7,101.0,43.65,76.11159546643417,0.16048185483870966,15.046544096479824,0.18963019290207317,34.95
13,360.0,342.05327839611874,21.366843922221015,7.0847798397377355,0.2285714285714285,2799.0965600820027,26.729520359066967,81.51249035795944,2907.338570799029,0.3279193193789707,,,175.41127008441154,153,35.4,3.043,2.91,0.94,54.85,66.45,25.0,100.3,45.9,15.355,5.315,5.0,6.0,0.0280368069878965,0.0091938106650306,0.3279193193789707,18.0249753532698,18.848797250859107,0.4521825929235819,660.0,31,45.31935483870967,46.2,35.4,46.2,52.55,17.15,48.44632768361581,0.05490725806451615,5.189342884209182,0.114506106776628,178.66129032258064,179.0,153.0,179.0,190.0,37.0,24.18300653594771,0.13973790322580654,14.37265174835771,0.08044636710284174,29.161290322580644,29.5,25.0,28.0,42.0,17.0,68.0,0.059576612903225794,5.726236542986725,0.19636430623073947,81.02580645161292,83.2,54.85,80.7,109.4,54.550000000000004,99.45305378304467,0.16446774193548386,15.409844639968211,0.19018440315272492,35.4
14,0.0,528.765869140625,60.40617361331381,8.585014624662232,0.0,45199.60625477211,19015.09011398188,19364.34921212487,83579.04558087887,0.981963809146537,,,113.47177172670922,90,8.8,0.648,0.738,1.12,18.0,21.8,12.0,112.3,39.0,17.0,4.34,0.5,2.0,0.2316890445151844,0.227510256689652,0.981963809146537,27.77777777777778,24.390243902439025,0.3223760303191182,300.0,31,21.387096774193548,22.2,8.8,22.2,31.3,22.5,255.68181818181816,0.05800403225806456,5.699239243705184,0.2664802662969242,111.16129032258064,108.0,90.0,106.0,137.0,47.0,52.22222222222222,0.15278225806451648,14.286582922900186,0.12852120447182408,15.790322580645162,14.5,12.0,17.0,20.0,8.0,66.66666666666667,0.034758064516129075,4.790223017682975,0.3033644812015776,26.717741935483865,25.55,18.0,24.9,36.8,18.799999999999997,104.44444444444443,0.0648729838709678,6.437035399248849,0.2409273738324351,8.8
14,10.0,522.1861729638501,61.75238575201108,8.180712288363496,0.0,45391.27659225068,17622.10005257182,17284.7558309095,80298.132475732,1.0195168635856031,,,114.90154873203367,86.5,10.8,0.797,0.728,0.915,16.1,19.5,14.5,104.3,43.2,16.05,4.62,3.0,2.0,0.2152572581452422,0.2194584046882738,1.0195168635856031,20.200752823086574,22.115384615384617,0.3130085626766098,310.0,31,22.14838709677419,22.5,10.8,23.6,32.4,21.599999999999998,200.0,0.056544354838709655,5.535709588224556,0.24993736853329634,112.83870967741936,110.0,86.5,110.0,142.0,55.5,64.16184971098266,0.1577822580645161,14.763912702246985,0.1308408501342643,16.016129032258064,15.0,14.5,12.5,19.0,4.5,31.03448275862069,0.03425403225806451,4.770541323175918,0.29785857204119526,27.53709677419354,25.8,16.1,25.55,43.4,27.299999999999997,169.56521739130432,0.06933870967741933,6.890935685642111,0.2502419097462725,10.8
14,20.0,515.8611566802927,63.67655638922409,7.929744315263806,0.0,42086.13170037826,15820.18628366018,14522.26201753905,72428.58000157749,1.0893748001897765,,,116.3103661188921,86,12.1,0.894,0.794,0.89,18.3,22.1,19.0,101.2,44.9,15.91,4.86,3.0,2.0,0.2005045800597327,0.2184246368397063,1.0893748001897765,20.469798657718123,23.047858942065492,0.2733808321439276,320.0,31,22.90806451612903,23.3,12.1,21.8,34.35,22.25,183.88429752066116,0.05660282258064515,5.542338507257767,0.24193831405335606,114.69354838709677,110.0,86.0,115.0,144.0,58.0,67.44186046511628,0.15963709677419363,14.955309770198028,0.13039364445960874,16.225806451612904,16.0,19.0,14.5,21.0,2.0,10.526315789473685,0.03629032258064517,4.843963097983267,0.2985345050446944,28.44193548387096,26.4,18.3,26.4,44.15,25.849999999999998,141.2568306010929,0.07200806451612901,7.174841424196467,0.25226276981976925,12.1
14,30.0,508.39145017035776,64.73819252628408,7.505863358440813,0.0,40096.50695985279,13952.283441816422,11797.750289933889,65846.5406916031,1.1826223728197427,,,118.01929395133315,100.5,14.9,1.098,1.19,1.08,26.95,32.6,11.0,109.2,41.7,16.755,4.505,3.1,2.0,0.179170388694973,0.2118909102174846,1.1826223728197427,24.544626593806917,22.647058823529413,0.2495916776677292,330.0,31,23.643548387096775,23.4,14.9,20.6,34.9,20.0,134.2281879194631,0.05688306451612902,5.572996529927203,0.23570897391055773,116.91935483870968,114.0,100.5,114.0,155.0,54.5,54.22885572139303,0.1655040322580646,15.660511259318,0.13394284702410209,16.258064516129032,16.0,11.0,26.5,20.0,9.0,81.81818181818181,0.04036290322580644,4.866331554230447,0.2993180122641743,29.29354838709677,26.65,26.95,25.0,44.7,17.750000000000004,65.8627087198516,0.07529838709677417,7.490735855435965,0.2557128196437781,14.9
14,40.0,500.9815112964527,66.40403849182337,7.193028261710042,0.0,37554.386526181646,12329.119742907153,9360.408287534516,59243.91455662332,1.3171561927834006,,,119.76489879782284,101,12.15,0.895,0.938,1.055,20.3,24.55,11.0,103.85,43.7,16.46,4.71,3.2,2.0,0.1579978020964187,0.2081077834774641,1.3171561927834006,22.681564245810055,21.64179104477612,0.2214877259802397,340.0,31,24.424193548387095,23.6,12.15,23.3,39.1,26.950000000000003,221.8106995884774,0.060590725806451695,5.986956251826993,0.24512400951810975,118.54838709677419,115.0,101.0,110.0,151.0,50.0,49.504950495049506,0.17552419354838747,16.499674157747116,0.1391809248680709,16.516129032258064,16.0,11.0,14.0,19.0,8.0,72.72727272727273,0.038629032258064536,4.7897179300520785,0.29000245279612197,30.02741935483871,26.65,20.3,26.65,49.7,29.400000000000002,144.82758620689654,0.0861290322580646,8.321797068639256,0.27713993568009554,12.15
14,50.0,492.45212222105704,65.84273978420435,6.540635019416065,0.0,35211.61313660772,10972.403927686311,7126.53674268145,53310.55380697548,1.539654438595907,,,121.83925562019728,100,15.75,1.1605,0.9545,0.825,19.25,23.25,11.0,92.65,46.6,15.105,5.055,3.25,2.5,0.1336796606631569,0.2058204828900242,1.539654438595907,16.587677725118482,20.167627029858565,0.2017911661770271,350.0,31,25.274193548387096,23.6,15.75,26.5,38.5,22.75,144.44444444444446,0.061185483870967755,6.056358517675754,0.23962618257555632,120.2258064516129,118.0,100.0,118.0,153.0,53.0,53.0,0.1850403225806453,17.280932994525795,0.14373730153750996,16.79032258064516,17.0,11.0,16.0,19.5,8.5,77.27272727272727,0.03687500000000002,4.705978809890646,0.2802792374766763,30.916129032258063,30.3,19.25,30.3,47.85,28.6,148.57142857142858,0.09063306451612906,8.710351955162071,0.28174135080344764,15.75
14,60.0,485.1968996165008,65.09114808277752,6.205047969528172,0.0,32939.210550422344,9665.95303506378,6010.013483649436,48615.17706913556,1.6083080447923328,,,123.66113643228954,100,18.8,1.385,1.08,0.78,23.3,28.2,12.0,96.4,43.5,15.23,4.72,3.3,2.5,0.1236242228451128,0.1988258321329951,1.6083080447923328,16.823104693140795,21.574074074074073,0.1769748257412653,360.0,31,26.0258064516129,24.0,18.8,25.2,39.05,20.249999999999996,107.71276595744678,0.06337298387096775,6.276767625773394,0.24117476003839272,121.90322580645162,122.0,100.0,122.0,152.0,52.0,52.0,0.19120967741935477,17.76908333540718,0.14576384847780435,17.0,17.5,12.0,18.0,17.5,5.5,45.833333333333336,0.03356854838709678,4.58257569495584,0.26956327617387293,31.80322580645161,31.15,23.3,31.15,46.75,23.45,100.64377682403433,0.0926834677419355,8.881299975077512,0.2792578346966253,18.8
14,70.0,478.1893023912151,63.48689376944965,5.807918340407456,0.0,29744.495936286887,8826.44274989055,4817.4699810841685,43388.40866726161,1.8321738972007384,,,125.47332133940742,100,18.6,1.3655,1.093,0.8,23.3,28.15,10.5,95.55,44.85,15.28,4.785,3.3,2.5,0.1110312668535168,0.2034285889021432,1.8321738972007384,17.063346759428782,21.317474839890213,0.1571485044089697,370.0,31,26.730645161290322,24.2,18.6,28.0,40.65,22.049999999999997,118.54838709677416,0.06755645161290325,6.653791869044232,0.24891998786021988,123.53225806451613,125.0,100.0,125.0,150.5,50.5,50.5,0.19437500000000013,18.007376027557413,0.1457706376431074,17.29032258064516,18.0,10.5,21.0,21.0,10.5,100.0,0.03276209677419356,4.540143524802542,0.26258292774044556,32.69193548387097,31.4,23.3,35.4,50.85,27.55,118.24034334763948,0.0987177419354839,9.367168700432677,0.2865284224317065,18.6
14,80.0,472.4590594951923,62.74694160012379,5.677395018393271,0.0,27227.603052348673,8421.833234249503,4143.757269501017,39793.19355609919,2.0324147112177844,,,126.99513067673657,99.5,18.45,1.36,1.0455,0.77,21.65,26.2,11.0,91.95,46.15,14.915,4.925,3.4,2.5,0.1041323125689643,0.2116400439782916,2.0324147112177844,15.91911764705882,20.70779531324725,0.1404298015147719,380.0,31,27.39838709677419,25.2,18.45,24.2,39.3,20.849999999999998,113.00813008130082,0.06991330645161292,6.846525686689171,0.24988790991624693,125.1774193548387,125.0,99.5,126.0,151.0,51.5,51.75879396984924,0.19580645161290314,18.11516325581821,0.1447159028296262,17.596774193548388,18.0,11.0,23.5,20.0,9.0,81.81818181818181,0.03002016129032258,4.384478978622032,0.24916379163571584,33.61774193548387,32.8,21.65,33.25,52.0,30.35,140.1847575057737,0.10433669354838711,9.815528075343144,0.2919746392895816,18.45
14,90.0,466.84217153105345,61.58730482998306,5.547162806090453,0.0,24649.8679960459,7800.249382156147,3654.7736965217487,36104.8910747238,2.134263303246286,,,128.52309336841674,99,16.4,1.208,0.93,0.77,17.95,21.65,11.5,88.2,46.95,14.51,5.275,3.45,2.75,0.101226553736382,0.2160441189536484,2.134263303246286,14.859271523178808,19.301075268817204,0.1250833249390376,390.0,31,28.133870967741935,26.5,16.4,29.0,41.25,24.85,151.52439024390245,0.07251814516129029,7.0740651572813755,0.25144300851427237,127.2258064516129,126.0,99.0,127.0,163.0,64.0,64.64646464646465,0.20211693548387094,18.69573868990713,0.1469492645504871,17.919354838709676,19.0,11.5,24.0,21.0,9.5,82.6086956521739,0.027822580645161285,4.248718972022721,0.23710222886175403,34.55967741935484,33.25,17.95,36.3,50.85,32.900000000000006,183.28690807799447,0.10703830645161289,10.027557191350565,0.29015193254479626,16.4
14,100.0,460.0239660283826,59.49840304921205,5.108903259562537,0.0,21241.076472160057,6966.40643966351,3004.490763573544,31211.97367539711,2.318664621680401,,,130.42798730250962,99.5,20.65,1.519,1.164,0.78,23.9,28.9,11.0,89.8,46.9,14.845,5.075,3.5,3.0,0.0962608387031237,0.2231966011542164,2.318664621680401,15.734035549703751,20.532646048109967,0.1203208539836454,400.0,31,28.93548387096774,27.2,20.65,24.0,41.25,20.6,99.75786924939467,0.07288104838709675,7.107979008930587,0.24564921881476948,129.0,127.0,99.5,125.0,154.0,54.5,54.77386934673367,0.20010080645161288,18.536900136394614,0.14369690028212878,18.274193548387096,19.0,11.0,16.0,22.5,11.5,104.54545454545455,0.026451612903225806,4.152988300965582,0.22725973050297096,35.679032258064524,35.0,23.9,32.8,52.65,28.75,120.2928870292887,0.1072641129032258,10.04837278861233,0.2816324365507727,20.65
14,110.0,454.0828687308576,58.59807485796022,4.8303323086401715,0.0,20275.933703944916,6220.482933351586,2576.871449672861,29073.288086969365,2.4139671127720743,,,132.13447177097314,104,20.45,1.5015,1.131,0.76,21.9,26.5,10.0,88.0,48.0,14.405,5.28,3.55,3.0,0.0886336434311953,0.213958700328072,2.4139671127720743,14.585414585414584,19.36339522546419,0.1169325474557671,410.0,31,29.730645161290315,27.45,20.45,23.4,45.3,24.849999999999998,121.5158924205379,0.07743346774193549,7.517198917807913,0.25284345082411475,130.90322580645162,130.0,104.0,130.0,158.5,54.5,52.40384615384615,0.19891129032258062,18.435662611199483,0.14083428805992704,18.693548387096776,19.0,10.0,20.0,24.0,14.0,140.0,0.025221774193548402,4.049027495080019,0.21660026289470335,36.6741935483871,35.4,21.9,31.4,54.75,32.85,150.0,0.11119959677419357,10.3655669644561,0.28263926105914244,20.45
14,120.0,447.21485569571865,56.53292684941628,4.283968812673979,0.0,20070.24266477876,5179.221452885038,2104.992732073896,27354.456849737697,2.460446240012586,,,134.1637005923245,106,23.6,1.737,1.275,0.73,25.8,31.1,11.0,88.6,47.6,14.54,5.03,3.6,3.0,0.0769524594707527,0.1893373895645346,2.460446240012586,14.853195164075991,20.23529411764706,0.1090889533665137,420.0,31,30.4516129032258,28.0,23.6,27.2,42.8,19.199999999999996,81.35593220338981,0.07935080645161291,7.667708087285793,0.25179973591722415,132.70967741935485,130.0,106.0,130.0,160.0,54.0,50.943396226415096,0.19915322580645162,18.45524956642797,0.13906483630512081,19.080645161290324,19.5,11.0,15.0,22.0,11.0,100.0,0.02161290322580648,3.7529916382213195,0.19669102415022977,37.670967741935485,36.15,25.8,35.0,52.8,26.999999999999996,104.65116279069765,0.11142137096774195,10.383181707241352,0.2756282179521167,23.6
14,130.0,438.1668655960648,51.77328236952107,3.954534434856251,0.0,21003.0452911954,3939.922176904584,1575.1795968963263,26518.14706499631,2.501252672817535,,,136.93413334296372,108,22.0,1.619,1.195,0.74,23.0,27.8,14.0,90.2,46.7,14.27,5.3,3.7,3.0,0.0594000626452346,0.1485745654569222,2.501252672817535,14.206300185299568,19.24686192468619,0.1106227195647325,430.0,31,31.08225806451612,29.0,22.0,27.45,43.15,21.15,96.13636363636364,0.08261088709677418,7.886249091373083,0.2537218845234452,134.58064516129033,131.0,108.0,131.0,164.0,56.0,51.851851851851855,0.20084677419354832,18.596638035853662,0.13818211388098356,19.451612903225808,20.0,14.0,25.0,22.5,8.5,60.714285714285715,0.01846774193548388,3.486533232093827,0.17924134360681365,38.608064516129026,36.3,23.0,36.15,54.85,31.85,138.47826086956522,0.11415322580645161,10.585037370223702,0.2741664857558882,22.0
14,140.0,431.671235904052,48.83324843035621,3.7552292851614566,0.0,24651.24572132954,3161.42425621909,1285.931192678849,29098.601170227477,2.458470775277811,,,138.99466772285996,107,22.5,1.653,1.232,0.75,23.2,28.0,18.0,91.1,47.0,14.13,5.28,3.7,3.5,0.0441921996578502,0.108645231354067,2.458470775277811,14.035087719298245,18.83116883116883,0.112332871331264,440.0,31,31.859677419354835,29.3,22.5,29.3,46.1,23.6,104.88888888888889,0.08583467741935483,8.144726508144588,0.2556437217156708,136.5483870967742,133.0,107.0,133.0,169.0,62.0,57.94392523364486,0.20451612903225788,18.91487723050724,0.13852142550099797,19.870967741935484,20.0,18.0,19.0,27.0,9.0,50.0,0.01951612903225803,3.5892611633767655,0.18062840270240216,39.59838709677419,36.8,23.2,38.3,53.7,30.500000000000004,131.46551724137933,0.11321169354838707,10.511965276697532,0.26546448093977726,22.5
14,150.0,427.3781997384155,47.17362067612092,3.624294060247033,0.0,29227.79274828408,2747.251966951722,1140.0085334629796,33115.05324869878,2.4098521075157686,,,140.3908763636612,106,22.2,1.633,1.309,0.75,24.9,30.1,17.0,89.2,47.6,14.48,5.22,3.8,3.5,0.0344256892749455,0.0829608198519104,2.4098521075157686,15.24800979791794,19.02215431627196,0.109826362208343,450.0,31,32.625806451612895,31.3,22.2,31.3,46.25,24.05,108.33333333333334,0.08850000000000001,8.349409869044058,0.255914283112879,138.43548387096774,137.0,106.0,137.0,165.5,59.5,56.132075471698116,0.2029637096774194,18.78640551723678,0.13570513131407205,20.080645161290324,20.0,17.0,20.0,24.5,7.5,44.11764705882353,0.021108870967741944,3.6653712276601857,0.182532543064202,40.71774193548387,38.3,24.9,36.8,57.9,33.0,132.53012048192772,0.11370161290322585,10.555003145326365,0.2592236858824459,22.2
14,160.0,422.05439814814815,44.800005078077,3.329899790090369,0.0,32424.812451212587,2204.8777638131687,937.5255486068828,35567.21576363264,2.351805523688938,,,142.16176934362616,110,23.6,1.737,1.364,0.79,25.55,30.9,12.5,89.55,48.5,14.425,5.455,3.8,3.5,0.0263592617099227,0.0619918572897586,2.351805523688938,14.709268854346574,18.7316715542522,0.1094869854976572,460.0,31,33.40483870967742,32.4,23.6,32.4,46.35,22.75,96.39830508474576,0.09007459677419356,8.469989717021598,0.2535557734804399,140.24193548387098,142.0,110.0,142.0,162.0,52.0,47.27272727272727,0.19629032258064513,18.248228666431313,0.13011962936385754,20.306451612903224,20.0,12.5,19.0,24.0,11.5,92.0,0.021491935483870975,3.6848279456776964,0.1814609472851606,41.822580645161295,43.4,25.55,43.4,59.15,33.599999999999994,131.50684931506848,0.11464516129032262,10.63633582513011,0.2543204092395167,23.6
14,170.0,417.2506053545322,42.78564603379686,3.208626538825456,0.0,33437.7923076477,1849.9799494881845,804.4079300238916,36092.18018715977,2.2998032222696243,,,143.79847321975438,115,21.8,1.6055,1.4535,0.915,26.4,31.9,14.5,91.15,48.1,14.965,5.6,3.9,3.5,0.0222875959793104,0.0512570850498617,2.2998032222696243,16.443475552787294,18.163054695562433,0.1137235709448789,470.0,31,34.1758064516129,34.35,21.8,34.35,47.5,25.7,117.88990825688073,0.09227419354838713,8.633914436373784,0.2526323540776699,141.98387096774192,144.0,115.0,144.0,164.0,49.0,42.608695652173914,0.19114919354838714,17.837920222084815,0.1256334265329159,20.870967741935484,21.0,14.5,21.0,30.0,15.5,106.89655172413794,0.02231854838709678,3.7880684214506206,0.18149941431989064,42.95,44.15,26.4,44.15,60.5,34.1,129.16666666666669,0.1154435483870968,10.70606525915723,0.24926810847863165,21.8
14,180.0,414.9589484618105,42.26264320100223,3.1851663436153848,0.0,35547.05123874054,1838.6363931769909,766.8959045713135,38152.58353648884,2.397504514259688,,,144.5926162633939,114,20.6,1.516,1.3885,0.805,25.0,30.2,26.5,91.1,48.55,14.945,5.55,4.0,4.0,0.0201007594633233,0.0481916615533659,2.397504514259688,16.49076517150396,18.005041411595247,0.1137282168420143,480.0,31,35.01451612903226,34.9,20.6,34.9,47.8,27.199999999999996,132.03883495145627,0.09253024193548384,8.654451586210678,0.24716753344007647,143.9516129032258,150.5,114.0,155.0,176.0,62.0,54.3859649122807,0.19431451612903203,18.124272325029438,0.12590530914866388,21.20967741935484,21.0,26.5,20.0,25.0,-1.5,-5.660377358490566,0.020705645161290285,3.6669110378000425,0.17288858124988793,44.017741935483876,44.7,25.0,44.7,59.5,34.5,138.0,0.11477620967741935,10.650904096109219,0.24196843426725714,20.6
14,190.0,411.90435082872926,41.108711660263396,3.129213903080687,0.0,35597.251160644715,1694.882596174418,723.7977815363341,38015.931538355464,2.3416521014707423,,,145.66488525620875,110,23.3,1.7175,1.472,0.855,26.65,32.3,14.0,89.05,50.2,14.665,5.62,4.0,4.0,0.0190393277830393,0.0445834819137444,2.3416521014707423,15.51673944687045,18.10461956521739,0.116536202318483,490.0,31,36.00000000000001,38.5,23.3,39.1,51.15,27.849999999999998,119.52789699570815,0.09298991935483866,8.697614615513842,0.24160040598649557,145.8548387096774,151.0,110.0,151.0,173.0,63.0,57.27272727272727,0.19256048387096764,17.97136312228759,0.12321403445558228,21.177419354838708,21.0,14.0,19.0,25.5,11.5,82.14285714285714,0.026713709677419355,3.6229554857343893,0.17107634433780058,45.25483870967742,46.75,26.65,49.7,63.35,36.7,137.71106941838653,0.11419959677419352,10.595394871033278,0.234127336946348,23.3
14,200.0,407.9526732568027,39.95218623970884,3.0822659225621014,0.0,33441.99348419916,1517.184020918229,665.6010090723782,35624.77851418977,2.2794196526725043,,,147.07588387888933,118,26.5,1.952,1.667,0.83,30.3,36.6,16.0,92.0,48.9,14.67,5.54,4.1,4.0,0.0186836532557602,0.0425878864148984,2.2794196526725043,15.522540983606556,18.17636472705459,0.1273492525968341,500.0,31,36.88709677419355,39.05,26.5,38.5,50.8,24.299999999999997,91.69811320754715,0.09374798387096774,8.761297161778572,0.2375165824356237,147.88709677419354,151.0,118.0,153.0,173.0,55.0,46.610169491525426,0.18584677419354823,17.33239244758176,0.11720016705748383,21.532258064516128,21.0,16.0,19.5,25.0,9.0,56.25,0.024395161290322574,3.430100785377809,0.1593005608190443,46.45967741935485,47.85,30.3,47.85,64.0,33.7,111.22112211221123,0.11353427419354836,10.5326667987017,0.2267055516471117,26.5
14,210.0,403.4677181603774,38.379208130303475,3.0067591951724344,0.0,28426.76497102196,1319.0421779907672,617.6753008550484,30363.482449867777,2.1354944518014825,,,148.71078229894508,122,25.2,1.854,1.6855,0.91,31.15,37.65,18.0,94.25,48.4,15.12,5.565,4.1,4.0,0.020342702846252,0.0434417290628174,2.1354944518014825,16.801510248112187,18.48116285968555,0.1379116957761852,510.0,31,37.65161290322581,39.1,25.2,39.05,50.2,25.000000000000004,99.20634920634923,0.09509879032258066,8.858202261849069,0.2352675377975678,149.59677419354838,152.0,122.0,152.0,171.0,49.0,40.16393442622951,0.18054435483870973,16.894485961815423,0.11293349106550472,21.903225806451612,21.0,18.0,17.5,27.5,9.5,52.77777777777778,0.024435483870967747,3.433703915692959,0.15676704180630593,47.558064516129036,49.7,31.15,46.75,64.35,33.199999999999996,106.58105939004814,0.11392943548387098,10.566677945111175,0.22218477670653627,25.2
14,220.0,399.5053300233645,37.05117947514136,3.0073192273291864,0.0,24159.07691985948,1184.3727467017295,596.005971767189,25939.4556383284,1.9871826840761384,,,150.18573093002536,125,28.0,2.059,1.832,0.89,35.4,42.8,21.0,98.2,45.8,15.22,5.33,4.2,4.0,0.0229768110818225,0.0456591211170865,1.9871826840761384,17.192812044681883,19.323144104803493,0.1340985905012722,520.0,31,38.458064516129035,39.3,28.0,40.65,50.2,22.200000000000003,79.2857142857143,0.09465524193548389,8.824757756582647,0.22946442749040602,151.17741935483872,153.0,125.0,150.5,171.0,46.0,36.8,0.17568548387096783,16.514412083135532,0.10923861614791454,22.129032258064516,22.0,21.0,21.0,25.0,4.0,19.047619047619047,0.023790322580645156,3.398449994569789,0.1535742708916377,48.66612903225806,50.85,35.4,50.85,65.5,30.1,85.02824858757063,0.11419556451612906,10.589722903966644,0.21759944985448312,28.0
14,230.0,395.68003323150594,35.726846391386715,2.890020607597062,0.0,20010.461054690557,1066.5076937380252,584.6718775689868,21661.64062599757,1.8241132071760804,,,151.63767428440084,126,24.2,1.7805,1.7925,0.94,33.25,40.1,23.5,96.7,48.05,15.42,5.45,4.2,4.25,0.0269911170471216,0.0492348530820901,1.8241132071760804,18.674529626509408,18.549511854951184,0.1407230575728947,530.0,31,39.061290322580646,40.65,24.2,39.3,46.7,22.500000000000004,92.97520661157027,0.09289314516129032,8.724617562558445,0.22335712646734807,152.66129032258064,154.0,126.0,151.0,171.0,45.0,35.714285714285715,0.17078629032258075,16.146406770947625,0.10576621445311704,22.29032258064516,22.5,23.5,20.0,26.0,2.5,10.638297872340425,0.025403225806451626,3.461151526944915,0.15527597298884568,49.52096774193548,50.85,33.25,52.0,61.9,28.65,86.16541353383458,0.11364112903225806,10.552659808420723,0.2130947816571947,24.2
14,240.0,391.87290096657927,33.86461661286207,2.8442307870335197,0.0,15596.547399245754,965.16719597765,581.3174949598892,17143.032090183293,1.660309906971312,,,153.11086796766557,127,29.0,2.135,1.947,0.99,36.3,43.8,24.0,97.2,47.3,15.2,5.67,4.3,4.5,0.0339098411472246,0.0563008452005604,1.660309906971312,17.002341920374707,18.64406779661017,0.1470159203305071,540.0,31,40.00645161290323,41.25,29.0,41.25,53.5,24.5,84.48275862068965,0.09203830645161291,8.647723611212026,0.21615822605029253,154.11290322580646,155.0,127.0,163.0,171.0,44.0,34.645669291338585,0.16467741935483868,15.68582676464083,0.10178139815884159,22.370967741935484,22.5,24.0,21.0,26.0,2.0,8.333333333333334,0.028427419354838723,3.5189196778165788,0.1572985003782465,50.58387096774194,52.0,36.3,50.85,66.2,29.900000000000006,82.36914600550966,0.11323185483870968,10.518526410551166,0.20794229878648438,29.0
14,250.0,388.3872551003886,31.900154832537503,2.7290228243790637,0.0,12285.274702007127,878.5884300207703,596.8127293794037,13760.675861407302,1.4721342001776192,,,154.48498685800456,125,24.0,1.764,1.912,0.97,32.8,39.7,16.0,97.0,48.1,15.42,5.51,4.3,4.5,0.0433708878393977,0.0638477672804449,1.4721342001776192,18.594104308390023,17.15481171548117,0.1402570224442292,550.0,31,40.81935483870968,41.25,24.0,41.25,54.2,30.200000000000003,125.83333333333336,0.09352217741935485,8.762274033409316,0.21465978744720152,155.53225806451613,158.5,125.0,154.0,171.0,46.0,36.8,0.15739919354838708,15.131609015496316,0.0972892003485193,22.5,22.5,16.0,22.5,28.0,12.0,75.0,0.03288306451612903,3.6514837167011076,0.1622881651867159,51.62419354838709,52.65,32.8,52.65,68.55,35.75,108.9939024390244,0.11488306451612901,10.65267471082374,0.20635043336491143,24.0
14,260.0,384.7474242850257,29.889234817939304,2.6673036180375926,0.0,9245.837557200262,790.2704344182303,592.876335080348,10628.98432669884,1.3329431243214167,,,155.94646308938314,130,23.4,1.724,1.814,0.98,31.4,38.0,20.0,93.1,50.6,15.07,5.86,4.4,4.5,0.0557792087049284,0.0743505127233237,1.3329431243214167,18.21345707656613,17.309812568908487,0.1628938387422055,560.0,31,41.80967741935484,42.8,23.4,45.3,54.7,31.300000000000004,133.76068376068378,0.09106653225806455,8.529755949565017,0.20401391438663335,157.08064516129033,160.0,130.0,158.5,173.0,43.0,33.07692307692308,0.14826612903225814,14.338233720949004,0.09127944251964659,22.85483870967742,22.5,20.0,24.0,27.0,7.0,35.0,0.03141129032258064,3.5312734916908206,0.15450879074441135,52.80806451612903,52.8,31.4,54.75,69.5,38.1,121.33757961783441,0.11355040322580648,10.529530669931697,0.19939247473680255,23.4
14,270.0,381.26689726463104,27.999045685539343,2.5671726617162793,0.0,7219.529625293792,730.0393874249706,594.9600557580471,8544.52906847681,1.2270393287072303,,,157.37007442939637,130,27.2,2.0,1.95,0.93,35.0,42.3,15.0,96.0,48.7,14.95,5.65,4.5,5.0,0.0696305262689108,0.0854393942105355,1.2270393287072303,17.5,17.94871794871795,0.1906865354066274,570.0,31,42.91935483870968,43.15,27.2,42.8,57.8,30.599999999999998,112.5,0.08886088709677419,8.289156344479565,0.19313329325732168,158.56451612903226,162.0,130.0,160.0,176.0,46.0,35.38461538461539,0.1422379032258064,13.812881630012296,0.0871120599187023,23.177419354838708,24.0,15.0,22.0,30.0,15.0,100.0,0.03389112903225805,3.713821901798681,0.1602344870643829,54.21129032258065,53.7,35.0,52.8,74.9,39.900000000000006,114.00000000000001,0.1131008064516129,10.479883186987498,0.1933155090872705,27.2
14,280.0,377.8958218395334,25.68651949071915,2.533443609298512,0.0,5699.618975976973,671.5966025066639,597.3449487387627,6968.560527222399,1.1243028068198728,,,158.77391739323835,131,27.45,2.0195,2.0625,1.02,36.15,43.7,25.0,95.45,49.1,15.275,5.815,4.5,5.0,0.0857199914394456,0.0963752269759441,1.1243028068198728,17.900470413468682,17.527272727272727,0.2197852581202087,580.0,31,43.87096774193548,45.3,27.45,43.15,56.7,29.250000000000004,106.55737704918035,0.08705443548387098,8.115907981587236,0.1849949613450032,159.9516129032258,163.0,131.0,164.0,173.0,42.0,32.06106870229008,0.13254032258064516,12.982908533086668,0.0811677250228268,23.56451612903226,24.0,25.0,22.5,27.0,2.0,8.0,0.030927419354838715,3.4490141960756238,0.14636473658910928,55.46290322580646,54.75,36.15,54.85,73.8,37.65,104.149377593361,0.112554435483871,10.42580107027701,0.18797791792164906,27.45
14,290.0,374.7359981226533,23.4923548785564,2.564882047256262,0.0,4792.8436209679285,621.7933210362254,598.742487455653,6013.3794294598065,1.0384987437229094,,,160.11272015655578,133,29.3,2.155,2.126,0.95,38.3,46.3,19.0,96.2,49.2,15.11,5.65,4.6,5.0,0.0995683865419147,0.1034016443382955,1.0384987437229094,17.77262180974478,18.01505174035748,0.25486840162297,590.0,31,44.848387096774196,46.1,29.3,46.1,57.75,28.45,97.09897610921502,0.08485483870967742,7.893884593689893,0.17601267525310124,161.30645161290323,164.0,133.0,169.0,173.0,40.0,30.075187969924812,0.12175403225806451,12.016431402704965,0.07449442525424536,23.64516129032258,24.0,19.0,27.0,27.5,8.5,44.73684210526316,0.034233870967741935,3.5123438242553853,0.14854387251284712,56.725806451612904,54.85,38.3,53.7,75.3,37.0,96.60574412532638,0.11209274193548387,10.379465873924199,0.18297608307742402,29.3
14,300.0,371.9206779233871,21.964299669682976,2.58465838539854,0.0,4424.569079325544,590.8612171442869,604.1606229048168,5619.5909193746475,0.9779869702586936,,,161.32472207517205,137,31.3,2.302,2.086,0.95,36.8,44.4,20.0,95.1,50.6,14.86,5.76,4.6,5.0,0.1075097158445918,0.1051431012722254,0.9779869702586936,15.986099044309295,17.641418983700863,0.2997650452795256,600.0,31,45.68387096774194,46.25,31.3,46.25,55.2,23.900000000000002,76.35782747603834,0.08108467741935485,7.5568223822006715,0.16541554430745714,162.69354838709677,164.0,137.0,165.5,176.0,39.0,28.467153284671532,0.11237903225806462,11.085784755979795,0.0681390557024633,23.903225806451612,24.5,20.0,24.5,27.0,7.0,35.0,0.033266129032258056,3.4530647132624805,0.14446019718102146,57.73225806451613,57.9,36.8,57.9,69.5,32.7,88.85869565217394,0.10793145161290324,10.04036477082296,0.17391255958848506,31.3
14,310.0,369.53859529130705,21.122656005546126,2.550144049833487,0.0,4253.821654474821,556.2420240681963,598.0994035184095,5408.163082061427,0.9300160153914536,,,162.3646373194173,142,32.4,2.387,2.445,0.94,43.4,52.4,19.0,95.3,50.7,14.91,5.82,4.7,5.0,0.1105919689260613,0.102852302274911,0.9300160153914536,18.18181818181818,17.750511247443765,0.2937718730265423,610.0,31,46.57741935483871,46.35,32.4,46.35,59.0,26.6,82.09876543209877,0.07985887096774198,7.436036564255601,0.15964896010244728,163.9516129032258,165.5,142.0,162.0,176.0,34.0,23.943661971830984,0.10385080645161285,10.254555766999106,0.06254623291234084,24.225806451612904,25.0,19.0,24.0,30.0,11.0,57.89473684210526,0.03443548387096776,3.54221848958488,0.14621674191362352,59.00645161290322,59.15,43.4,59.15,76.3,32.9,75.80645161290323,0.10565725806451617,9.798875292055069,0.16606447302301944,32.4
14,320.0,367.07620059742646,20.0969207225786,2.5192488591331013,0.0,4088.818605993188,521.4977936837788,592.0328178089543,5202.349217485921,0.8808596043945376,,,163.45380033450377,144,34.35,2.5295,2.553,0.985,44.15,53.3,21.0,98.15,48.95,15.385,5.665,4.7,5.25,0.1138010527665151,0.1002427503195944,0.8808596043945376,17.45404230084997,17.293380336858597,0.2961339425092145,620.0,31,47.44193548387097,46.7,34.35,47.5,59.2,24.85,72.34352256186317,0.07834677419354837,7.2892626144463755,0.1536459788181394,165.0483870967742,169.0,144.0,164.0,176.0,32.0,22.22222222222222,0.09697580645161279,9.627525503047394,0.05833153339088619,24.548387096774192,25.0,21.0,30.0,29.0,8.0,38.095238095238095,0.033951612903225785,3.5056022751915195,0.1428037720511657,60.07096774193548,59.5,44.15,60.5,76.4,32.25000000000001,73.04643261608156,0.1061088709677419,9.839349353434134,0.1637954193730309,34.35
14,330.0,364.82043620584653,19.424997766228785,2.5123667137843326,0.0,4022.6784786267567,481.53186638749287,581.6909000220132,5085.9012450362625,0.8278139925676506,,,164.46447086134603,155,34.9,2.57,2.539,0.99,44.7,54.0,20.0,97.1,49.7,15.15,5.78,4.8,5.5,0.1143732196117122,0.0946797515695882,0.8278139925676506,17.39299610894942,17.605356439543126,0.3600288177639161,630.0,31,48.28064516129032,47.5,34.9,47.8,60.35,25.450000000000003,72.92263610315187,0.07770766129032262,7.228216439981983,0.14971250727563404,166.17741935483872,171.0,155.0,176.0,179.0,24.0,15.483870967741936,0.09183467741935496,9.11550728803831,0.05485406695703923,24.822580645161292,25.0,20.0,25.0,29.5,9.5,47.5,0.03465725806451614,3.550935057832829,0.14305261441561753,61.19838709677419,60.5,44.7,59.5,79.1,34.39999999999999,76.9574944071588,0.10734677419354839,9.955915192076917,0.16268264025215953,34.9
14,340.0,362.7563180992736,19.435678118437377,2.543327111322531,0.0,3995.7867732669015,439.1421950153065,569.6721447056592,5004.601112987867,0.7708682952054897,,,165.40028941296103,151,39.1,2.88,2.741,0.98,49.7,60.1,19.0,94.6,49.8,15.16,5.67,4.8,5.5,0.1138296802970479,0.0877476915943712,0.7708682952054897,17.256944444444446,18.13206858810653,0.3642449525311336,640.0,31,49.20967741935484,47.8,39.1,51.15,63.7,24.6,62.9156010230179,0.07840120967741938,7.301534306281555,0.1483759839362361,166.9516129032258,171.0,151.0,173.0,179.0,28.0,18.543046357615893,0.09237903225806454,9.153646667412282,0.054828141568888177,25.20967741935484,25.5,19.0,25.5,32.0,13.0,68.42105263157895,0.03588709677419356,3.660086960598038,0.14518579114336427,62.45,61.9,49.7,63.35,83.5,33.8,68.00804828973841,0.11019153225806456,10.24729232529257,0.1640879475627313,39.1
14,350.0,360.78049789410346,19.403413208169827,2.5956654723538737,0.0,3993.8663453733298,393.7370159547336,558.3938663990525,4945.997227727115,0.7051241778385726,,,166.30610676082398,153,38.5,2.834,2.654,0.935,47.85,57.85,19.5,97.65,48.0,14.945,5.635,4.9,5.5,0.1128981357427199,0.0796072051450929,0.7051241778385726,16.88426252646436,18.029389600602865,0.363509951401196,650.0,31,49.958064516129035,50.2,38.5,50.8,62.3,23.799999999999997,61.818181818181806,0.07979637096774195,7.418806022245018,0.14850066939342388,167.91935483870967,171.0,153.0,173.0,181.0,28.0,18.30065359477124,0.09058467741935489,8.99545883042619,0.05357011310022321,25.629032258064516,26.0,19.5,25.0,32.0,12.5,64.1025641025641,0.035987903225806445,3.6696224645401965,0.14318224845908886,63.556451612903224,63.35,47.85,64.0,84.0,36.15,75.54858934169279,0.11499999999999999,10.667862500172216,0.1678486169294956,38.5
14,360.0,358.6612683163876,18.949030047171917,2.627193651442946,0.0,3846.301369472232,347.1747302191057,546.3869534967108,4739.863053188048,0.6354008418343313,,,167.28876324351788,152,39.05,2.8745,2.632,0.915,46.75,56.5,17.5,92.7,50.6,14.85,5.7,4.95,5.75,0.1152748396663505,0.0732457301663166,0.6354008418343313,16.263698034440772,17.762158054711247,0.3607194828087309,660.0,31,50.66129032258065,50.2,39.05,50.2,60.3,21.25,54.41741357234315,0.07865927419354841,7.329162181284428,0.14466986795276487,168.82258064516128,171.0,152.0,171.0,181.0,29.0,19.07894736842105,0.08887096774193558,8.852069802308735,0.05243415761375195,26.0,26.0,17.5,27.5,31.0,13.5,77.14285714285714,0.035282258064516146,3.6101708177499487,0.1388527237596134,64.59354838709677,64.0,46.75,64.35,80.0,33.25,71.12299465240642,0.11481250000000003,10.652783219543176,0.16492023562017502,39.05
14,370.0,356.49698554548155,18.006840657487896,2.659313668369943,0.0,3584.901030462888,298.6935420141838,531.363470728369,4414.958043205441,0.5621266015986162,,,168.30436843159578,150.5,40.65,2.993,2.806,0.94,50.85,61.45,21.0,95.8,48.0,15.175,5.545,5.0,6.0,0.1203552707700427,0.0676548993424454,0.5621266015986162,16.98964249916472,18.12188168210977,0.3634264627034957,670.0,31,51.44516129032258,50.8,40.65,50.2,63.35,22.700000000000003,55.84255842558427,0.07884274193548386,7.345365373697778,0.1427804907102026,169.75806451612902,171.0,150.5,171.0,181.0,30.5,20.26578073089701,0.085383064516129,8.541926956432738,0.05031823955333299,26.483870967741936,27.0,21.0,25.0,32.5,11.5,54.76190476190476,0.033729838709677405,3.4338604877691763,0.12965855678543783,65.87903225806451,64.35,50.85,65.5,86.6,35.74999999999999,70.30481809242869,0.11661088709677415,10.8306953777489,0.16440276984219165,40.65
14,380.0,354.39684264053255,17.497772691886933,2.6807038744990694,0.0,3211.6138377406655,253.46497400954988,522.2057918054735,3987.2846035556886,0.4853737319404683,,,169.30173404749675,151,39.3,2.891,3.009,1.01,52.0,62.8,20.0,97.9,47.4,15.43,5.58,5.1,6.0,0.1309677747456986,0.0635683175922583,0.4853737319404683,17.986855759252855,17.281488866733135,0.3692577845789154,680.0,31,52.2274193548387,51.15,39.3,46.7,64.9,25.60000000000001,65.13994910941479,0.08001612903225805,7.447950934201942,0.1426061449370064,170.83870967741936,173.0,151.0,171.0,184.0,33.0,21.85430463576159,0.08157258064516125,8.133661636243742,0.047610179517287764,26.919354838709676,27.0,20.0,26.0,34.5,14.5,72.5,0.035040322580645156,3.568605643183222,0.13256653677493097,67.14677419354838,65.5,52.0,61.9,90.15,38.150000000000006,73.36538461538463,0.1215947580645161,11.302661452683544,0.16832769091935812,39.3
14,390.0,352.45873420975323,16.70852968048587,2.730936404741582,0.0,2855.3095721299273,211.6391386567932,502.8094430804187,3569.7581538671393,0.4209132138811957,,,170.2326944302454,163,41.25,3.0385,2.8465,0.93,50.85,61.4,21.0,95.5,48.25,15.115,5.605,5.1,6.0,0.1408525231704345,0.0592866882109431,0.4209132138811957,16.735231199605067,17.864043562269455,0.4572714689713841,690.0,31,52.982258064516124,53.5,41.25,53.5,62.7,21.450000000000003,52.000000000000014,0.07801008064516132,7.277940967827563,0.1373656245259548,171.90322580645162,173.0,163.0,171.0,184.0,21.0,12.883435582822086,0.07673387096774202,7.592122402901916,0.044165095607048115,27.306451612903224,27.0,21.0,26.0,32.0,11.0,52.38095238095238,0.03364919354838711,3.4416019025904165,0.1260362185236892,68.2790322580645,66.2,50.85,66.2,87.1,36.24999999999999,71.28810226155358,0.12389112903225809,11.491255908976678,0.1682984589697291,41.25
15,0.0,485.7872718699021,33.83634218255709,5.704200459476908,0.0,80022.34068713771,18527.105700104163,1700.9887568414006,100250.43514408328,10.891962469233194,,,123.51085233058248,96,10.2,0.899,1.057,1.19,33.3,39.9,30.0,125.0,29.7,18.25,3.21,0.0,0.0,0.0169673952476783,0.1848082322383577,10.891962469233194,37.04115684093437,31.5042573320719,0.3735867501499664,300.0,31,25.31451612903226,25.05,10.2,27.3,43.5,33.3,326.4705882352941,0.08628830645161298,8.214896971847214,0.3245132922934229,121.90322580645162,121.0,96.0,119.0,139.0,43.0,44.791666666666664,0.08552419354838728,9.973648074500048,0.08181611281013534,37.62903225806452,39.0,30.0,44.0,39.0,9.0,30.0,0.030020161290322672,5.539205330995118,0.14720562817046606,48.09032258064516,45.2,33.3,44.1,76.3,43.0,129.12912912912915,0.0855342741935485,10.334000672173053,0.2148873228047791,10.2
15,10.0,481.0802790896302,32.552126803206825,5.243743090833426,0.0,85905.31325390957,16568.813326100186,1600.974519224002,104075.10109923375,10.349204891862456,,,124.7193090382767,100,13.4,1.172,1.462,1.16,42.5,50.9,31.0,124.2,30.5,18.02,3.46,3.0,2.0,0.0153828773867584,0.1592005499019608,10.349204891862456,36.26279863481229,29.069767441860467,0.4037474911529144,310.0,31,26.39677419354839,25.9,13.4,28.4,43.75,30.35,226.49253731343282,0.08768749999999997,8.365892415874022,0.31692858962739173,123.38709677419355,122.0,100.0,117.0,142.0,42.0,42.0,0.08096774193548378,9.396550499535591,0.07615504980015773,38.53225806451613,39.0,31.0,49.0,58.0,27.0,87.09677419354838,0.03741935483870966,6.460050933585286,0.16765305897123808,49.60967741935484,45.3,42.5,55.9,80.4,37.900000000000006,89.1764705882353,0.0955342741935483,11.485276221862195,0.23151281804911117,13.4
15,20.0,478.3676609848485,33.74035495475379,5.398289514322197,0.0,79880.78774323857,14422.244840228055,1474.3292811032752,95777.3618645699,9.782241338539754,,,125.42653881843488,112,13.75,1.2085,1.4775,1.185,43.45,52.05,35.5,123.35,31.2,18.035,3.4,3.1,2.0,0.0153932959981502,0.1505809364494842,9.782241338539754,35.953661563922225,29.407783417935704,0.4086809056668909,320.0,31,27.317741935483877,26.1,13.75,24.0,41.95,28.200000000000003,205.09090909090912,0.08870967741935482,8.458403596296966,0.30963040855547724,124.74193548387096,123.0,112.0,118.0,142.0,30.0,26.785714285714285,0.07713709677419342,8.928298613343545,0.07157415490396946,39.096774193548384,39.5,35.5,44.0,48.5,13.0,36.61971830985915,0.03858870967741935,6.543978599749429,0.16737899058765043,50.78709677419355,45.35,43.45,47.8,79.0,35.55,81.8181818181818,0.10872379032258062,12.553372506634327,0.24717641495532527,13.75
15,30.0,475.8727058531746,35.60114843930673,5.374268509985747,0.0,67002.81938684791,12272.755137461938,1317.4899544015352,80593.06447871139,9.31525519148022,,,126.08413817814623,125,13.6,1.1925,1.4675,1.2,44.65,53.45,26.5,124.65,30.2,18.1,3.33,3.1,2.0,0.016347435885746,0.1522805370020863,9.31525519148022,37.44234800838575,30.425894378194208,0.3696435183381213,330.0,31,28.200000000000006,26.25,13.6,26.6,41.1,27.5,202.2058823529412,0.08829233870967736,8.422341321350812,0.2986645858635039,125.6774193548387,123.0,125.0,116.0,141.0,16.0,12.8,0.0787499999999998,9.066925597188181,0.07214442851972115,39.274193548387096,40.0,26.5,33.0,41.0,14.5,54.716981132075475,0.03741935483870966,6.51771778779124,0.16595421061316504,51.86290322580645,47.4,44.65,41.4,76.8,32.15,72.00447928331467,0.11972379032258063,13.309864560680394,0.256635547430317,13.6
15,40.0,472.9558421234227,37.32963098247684,5.4388975255955945,0.0,55947.3355445664,10361.87777482436,1177.365046581544,67486.57836597231,8.800904872205836,,,126.86173772718168,121,19.3,1.69,1.504,0.91,45.3,54.3,42.0,117.7,31.3,17.3,3.44,3.2,2.0,0.0174459140630426,0.153539830077516,8.800904872205836,26.80473372781065,30.119680851063823,0.3469898650023436,340.0,31,29.125806451612902,26.6,19.3,25.05,42.3,22.999999999999996,119.17098445595852,0.08740120967741945,8.340971875504495,0.2863773708501931,126.35483870967742,123.0,121.0,118.0,146.0,25.0,20.66115702479339,0.09060483870967767,9.771722424413463,0.07733556169436236,40.096774193548384,40.0,42.0,39.0,52.0,10.0,23.80952380952381,0.03687500000000009,6.4606750870667655,0.16112705365975039,53.08709677419355,47.8,45.3,39.85,82.6,37.3,82.33995584988962,0.13366129032258076,14.330456888168497,0.26994237317446884,19.3
15,50.0,469.7242665066614,39.40051083856567,5.569312935695691,0.0,43950.896638985105,8609.869029970054,1034.1996828539704,53594.96535180913,8.325151489323916,,,127.73451209199791,123,19.45,1.7065,1.568,0.91,48.1,57.6,42.0,118.2,30.45,17.39,3.33,3.2,2.5,0.019296582730584,0.1606469744583839,8.325151489323916,28.186346322883097,30.676020408163264,0.3338152133378499,350.0,31,29.993548387096777,27.3,19.45,26.25,46.2,26.750000000000004,137.53213367609257,0.09138911290322582,8.677161036647528,0.2893009164724385,127.2258064516129,123.0,123.0,122.0,148.0,25.0,20.32520325203252,0.10024193548387095,10.45772338965913,0.08219813009113414,40.193548387096776,40.0,42.0,34.0,45.0,3.0,7.142857142857143,0.0410685483870968,6.512395129488125,0.16202588203381368,54.270967741935486,48.1,48.1,40.05,82.0,33.9,70.47817047817048,0.14612500000000003,15.157758047688255,0.2792977291240703,19.45
15,60.0,466.97408610786607,40.70131655518202,5.776005139222176,0.0,35017.223670521744,7142.221274914708,911.5208857459228,43070.96583118237,7.835499313951573,,,128.48678713649355,123,19.9,1.7445,1.5325,0.875,45.35,54.3,35.0,116.2,31.0,17.2,3.39,3.3,2.5,0.0211632330075589,0.1658244977117255,7.835499313951573,25.99598738893666,29.592169657422513,0.3458480125215045,360.0,31,30.875806451612902,28.4,19.9,31.55,46.8,26.9,135.17587939698493,0.09475201612903225,8.95536032187559,0.2900445802414912,127.96774193548387,124.5,123.0,124.5,146.0,23.0,18.69918699186992,0.10887096774193543,10.952119645583808,0.08558500353241695,40.645161290322584,40.0,35.0,40.5,56.0,21.0,60.0,0.051794354838709644,7.100696618862003,0.17469967871803338,55.42580645161291,52.5,45.35,53.3,83.9,38.550000000000004,85.00551267916208,0.16006451612903227,16.011646131112098,0.28888431501831857,19.9
15,70.0,463.70089976780184,42.884952819642464,5.933629194023028,0.0,26303.76693562341,5864.62258676018,798.0809002392335,32966.47042262282,7.348406139029508,,,129.39375366760123,123,18.4,1.611,1.3805,0.865,40.95,49.0,35.5,115.85,31.45,17.18,3.45,3.3,2.5,0.0242088670703297,0.1778965873985604,7.348406139029508,25.418994413407823,29.663165519739227,0.323097821336495,370.0,31,31.73387096774194,31.55,18.4,26.1,46.5,28.1,152.71739130434784,0.09712096774193552,9.141073852824716,0.2880541696951117,128.83870967741936,129.0,123.0,129.0,150.0,27.0,21.951219512195124,0.1189919354838712,11.598410161723455,0.09002271282259067,41.20967741935484,40.0,35.5,37.0,52.5,17.0,47.88732394366197,0.0553225806451613,7.328908733625113,0.17784436065939607,56.83064516129033,53.3,40.95,45.2,88.9,47.95,117.09401709401709,0.17381048387096776,16.979402607371846,0.29877194881710073,18.4
15,80.0,458.3146681479358,44.10097901463202,5.993707682381393,0.0,22691.05506910264,4796.557350935009,694.8737909277552,28182.48621096541,6.902774883091969,,,130.9144222733737,120,19.1,1.676,1.305,0.8,38.0,45.5,31.0,111.3,32.9,16.74,3.56,3.4,2.5,0.0246562274785178,0.1701963877505149,6.902774883091969,22.673031026252985,29.11877394636015,0.2995506087569353,380.0,31,32.67903225806452,31.55,19.1,33.35,47.7,28.6,149.73821989528795,0.09817540322580647,9.23076174351778,0.28246741429253364,129.93548387096774,129.0,120.0,131.0,157.0,37.0,30.833333333333332,0.13225806451612895,12.592816692784206,0.09691591794347328,41.645161290322584,40.5,31.0,44.5,49.0,18.0,58.064516129032256,0.05635080645161286,7.379242901981993,0.17719328424588826,58.60967741935483,54.2,38.0,54.2,96.1,58.099999999999994,152.89473684210523,0.18731653225806455,18.111485395345312,0.3090186841629725,19.1
15,90.0,453.08067795007565,46.43487766249172,6.221689783231471,0.0,18610.310884448747,3942.284064243565,633.2718986464469,23185.86684733876,6.225262912612717,,,132.4267463169359,116.5,19.35,1.6995,1.289,0.81,36.2,43.35,27.5,109.7,33.35,16.625,3.7,3.45,2.75,0.0273128411724288,0.1700296171888028,6.225262912612717,21.30038246543101,28.083785880527543,0.2807683150021557,390.0,31,33.61451612903225,33.35,19.35,31.55,48.1,28.75,148.57881136950903,0.09874193548387095,9.278103196490713,0.276014777689374,131.29032258064515,129.0,116.5,129.0,162.0,45.5,39.05579399141631,0.14524193548387096,13.699011030939658,0.10434136166071976,42.29032258064516,41.0,27.5,40.0,51.0,23.5,85.45454545454545,0.05514112903225809,7.2912895447791986,0.1724103553685394,60.44193548387097,55.9,36.2,52.5,94.8,58.599999999999994,161.878453038674,0.19590927419354834,18.81638070394248,0.3113133382196813,19.35
15,100.0,447.9239653400598,48.27169035991568,6.341665173873689,0.0,16350.695036064944,3331.276051292655,585.0080086526115,20266.97909601021,5.694411020056357,,,133.9513056740524,118,19.7,1.726,1.336,0.75,35.9,43.0,31.0,109.8,33.8,16.36,3.73,3.5,3.0,0.0288650817608913,0.1643696396740477,5.694411020056357,20.799536500579375,26.871257485029936,0.2809450331953775,400.0,31,34.564516129032256,34.0,19.7,35.1,48.8,29.099999999999998,147.71573604060913,0.09872379032258062,9.276567195074437,0.2683841185695824,132.82258064516128,131.0,118.0,129.0,164.0,46.0,38.983050847457626,0.1554838709677419,14.615373405594063,0.11003681252541979,43.11290322580645,42.0,31.0,40.0,53.0,22.0,70.96774193548387,0.0520766129032258,6.9996543693472875,0.1623563677140037,62.49354838709677,60.7,35.9,63.85,99.8,63.9,177.99442896935935,0.20407459677419354,19.538499353564678,0.3126482630261214,19.7
15,110.0,442.9035496676514,49.840174278402,6.692498785338047,0.0,15798.394693064223,2901.0262427846237,545.5652945467092,19244.986230395556,5.317468452964889,,,135.4696751584474,117,24.3,2.13,1.525,0.69,42.7,51.1,38.0,105.8,33.6,16.18,3.69,3.6,3.0,0.0283484377705109,0.1507419235355304,5.317468452964889,20.046948356807516,28.000000000000004,0.2634241479795342,410.0,31,35.41290322580646,35.1,24.3,34.0,46.0,21.7,89.30041152263374,0.09605040322580642,9.072200833148992,0.25618348135144714,134.3709677419355,136.0,117.0,136.0,166.0,49.0,41.88034188034188,0.16598790322580648,15.508045085232094,0.11541217084196252,43.24193548387097,42.0,38.0,40.0,35.0,-3.0,-7.894736842105263,0.03935483870967741,6.803027472802012,0.15732476811403384,63.99193548387097,62.3,42.7,60.7,82.35,39.64999999999999,92.85714285714283,0.1989274193548387,19.209416513671073,0.30018495875175966,24.3
15,120.0,437.728102189781,49.16811893746333,6.78380529232771,0.0,13969.34598116815,2652.374906302119,520.2197437874397,17141.94063125771,5.0985664000208955,,,137.0713913496613,116,25.9,2.271,1.56,0.7,40.5,48.4,31.0,107.7,33.4,16.14,3.72,3.6,3.0,0.0303477742093469,0.1547301418991972,5.0985664000208955,17.833553500660503,25.96153846153846,0.265947303047894,420.0,31,36.21290322580645,35.7,25.9,35.7,49.1,23.200000000000003,89.5752895752896,0.0971592741935484,9.152676910262697,0.2527462891663492,135.88709677419354,136.0,116.0,136.0,164.0,48.0,41.37931034482759,0.17270161290322586,16.041461735878556,0.1180499261275336,43.67741935483871,42.0,31.0,39.5,51.5,20.5,66.12903225806451,0.040967741935483894,6.887849673031459,0.157698183060543,65.39193548387097,63.45,40.5,62.3,86.1,45.599999999999994,112.59259259259257,0.19856250000000003,19.18741817256903,0.29342178099777516,25.9
15,130.0,432.6066186417749,48.523639247093286,6.908257846666382,0.0,12104.820824937698,2551.1509701007844,497.7889889857464,15153.76078402423,5.124964646764884,,,138.69413322518702,115,23.5,2.062,1.595,0.77,47.4,56.8,42.0,110.2,32.5,16.7,3.52,3.7,3.0,0.0328492046350987,0.1683510124292262,5.124964646764884,22.987390882638216,29.71786833855799,0.2873347658112599,430.0,31,36.987096774193546,37.8,23.5,37.8,49.9,26.4,112.34042553191489,0.09878427419354838,9.265608162644043,0.25050920376937497,137.3709677419355,136.0,115.0,136.0,162.0,47.0,40.869565217391305,0.17566532258064504,16.26651352827616,0.11841303730810401,44.25806451612903,44.0,42.0,44.0,49.0,7.0,16.666666666666668,0.03600806451612899,6.53308371258925,0.14761340750019444,67.34354838709676,63.85,47.4,65.9,101.0,53.6,113.08016877637131,0.20404032258064514,19.642609899295817,0.29167767915032233,23.5
15,140.0,427.4076932507133,48.182948857107526,6.984811653978419,0.0,10136.56396734208,2545.851409618881,486.5305401734838,13168.945917134446,5.2326651657079895,,,140.3811886109513,115,20.2,1.776,1.317,0.68,39.7,47.6,42.0,105.8,34.2,16.26,3.59,3.7,3.5,0.0369452910836581,0.1933223376904001,5.2326651657079895,22.35360360360361,30.144267274107825,0.2954409893228392,440.0,31,37.82903225806451,38.45,20.2,38.45,49.6,29.400000000000002,145.54455445544556,0.09771169354838707,9.18468629652594,0.24279464073702076,139.01612903225808,139.0,115.0,139.0,166.0,51.0,44.34782608695652,0.178548387096774,16.505798915819323,0.11873297746615592,44.58064516129032,44.0,42.0,39.0,52.0,10.0,23.80952380952381,0.03923387096774186,6.663453526755162,0.14946965219204777,69.2048387096774,65.9,39.7,63.45,105.1,65.39999999999999,164.73551637279593,0.21401008064516125,20.40863524278677,0.29490185402213626,20.2
15,150.0,422.532460387324,47.725692629032565,7.211694767102947,0.0,9377.263738675529,2613.8032889552996,463.3172721914882,12454.384299822315,5.641497621256432,,,142.00092448518544,119,27.3,2.393,1.5835,0.695,44.1,52.75,44.0,107.15,33.25,15.875,3.645,3.8,3.5,0.0372011382528238,0.2098701329613372,5.641497621256432,18.428750522356875,27.849700031575622,0.3065057102880398,450.0,31,38.811290322580646,41.1,27.3,43.5,50.65,23.349999999999998,85.53113553113553,0.09409274193548386,8.858966358793591,0.22825745511582207,140.66129032258064,139.0,119.0,139.0,166.0,47.0,39.49579831932773,0.17937500000000006,16.573767976722632,0.11782749851585864,44.903225806451616,44.0,44.0,39.0,52.0,8.0,18.181818181818183,0.04205645161290321,6.7754696698687855,0.15089048833759508,71.0774193548387,76.3,44.1,76.3,97.75,53.65,121.65532879818593,0.21223991935483869,20.273923476186834,0.2852371915048525,27.3
15,160.0,417.9455634601955,46.89589663040325,7.182811438420445,0.0,8542.359297376874,2657.2424913898435,452.8803067272152,11652.482095493931,5.867427777093405,,,143.55936572996856,117,28.4,2.492,1.928,0.77,55.9,66.9,49.0,110.3,32.2,16.58,3.59,3.8,3.5,0.0388655655521106,0.2280408988928986,5.867427777093405,22.43178170144462,28.99377593360996,0.3016481073035092,460.0,31,39.61774193548387,41.95,28.4,43.75,52.3,23.9,84.1549295774648,0.09482459677419357,8.913870730375747,0.22499694063562933,142.2741935483871,141.0,117.0,142.0,169.0,52.0,44.44444444444444,0.18254032258064518,16.8264864175885,0.11826801472514308,44.58064516129032,44.0,49.0,58.0,34.0,-15.0,-30.612244897959183,0.0348790322580645,7.052300776098474,0.15819198557094985,72.62580645161289,76.8,55.9,80.4,92.1,36.199999999999996,64.75849731663685,0.20755040322580648,19.975655479306727,0.2750490005589894,28.4
15,170.0,413.6308701657459,45.18596339519906,7.282950893050121,0.0,9281.52584229354,2705.326788913699,469.61667174068543,12456.469302947922,5.760712836037337,,,145.05687154335803,118,24.0,2.106,1.699,0.8,47.8,57.2,44.0,113.0,32.3,16.73,3.6,3.9,3.5,0.0377006244963447,0.2171824714627171,5.760712836037337,22.69705603038936,28.13419658622719,0.3304653326166487,470.0,31,40.38709677419355,42.3,24.0,41.95,52.25,28.25,117.70833333333333,0.09522782258064517,8.942594401159873,0.22142206584341537,143.79032258064515,142.0,118.0,142.0,164.0,46.0,38.983050847457626,0.1793750000000001,16.58903965150303,0.11536965321292068,44.33870967741935,44.0,44.0,48.5,41.5,-2.5,-5.681818181818182,0.035866935483870994,7.024228423552053,0.15842203065122856,73.91935483870967,79.0,47.8,79.0,96.0,48.2,100.83682008368201,0.21089717741935493,20.15401811640942,0.27264872860951,24.0
15,180.0,408.77134315313776,42.386350007212265,7.30961801739982,0.0,12064.711199665451,2692.71667775866,465.2386710023401,15222.666548426454,5.787817835429067,,,146.78132654108836,116,26.6,2.331,1.572,0.71,41.4,49.5,33.0,106.2,34.7,15.99,3.79,3.9,3.5,0.030562232281862,0.176888633091487,5.787817835429067,17.76061776061776,26.335877862595417,0.3503339298594284,480.0,31,41.274193548387096,43.5,26.6,41.1,51.5,24.9,93.60902255639097,0.09137701612903223,8.6210292402526,0.20887214259306808,145.33870967741936,142.0,116.0,141.0,166.0,50.0,43.10344827586207,0.17616935483870955,16.33982205980948,0.11242580931175095,44.24193548387097,41.5,33.0,41.0,41.0,8.0,24.242424242424242,0.03362903225806445,7.049670166920265,0.1593436202512054,75.58387096774193,80.4,41.4,76.8,99.4,58.00000000000001,140.09661835748796,0.20945766129032256,20.05549545260506,0.2653409410741142,26.6
15,190.0,404.3899123733109,40.93509443220687,7.451947818482511,0.0,15841.080567623849,2612.663250916261,464.5712452164319,18918.315063756545,5.6238161053189755,,,148.3716536049773,118,25.05,2.197,1.503,0.71,39.85,47.7,39.0,106.05,34.05,16.295,3.585,4.0,4.0,0.0245566924776747,0.1381023226493128,5.6238161053189755,18.13837050523441,26.513639387890887,0.4057870008401918,490.0,31,42.15645161290323,43.75,25.05,42.3,53.95,28.900000000000002,115.36926147704591,0.08957661290322577,8.467346514064918,0.20085529474385921,147.08064516129033,146.0,118.0,146.0,170.0,52.0,44.067796610169495,0.1721572580645161,15.982332315296137,0.10866373544778599,44.53225806451613,42.0,39.0,52.0,42.0,3.0,7.6923076923076925,0.025020161290322585,6.750228988549164,0.151580658199945,77.3532258064516,82.0,39.85,82.6,96.25,56.4,141.53074027603512,0.19990322580645153,19.346136287313595,0.25010122183812067,25.05
15,200.0,400.29088263518025,39.42051694451255,7.577366624042972,0.0,21087.30231158013,2492.005197808475,463.5699924040933,24042.877501792696,5.375682720283149,,,149.8909982785773,122,26.25,2.3025,1.6105,0.685,40.05,47.9,34.0,101.55,36.2,15.595,3.915,4.1,4.0,0.0192809696913162,0.1036483755999116,5.375682720283149,17.39413680781759,24.86805339956535,0.4204945099267738,500.0,31,43.03064516129033,46.0,26.25,46.2,52.15,25.9,98.66666666666667,0.0845846774193548,8.030002878988222,0.18661125922908267,148.79032258064515,146.0,122.0,148.0,171.0,49.0,40.16393442622951,0.16786290322580635,15.597956166085984,0.10483179211895188,44.564516129032256,42.0,34.0,45.0,40.0,6.0,17.647058823529413,0.018709677419354833,6.725253322965947,0.150910498018056,79.10967741935484,82.35,40.05,82.0,94.3,54.25,135.45568039950064,0.1859576612903225,18.269512032139037,0.23093902829730475,26.25
15,210.0,396.4721033812831,37.91505170137359,7.751591196983267,0.0,26242.14303429821,2314.6883276782087,452.84166103097783,29009.673023007395,5.111473892239491,,,151.3347332341782,124.5,31.55,2.7705,2.002,0.71,53.3,63.8,40.5,107.2,33.9,16.17,3.755,4.1,4.0,0.0156100229282774,0.0797902246551501,5.111473892239491,19.23840462010467,26.623376623376625,0.4719418826560863,510.0,31,43.951612903225815,46.2,31.55,46.8,54.8,23.249999999999996,73.69255150554673,0.08087701612903228,7.670424628304134,0.1745197530109564,150.30645161290323,148.0,124.5,146.0,169.0,44.5,35.7429718875502,0.16280241935483875,15.185891159974137,0.10103286317398824,44.79032258064516,42.0,40.5,56.0,41.0,0.5,1.2345679012345678,0.009737903225806494,6.471442643837085,0.14448305506586218,81.01774193548388,82.6,53.3,83.9,99.2,45.900000000000006,86.11632270168857,0.17290927419354837,17.105898341347526,0.21113768333569838,31.55
15,220.0,392.79378788499344,37.23297699644886,7.8145422481416,0.0,30867.118311086822,2105.236431286938,422.826328527164,33395.18107090092,4.978962494176116,,,152.75190659982502,129,26.1,2.293,1.774,0.76,45.2,54.1,37.0,107.3,35.5,16.11,3.86,4.2,4.0,0.0126612976773345,0.0630401262630478,4.978962494176116,19.71216746620148,25.47914317925592,0.4884820994667939,520.0,31,44.64032258064517,46.5,26.1,46.5,52.9,26.799999999999997,102.68199233716473,0.0782883064516129,7.475810093838645,0.16746765394298369,151.8709677419355,150.0,129.0,150.0,173.0,44.0,34.10852713178294,0.15987903225806455,14.934840553738475,0.09833900959343515,44.74193548387097,42.0,37.0,52.5,39.0,2.0,5.405405405405405,0.003467741935483871,6.51008316350098,0.1455029402080248,82.41129032258064,83.9,45.2,88.9,96.5,51.3,113.49557522123894,0.16439112903225808,16.522286512856,0.2004857155880364,26.1
15,230.0,389.0517197646104,36.23606425233755,7.952035583952501,0.0,34320.917569665566,1876.2210333875344,428.76194453435573,36625.90054758746,4.375903825665193,,,154.22114066557026,131,33.35,2.924,2.1015,0.725,54.2,64.9,44.5,105.55,35.15,16.005,3.83,4.2,4.5,0.0117065229284197,0.0512266184677094,4.375903825665193,18.53625170998632,25.79110159409945,0.5402097033792623,530.0,31,45.62741935483872,46.8,33.35,47.7,56.7,23.35,70.01499250374812,0.07362096774193548,6.947707520106631,0.1522704465504652,153.29032258064515,157.0,131.0,157.0,173.0,42.0,32.06106870229008,0.15790322580645166,14.778799113114925,0.09641051609986588,44.903225806451616,42.0,44.5,49.0,42.0,-2.5,-5.617977528089888,-0.003185483870967708,6.372361355675919,0.14191321984623093,84.16290322580646,86.1,54.2,96.1,99.5,45.3,83.57933579335793,0.15071975806451615,15.27722688482182,0.18151972305225134,33.35
15,240.0,385.2859555984556,34.249746139399456,8.038678057317387,0.0,36052.65428964327,1706.8470831529944,412.4025644862632,38171.90393728253,4.1387887228083615,,,155.7284897831363,129,31.55,2.769,2.185,0.76,52.5,62.9,40.0,106.25,35.7,15.985,4.02,4.3,4.5,0.0108038248541087,0.0447147484693818,4.1387887228083615,18.95991332611051,24.027459954233407,0.5526225075723494,540.0,31,46.40161290322581,47.7,31.55,48.1,57.35,25.8,81.77496038034865,0.07279032258064513,6.870765166886045,0.14807168839616766,154.6451612903226,162.0,129.0,162.0,173.0,44.0,34.10852713178294,0.15544354838709676,14.591203713417602,0.09435279831371415,45.12903225806452,42.0,40.0,51.0,51.5,11.5,28.75,0.0005443548387096232,6.480699218879966,0.1436037711117076,86.13387096774194,88.9,52.5,94.8,115.3,62.8,119.61904761904762,0.15022177419354837,15.224023707596567,0.17674839800591485,31.55
15,250.0,381.71775477707007,32.91604270141325,8.023146989810698,0.0,35965.57444273016,1504.2555330820842,395.8487212218722,37865.67869703412,3.800076777913734,,,157.18420023464998,129,35.1,3.079,2.4325,0.795,63.85,76.45,40.0,110.8,33.95,16.365,3.85,4.3,4.5,0.0104540241940223,0.0397260945754527,3.800076777913734,20.737252354660605,26.248715313463514,0.6026188054033811,550.0,31,47.224193548387106,48.1,35.1,48.8,57.05,21.949999999999996,62.53561253561252,0.06964919354838711,6.55251695874369,0.13875339029410455,156.16129032258064,162.0,129.0,164.0,176.0,47.0,36.434108527131784,0.15181451612903224,14.276079700425576,0.0914188123762018,45.53225806451613,44.0,40.0,53.0,52.5,12.5,31.25,0.0016935483870967858,6.539540610612451,0.14362434213884945,88.19193548387098,92.1,63.85,99.8,116.3,52.449999999999996,82.14565387627252,0.1467681451612903,14.833049230093103,0.16819053974391857,35.1
15,260.0,378.4475989649178,32.186864435397695,8.105479920068177,0.0,34442.99441729809,1271.1795176943126,376.28517979881303,36090.459114791214,3.378234344424538,,,158.54242480096173,136,34.0,2.983,2.312,0.78,60.7,72.6,40.0,108.4,34.8,16.25,3.79,4.4,4.5,0.0104261677193404,0.0352220378702064,3.378234344424538,20.34864230640295,26.254325259515575,0.6200389273185658,560.0,31,47.94516129032259,48.8,34.0,46.0,57.45,23.450000000000003,68.97058823529413,0.06801209677419358,6.401879344363258,0.133525035104125,157.7741935483871,164.0,136.0,166.0,179.0,43.0,31.61764705882353,0.14810483870967747,13.925299942716626,0.08826094831817939,45.693548387096776,45.0,40.0,35.0,45.0,5.0,12.5,-0.0021975806451612285,6.459718027069549,0.14137046158782635,89.8193548387097,94.3,60.7,82.35,114.3,53.599999999999994,88.30313014827016,0.14685483870967747,14.840910110341136,0.16523064696903286,34.0
15,270.0,374.9963333072591,30.84226485897823,8.236809106799612,0.0,30602.797606494867,1112.1680892629188,347.8462878698422,32062.811983627627,3.197297565179342,,,160.0015644708666,136,35.7,3.131,2.467,0.775,62.3,74.55,39.5,108.45,34.7,16.08,3.915,4.4,4.5,0.010848901464022,0.0346871662357883,3.197297565179342,19.89779623123603,25.25334414268342,0.6851944667418675,570.0,31,48.70645161290323,49.1,35.7,49.1,57.6,21.9,61.344537815126046,0.06485483870967741,6.083594632773783,0.12490326088879215,159.16129032258064,164.0,136.0,164.0,179.0,43.0,31.61764705882353,0.14689516129032257,13.825331277992458,0.08686365415844471,45.725806451612904,45.0,39.5,51.5,41.0,1.5,3.7974683544303796,-0.008709677419354835,6.432778961016019,0.14068158574356018,91.46129032258067,94.8,62.3,86.1,111.6,49.3,79.13322632423757,0.14124193548387098,14.318360646837444,0.1565510457630447,35.7
15,280.0,371.8625203551489,29.651682508809923,8.420973432825658,0.0,25971.49933368467,1027.3110867635305,344.78859014635805,27343.59901059456,2.979539103447278,,,161.34995251120426,136,37.8,3.314,2.511,0.76,65.9,78.8,44.0,108.8,34.4,16.13,3.85,4.5,5.0,0.0126094809250518,0.0375704414903644,2.979539103447278,19.885334942667473,26.24452409398646,0.706235677273933,580.0,31,49.45161290322581,49.6,37.8,49.9,58.8,21.0,55.55555555555556,0.06256854838709677,5.847513486815966,0.11824717422785058,160.5483870967742,164.0,136.0,162.0,179.0,43.0,31.61764705882353,0.1439516129032258,13.579000232411365,0.08457886421634565,45.83870967741935,45.0,44.0,49.0,43.0,-1.0,-2.272727272727273,-0.014375000000000016,6.350048683244082,0.13853026684065203,93.04193548387099,96.0,65.9,101.0,111.3,45.39999999999999,68.89226100151743,0.13442741935483873,13.682355406229059,0.14705579086540954,37.8
15,290.0,368.89708570658865,28.475559194308612,8.606630867667272,0.0,20982.174578222704,863.3471444099908,329.1952298117237,22174.71695244442,2.622599194112758,,,162.64698834656144,139,38.45,3.3735,2.5055,0.75,63.45,75.95,39.0,106.25,35.6,15.965,3.95,4.6,5.0,0.0148455211634814,0.0389338518395302,2.622599194112758,18.80835927078702,25.324286569547,0.7795940641673823,590.0,31,50.14354838709677,49.9,38.45,49.6,59.25,20.799999999999997,54.09622886866058,0.060977822580645144,5.689782390910392,0.11346987945461234,161.93548387096774,166.0,139.0,166.0,179.0,40.0,28.776978417266186,0.13927419354838713,13.178101744613974,0.08137871595279546,46.17741935483871,45.0,39.0,52.0,54.5,15.5,39.743589743589745,-0.010322580645161353,6.526290915847958,0.14133078476513217,94.79193548387099,96.1,63.45,105.1,120.15,56.7,89.36170212765957,0.13331249999999994,13.5639601934329,0.1430919215247043,38.45
15,300.0,365.8901862026862,27.100835930965847,8.77513990084697,0.0,15454.091165010126,884.8276920872328,368.12493173707384,16707.04378883443,2.403607079563967,,,163.98362749954376,139,43.5,3.819,2.95,0.73,76.3,91.4,39.0,108.5,34.2,16.12,3.82,4.6,5.0,0.0220341154539319,0.0529613558970005,2.403607079563967,19.979052107881643,25.864406779661017,0.7903444334175339,600.0,31,50.835483870967735,50.65,43.5,50.65,59.9,16.4,37.70114942528735,0.05933467741935483,5.522125097405694,0.10862737357673491,163.29032258064515,166.0,139.0,166.0,181.0,42.0,30.215827338129497,0.13600806451612904,12.897528312011563,0.07898525833116525,46.53225806451613,48.5,39.0,52.0,50.0,11.0,28.205128205128204,-0.012641129032257996,6.421234932979491,0.13799534344704625,96.73225806451616,96.25,76.3,97.75,123.6,47.3,61.99213630406291,0.13051612903225795,13.229144268036242,0.1367604202851647,43.5
15,310.0,363.12914299242425,26.049535892874623,8.89868005053116,0.0,11193.442591252977,745.3396687654284,347.25690538587287,12286.039165404276,2.1463638511009733,,,165.23047284379416,142,43.75,3.8395,2.91,0.78,80.4,96.25,58.0,110.5,33.75,16.39,3.65,4.7,5.0,0.0282643495361547,0.060665578119285,2.1463638511009733,20.94022659200417,27.628865979381445,0.8803015759131192,610.0,31,51.36451612903226,51.5,43.75,52.3,59.9,16.15,36.91428571428571,0.060084677419354866,5.581206463785213,0.10865879569009708,164.6451612903226,166.0,142.0,169.0,181.0,39.0,27.464788732394368,0.1310483870967742,12.45939641956162,0.07567423373950043,46.95161290322581,49.0,58.0,34.0,52.0,-6.0,-10.344827586206897,-0.014193548387096787,6.336869414663254,0.1349659579900796,98.05483870967744,96.5,80.4,92.1,117.3,36.89999999999999,45.89552238805969,0.12977419354838712,13.167683641138948,0.13428897354189798,43.75
15,320.0,360.17352493231044,24.133152598831604,8.854397726344649,0.0,6887.700993548042,693.4039955446256,370.32799425400873,7951.432983346676,1.8724050201536164,,,166.58636975406827,142,41.95,3.679,2.9195,0.805,79.0,94.55,48.5,111.65,33.75,16.55,3.685,4.7,5.5,0.0465737427492146,0.0872049097309726,1.8724050201536164,21.47322642022289,27.059427984243875,0.9560319858536996,620.0,31,51.91774193548388,52.15,41.95,52.25,60.9,18.949999999999996,45.17282479141834,0.06093951612903222,5.650819238350855,0.10884177600352696,165.90322580645162,166.0,142.0,164.0,181.0,39.0,27.464788732394368,0.12633064516129025,12.059173102413718,0.07268799653409007,46.88709677419355,49.0,48.5,41.5,56.0,7.5,15.463917525773196,-0.0015927419354838702,6.229913960640968,0.13287054198821466,99.50645161290325,97.75,79.0,96.0,125.4,46.400000000000006,58.73417721518989,0.13492338709677415,13.628864845952773,0.13696463520748722,41.95
15,330.0,357.482473150358,22.57502072146993,8.948178759928357,0.0,4211.921661998272,637.1201272488697,403.62230993916,5252.664099186301,1.5785057256743464,,,167.84039640109532,141,41.1,3.607,2.893,0.81,76.8,92.0,41.0,111.1,34.0,16.35,3.87,4.8,5.5,0.0768414469910013,0.1212946640443974,1.5785057256743464,21.291932353756582,26.546837193225027,0.9677973551916378,630.0,31,52.4983870967742,52.25,41.1,51.5,59.95,18.85,45.86374695863747,0.05936693548387099,5.515621510325132,0.10506268507178658,167.16129032258064,169.0,141.0,166.0,181.0,40.0,28.368794326241133,0.12004032258064518,11.503903030981986,0.0688191806176074,47.08064516129032,49.0,41.0,41.0,54.5,13.5,32.926829268292686,0.004052419354838756,6.373247176274625,0.13536873070538774,101.12741935483872,99.2,76.8,99.4,129.25,52.45,68.29427083333334,0.13968346774193555,14.089108315229874,0.13932035846572546,41.1
15,340.0,354.9521206679502,20.986980227734396,9.000570966700582,0.0,2609.2240707042024,609.4325588056216,450.68527135010106,3669.3419008599258,1.3522353570152563,,,169.03688274095046,146,42.3,3.71,3.044,0.82,82.6,98.9,52.0,112.1,33.3,16.56,3.72,4.8,5.5,0.1228245509758796,0.1660877005391071,1.3522353570152563,22.264150943396224,27.13534822601839,1.065649220955715,640.0,31,53.15000000000001,52.3,42.3,53.95,61.3,19.0,44.917257683215134,0.05733669354838709,5.313645954834903,0.0999745240796783,168.4516129032258,169.0,146.0,170.0,181.0,35.0,23.972602739726028,0.11153225806451603,10.685936894434104,0.06343623970269192,47.53225806451613,50.0,52.0,42.0,55.0,3.0,5.769230769230769,0.004919354838709669,6.4238299633356934,0.1351467450718741,102.98870967741938,99.4,82.6,96.25,134.5,51.900000000000006,62.83292978208234,0.1441733870967742,14.571202819702401,0.14148349722355233,42.3
15,350.0,352.5626426310365,19.662917219553552,9.090554712407643,0.0,2012.8610174521175,523.2683893985169,490.1797448301256,3026.30915168076,1.0675030841591755,,,170.18252289080763,148,46.2,4.053,3.271,0.77,82.0,98.1,45.0,109.4,34.5,16.25,3.89,4.9,5.5,0.1619727926863943,0.1729064557426007,1.0675030841591755,20.231926967678262,25.068786303882604,1.0782828688196435,650.0,31,53.761290322580656,52.9,46.2,52.15,61.25,15.049999999999997,32.57575757575757,0.05523588709677421,5.10995286471117,0.09504892524063736,169.67741935483872,170.0,148.0,171.0,184.0,36.0,24.324324324324323,0.1064516129032259,10.192765724683346,0.06007143297817181,47.62903225806452,50.0,45.0,40.0,55.0,10.0,22.22222222222222,0.012318548387096787,6.515325192620197,0.1367931466110573,104.6483870967742,99.5,82.0,94.3,134.05,52.05000000000001,63.47560975609757,0.14980645161290324,15.092285467919075,0.1442189974123767,46.2
15,360.0,350.00867041471963,17.538052079417426,9.17099249828222,0.0,1987.2737695110209,471.4000284416982,499.6502129532889,2958.324010906008,0.9434600771115218,,,171.4243248000313,146,46.8,4.102,3.1145,0.785,83.9,100.45,56.0,110.3,34.1,16.4,3.695,4.9,5.5,0.1688963788656359,0.1593469906284297,0.9434600771115218,20.4534373476353,26.93851340504094,1.1894965816369143,660.0,31,54.23387096774194,53.95,46.8,54.8,60.85,14.050000000000004,30.021367521367534,0.05464516129032261,5.0645892741790055,0.09338424832686938,170.83870967741936,171.0,146.0,169.0,184.0,38.0,26.027397260273972,0.10112903225806459,9.678487396260321,0.056652777432792664,47.91935483870968,51.0,56.0,41.0,54.0,-2.0,-3.5714285714285716,0.014475806451612873,6.594311657524169,0.13761269699309944,106.14354838709679,99.8,83.9,99.2,128.35,44.44999999999999,52.97973778307507,0.14953024193548392,15.06964798270287,0.14197422463911893,46.8
15,370.0,347.93720997679816,16.3121712292324,9.17944858694585,0.0,2126.3997286233525,421.7366176722616,602.9372668150004,3151.0736131106146,0.6994701453769373,,,172.4449075280021,150,46.5,4.0765,3.312,0.82,88.9,106.4,52.5,112.25,33.2,16.575,3.75,5.0,6.0,0.1913434406312725,0.1338390242352796,0.6994701453769373,21.80792346375567,26.84178743961353,1.3438246852731106,670.0,31,54.75483870967743,54.8,46.5,52.9,62.95,16.450000000000003,35.37634408602151,0.055120967741935485,5.104889075495988,0.0932317434549167,172.06451612903226,173.0,150.0,173.0,184.0,34.0,22.666666666666668,0.0930645161290324,8.793692754358917,0.05110695076586547,47.88709677419355,51.0,52.5,39.0,55.0,2.5,4.761904761904762,0.023971774193548373,6.555798549654795,0.13690114856133287,107.67580645161291,101.0,88.9,96.5,131.4,42.5,47.806524184476935,0.15045564516129026,15.1472322607561,0.14067442594509777,46.5
16,0.0,583.2325610997964,68.71590122765954,24.844078479936208,8.979591836734693,63362.31856739997,50676.256279534566,18525.210110581225,132563.78495751577,2.735529366578645,,,102.87491474560086,56,2.4,0.176,0.248,0.96,6.0,7.2,14.0,115.2,33.9,18.83,2.13,0.0,2.0,0.1397456335191259,0.3822782843427061,2.735529366578645,34.09090909090909,24.193548387096776,0.2700355555442569,300.0,31,23.729032258064517,23.8,2.4,20.8,40.1,37.7,1570.8333333333335,0.0929677419354839,8.850289771089875,0.37297305995620733,99.7741935483871,98.0,56.0,95.0,114.0,58.0,103.57142857142857,0.16477822580645185,17.296357376471605,0.17335502058539273,24.096774193548388,25.0,14.0,28.5,33.5,19.5,139.28571428571428,0.06201612903225812,6.7582287556710074,0.28046196978018906,34.10645161290323,33.15,6.0,27.25,61.05,55.05,917.5,0.12850000000000011,12.619790951355492,0.3700118410025728,2.4
16,10.0,577.7902059798624,69.59644905153704,24.41354345535852,8.661417322834646,62798.526164923496,49663.46284735636,17035.152784212354,129497.1417964922,2.9153517715076145,,,103.84392012711126,56,12.4,0.898,0.878,0.98,24.9,29.9,10.0,118.1,33.6,17.32,3.63,3.0,2.0,0.1315484847610266,0.3835101080872013,2.9153517715076145,27.728285077951,28.35990888382688,0.2737719801278574,310.0,31,24.925806451612903,24.0,12.4,23.1,39.5,27.1,218.54838709677418,0.08874596774193548,8.365055000494038,0.33559816877871773,101.64516129032258,101.0,56.0,98.0,114.0,58.0,103.57142857142857,0.145141129032258,15.440851416716574,0.1519093601771545,24.838709677419356,25.0,10.0,28.0,37.0,27.0,270.0,0.06330645161290323,6.8743328122009935,0.2767588534782218,35.722580645161294,33.5,24.9,33.5,56.1,31.200000000000003,125.30120481927713,0.1236693548387097,12.097588180498882,0.33865381397459393,12.4
16,20.0,571.473918499044,70.68626942769092,24.024016607389218,8.42911877394636,59848.16669626155,47265.07064247556,15411.805428062722,122525.04276679984,3.0668094574054603,,,104.99166813699544,71,13.2,0.958,0.835,0.98,18.7,22.5,13.0,104.2,42.2,16.52,4.53,3.0,2.0,0.1257849422456092,0.385758450478034,3.0668094574054603,19.51983298538622,22.395209580838323,0.2827647246881992,320.0,31,25.890322580645158,24.4,13.2,27.1,42.3,29.099999999999998,220.45454545454547,0.09117338709677418,8.593315419119277,0.33191225765349813,103.51612903225806,101.0,71.0,96.0,114.0,43.0,60.563380281690144,0.12316532258064525,13.055320672027262,0.12611871013800097,25.64516129032258,25.5,13.0,19.0,35.0,22.0,169.23076923076923,0.059879032258064534,6.533495170258026,0.2547652204754702,36.809677419354834,34.0,18.7,37.2,58.6,39.900000000000006,213.36898395721929,0.13052419354838707,12.596510226744275,0.3422064823670779,13.2
16,30.0,563.7735772716572,71.14333950461274,23.41300596133873,7.924528301886792,54352.724362235815,41701.90483936232,12725.947933856834,108780.57713545497,3.2769193348981256,,,106.42570425234506,88,10.8,0.781,0.772,1.03,16.3,19.5,14.0,114.5,36.1,17.05,4.06,3.1,2.0,0.1169873176717045,0.383358003216278,3.2769193348981256,20.87067861715749,21.1139896373057,0.2566194805105992,330.0,31,26.883870967741935,24.9,10.8,24.9,44.0,33.2,307.40740740740745,0.09393951612903222,8.853750496228272,0.3293331718059473,104.90322580645162,103.5,88.0,103.5,114.0,26.0,29.545454545454547,0.10852822580645152,11.699301513935714,0.11152470692866147,26.35483870967742,27.0,14.0,28.5,35.0,21.0,150.0,0.0573790322580645,6.305015924361462,0.23923561034908852,38.4,35.55,16.3,35.55,68.0,51.7,317.1779141104294,0.13770564516129027,13.324957786049454,0.34700410901170453,10.8
16,40.0,556.6743309818097,72.34170221108057,22.563567479267043,7.102803738317757,43362.055152100715,35339.915409768,10155.134042534504,88857.10460440323,3.480004819409347,,,107.78294715723224,101,12.9,0.93,0.92,0.96,19.4,23.3,16.0,106.6,40.5,16.39,4.2,3.2,2.0,0.1142861236335094,0.3977162610362252,3.480004819409347,20.860215053763437,21.08695652173913,0.2322639409010431,340.0,31,28.064516129032253,26.2,12.9,24.4,47.4,34.5,267.4418604651163,0.09597177419354845,9.075013255714717,0.32336254129558195,105.74193548387096,105.0,101.0,105.0,114.0,13.0,12.871287128712872,0.10312500000000029,11.374584950480566,0.10756929025774789,27.0,28.0,16.0,25.0,34.0,18.0,112.5,0.054032258064516205,6.015258376273901,0.22278734726940375,40.11290322580645,36.0,19.4,34.0,69.4,50.00000000000001,257.7319587628867,0.14219758064516136,13.79404441381579,0.34388047995841536,12.9
16,50.0,548.9839786093173,72.42811465832573,21.87454025716196,6.839186691312385,39577.68633111301,28961.521035227783,7763.817044682953,76303.02441102374,3.7303198759767366,,,109.29280696313144,101,17.3,1.252,1.006,0.85,22.3,26.8,21.0,103.1,40.8,15.9,4.63,3.2,2.0,0.1017497943837897,0.3795592803663968,3.7303198759767366,17.81150159744409,22.16699801192843,0.2013561140655422,350.0,31,29.02903225806451,27.1,17.3,27.6,42.8,25.499999999999996,147.3988439306358,0.09510080645161291,8.99816438867347,0.3099712146337122,106.16129032258064,107.0,101.0,107.0,114.0,13.0,12.871287128712872,0.10506048387096785,11.433421110042692,0.10769858839602658,27.70967741935484,28.0,21.0,29.0,38.0,17.0,80.95238095238095,0.05358870967741937,5.971842531899719,0.21551468974259752,41.42258064516129,37.2,22.3,40.2,60.0,37.7,169.05829596412556,0.1408629032258065,13.688887456069843,0.33046920889195947,17.3
16,60.0,541.6553803604014,72.25142940433949,20.907065255262427,6.2157221206581355,37712.97556658422,23481.13066906566,5478.400842928114,66672.50707857798,4.286128624446434,,,110.771538833562,90,17.3,1.252,1.033,0.83,22.7,27.2,25.0,102.3,41.6,15.64,4.66,3.3,2.5,0.0821688141481083,0.3521861063570264,4.286128624446434,18.130990415335464,21.97483059051307,0.1822941260907669,360.0,31,30.019354838709674,27.6,17.3,26.2,48.0,30.7,177.45664739884393,0.09900806451612901,9.346895005110474,0.31136228794156967,106.58064516129032,110.0,90.0,110.0,114.0,24.0,26.666666666666668,0.1064717741935483,11.476132314644415,0.10767557559139736,28.193548387096776,28.5,25.0,31.0,36.0,11.0,44.0,0.0542741935483871,6.017581767004138,0.21343825489373944,42.97096774193548,40.1,22.7,36.0,70.3,47.599999999999994,209.6916299559471,0.14599193548387096,14.16036589801236,0.3295333254548331,17.3
16,70.0,533.6869834125906,71.60698419666511,19.368703057973725,5.2631578947368425,36192.161790865175,16475.9503836317,3299.494951545783,55967.60712604266,4.993476464000308,,,112.42545136914892,93,17.1,1.24,1.426,0.89,31.9,38.3,18.0,105.3,40.5,16.53,4.39,3.3,2.5,0.0589536541041518,0.2943836842358973,4.993476464000308,25.725806451612904,22.370266479663393,0.1672042348135984,370.0,31,30.89677419354838,28.2,17.1,28.85,44.5,27.4,160.23391812865495,0.09956048387096775,9.389665733168842,0.3039044035583986,107.35483870967742,113.0,93.0,113.5,114.0,21.0,22.580645161290324,0.10026209677419358,11.124442718916379,0.10362311426875233,28.612903225806452,28.5,18.0,30.0,38.0,20.0,111.11111111111111,0.058145161290322586,6.236598535285287,0.217964548583815,44.33225806451613,40.2,31.9,45.25,64.9,33.00000000000001,103.448275862069,0.14617741935483872,14.175098755606001,0.3197468248735982,17.1
16,80.0,524.1074466878403,69.29962490414694,17.27017780817849,4.181818181818182,36539.28727771264,11156.0715723124,1941.139683983221,49636.498534008264,5.747176086483445,,,114.48034249308456,93,21.65,1.566,1.3375,0.855,29.2,35.05,23.0,104.7,40.85,15.72,4.69,3.4,2.5,0.0391071034684941,0.2247554098657635,5.747176086483445,18.646232439335886,21.831775700934585,0.1606585035533779,380.0,31,31.632258064516126,28.85,21.65,28.2,39.9,18.25,84.29561200923789,0.0961048387096774,9.163174016928638,0.2896781506473463,108.03225806451613,113.5,93.0,117.0,114.0,21.0,22.580645161290324,0.09502016129032237,10.85735962674702,0.1005010894085272,28.870967741935484,28.5,23.0,30.0,26.0,3.0,13.043478260869565,0.04971774193548385,5.941335065925116,0.20578925926667999,45.00000000000001,42.4,29.2,42.4,52.6,23.400000000000002,80.13698630136986,0.14315725806451612,14.056997071446899,0.3123777126988199,21.65
16,90.0,509.66302181050656,62.31141307861776,10.049689609758923,0.18796992481203,30697.45068604852,7914.169702491989,862.4661513359314,39474.08653987644,9.176209049170456,,,117.7248445195384,95,16.6,1.203,1.143,0.9,22.6,27.2,15.0,105.1,41.4,16.0,4.63,3.5,3.0,0.0218489198088136,0.2004902556642356,9.176209049170456,18.78636741479634,19.77252843394576,0.1524477582876134,390.0,31,32.482258064516124,30.85,16.6,31.1,48.0,31.4,189.15662650602408,0.09956451612903224,9.424741803599508,0.29015045028212405,108.70967741935483,114.0,95.0,117.0,114.0,19.0,20.0,0.08893145161290321,10.538638585026362,0.09694296621240868,29.258064516129032,29.0,15.0,32.0,35.0,20.0,133.33333333333334,0.04963709677419356,5.936989932816595,0.20291806826605782,46.26774193548387,42.85,22.6,46.5,68.5,45.9,203.09734513274336,0.14717741935483866,14.353585779559854,0.31022879395269853,16.6
16,100.0,501.93951121050185,59.88791586356359,7.83607718640464,0.186219739292365,31487.332292974617,6900.032054666027,676.1198641387247,39063.48421177937,10.20533846236811,,,119.53631595030458,93,22.6,1.63,1.474,0.9,32.0,38.5,22.0,102.6,41.8,15.93,4.68,3.5,3.0,0.0173082324268157,0.1766363701009896,10.20533846236811,19.6319018404908,21.70963364993216,0.1489196623022157,400.0,31,33.524193548387096,31.1,22.6,30.85,48.9,26.299999999999997,116.37168141592917,0.09924798387096771,9.39576918057397,0.28026831330073904,109.3225806451613,114.0,93.0,114.5,114.0,21.0,22.580645161290324,0.08328629032258059,10.263648138857818,0.09388406382549198,30.0,30.0,22.0,25.0,38.0,16.0,72.72727272727273,0.04572580645161291,5.518151864528558,0.18393839548428526,47.866129032258065,45.25,32.0,42.85,72.15,40.150000000000006,125.46875000000001,0.14756249999999999,14.388991087499118,0.30060903980353315,22.6
16,110.0,497.4859641017025,60.46848863561583,7.491354670840202,0.1795332136445242,34813.45892468226,5287.804747422598,647.4921294000413,40748.75580150489,8.16659308634719,,,120.60641772746382,95,23.8,1.724,1.503,0.87,32.6,39.2,23.0,104.5,40.9,15.72,4.72,3.5,3.0,0.0158898625654756,0.1297660417702204,8.16659308634719,18.90951276102088,21.689953426480375,0.15402617008421,410.0,31,34.26290322580645,35.65,23.8,36.0,45.5,21.7,91.17647058823529,0.09944354838709675,9.408471074355772,0.27459643487739865,110.0,114.0,95.0,121.0,114.0,19.0,20.0,0.07558467741935478,9.83446321192299,0.08940421101748174,30.516129032258064,30.0,23.0,23.0,38.0,15.0,65.21739130434783,0.04540322580645161,5.493153118455347,0.18000818887115833,49.04354838709678,46.5,32.6,40.1,68.5,35.9,110.12269938650306,0.1498064516129032,14.539989350841378,0.2964709901510065,23.8
16,120.0,492.2803842168412,59.59716900024478,7.214616683194594,0.1748251748251748,35243.78428759674,5260.117298480907,591.6066104039584,41095.508196481605,8.891241588543467,,,121.88176072758368,90.5,20.05,1.4495,1.289,0.91,28.35,34.1,20.5,106.1,40.75,15.945,4.62,3.6,3.0,0.0143958947429346,0.127997378042675,8.891241588543467,19.558468437392204,21.993793638479445,0.1480065717069652,420.0,31,35.004838709677415,36.0,20.05,35.65,46.8,26.749999999999996,133.4164588528678,0.10027620967741936,9.462596145162891,0.2703225180851031,110.61290322580645,114.0,90.5,130.0,114.0,23.5,25.96685082872928,0.06832661290322588,9.453138524161655,0.08546144480869389,31.0,31.0,20.5,34.0,38.0,17.5,85.36585365853658,0.045080645161290345,5.469613027140647,0.1764391299077628,50.279032258064525,50.45,28.35,54.25,70.9,42.550000000000004,150.08818342151676,0.15241733870967747,14.72224379520973,0.2928108027148504,20.05
16,130.0,484.8108142872617,56.2472047595274,5.614865793119093,0.0,32583.76939320377,4523.2189522147855,545.6149757788916,37652.603321197435,8.290129767346787,,,123.75961556923647,94,22.5,1.625,1.38,0.9,30.3,36.4,25.5,106.3,40.8,16.025,4.57,3.7,3.0,0.0144907636564859,0.1201303111402215,8.290129767346787,18.646153846153847,21.956521739130437,0.1412833694288406,430.0,31,35.89354838709677,36.3,22.5,39.85,47.6,25.1,111.55555555555556,0.09824596774193546,9.303634970048748,0.25920075857959124,111.37096774193549,114.0,94.0,127.5,114.0,20.0,21.27659574468085,0.05739919354838713,8.698627997118747,0.0781049870849185,31.612903225806452,32.0,25.5,35.5,39.5,14.0,54.90196078431372,0.04344758064516127,5.3161854705220035,0.16816505059814502,51.71451612903226,52.6,30.3,60.35,72.85,42.55,140.4290429042904,0.15192137096774191,14.68221255776519,0.28390892261530165,22.5
16,140.0,479.03712266156464,54.063454795112904,5.271215751258592,0.0,30100.07308411591,4346.465811661547,504.93715279862914,34951.476048576085,8.607934249977708,,,125.25125331965025,94.5,24.0,1.7355,1.516,0.875,33.15,39.9,28.0,104.55,40.95,15.85,4.62,3.7,3.0,0.0144468048244045,0.1243571460507351,8.607934249977708,19.101123595505616,21.866754617414248,0.1443702959768802,440.0,31,36.56451612903225,39.5,24.0,36.3,43.3,19.299999999999997,80.41666666666666,0.09408467741935482,9.052147015564751,0.2475664380083876,112.01612903225806,114.0,94.5,113.0,114.0,19.5,20.634920634920636,0.047782258064515915,8.087525240525004,0.0721996493754572,31.661290322580644,32.0,28.0,27.0,27.0,-1.0,-3.5714285714285716,0.036713709677419305,5.265274758222014,0.16630006877726178,52.72419354838709,54.25,33.15,50.45,61.6,28.450000000000003,85.82202111613879,0.14408467741935485,14.229733371639716,0.2698900146965837,24.0
16,150.0,475.22213584498354,53.69190412165854,5.1512292719439525,0.0,29592.724681990836,4643.897853223075,511.8082138418398,34748.43074905575,9.073511771849256,,,126.256744950054,95,20.8,1.5025,1.4065,0.935,27.25,32.8,28.5,103.4,42.6,15.575,5.03,3.8,3.5,0.0147289590582661,0.1336433834022639,9.073511771849256,18.136439267886857,19.374333451830783,0.1454041391927426,450.0,31,37.445161290322574,39.85,20.8,40.1,51.3,30.499999999999996,146.63461538461536,0.09489112903225808,9.116773504907584,0.24347000228474774,112.64516129032258,114.0,95.0,114.0,114.0,19.0,20.0,0.03768145161290332,7.409671099748733,0.0657788671512631,31.79032258064516,32.0,28.5,33.5,32.0,3.5,12.280701754385966,0.034556451612903265,5.2213890130698415,0.16424460619499248,54.009677419354844,56.1,27.25,61.05,73.0,45.75,167.88990825688074,0.1437197580645162,14.202455300374643,0.2629613058063751,20.8
16,160.0,470.8719038886656,52.63426445393833,4.962790736757977,0.0,28349.8348181268,4562.460907651133,541.658135117578,33453.95386089551,8.423137421652049,,,127.4231898410031,98,23.1,1.671,1.487,0.9,33.5,40.2,28.0,106.2,40.6,16.16,4.54,3.9,3.5,0.0161911544856503,0.1363803192478308,8.423137421652049,20.047875523638535,22.52858103564223,0.1563378518093032,460.0,31,38.49999999999999,39.9,23.1,39.5,53.5,30.4,131.6017316017316,0.09386290322580647,9.017889627475673,0.2342308994149526,113.25806451612904,114.0,98.0,114.0,114.0,16.0,16.3265306122449,0.027116935483870994,6.6481463177614835,0.05869909878969125,32.064516129032256,33.5,28.0,37.0,37.0,9.0,32.142857142857146,0.03558467741935483,5.265836330352902,0.16422628394460762,55.756451612903234,58.6,33.5,56.1,81.4,47.900000000000006,142.9850746268657,0.14302217741935486,14.13135250625056,0.25344784500203493,23.1
16,170.0,466.4968652037618,51.68283015952354,4.721712611822112,0.0,26953.37690649076,4473.7479389889095,532.8702181140751,31959.995063593746,8.395567601473994,,,128.6182276354473,96,27.1,1.96,1.772,0.93,37.2,44.7,19.0,106.7,40.4,15.76,4.81,3.9,3.5,0.0166730381858249,0.1399796192110506,8.395567601473994,18.979591836734695,20.993227990970656,0.1697967677192636,470.0,31,39.4225806451613,40.1,27.1,42.3,51.7,24.6,90.77490774907749,0.09191129032258068,8.851297821126547,0.2245235516364642,113.7741935483871,114.0,96.0,114.0,114.0,18.0,18.75,0.01772177419354832,6.015034926024149,0.052868183358874,32.38709677419355,34.0,19.0,35.0,38.0,19.0,100.0,0.03655241935483871,5.314617699357366,0.16409676163354414,57.13709677419355,60.0,37.2,58.6,76.3,39.099999999999994,105.1075268817204,0.1410887096774194,13.97432149659949,0.24457528095671655,27.1
16,180.0,461.4746846109399,50.57264881062587,4.582331255661736,0.0,24898.188790745313,4025.639880716278,538.9202935257792,29462.748964987368,7.469824256161012,,,130.01796631723104,103.5,24.9,1.801,1.6275,0.91,35.55,42.7,28.5,107.35,40.45,16.07,4.64,3.95,3.75,0.0182915821658805,0.1366349041462568,7.469824256161012,19.73903387007218,21.843317972350228,0.1790423766309093,480.0,31,40.311290322580646,42.3,24.9,44.0,54.65,29.75,119.47791164658635,0.09317137096774192,8.955275071872622,0.22215302462933723,114.35483870967742,114.0,103.5,114.0,114.0,10.5,10.144927536231885,0.0063911290322578584,5.030231188171337,0.043987917301357246,33.12903225806452,34.0,28.5,35.0,42.0,13.5,47.36842105263158,0.03372983870967737,4.978232186120364,0.15026796277481136,58.582258064516125,60.35,35.55,68.0,82.0,46.45,130.66104078762308,0.1432641129032258,14.159075701866376,0.24169562884163856,24.9
16,190.0,455.7365986491629,48.87630107288389,4.507338216121519,0.0,22019.33647651912,3396.3668916963643,539.3560784948173,25955.0594467103,6.297077250291896,,,131.6549958415551,105,24.4,1.765,1.655,0.94,34.0,40.85,25.0,106.6,41.6,15.955,4.76,4.0,4.0,0.0207803830926374,0.1308556776249973,6.297077250291896,19.26345609065156,20.54380664652568,0.1749170264898587,490.0,31,41.22096774193548,42.8,24.4,47.4,53.1,28.700000000000003,117.62295081967216,0.09096370967741933,8.767931856045534,0.21270562862418246,114.69354838709677,114.0,105.0,114.0,114.0,9.0,8.571428571428571,-0.0008266129032257309,4.610996673451483,0.040202755414708476,33.46774193548387,35.0,25.0,34.0,39.0,14.0,56.0,0.034294354838709705,5.009882706329839,0.14969288086383134,60.15806451612903,61.05,34.0,69.4,84.4,50.400000000000006,148.23529411764707,0.14402016129032252,14.228463824169456,0.23651797873840588,24.4
16,200.0,450.2988428101504,47.27609115993769,4.446637401430187,0.0,19668.983047853235,2811.747178865155,542.7524361333006,23023.482662851693,5.180533502339889,,,133.24484607946567,107,27.6,1.995,1.838,0.92,40.2,48.3,29.0,106.6,41.3,16.04,4.69,4.0,4.0,0.023573863436787,0.1221251893138608,5.180533502339889,20.150375939849624,21.871599564744287,0.1799582404455106,500.0,31,42.024193548387096,43.3,27.6,42.8,49.3,21.699999999999996,78.62318840579708,0.08499798387096771,8.30386326725641,0.1975972068969094,114.98387096774194,114.0,107.0,114.0,114.0,7.0,6.542056074766355,-0.007500000000000005,4.2494781463291496,0.03695716721453321,33.82258064516129,35.0,29.0,38.0,36.0,7.0,24.137931034482758,0.03036290322580643,4.774146323509531,0.14115263331310965,61.51935483870968,61.6,40.2,60.0,76.2,36.0,89.55223880597015,0.13684677419354835,13.649332568660363,0.22187054146529872,27.6
16,210.0,445.1228550502232,45.602114035091105,4.401035236564114,0.0,17736.511415372144,2239.963999499119,539.7911677053575,20516.26658257662,4.149686274084782,,,134.79424684502035,110,26.2,1.897,1.762,0.96,36.0,43.3,31.0,106.0,42.1,15.87,4.9,4.1,4.0,0.0263103993863958,0.1091799031994155,4.149686274084782,18.97733263046916,20.43132803632236,0.1807978215609205,510.0,31,42.90483870967742,44.0,26.2,48.0,54.9,28.7,109.54198473282443,0.08347983870967746,8.169683335751245,0.190414032110288,115.20967741935483,114.0,110.0,114.0,114.0,4.0,3.6363636363636362,-0.013245967741935415,3.989098046652458,0.03462467855137231,34.145161290322584,35.0,31.0,36.0,39.0,8.0,25.806451612903224,0.03038306451612905,4.775272327988385,0.13985209463168627,62.84516129032258,64.9,36.0,70.3,81.3,45.3,125.83333333333333,0.13505645161290328,13.504809975453867,0.21489021108667994,26.2
16,220.0,440.25688899596184,43.88923492679594,4.303919275957833,0.0,16082.362544798609,1784.8996884309709,547.4260864464337,18414.688319676017,3.2605309330753376,,,136.28406846019925,113.5,28.85,2.0855,2.016,0.97,45.25,54.4,30.0,110.35,39.45,16.335,4.52,4.2,4.0,0.0297276867760781,0.0969280423021775,3.2605309330753376,21.697434667945338,22.445436507936503,0.1841441834131685,520.0,31,43.896774193548396,44.5,28.85,44.5,56.95,28.1,97.4003466204506,0.08119758064516129,7.937305750734638,0.18081751783713532,115.33870967741936,114.0,113.5,114.0,114.0,0.5,0.44052863436123346,-0.0173387096774193,3.878116159456361,0.03362371722644306,34.516129032258064,35.5,30.0,38.0,42.5,12.5,41.666666666666664,0.03340725806451612,4.965688725255443,0.14386574811487735,64.55161290322582,68.0,45.25,64.9,88.9,43.650000000000006,96.46408839779008,0.1334959677419355,13.340811343836174,0.20666890793009912,28.85
16,230.0,435.1799543513808,42.0660585080248,4.256288822214569,0.0,13325.434051233586,1369.1719005055468,543.7700737394506,15238.376025478585,2.5179243335145185,,,137.87399764179793,117,28.2,2.038,1.889,0.96,42.4,51.0,30.0,108.9,40.4,16.27,4.58,4.2,4.0,0.0356842535471146,0.0898502503295816,2.5179243335145185,20.80471050049068,22.44573848597141,0.1873756294437606,530.0,31,44.45645161290323,45.5,28.2,39.9,46.2,18.000000000000004,63.82978723404257,0.07288306451612904,7.436875933879358,0.16728451471193997,115.35483870967742,114.0,117.0,114.0,114.0,-3.0,-2.5641025641025643,-0.019334677419354716,3.8712477497294,0.03355947434049535,34.54838709677419,35.5,30.0,26.0,31.0,1.0,3.3333333333333335,0.028366935483870967,4.938547085107922,0.1429458073187167,65.20806451612903,68.0,42.4,52.6,65.6,23.199999999999996,54.71698113207546,0.12167741935483872,12.85107710644127,0.19707803324330525,28.2
16,240.0,430.0445907417385,39.77279148487798,4.181445507461296,0.0,10427.761037207336,1031.4133931565225,544.3648140726149,12003.539244436472,1.894709882955327,,,139.52041553763607,117,31.1,2.251,2.176,0.96,46.5,55.9,32.0,107.8,41.0,16.01,4.67,4.3,4.5,0.0453503590055677,0.0859257734034212,1.894709882955327,20.657485561972457,21.369485294117645,0.1948525894402759,540.0,31,45.41129032258065,46.2,31.1,48.0,57.8,26.699999999999996,85.85209003215432,0.0704657258064516,7.175719588508404,0.15801620120316853,115.25806451612904,114.0,117.0,114.0,114.0,-3.0,-2.5641025641025643,-0.019092741935484027,3.866244878737713,0.03354424607916851,34.74193548387097,36.0,32.0,35.0,36.0,4.0,12.5,0.026310483870967745,4.871466185420866,0.14021861815046133,66.69193548387098,68.5,46.5,68.5,88.4,41.900000000000006,90.10752688172045,0.1209899193548387,12.785285140701097,0.19170661411968073,31.1
16,250.0,425.4309914328835,37.66031246904769,4.134805082962814,0.0,7996.550617624237,774.7932054753428,536.7303354868425,9308.074158586422,1.443542789085258,,,141.03344892179928,114.5,30.85,2.233,2.12,0.935,42.85,51.5,25.0,105.65,42.4,15.645,4.995,4.35,4.5,0.0576628770186284,0.0832388303181511,1.443542789085258,19.189431258396777,20.2122641509434,0.1956254467320108,550.0,31,46.191935483870964,46.8,30.85,48.9,55.3,24.449999999999996,79.25445705024309,0.06721370967741935,6.877040264219698,0.1488796733061983,115.16129032258064,114.0,114.5,114.0,114.0,-0.5,-0.4366812227074236,-0.018729838709677413,3.858728410530672,0.03350716546959407,35.03225806451613,36.0,25.0,38.0,41.0,16.0,64.0,0.028326612903225804,4.969801276830172,0.14186357235887231,68.05000000000001,68.5,42.85,72.15,88.6,45.74999999999999,106.76779463243871,0.12121370967741935,12.80492092908035,0.18816930094166565,30.85
16,260.0,421.37504395218,36.78213652122788,4.109185833403108,0.0,6570.261072013769,581.7434424393429,514.2506408583779,7666.25515531149,1.1312449537608882,,,142.39096705216633,121,36.0,2.601,2.011,0.92,40.1,48.2,23.0,99.8,44.3,15.42,5.12,4.4,4.5,0.0670797710798973,0.0758836525335694,1.1312449537608882,15.417147251057289,19.940328194927897,0.1834891179236545,560.0,31,47.01612903225807,47.4,36.0,45.5,56.4,20.4,56.66666666666666,0.06348991935483875,6.497645562006469,0.13820035157612384,115.14516129032258,114.0,121.0,114.0,114.0,-7.0,-5.785123966942149,-0.019858870967741832,3.862627664313281,0.03354572281656022,35.306451612903224,36.0,23.0,38.0,33.5,10.5,45.65217391304348,0.02092741935483879,4.620024205122088,0.13085495692899474,69.25322580645161,69.4,40.1,68.5,80.15,40.050000000000004,99.87531172069826,0.11227419354838719,12.090588181748858,0.17458519860922497,36.0
16,270.0,417.6915805875174,35.71069427028098,4.032544165254409,0.0,5378.842782546517,466.4411801330849,498.5964369242875,6343.88039960389,0.9355084505024542,,,143.64665889507538,130,35.65,2.5775,2.493,0.95,54.25,65.2,34.0,109.55,39.7,16.145,4.62,4.4,4.5,0.0785948671030147,0.0735261623409876,0.9355084505024542,21.04752667313288,21.76093060569595,0.1745719829823237,570.0,31,47.65483870967742,47.6,35.65,46.8,55.8,20.15,56.52173913043478,0.06169556451612902,6.350162134921041,0.13325324997126667,114.91935483870968,114.0,130.0,114.0,114.0,-16.0,-12.307692307692308,-0.0167741935483871,3.7105632415972196,0.032288409961968786,35.725806451612904,36.0,34.0,38.0,36.0,2.0,5.882352941176471,0.013407258064516144,4.0162974443248505,0.11242006390435247,70.78870967741935,70.3,54.25,70.9,87.7,33.45,61.65898617511522,0.10462298387096776,11.258705592247416,0.15904662824838567,35.65
16,280.0,413.97200250691566,34.507790303462684,3.8926158735298255,0.0,4299.3075403334615,370.70397181857726,464.3792413290644,5134.390753481103,0.7982785164074382,,,144.9373378795047,127.5,39.85,2.8785,2.7915,0.97,60.35,72.55,35.5,110.05,39.55,16.15,4.64,4.5,5.0,0.0904448577495229,0.0722001868609709,0.7982785164074382,20.965780788605176,21.619201146337097,0.1589940627194778,580.0,31,48.41935483870968,48.0,39.85,47.6,59.35,19.5,48.93350062735257,0.06102419354838712,6.282988638901008,0.12976192392133992,114.40322580645162,114.0,127.5,114.0,114.0,-13.5,-10.588235294117647,-0.007600806451612929,2.437277698713293,0.02130427425916032,35.88709677419355,36.0,35.5,39.5,39.0,3.5,9.859154929577464,0.014274193548387088,4.044975643559457,0.11271392804525228,72.0241935483871,70.9,60.35,72.85,92.55,32.199999999999996,53.35542667771333,0.10711491935483873,11.482536529934942,0.15942610342760416,39.85
16,290.0,410.3776487585616,33.66821709980263,3.826611577103469,0.0,3758.187046054827,315.71040325931455,427.1803655526545,4501.077814866796,0.7390564471540533,,,146.20679313677712,113,36.3,2.6235,2.485,0.945,50.45,60.65,27.0,105.8,41.9,15.86,5.0,4.55,5.0,0.0949062387105823,0.0701410675941974,0.7390564471540533,19.230036211168287,20.30181086519115,0.1718328579062236,590.0,31,49.079032258064515,48.0,36.3,43.3,60.3,24.0,66.11570247933885,0.06268145161290321,6.425220802866732,0.1309158006433788,113.96774193548387,114.0,113.0,114.0,114.0,1.0,0.8849557522123894,0.0006048387096774101,0.1796053020267749,0.0015759310395782684,36.03225806451613,37.0,27.0,27.0,40.0,13.0,48.148148148148145,0.01651209677419352,4.110830175424764,0.11408749815413399,73.20322580645161,72.15,50.45,61.6,96.9,46.45,92.07135777998018,0.11462903225806449,12.103559638138629,0.16534188903287247,36.3
16,300.0,406.45604541214385,30.932418232000323,3.5748691379469126,0.0,3082.1591715667178,274.3455140842707,384.8534769980979,3741.3581626490864,0.7128570494521649,,,147.61743779492903,114,40.1,2.8975,2.777,0.955,61.05,73.4,33.5,109.9,39.65,16.21,4.575,4.6,5.0,0.1028646444064581,0.0733277869045339,0.7128570494521649,21.069887834339948,21.984155563557795,0.1861938447060399,600.0,31,49.746774193548376,48.9,40.1,51.3,57.0,16.9,42.144638403990015,0.05922782258064517,6.121327953473698,0.12304974649527263,114.0,114.0,114.0,114.0,114.0,0.0,0.0,8.900886950090863e-17,0.0,0.0,36.483870967741936,37.0,33.5,32.0,41.0,7.5,22.388059701492537,0.013689516129032294,3.84595863855325,0.10541531193205193,74.49838709677421,72.85,61.05,73.0,90.6,29.549999999999997,48.4029484029484,0.11047177419354838,11.730050325772746,0.15745374877090001,40.1
16,310.0,403.0199833866083,29.51727461770055,3.449690500513563,0.0,3337.371164846398,245.09815311250307,336.1033847414743,3918.572702700375,0.7292344089335158,,,148.87599244041283,114,39.5,2.855,2.673,0.93,56.1,67.5,37.0,107.6,40.6,15.95,4.78,4.7,5.0,0.0857718894713521,0.0625478131217523,0.7292344089335158,19.649737302977233,20.987654320987655,0.1835839778162873,610.0,31,50.398387096774194,49.3,39.5,53.5,60.3,20.799999999999997,52.658227848101255,0.059387096774193564,6.135327808017104,0.12173659042374002,114.0,114.0,114.0,114.0,114.0,0.0,0.0,-1.0893142383808981e-16,0.0,0.0,36.75806451612903,38.0,37.0,37.0,42.0,5.0,13.513513513513514,0.015100806451612898,3.9282544209481802,0.1068678254053476,75.64193548387097,73.0,56.1,81.4,96.5,40.4,72.01426024955437,0.11510282258064518,12.09751418525168,0.1599313146585364,39.5
16,320.0,399.779296875,28.728365349686417,3.440524943073603,0.0,3912.320773760489,234.56088337801987,287.94696918869806,4434.828626327207,0.8145975074469595,,,150.08280936258777,114,42.3,3.055,2.731,0.91,58.6,70.4,35.0,106.7,40.9,15.78,4.72,4.7,5.0,0.0649285448098965,0.0528906307642999,0.8145975074469595,19.18166939443535,21.45734163310143,0.2041783899078725,620.0,31,51.059677419354834,51.3,42.3,51.7,60.0,17.700000000000003,41.84397163120568,0.05816330645161288,6.025299706997137,0.11800504843599284,114.0,114.0,114.0,114.0,114.0,0.0,0.0,-8.535646857353319e-17,0.0,0.0,36.806451612903224,38.0,35.0,38.0,38.5,3.5,10.0,0.0163104838709677,3.9405528786259563,0.10706147172428103,77.05967741935486,76.2,58.6,76.3,100.05,41.449999999999996,70.73378839590444,0.11725806451612897,12.304541298201237,0.15967548412174823,42.3
16,330.0,396.544441344246,27.938439369693157,3.3587887556632614,0.0,4531.053702860663,226.23603575235373,246.90366643950605,5004.193405052523,0.9162927347933244,,,151.30712662773936,114,44.0,3.181,2.984,0.93,68.0,81.7,35.0,108.8,39.5,16.03,4.63,4.8,5.5,0.0493393533092101,0.0452092909766302,0.9162927347933244,21.376925495127317,22.78820375335121,0.1996554924212202,630.0,31,51.69032258064516,51.7,44.0,54.65,61.85,17.85,40.56818181818182,0.05903830645161291,6.100538492008154,0.11802090192976333,114.0,114.0,114.0,114.0,114.0,0.0,0.0,1.463673663129697e-16,0.0,0.0,37.12903225806452,38.0,35.0,42.0,45.0,10.0,28.571428571428573,0.020100806451612937,4.189207844639771,0.11282836071575403,78.67258064516129,76.3,68.0,82.0,108.6,40.599999999999994,59.70588235294117,0.12442540322580642,13.058125431506095,0.16598064185033476,44.0
16,340.0,393.4060244422572,27.187256151609848,3.332385297209837,0.0,5114.35607024943,230.3790281790884,201.8006165882857,5546.535715016803,1.1416170677471638,,,152.51418705410953,114,47.4,3.431,3.133,0.91,69.4,83.4,34.0,107.7,40.5,15.95,4.72,4.8,5.5,0.0363831816753521,0.0415356611795278,1.1416170677471638,20.22733896823084,22.15129269071178,0.1943301335678997,640.0,31,52.11935483870966,53.1,47.4,53.1,57.3,9.899999999999999,20.886075949367086,0.057469758064516145,6.0086559426014015,0.11528646049430186,114.0,114.0,114.0,114.0,114.0,0.0,0.0,-2.0496795199113288e-17,0.0,0.0,37.193548387096776,38.0,34.0,39.0,37.0,3.0,8.823529411764707,0.018649193548387077,4.170686233213185,0.1121346688895132,79.60806451612905,80.15,69.4,84.4,97.0,27.599999999999994,39.769452449567716,0.12862500000000002,13.304511119505001,0.16712516753637982,47.4
16,350.0,390.32197278357233,26.091483883537325,3.289097933154501,0.0,5507.985720349125,235.51172651069152,163.6600018625609,5907.157448722378,1.4390304523427206,,,153.7192476562653,114,42.8,3.095,2.791,0.9,60.0,72.1,38.0,107.4,40.1,15.85,4.7,4.9,5.5,0.0277053732329342,0.0398688757757132,1.4390304523427206,19.38610662358643,21.49767108563239,0.2187485732394388,650.0,31,52.680645161290315,53.5,42.8,49.3,64.8,22.0,51.401869158878505,0.06209475806451614,6.355780537161359,0.12064735573571868,114.0,114.0,114.0,114.0,114.0,0.0,0.0,6.02990882706363e-17,0.0,0.0,37.61290322580645,38.0,38.0,36.0,47.0,9.0,23.68421052631579,0.022520161290322607,4.480903326747399,0.11913207815537684,80.98870967741935,81.3,60.0,76.2,112.2,52.2,87.0,0.14175201612903224,14.386612467136587,0.1776372598654668,42.8
16,360.0,387.4862295844114,25.09062987521101,3.2626894567212013,0.0,5678.316168666715,248.1383427483096,127.66955321089038,6054.124064625916,1.9435984266227,,,154.8442123074967,114,48.0,3.472,3.249,0.93,70.3,84.4,36.0,108.9,40.1,16.05,4.54,4.9,5.5,0.0210880305471207,0.0409866629919554,1.9435984266227,20.24769585253456,21.637426900584792,0.2109042725383096,660.0,31,53.275806451612894,54.65,48.0,54.9,61.25,13.25,27.604166666666668,0.06090322580645159,6.26286503883196,0.1175555182730107,114.0,114.0,114.0,114.0,114.0,0.0,0.0,0.0,0.0,0.0,37.806451612903224,38.0,36.0,39.0,44.0,8.0,22.22222222222222,0.02663306451612904,4.625432266925327,0.12234505142891225,82.62741935483872,81.4,70.3,81.3,110.8,40.5,57.61024182076814,0.14624193548387093,14.803354567516541,0.17915789556423617,48.0
16,370.0,384.6321154926188,24.22000442970371,3.215960483748465,0.0,5555.10215777999,255.09566225080997,99.82109474502272,5910.018914775823,2.5555285974614055,,,155.9932142513758,114,44.5,3.219,2.951,0.925,64.9,78.0,38.0,107.75,40.45,16.075,4.6,5.0,6.0,0.0168901481001113,0.0431632564851928,2.5555285974614055,20.161540851196023,21.992544900033888,0.2491862088070587,670.0,31,53.746774193548376,54.9,44.5,56.95,62.6,18.1,40.67415730337079,0.06313911290322578,6.400350712836901,0.11908343912489511,114.0,114.0,114.0,114.0,114.0,0.0,0.0,1.354449347815422e-16,0.0,0.0,38.096774193548384,38.0,38.0,42.5,45.0,7.0,18.42105263157895,0.029818548387096747,4.787865486203481,0.1256764014160101,84.08870967741936,82.0,64.9,88.9,115.6,50.69999999999999,78.1201848998459,0.1582318548387096,15.751411099101668,0.1873189772982264,44.5
16,380.0,382.0377272002551,23.593338064986145,3.157247338851013,0.0,5118.260813701563,264.8299121564051,74.28702056556628,5457.3777464235345,3.5649553601717576,,,157.05255195529267,114,39.9,2.883,2.651,0.91,52.6,63.2,26.0,105.1,42.5,15.66,4.99,5.0,6.0,0.0136122189112252,0.0485269527714038,3.5649553601717576,18.24488380159556,19.841569219162583,0.2457981988663352,680.0,31,54.330645161290306,55.3,39.9,46.2,62.6,22.700000000000003,56.892230576441115,0.0625282258064516,6.354115168132576,0.11695269123473945,114.0,114.0,114.0,114.0,114.0,0.0,0.0,9.497199856635936e-17,0.0,0.0,38.354838709677416,38.5,26.0,31.0,46.0,20.0,76.92307692307692,0.03453629032258062,4.993651884120973,0.13019613827396986,85.73064516129033,84.4,52.6,65.6,115.8,63.199999999999996,120.15209125475285,0.1650322580645161,16.326903551190973,0.19044419321088937,39.9
16,390.0,379.4749831669835,23.02652179534188,2.9821459617995636,0.0,4614.096818518729,265.7152972803606,56.94250929481349,4936.754625093903,4.666378432756612,,,158.11318970030155,114,48.0,3.467,3.196,0.92,68.5,82.4,35.0,108.2,39.7,15.99,4.65,5.1,6.0,0.0115344013667137,0.0538238817723913,4.666378432756612,19.75771560426882,21.433041301627032,0.2420088344508065,690.0,31,55.011290322580635,55.8,48.0,57.8,61.0,13.0,27.083333333333332,0.05725201612903228,5.868328973927463,0.10667499234277503,114.0,114.0,114.0,114.0,114.0,0.0,0.0,3.730426048556393e-17,0.0,0.0,38.903225806451616,39.0,35.0,36.0,43.0,8.0,22.857142857142858,0.029375,4.5007765160371855,0.11569160198768884,87.56612903225808,87.7,68.5,88.4,109.5,41.0,59.85401459854015,0.15803427419354843,15.663053060715708,0.17887113697746843,48.0
16,400.0,376.953125,22.45326251010443,2.950165967934888,0.0,3893.869332819111,273.17403423321423,44.27888080041756,4211.322247852743,6.169397900198013,,,159.17098445595855,114,48.9,3.5355,3.2465,0.935,72.15,86.7,38.0,109.55,39.05,16.1,4.605,5.2,6.0,0.0105142466414187,0.0648665711517325,6.169397900198013,20.407297411964365,22.22393346681041,0.2400134010045979,700.0,31,55.569354838709664,56.4,48.9,55.3,65.3,16.4,33.53783231083844,0.05895161290322581,6.000453835882678,0.10798134787238445,114.0,114.0,114.0,114.0,114.0,0.0,0.0,-1.0993090214117998e-16,0.0,0.0,39.32258064516129,39.0,38.0,41.0,48.0,10.0,26.31578947368421,0.032358870967741905,4.7250192011898635,0.12016045548555027,89.28225806451613,88.4,72.15,88.6,121.7,49.55,68.67636867636867,0.16637903225806452,16.401466135618772,0.18370353182338794,48.9
16,410.0,374.539794921875,22.03811347894834,2.788424336863883,0.0,3249.8890386545786,280.8346463045297,35.41339711983073,3566.137082078939,7.930180924305295,,,160.19659543124212,114,45.5,3.291,3.171,0.965,68.5,82.3,38.0,110.0,39.25,16.175,4.665,5.2,6.0,0.0099304643385121,0.0787503788667631,7.930180924305295,20.81434214524461,21.602018290760014,0.2312582659722487,710.0,31,56.02741935483869,56.95,45.5,56.4,63.1,17.6,38.681318681318686,0.059203629032258086,6.0163366305097075,0.10738200509301378,114.0,114.0,114.0,114.0,114.0,0.0,0.0,1.260199676646061e-16,0.0,0.0,39.67741935483871,39.0,38.0,33.5,49.0,11.0,28.94736842105263,0.03735887096774198,5.025847170870423,0.12666769292437652,90.96612903225805,88.6,68.5,80.15,124.35,55.849999999999994,81.53284671532846,0.17653629032258067,17.241980682319024,0.1895428646436603,45.5
16,420.0,372.0339188664596,21.35667693304284,2.787782986794325,0.0,2480.7544622656455,289.51472380847105,31.40220872331247,2801.671394797429,9.219565615890586,,,161.27561751039374,114,46.8,3.384,3.185,0.94,70.9,85.2,38.0,107.0,41.2,15.88,4.78,5.3,6.5,0.0112083839602406,0.1033364313695339,9.219565615890586,20.951536643026007,22.260596546310833,0.2702275215873929,720.0,31,56.60806451612902,57.0,46.8,55.8,63.5,16.700000000000003,35.68376068376069,0.05693145161290318,5.832239375148474,0.10302841874211627,114.0,114.0,114.0,114.0,114.0,0.0,0.0,-8.847334565981098e-17,0.0,0.0,39.96774193548387,39.5,38.0,36.0,47.0,9.0,23.68421052631579,0.04070564516129028,5.183202812725879,0.12968465471711238,92.7241935483871,88.9,70.9,87.7,123.0,52.099999999999994,73.48377997179124,0.18141733870967727,17.648611234162978,0.19033448077338352,46.8
16,430.0,369.59519015875463,20.556912915552655,2.765703450157432,0.0,1826.391247518472,291.1744880678073,28.841766327400943,2146.4075019136803,10.095584464644205,,,162.33977496900815,114,47.6,3.4395,3.27,0.93,72.85,87.55,39.5,109.55,38.95,16.16,4.56,5.3,6.5,0.0134372276940359,0.1356566671557958,10.095584464644205,21.18040412850705,22.278287461773697,0.2617810809633863,730.0,31,57.13064516129031,57.3,47.6,59.35,63.0,15.399999999999999,32.35294117647058,0.05446975806451616,5.6469560741363845,0.09884285497203803,114.0,114.0,114.0,114.0,114.0,0.0,0.0,6.958694391842361e-17,0.0,0.0,40.274193548387096,40.0,39.5,39.0,47.5,8.0,20.253164556962027,0.04399193548387095,5.341408537201618,0.1326260830222268,94.4258064516129,90.6,72.85,92.55,123.65,50.80000000000001,69.73232669869597,0.18604233870967732,18.01347121354711,0.19076851859113161,47.6
16,440.0,367.3005945542279,19.737198607685706,2.680272178971874,0.0,1390.8920563884026,285.4902743390479,26.884877480194255,1703.267208207645,10.618991087066137,,,163.3539419472452,114,43.3,3.13,3.07,0.96,61.6,74.0,27.0,105.8,42.4,16.13,4.91,5.4,6.5,0.0157842981715624,0.1676133215994162,10.618991087066137,19.680511182108628,20.06514657980456,0.2498599029129311,740.0,31,57.688709677419354,57.8,43.3,60.3,64.9,21.60000000000001,49.88452655889148,0.053020161290322575,5.527261372467372,0.09581183915144605,114.0,114.0,114.0,114.0,114.0,0.0,0.0,0.0,0.0,0.0,40.54838709677419,41.0,27.0,40.0,48.0,21.0,77.77777777777777,0.04816532258064513,5.51566683594661,0.13602678752135633,96.06774193548387,92.55,61.6,96.9,123.75,62.15,100.89285714285714,0.18985887096774184,18.298791164022724,0.190477998080892,43.3
17,0.0,456.6609074519231,35.25032099419733,7.661988965481408,0.0,25003.00881048678,5380.125171308862,421.6687370943239,30804.802718889965,12.759127480929116,,,131.38851830954405,109,6.8,0.532,0.658,1.29,16.15,19.55,17.5,116.45,39.05,17.755,4.02,0.0,2.0,0.0136884089452632,0.1746521547437046,12.759127480929116,30.357142857142858,24.544072948328264,0.3680498810305085,300.0,31,20.07580645161291,20.65,6.8,17.95,29.0,22.2,326.47058823529414,0.057120967741935515,5.514826545591166,0.27470012519213644,129.58064516129033,127.0,109.0,130.0,151.0,42.0,38.53211009174312,0.12570564516129054,12.803708300197998,0.09880880191838136,23.870967741935484,23.5,17.5,15.0,34.0,16.5,94.28571428571429,0.03951612903225814,4.774878256625126,0.200028683723485,33.08709677419355,32.15,16.15,25.5,54.5,38.35,237.46130030959753,0.0825504032258065,8.267193878436379,0.24986156793558326,6.8
17,10.0,452.39036537009065,33.81558152183219,7.716432260781426,0.0,27869.76861946182,5129.723424666785,431.7093925068806,33431.20143663549,11.882353068297045,,,132.62881925196464,90,11.9,0.933,1.092,1.2,23.8,28.9,23.0,112.9,41.5,17.23,4.35,3.0,2.0,0.0129133675714625,0.1534411927848154,11.882353068297045,25.509110396570204,21.794871794871796,0.4637605004588374,310.0,31,20.78709677419355,20.8,11.9,20.8,28.85,16.950000000000003,142.43697478991598,0.053862903225806426,5.155756778300277,0.2480267848033963,130.93548387096774,127.0,90.0,130.0,151.0,61.0,67.77777777777777,0.12538306451612907,12.775459506076402,0.09757064417057612,24.419354838709676,24.0,23.0,20.0,34.5,11.5,50.0,0.041834677419354864,4.990151591207005,0.20435231086845068,34.20161290322581,32.2,23.8,30.5,50.7,26.900000000000002,113.02521008403362,0.08227620967741933,8.236579830963091,0.24082431007767585,11.9
17,20.0,448.53895724176647,34.70750938340593,7.683461832924973,0.0,29434.294255523942,4751.091815100844,422.3998295149201,34607.78590013971,11.24785448080543,,,133.76764499779998,117,10.6,0.832,1.104,1.37,26.6,32.2,15.0,115.8,39.7,17.47,4.36,3.1,2.0,0.0122053410389716,0.1372838998949558,11.24785448080543,31.97115384615385,24.094202898550723,0.4180130921813889,320.0,31,21.322580645161295,20.9,10.6,20.65,28.5,17.9,168.86792452830187,0.05279435483870968,5.063181455529014,0.23745631637125475,132.96774193548387,130.0,117.0,127.0,153.0,36.0,30.76923076923077,0.1123185483870968,10.923167644866092,0.08214900460719284,24.741935483870968,24.5,15.0,20.5,33.0,18.0,120.0,0.046108870967741925,5.213557594934473,0.21071745168574793,35.07258064516129,32.6,26.6,32.2,50.8,24.199999999999996,90.97744360902253,0.08560483870967739,8.5225860581328,0.24299854477085936,10.6
17,30.0,445.0542115527489,35.72313576200741,7.76889530483395,0.0,29009.557486080557,4328.135638982642,404.59097709999577,33742.28410216319,10.69755848241008,,,134.8150370056405,122,9.5,0.74,1.039,1.18,25.1,30.4,16.0,111.6,40.8,17.09,4.23,3.1,2.0,0.0119906220893344,0.1282703810411331,10.69755848241008,33.91891891891892,24.15784408084697,0.4197352091487851,330.0,31,22.01774193548387,21.15,9.5,22.85,32.15,22.65,238.42105263157896,0.052425403225806425,5.021131153885161,0.22804932352273094,134.19354838709677,130.0,122.0,127.0,155.0,33.0,27.049180327868854,0.11534274193548404,11.20020641130841,0.08346307662273093,25.29032258064516,24.5,16.0,25.0,32.0,16.0,100.0,0.04421370967741934,5.046078004332321,0.19952604353865044,36.04032258064516,32.7,25.1,34.1,56.6,31.5,125.49800796812748,0.09315927419354834,9.204432078758206,0.2553926108225593,9.5
17,40.0,441.5285000920471,36.505757632017904,7.847843848429337,0.0,27884.096198468567,3876.9820367374,389.1404331658949,32150.218668371865,9.96293807147149,,,135.89156756017238,123,12.8,1.001,0.963,1.02,21.1,25.5,19.0,106.3,41.8,16.72,4.37,3.2,2.0,0.0121038191739801,0.1205896008586537,9.96293807147149,21.078921078921084,21.910695742471447,0.4349231175950198,340.0,31,22.746774193548386,21.65,12.8,21.15,32.1,19.3,150.78125,0.05044758064516136,4.777847065430743,0.2100450386844686,135.25806451612902,130.0,123.0,127.0,155.0,32.0,26.016260162601625,0.12006048387096797,11.564940529996925,0.08550277997374307,25.838709677419356,25.0,19.0,22.0,33.0,14.0,73.6842105263158,0.0428830645161291,4.9250839193767275,0.1906087409496611,37.05,33.15,21.1,32.6,56.4,35.3,167.2985781990521,0.09841532258064524,9.669315728978276,0.2609801816188469,12.8
17,50.0,437.92046440972223,37.74246076762214,7.831533545049661,0.0,24908.974069434273,3411.8181551054845,374.171797465288,28694.96402200505,9.118319922072692,,,137.0111809706693,123,16.5,1.291,1.232,0.86,27.9,33.8,24.0,102.8,42.3,16.2,4.24,3.2,2.5,0.0130396329188059,0.1188995446200627,9.118319922072692,21.61115414407436,22.646103896103895,0.3980436122516471,350.0,31,23.34193548387097,22.6,16.5,21.65,31.25,14.75,89.39393939393939,0.04917338709677419,4.644783754819191,0.19898880099418864,136.40322580645162,131.0,123.0,130.0,158.5,35.5,28.86178861788618,0.12620967741935488,12.057790949450284,0.08839813632090784,26.193548387096776,25.0,24.0,24.5,30.0,6.0,25.0,0.04098790322580647,4.8108859533264745,0.18366682826739003,38.00322580645162,34.1,27.9,33.15,50.65,22.75,81.54121863799284,0.0963508064516129,9.499578372081142,0.24996768486080587,16.5
17,60.0,433.9511152626812,38.969442972058786,7.843906739767331,0.0,21731.763872907453,2946.0953491067953,350.3543523932299,25028.21357440748,8.408901813213852,,,138.2644217049207,126,17.4,1.361,1.251,0.88,27.1,32.9,20.0,99.4,43.1,15.7,4.78,3.3,2.5,0.0139983763264463,0.1177109720735049,8.408901813213852,19.91182953710507,21.662669864108715,0.4005049375247804,360.0,31,23.962903225806453,22.85,17.4,22.6,35.75,18.35,105.45977011494256,0.052264112903225815,4.974651876294721,0.20759804558812187,137.66129032258064,133.0,126.0,133.0,162.0,36.0,28.571428571428573,0.1330443548387098,12.63354469707149,0.09177267383930081,26.370967741935484,25.5,20.0,23.0,29.5,9.5,47.5,0.041572580645161304,4.828677772668007,0.18310582379536172,38.914516129032265,35.2,27.1,35.3,56.15,29.049999999999997,107.19557195571953,0.10080846774193548,9.846735445046303,0.25303502200558325,17.4
17,70.0,429.7316344601865,39.71234256246821,7.821636776545117,0.0,19209.565675861253,2537.6504341535474,320.1510499638865,22067.367159978687,7.926416091528664,,,139.62202264994954,122,18.0,1.406,1.265,0.92,27.8,33.7,23.0,101.6,42.3,15.98,4.62,3.3,2.5,0.0145078951939727,0.1149956139197168,7.926416091528664,19.7724039829303,21.97628458498024,0.3671067895580954,370.0,31,24.530645161290323,23.5,18.0,23.5,35.0,17.0,94.44444444444444,0.05470564516129033,5.1998986756050485,0.21197561830989084,138.88709677419354,135.0,122.0,135.0,164.0,42.0,34.42622950819672,0.14145161290322583,13.290792349981343,0.09569493969328108,26.64516129032258,25.5,23.0,25.0,28.5,5.5,23.91304347826087,0.03875000000000003,4.694311359484471,0.17617875562229857,39.85806451612903,35.3,27.8,35.2,56.35,28.55,102.6978417266187,0.10373185483870968,10.075648008723753,0.25278819057173546,18.0
17,80.0,425.4663640802557,40.15528148155362,7.850521892270176,0.0,16915.631651138352,2157.0985421051055,302.46598427563276,19375.19617751909,7.131706222341265,,,141.02172360840774,124,18.75,1.466,1.3845,0.935,30.85,37.4,23.5,103.75,41.45,16.185,4.57,3.4,2.5,0.0156109895097001,0.1113329910232327,7.131706222341265,21.043656207366983,22.282412423257497,0.3579368405689032,380.0,31,25.103225806451615,23.6,18.75,25.6,35.75,17.0,90.66666666666667,0.05727822580645158,5.429025932950142,0.2162680595238427,140.24193548387098,137.0,124.0,137.0,164.0,40.0,32.25806451612903,0.1457459677419354,13.64787588341249,0.09731665379776588,26.806451612903224,27.0,23.5,31.0,28.0,4.5,19.148936170212767,0.037217741935483876,4.650586736020231,0.17348759183709647,40.86451612903226,38.55,30.85,39.7,59.0,28.15,91.24797406807131,0.10753024193548384,10.384565418193057,0.25412182504261505,18.75
17,90.0,421.5055269866386,39.99825195807359,7.930477322411479,0.0,15720.81730860444,1849.3849175677385,279.7831768025346,17849.98540297471,6.61006476051631,,,142.34688790190398,122.5,17.7,1.3845,1.2885,0.925,28.95,35.15,24.5,105.15,41.0,16.195,4.54,3.45,2.75,0.0156741403696559,0.1036070829088486,6.61006476051631,20.910075839653302,22.467986030267753,0.3573352609984864,390.0,31,25.66774193548387,24.4,17.7,24.4,36.25,18.55,104.80225988700565,0.05992137096774191,5.6516597619209294,0.22018531182549805,141.53225806451613,139.0,122.5,139.0,164.0,41.5,33.87755102040816,0.1496370967741936,13.948677048302805,0.09855475521307965,27.0,27.5,24.5,29.0,29.5,5.0,20.408163265306122,0.03671370967741935,4.633213427705081,0.1716004973224104,41.745161290322585,39.7,28.95,40.5,58.15,29.2,100.86355785837651,0.11152419354838705,10.660881411643143,0.25538005081596277,17.7
17,100.0,417.4831927737099,39.28375653952735,7.69454738923173,0.0,15032.30062157225,1581.9725892480335,252.23441242629696,16866.50762324658,6.271834893703439,,,143.7183604958249,123,19.5,1.5265,1.417,0.93,32.15,38.95,23.5,104.1,41.8,16.185,4.485,3.5,3.0,0.0149547504474874,0.0937937256831787,6.271834893703439,21.061251228300033,22.68877911079746,0.3503650595910962,400.0,31,26.341935483870973,25.6,19.5,26.1,38.6,19.1,97.94871794871796,0.06260282258064515,5.910176206823188,0.22436377958794854,142.8709677419355,144.0,123.0,144.0,164.0,41.0,33.333333333333336,0.15094758064516128,14.052264195931487,0.09835633101690587,27.20967741935484,28.0,23.5,27.0,31.0,7.5,31.914893617021278,0.03752016129032256,4.663286025877008,0.17138336313240932,42.891935483870974,40.5,32.15,43.7,64.5,32.35,100.62208398133748,0.11703225806451609,11.139913949205303,0.25972047713711455,19.5
17,110.0,413.67066104109114,38.8866502932407,7.711557750118678,0.0,14212.632191160235,1382.0244608071932,233.56786955615345,15828.224521523582,5.9170144567976735,,,145.0429185598928,126,19.1,1.4955,1.395,0.935,31.0,37.6,25.5,104.0,42.15,16.3,4.455,3.6,3.0,0.0147564162511431,0.0873139282885382,5.9170144567976735,20.728853226345706,22.22222222222222,0.3698260550236512,410.0,31,26.967741935483875,26.0,19.1,23.6,38.9,19.799999999999997,103.66492146596856,0.06578427419354838,6.182388270820816,0.2292512397074704,144.19354838709677,146.0,126.0,146.0,164.0,38.0,30.158730158730158,0.15090725806451602,14.049126556097617,0.09743242130626983,27.516129032258064,28.0,25.5,27.5,33.0,7.5,29.41176470588235,0.03862903225806451,4.723141382187181,0.17164992127526682,44.01129032258064,41.1,31.0,38.55,66.85,35.849999999999994,115.64516129032256,0.12459274193548382,11.751153912683208,0.2670031672907828,19.1
17,120.0,409.7300893467852,38.46363250441387,7.821942201817078,0.0,13090.325594557482,1237.026043327459,239.90073134147923,14567.25236922642,5.156407970956342,,,146.43786619541507,125.5,20.0,1.5655,1.433,0.895,30.85,37.4,23.5,102.2,42.15,15.885,4.73,3.6,3.0,0.0164684955859125,0.0849182819088587,5.156407970956342,19.706164164803575,21.528262386601536,0.3841185899009938,420.0,31,27.66451612903226,26.1,20.0,26.0,40.7,20.700000000000003,103.50000000000003,0.06901411290322583,6.476318315581098,0.23410199135146226,145.53225806451613,150.0,125.5,150.0,167.5,42.0,33.46613545816733,0.15326612903225809,14.23372490710646,0.09780460426029043,27.822580645161292,28.5,23.5,28.0,35.0,11.5,48.93617021276596,0.04185483870967741,4.893104650248099,0.17586810916833745,45.24354838709678,43.7,30.85,41.1,69.2,38.35,124.31118314424634,0.13143346774193548,12.32990093185048,0.2725228540068909,20.0
17,130.0,406.0151221629404,38.108296413086165,7.724865695223589,0.0,12213.065227000998,1077.720645714613,250.3270242394096,13541.11289695502,4.30525089725788,,,147.77774699712057,127,20.9,1.6355,1.412,0.875,30.6,37.05,25.5,100.0,43.7,15.7,4.77,3.7,3.0,0.0184864439240958,0.0795887792913209,4.30525089725788,18.70987465606848,21.671388101983005,0.4053098165479487,430.0,31,28.382258064516133,27.7,20.9,28.75,42.25,21.35,102.1531100478469,0.07289112903225806,6.822274161244387,0.240371084842389,146.93548387096774,150.0,127.0,150.0,169.0,42.0,33.07086614173228,0.1545362903225807,14.336865031265768,0.09757251722705572,28.241935483870968,29.0,25.5,30.0,36.5,11.0,43.13725490196079,0.04431451612903225,5.0643705889641994,0.17932094603985171,46.6483870967742,47.75,30.6,47.75,74.4,43.800000000000004,143.13725490196077,0.1397822580645161,13.092666419736455,0.28066707628229726,20.9
17,140.0,402.75327620967744,38.090978228261115,7.712066476482098,0.0,12092.285094346238,968.8058792405604,258.7465809351176,13319.837554521917,3.744226786453633,,,148.9745795854517,131,20.6,1.609,1.515,0.92,32.7,39.6,22.0,102.5,42.8,15.9,4.8,3.7,3.5,0.0194256558967775,0.0727340611531454,3.744226786453633,20.323182100683656,21.58415841584159,0.4172154284430243,440.0,31,29.13225806451613,28.5,20.6,27.7,44.15,23.549999999999997,114.32038834951453,0.0776008064516129,7.237639444679653,0.24844072947078866,148.29032258064515,150.0,131.0,150.0,169.0,38.0,29.00763358778626,0.1550201612903224,14.374615469377716,0.09693562748547079,28.64516129032258,29.5,22.0,33.0,38.0,16.0,72.72727272727273,0.048447580645161255,5.3294676850931015,0.1860512367543763,48.05967741935484,48.7,32.7,48.7,74.35,41.64999999999999,127.37003058103971,0.14618346774193547,13.651156357337394,0.2840459422609385,20.6
17,150.0,399.3197871587883,37.42640162346592,7.7977358865807,0.0,11745.66495006881,875.7263738708235,270.3296608118955,12891.720984751531,3.239475724715918,,,150.25551432576813,130,17.95,1.4015,1.2235,0.895,25.5,30.9,15.0,97.6,44.7,15.655,4.88,3.8,3.5,0.020969245388699,0.0679293614023017,3.239475724715918,18.19479129504103,20.841847159787495,0.4318604049969629,450.0,31,29.735483870967744,28.75,17.95,29.0,39.3,21.349999999999998,118.94150417827298,0.07824596774193551,7.28195479190841,0.2448910810904325,149.51612903225808,151.0,130.0,151.0,169.0,39.0,30.0,0.15639112903225819,14.47093861904365,0.09678513423740089,29.06451612903226,29.5,15.0,34.0,35.0,20.0,133.33333333333334,0.048004032258064544,5.300537607142429,0.18237143820356858,49.31451612903225,50.65,25.5,54.5,71.6,46.099999999999994,180.78431372549016,0.15051209677419355,13.976213087172951,0.2834097175485603,17.95
17,160.0,395.68841851056806,36.154087079712795,7.924582778889015,0.0,10854.342201754853,762.9936926804644,245.73202553318797,11863.067919968506,3.104982718572905,,,151.63446083625396,130,20.8,1.629,1.466,0.9,30.5,37.0,20.0,98.8,44.2,15.72,4.86,3.8,3.5,0.0207140368065801,0.0643167263163144,3.104982718572905,18.723143032535297,20.804911323328785,0.489447413785781,460.0,31,30.559677419354838,28.85,20.8,28.85,43.5,22.7,109.13461538461539,0.07896774193548388,7.349177044119052,0.24048608050634993,150.7741935483871,151.0,130.0,151.0,169.0,39.0,30.0,0.15558467741935475,14.41286387784504,0.09559237916414126,29.838709677419356,30.0,20.0,34.5,39.0,19.0,95.0,0.044939516129032256,4.916616547949402,0.16477309512046642,50.68548387096774,50.7,30.5,50.7,68.0,37.5,122.95081967213115,0.14644959677419359,13.642807589522443,0.2691659731266162,20.8
17,170.0,392.2604865428665,34.58279002525208,7.946401782498146,0.0,10229.578635471766,711.3616547859049,258.2284164378417,11199.168706695513,2.7547768158084844,,,152.95958185541883,127,20.65,1.6145,1.515,0.94,32.2,39.05,20.5,102.5,43.5,15.97,4.765,3.9,3.5,0.0230578200222537,0.0635191480203893,2.7547768158084844,19.94425518736451,21.254125412541256,0.496714974476331,470.0,31,31.261290322580642,29.0,20.65,28.5,42.55,21.9,106.05326876513318,0.07992338709677421,7.424213871710809,0.2374890414023683,152.03225806451613,153.0,127.0,153.0,169.0,42.0,33.07086614173228,0.15320564516129037,14.240163554696837,0.09366540848622999,30.467741935483872,30.0,20.5,33.0,39.5,19.0,92.6829268292683,0.04443548387096776,4.863016011816411,0.15961196015490603,52.04999999999999,50.8,32.2,50.8,72.8,40.599999999999994,126.08695652173911,0.14680241935483873,13.671948166470887,0.2626695132847433,20.65
17,180.0,388.7105068498703,32.503592999460636,8.016909439826444,0.0,9948.128952000568,600.6112214493635,276.0304837405057,10824.770657190438,2.1758872908181903,,,154.35651710637578,127,22.85,1.7865,1.603,0.915,34.1,41.35,25.0,102.25,43.25,15.91,4.71,4.0,4.0,0.0254998920976815,0.0554848911325805,2.1758872908181903,19.087601455359643,21.272613849033064,0.5477918580448499,480.0,31,32.067741935483866,31.25,22.85,32.15,45.65,22.799999999999997,99.78118161925599,0.08178024193548383,7.589121033724268,0.23665904038371627,153.4516129032258,155.0,127.0,155.0,171.0,44.0,34.645669291338585,0.14852822580645145,13.849401213716593,0.09025256204019644,31.129032258064516,31.0,25.0,32.0,41.0,16.0,64.0,0.04437499999999995,4.856212073100261,0.15600266763327264,53.61451612903225,54.5,34.1,56.6,80.7,46.6,136.65689149560117,0.15132459677419352,14.093244206287796,0.2628624712824053,22.85
17,190.0,385.115654158623,30.02279777248041,8.025040964233431,0.0,9546.830482153442,518.3817986425026,260.93785227392516,10326.150133069868,1.986610199038199,,,155.79735425474803,127,21.15,1.653,1.527,0.95,32.6,39.55,22.0,102.95,43.4,16.0,4.795,4.0,4.0,0.0252696163537524,0.050200877574147,1.986610199038199,19.72171808832426,21.34905042567125,0.609079392818008,490.0,31,32.791935483870965,32.1,21.15,32.1,45.3,24.15,114.18439716312058,0.08383669354838705,7.749646193796996,0.23632780680508275,154.8709677419355,155.0,127.0,155.0,171.0,44.0,34.645669291338585,0.14207661290322576,13.291581133644637,0.08582358157529343,31.387096774193548,31.0,22.0,33.0,33.0,11.0,50.0,0.04155241935483869,4.7305913608824754,0.1507177103672731,55.008064516129025,56.15,32.6,56.4,77.3,44.699999999999996,137.1165644171779,0.15306048387096768,14.234430657003191,0.25876988732860223,21.15
17,200.0,381.92799562101914,28.017871223069964,8.044930879473027,0.0,9748.804333310993,497.80192592307054,297.7176743523471,10544.323933586413,1.6720603739968924,,,157.09767466100342,130,21.65,1.691,1.5565,0.92,33.15,40.15,24.5,102.15,43.4,16.0,4.71,4.1,4.0,0.0282348755811682,0.0472104166240039,1.6720603739968924,19.603784742755764,21.29778348859621,0.6844753774142565,500.0,31,33.64193548387097,32.15,21.65,31.25,47.5,25.85,119.39953810623557,0.08522177419354839,7.874231145263152,0.23405999185267784,156.29032258064515,158.5,130.0,158.5,171.0,41.0,31.53846153846154,0.13385080645161287,12.544437142646396,0.08026368450403268,32.16129032258065,32.0,24.5,30.0,46.0,21.5,87.75510204081633,0.04433467741935484,5.093111519124292,0.15836154171800707,56.66612903225806,56.35,33.15,50.65,84.0,50.85,153.39366515837105,0.15613911290322574,14.527854780253312,0.256376340299919,21.65
17,210.0,378.80439613622,26.250068277832135,8.036227571060865,0.0,9841.998506834429,435.2543610190772,285.06136830999156,10562.314236163496,1.5268795052781667,,,158.39309314251912,133,22.6,1.77,1.666,0.92,35.3,42.7,23.0,99.1,44.8,15.73,4.81,4.1,4.0,0.026988533188493,0.0412082382030297,1.5268795052781667,19.94350282485875,21.18847539015606,0.7686422041733267,510.0,31,34.53548387096774,35.0,22.6,35.75,49.35,26.75,118.36283185840708,0.08698588709677418,8.038015857457061,0.23274658283314864,157.67741935483872,162.0,133.0,162.0,173.0,40.0,30.075187969924812,0.12699596774193558,11.901364338523528,0.07547919281796836,32.725806451612904,33.0,23.0,29.5,42.0,19.0,82.6086956521739,0.04534274193548389,5.18465477744568,0.15842710507719673,58.243548387096766,56.4,35.3,56.15,82.05,46.75,132.4362606232295,0.15632056451612905,14.544132504985665,0.2497123356620175,22.6
17,220.0,375.96369687107904,24.87915803962147,8.023298316668145,0.0,9831.310025731733,372.69413999025016,273.55146002780174,10477.555625749785,1.3624278954766766,,,159.58987662730237,135,23.5,1.837,1.708,0.905,35.2,42.65,25.0,101.0,44.3,15.76,4.81,4.15,4.0,0.0261083281061775,0.035570714516114,1.3624278954766766,19.16167664670659,20.60889929742389,0.7803595558417663,520.0,31,35.42258064516129,35.75,23.5,35.0,50.1,26.6,113.19148936170212,0.08869959677419355,8.192871278431403,0.23128950881647709,158.96774193548387,164.0,135.0,164.0,173.0,38.0,28.14814814814815,0.12034274193548394,11.289327913174583,0.07101647023303817,33.403225806451616,33.0,25.0,28.5,44.0,19.0,76.0,0.04588709677419358,5.243121453928486,0.1569645244536775,59.93387096774194,56.6,35.2,56.35,87.7,52.5,149.14772727272725,0.15933467741935486,14.830887740887114,0.24745419412120914,23.5
17,230.0,373.106465986924,23.255105675409315,8.009558610797288,0.0,9097.59768296128,328.8987694447045,260.34653053798917,9686.842982943974,1.2633115131784418,,,160.8120080183836,137,25.6,2.0,1.848,0.94,39.7,48.1,31.0,102.5,43.1,16.0,4.69,4.2,4.5,0.0268763033525362,0.0339531434569353,1.2633115131784418,19.85,21.482683982683984,0.8606795764059675,530.0,31,36.18548387096774,35.75,25.6,35.75,47.15,21.549999999999997,84.17968749999997,0.0881008064516129,8.146647506268934,0.22513579023341831,160.19354838709677,164.0,137.0,164.0,173.0,36.0,26.277372262773724,0.11336693548387104,10.644777607943748,0.06644947761704716,33.66129032258065,33.0,31.0,28.0,33.0,2.0,6.451612903225806,0.040221774193548415,5.00730648947814,0.14875563121592938,61.34354838709677,58.15,39.7,59.0,78.9,39.2,98.74055415617129,0.15484879032258064,14.474119097752167,0.23595177452755092,25.6
17,240.0,370.4956205577874,21.65988991414244,8.041702187584828,0.0,7976.720525705615,291.46535671064544,255.95714389383016,8524.143026310092,1.138727180170224,,,161.94523408851362,139,24.4,1.91,1.879,0.97,40.5,49.0,29.0,104.6,42.3,16.22,4.64,4.3,4.5,0.0300273168931831,0.0341929218938521,1.138727180170224,21.204188481675395,21.55401809473124,0.9511549246581644,540.0,31,36.96290322580645,36.25,24.4,36.25,49.7,25.300000000000004,103.68852459016396,0.08944556451612903,8.252049924533253,0.2232522124715546,161.4516129032258,164.0,139.0,164.0,176.0,37.0,26.618705035971225,0.10796370967741935,10.103097576741566,0.06257662834745027,33.854838709677416,33.0,29.0,29.5,37.0,8.0,27.586206896551722,0.040524193548387086,5.0169604815184945,0.14819035247934573,62.704838709677425,59.0,40.5,58.15,81.9,41.400000000000006,102.22222222222224,0.1533185483870968,14.354652874235063,0.22892416549697092,24.4
17,250.0,368.2096514127764,20.694468604981765,8.022420659721906,0.0,7056.898937534537,260.0036511024956,240.46507719425895,7557.367665831292,1.0812532702719757,,,162.950644476013,144,26.1,2.04,2.008,0.98,43.7,53.0,27.0,104.1,43.1,16.24,4.71,4.3,4.5,0.0318186288966011,0.0344039965500204,1.0812532702719757,21.42156862745098,21.762948207171316,0.9503741824680394,550.0,31,37.77258064516129,38.6,26.1,38.6,49.5,23.4,89.6551724137931,0.08892338709677418,8.209586253375555,0.2173424773514174,162.6451612903226,164.0,144.0,164.0,176.0,32.0,22.22222222222222,0.1022782258064515,9.531695851549795,0.058604238674740905,34.17741935483871,33.0,27.0,31.0,39.0,12.0,44.44444444444444,0.04050403225806449,5.015888733310004,0.1467603121591412,63.94354838709678,64.5,43.7,64.5,78.9,35.2,80.5491990846682,0.14878830645161287,14.027762603348902,0.21937729383469085,26.1
17,260.0,366.0026121256112,19.97427066157344,7.937584431938663,0.0,6037.428222740389,251.72634380578356,217.75702673363244,6506.911593279805,1.1559964221669112,,,163.933256245199,146,23.6,1.843,1.7875,0.97,38.55,46.75,27.5,103.4,43.85,16.125,4.65,4.4,4.5,0.0334654964359016,0.0386859941459418,1.1559964221669112,20.91698317959848,21.566433566433563,0.9510645643604824,560.0,31,38.4741935483871,38.9,23.6,38.9,47.85,24.25,102.75423728813558,0.08748790322580646,8.107536318838807,0.21072660843800034,163.67741935483872,164.0,146.0,164.0,176.0,30.0,20.54794520547945,0.09832661290322585,9.171103520566446,0.05603157452454864,34.62903225806452,33.0,27.5,33.0,41.0,13.5,49.09090909090909,0.04000000000000001,4.978232186120364,0.14375891734488241,65.20645161290322,66.85,38.55,66.85,82.85,44.3,114.91569390402076,0.14716330645161294,13.906297985298385,0.2132656760385129,23.6
17,270.0,363.88152779884706,19.236815796833408,7.86604671551883,0.0,4910.112636599565,252.1326974325508,212.1221397557055,5374.367473787822,1.1886203756143712,,,164.88883171109435,150,26.0,2.036,1.977,0.96,41.1,49.8,28.0,102.6,44.2,15.89,4.85,4.5,5.0,0.0394692288516332,0.0469139296228378,1.1886203756143712,20.18664047151277,20.78907435508346,1.0397717886451765,570.0,31,39.36612903225806,39.3,26.0,40.7,51.25,25.25,97.11538461538461,0.08561895161290324,7.935745996195257,0.2015881721490171,164.7741935483871,167.5,150.0,167.5,180.0,30.0,20.0,0.09679435483870964,9.018350467867743,0.05473157096787393,34.935483870967744,34.0,28.0,35.0,37.0,9.0,32.142857142857146,0.03683467741935484,4.814460744264565,0.13781004900480287,66.49193548387096,68.0,41.1,69.2,78.4,37.300000000000004,90.75425790754258,0.13794556451612902,13.183108490123473,0.19826627686783638,26.0
17,280.0,361.8287901947464,18.25849755212893,7.879209942000418,0.0,3682.5052425290487,265.0051633147883,206.81239567219973,4154.322801516037,1.281379495911961,,,165.8242838213795,150,28.75,2.2465,2.238,0.995,47.75,57.85,30.0,106.2,42.0,16.32,4.69,4.5,5.0,0.0497824568655877,0.0637902194836857,1.281379495911961,21.255286000445135,21.336014298480787,1.0328578333583631,580.0,31,40.25,40.7,28.75,42.25,53.4,24.65,85.73913043478261,0.08548387096774197,7.923298976226169,0.1968521484776688,165.61290322580646,169.0,150.0,169.0,176.0,26.0,17.333333333333332,0.09405241935483866,8.805026667969605,0.0531663082795204,35.516129032258064,34.5,30.0,36.5,46.0,16.0,53.333333333333336,0.039052419354838705,5.030712128131467,0.14164584556955084,68.2467741935484,69.2,47.75,74.4,95.5,47.75,100.0,0.139108870967742,13.310502967480677,0.19503490274473606,28.75
17,290.0,359.85741248497595,17.15394531575627,7.852408778156466,0.0,2566.6520119916127,284.87811740521806,184.77770405554577,3036.307833452376,1.5417342631315587,,,166.7327055615535,150,27.7,2.169,2.271,1.01,48.7,59.0,33.0,108.4,41.2,16.52,4.52,4.6,5.0,0.06085605089832,0.0938238587888181,1.5417342631315587,22.45274319963117,21.444297666226333,1.0299500503466763,590.0,31,41.0,42.25,27.7,44.15,52.0,24.3,87.72563176895306,0.08517137096774192,7.898807926938511,0.19265385187654907,166.5483870967742,169.0,150.0,169.0,179.0,29.0,19.333333333333332,0.09207661290322577,8.629749744063341,0.051815270591896875,36.03225806451613,35.0,33.0,38.0,46.0,13.0,39.39393939393939,0.041834677419354864,5.261393167642591,0.14601896884236376,69.83548387096776,71.6,48.7,74.35,97.0,48.3,99.17864476386036,0.14327620967741939,13.715527657539509,0.1963976892160029,27.7
17,300.0,357.96382635155317,16.320058863688857,7.807205085080258,0.0,1785.3962920518752,286.3532451425804,184.5557430755626,2256.305280270018,1.551581329145303,,,167.61470177457127,151,29.0,2.267,2.388,0.99,54.5,66.0,34.0,106.8,42.6,16.46,4.52,4.6,5.0,0.0817955551890018,0.1269124562383294,1.551581329145303,24.04058226731363,22.82244556113903,1.1456361390558651,600.0,31,41.77903225806452,42.55,29.0,39.3,51.85,22.85,78.79310344827586,0.08315322580645162,7.732515483264469,0.18508124926162878,167.48387096774192,169.0,151.0,169.0,179.0,28.0,18.543046357615893,0.08893145161290338,8.34314476178671,0.04981461625874192,36.33870967741935,35.0,34.0,35.0,42.5,8.5,25.0,0.04379032258064516,5.3547285906542355,0.14735604643611303,71.26612903225808,72.8,54.5,71.6,93.05,38.55,70.73394495412843,0.14368145161290322,13.750426581848133,0.19294476588765058,29.0
17,310.0,356.0898298322447,15.39353942038551,7.812064540851536,0.0,1153.4279726197035,306.49079700344913,157.63847848658352,1617.5572481097363,1.9442638621352484,,,168.4968088761935,151,28.85,2.256,2.311,1.04,50.7,61.45,34.5,107.0,42.55,16.52,4.575,4.7,5.0,0.0974546518652112,0.1894775578185017,1.9442638621352484,22.473404255319153,21.93855473820857,1.1422156660890934,610.0,31,42.57903225806451,43.5,28.85,43.5,53.8,24.949999999999996,86.48180242634314,0.082179435483871,7.648777398965453,0.17963718274777762,168.38709677419354,169.0,151.0,169.0,179.0,28.0,18.543046357615893,0.08526209677419355,8.008026887046265,0.04755724779663491,36.53225806451613,36.5,34.5,39.0,40.0,5.5,15.942028985507246,0.04449596774193551,5.375772012574826,0.14715137517864865,72.26935483870967,74.35,50.7,68.0,85.6,34.89999999999999,68.83629191321496,0.14153427419354841,13.620307616566244,0.18846588082824273,28.85
17,320.0,354.3409703752955,14.60720648628992,7.789279355025821,0.0,791.895054352775,339.7107503786951,165.12891878090198,1296.734723512372,2.05724565319436,,,169.32842944029815,153,28.5,2.228,2.189,0.99,50.8,61.5,33.0,106.9,42.6,16.42,4.5,4.7,5.5,0.127342096873622,0.261973975261914,2.05724565319436,22.800718132854573,23.206943809958883,1.2970571887263722,620.0,31,43.372580645161285,44.15,28.5,42.55,53.45,24.950000000000003,87.54385964912282,0.07989717741935483,7.450467979817078,0.17177829561885347,169.29032258064515,169.0,153.0,169.0,179.0,26.0,16.99346405228758,0.08046370967741923,7.547377241519496,0.044582449406841536,36.88709677419355,37.0,33.0,39.5,45.5,12.5,37.878787878787875,0.048608870967741906,5.595697271742749,0.15169795839442518,73.58064516129032,74.4,50.8,72.8,91.35,40.55,79.82283464566929,0.13915927419354834,13.429958286230546,0.18252025728765758,28.5
17,330.0,352.68341891195524,13.584969110783767,7.750154440299314,0.0,556.232763038784,363.66034917861583,141.44328953721103,1061.336401754611,2.5710682377967724,,,170.1242439610651,155,32.15,2.514,2.5985,1.04,56.6,68.6,32.0,108.45,41.75,16.545,4.55,4.8,5.5,0.1332690458024201,0.3426438107440857,2.5710682377967724,22.51392203659507,21.781797190686937,1.2834117597250905,630.0,31,44.14032258064516,45.3,32.15,45.65,52.3,20.15,62.67496111975116,0.07570161290322582,7.084059798294086,0.16048953392561602,170.03225806451613,171.0,155.0,171.0,176.0,21.0,13.548387096774194,0.07401209677419368,7.003493751777238,0.041189206280609826,37.24193548387097,37.0,32.0,41.0,44.0,12.0,37.5,0.05040322580645161,5.6889819940857835,0.15275742036956197,75.00000000000001,77.3,56.6,80.7,94.8,38.199999999999996,67.49116607773851,0.13729637096774194,13.266203928278303,0.17688271904371067,32.15
17,340.0,351.0032376538687,12.64535421332351,7.706400775805231,0.0,474.14948031181854,384.8441507108266,132.44481851568645,991.4384495383316,2.905694273462624,,,170.93859418803194,155,32.1,2.508,2.676,1.07,56.4,68.4,33.0,108.9,41.2,16.62,4.61,4.8,5.5,0.1335885435725839,0.3881674660590693,2.905694273462624,22.48803827751196,21.076233183856505,1.2857397452347632,640.0,31,44.86290322580644,45.65,32.1,45.3,54.55,22.449999999999996,69.93769470404983,0.07426209677419354,6.96162059367807,0.15517543656589627,170.80645161290323,171.0,155.0,171.0,179.0,24.0,15.483870967741936,0.06973790322580645,6.601360237803063,0.03864819024964966,37.564516129032256,38.0,33.0,33.0,42.0,9.0,27.272727272727273,0.0498991935483871,5.665306604653554,0.15081537547811094,76.40483870967742,78.4,56.4,77.3,100.15,43.75000000000001,77.57092198581562,0.14063709677419356,13.555499221341313,0.17741676378441693,32.1
17,350.0,349.6127935385064,12.17092670611653,7.739285523804091,0.0,492.4627579307402,420.330742497149,134.47763224006104,1047.2711326679505,3.1256554379750003,,,171.61843361830975,158.5,31.25,2.443,2.4845,1.02,50.65,61.45,30.0,103.8,44.8,16.155,4.89,4.9,5.5,0.1284076568571844,0.4013580909332863,3.1256554379750003,20.732705689725744,20.3863956530489,1.4656125810780285,650.0,31,45.569354838709664,47.15,31.25,47.5,54.0,22.75,72.8,0.07155443548387097,6.730647287091027,0.14770117573342434,171.6451612903226,171.0,158.5,171.0,181.0,22.5,14.195583596214512,0.06570564516129035,6.16332370882667,0.03590735481556601,38.03225806451613,39.0,30.0,46.0,47.5,17.5,58.333333333333336,0.05296370967741937,5.870740276817692,0.15436212771954916,77.64838709677419,78.9,50.65,84.0,94.95,44.300000000000004,87.46298124383021,0.13894758064516127,13.426761112736559,0.17291745024919336,31.25
18,0.0,468.956518954918,45.943668097018055,4.350120104419787,0.0,35111.071240026,11322.255180697442,1473.1317899103694,47906.45821063381,7.68583996234738,,,127.94363139190726,83,1.2,0.101,0.153,1.51,6.4,7.7,21.0,117.9,33.8,19.16,2.54,0.0,0.0,0.0307501711655105,0.2363408943929033,7.68583996234738,63.366336633663366,41.830065359477125,0.1289252922721413,300.0,30,14.715,16.35,1.2,17.5,26.8,25.6,2133.3333333333335,0.07391332470892627,7.620403080116449,0.517866332321879,121.78333333333333,126.5,83.0,126.0,148.0,65.0,78.3132530120482,0.18509994574969746,18.222609740295884,0.14963139242065868,25.0,23.75,21.0,22.0,35.0,14.0,66.66666666666667,0.04070859241330384,6.220100897285653,0.24880403589142613,26.99833333333333,25.8,6.4,26.8,48.3,41.9,654.6875,0.1300832533489129,13.519427166841803,0.5007504352185371,1.2
18,10.0,464.3125686401757,44.97338320652761,4.157587968970297,0.0,33590.16394094706,9950.80775756059,1346.7447482916195,44887.71644679927,7.388785269208174,,,129.22329493625594,77,1.3,0.11,0.133,1.21,5.9,7.1,22.0,116.0,34.5,18.98,2.27,3.0,2.0,0.0300025230708221,0.2216822005047693,7.388785269208174,53.63636363636364,44.3609022556391,0.1476834836823826,310.0,30,15.785,16.45,1.3,17.55,33.3,31.999999999999996,2461.538461538461,0.07632070260715863,7.905575836733515,0.5008283710315816,123.95,127.25,77.0,122.5,148.0,71.0,92.20779220779221,0.17505523641184265,17.29278801238769,0.13951422357714957,25.4,24.0,22.0,24.0,33.0,11.0,50.0,0.04286483650022095,6.338715196696218,0.24955571640536292,28.81833333333333,27.85,5.9,23.05,61.0,55.1,933.8983050847457,0.13721539438798055,14.303269962116893,0.49632537026604223,1.3
18,20.0,460.09225270479135,45.79229913576648,4.1092595827373275,0.0,33310.570013936194,9026.96858930366,1279.9457565894488,43617.4843598293,7.05261808387644,,,130.40862924179197,83,6.4,0.533,0.523,0.98,15.1,18.2,22.0,110.5,37.4,17.42,3.46,3.0,2.0,0.0293447862795188,0.2069575703824242,7.05261808387644,28.330206378986865,28.87189292543021,0.1540027530211721,320.0,30,16.779999999999998,16.65,6.4,22.3,31.15,24.75,386.71875,0.07606756219042002,7.898085756731795,0.4706844908660188,126.43333333333334,128.25,83.0,127.0,151.5,68.5,82.53012048192771,0.16074285479068628,15.582778587458241,0.12324897380009155,25.9,24.75,22.0,28.0,37.0,15.0,68.18181818181819,0.04765851182063914,6.645454759872889,0.25658126485995714,30.711666666666666,29.0,15.1,44.3,62.7,47.6,315.2317880794702,0.14271133766002114,14.911345387468154,0.48552706531073386,6.4
18,30.0,454.23540988705975,45.15222138522791,3.937624508204861,0.0,31574.02154699602,7224.6404797731475,1092.7770892359597,39891.43911600513,6.61126642472384,,,132.0900984247756,100,5.0,0.4145,0.3745,0.905,12.2,14.75,27.0,110.35,37.05,17.61,3.115,3.1,2.0,0.0273937745404005,0.1811075418654048,6.61126642472384,29.43305186972256,32.576769025367156,0.145858674940054,330.0,30,17.470000000000002,17.15,5.0,16.4,27.1,22.1,442.0,0.07535696741444244,7.864121934018027,0.45015008208460366,128.9,129.0,100.0,129.0,157.0,57.0,57.0,0.15078598329785503,14.27223008937769,0.11072327454908991,26.533333333333335,26.0,27.0,23.0,41.0,14.0,51.851851851851855,0.05426969051907647,7.147381161744795,0.2693736618748038,32.375,29.775,12.2,30.9,65.0,52.8,432.78688524590166,0.15316440150646798,15.862625505603871,0.48996526658235895,5.0
18,40.0,449.4873046875,44.87624902002951,3.796388535369569,0.0,31247.919328863227,5814.784077728662,974.465610486558,38037.16901707844,5.9671516523043815,,,133.4854163271957,105,10.2,0.846,0.782,0.92,21.8,26.3,19.0,110.2,36.8,17.04,3.67,3.1,2.0,0.0256187733122049,0.1528711054999351,5.9671516523043815,25.76832151300237,27.877237851662404,0.1493101960538433,340.0,30,18.081666666666667,17.525,10.2,13.4,23.35,13.150000000000002,128.92156862745102,0.07059660441426144,7.568850449469641,0.4185925218620873,130.8,131.0,105.0,133.0,157.0,52.0,49.523809523809526,0.1488081494057726,14.08508626783712,0.10768414577857124,26.55,26.0,19.0,22.0,27.5,8.5,44.73684210526316,0.05491680814940578,7.149089645445823,0.269268913199466,33.61,30.674999999999997,21.8,23.8,49.25,27.45,125.91743119266054,0.14986757215619692,15.678936012458198,0.4664961622272597,10.2
18,50.0,444.8220324160447,43.53068537901042,3.701974276197793,0.0,29268.19630332092,4777.12007856932,905.4934784992608,34950.8098603895,5.27570898300315,,,134.88540501042817,114,2.9,0.244,0.227,0.91,7.9,9.6,14.0,105.6,38.5,17.94,3.02,3.2,2.0,0.025907653702911,0.1366812413689827,5.27570898300315,32.37704918032787,34.801762114537446,0.1464675737053365,350.0,30,18.891666666666666,18.05,2.9,16.5,34.5,31.6,1089.655172413793,0.07533962978999788,7.985105567213262,0.4226787243341824,132.46666666666667,133.0,114.0,133.0,155.0,41.0,35.96491228070175,0.14649545356137714,13.883712445321239,0.10480910250619958,27.2,26.75,14.0,20.0,38.5,24.5,175.0,0.057187702966009966,7.323321274036707,0.2692397527219378,35.14666666666667,32.2,7.9,29.1,67.9,60.00000000000001,759.4936708860761,0.16275993180342074,16.706936063913037,0.4753490913480568,2.9
18,60.0,440.36802496328926,41.94192297621627,3.643151373364753,0.0,27313.813546566285,4010.3252340373024,857.6138931755066,32181.752673779098,4.676143035869183,,,136.24967436044392,110.5,5.65,0.4685,0.3985,0.92,11.6,14.05,28.5,100.65,38.1,17.05,3.475,3.2,2.5,0.0266490735252672,0.1246148795775444,4.676143035869183,24.759871931696903,29.109159347553323,0.1506519192376082,360.0,30,19.708333333333332,18.775,5.65,21.15,27.4,21.75,384.95575221238937,0.07002772493625285,7.533249096772454,0.3822367406396171,133.83333333333334,133.0,110.5,137.0,155.0,44.5,40.27149321266968,0.14795402112761552,14.020510427358847,0.1047609745506265,27.933333333333334,27.25,28.5,22.5,36.0,7.5,26.31578947368421,0.05390375197312501,7.052430900703345,0.25247365992971404,37.01166666666666,33.925,11.6,36.15,63.85,52.25,450.43103448275866,0.16229145586271096,16.68334231859852,0.4507590125257402,5.65
18,70.0,435.7101085574128,40.14175084255624,3.5254294696132074,0.0,24755.467287929732,3275.727671020047,772.9172071246979,28804.112166074476,4.2381352631622295,,,137.7062382111199,111,3.6,0.299,0.288,0.96,6.1,7.4,9.0,95.0,41.0,16.08,4.69,3.3,2.5,0.0268335716327004,0.1137243061731374,4.2381352631622295,20.40133779264214,21.180555555555557,0.1535704759909947,370.0,30,20.694999999999997,19.2,3.6,18.55,35.25,31.65,879.1666666666666,0.07029215358931555,7.566821293169188,0.3656352400661604,135.35,133.75,111.0,137.0,156.0,45.0,40.54054054054054,0.14611853088480825,13.869558578859452,0.10247180331628705,28.3,27.25,9.0,24.0,39.5,30.5,338.8888888888889,0.06119473315741294,7.362064927722384,0.2601436370219924,38.934999999999995,34.825,6.1,34.35,69.3,63.199999999999996,1036.065573770492,0.1652479939684421,16.976140203441314,0.4360123334645259,3.6
18,80.0,431.4295524135447,39.23258915628013,3.464656144311505,0.0,22683.74423771168,2716.8255072080906,697.7757969491391,26098.345541868912,3.893550792513544,,,139.07253145813084,113,15.7,1.3075,0.9585,0.75,24.8,29.9,28.5,98.0,40.15,15.81,4.055,3.3,2.5,0.0267363996629485,0.1040995300966322,3.893550792513544,18.967495219885276,25.87376108502869,0.1473938973643784,380.0,30,21.578333333333333,19.875,15.7,19.0,30.1,14.400000000000002,91.71974522292996,0.0648971345587543,7.0301160452154265,0.3257951361032869,136.88333333333333,135.75,113.0,139.0,157.0,44.0,38.93805309734513,0.143381650956716,13.625333487429883,0.09953975517421076,29.266666666666666,27.75,28.5,23.5,38.0,9.5,33.333333333333336,0.05456978041926072,6.605553219324884,0.22570227400882292,40.83166666666667,35.724999999999994,24.8,33.5,63.0,38.2,154.03225806451616,0.15848666783202675,16.3481069416221,0.4003781446170561,15.7
18,90.0,427.7490234375,38.628372475382875,3.372814069871294,0.0,21370.754018578125,2305.014165261966,638.7152951594497,24314.48347899954,3.608828820494331,,,140.26916886408,115,13.5,1.1235,0.9515,0.85,22.3,26.9,23.5,102.55,39.0,16.03,4.4,3.4,2.5,0.0262689230355688,0.0948000465341083,3.608828820494331,19.848687138406767,23.43667892800841,0.1443512597685847,390.0,30,22.26833333333333,20.75,13.5,19.0,36.4,22.9,169.62962962962962,0.07004233870967742,7.437318335461277,0.33398630351596187,138.45,137.0,115.0,139.0,160.0,45.0,39.130434782608695,0.14189516129032256,13.48584826580352,0.0974059101899857,29.583333333333332,27.75,23.5,23.5,38.0,14.5,61.702127659574465,0.05933467741935481,6.79259654448076,0.22960889727822287,42.355,37.25,22.3,33.5,70.5,48.2,216.1434977578475,0.1660221774193549,16.92186582807724,0.3995246329377226,13.5
18,100.0,423.45984507415255,36.32425256537649,3.0350712638612123,0.0,21253.071621125942,2027.3717080486588,606.2536755718811,23886.69700474649,3.344098006723394,,,141.6899399032589,121,12.65,1.0545,0.941,0.835,22.4,27.0,27.0,101.05,39.8,16.365,4.09,3.4,2.5,0.0253803895721293,0.0848745101780209,3.344098006723394,21.24229492650545,23.804463336875664,0.1515345280367704,400.0,30,23.071666666666665,21.725,12.65,16.3,37.6,24.950000000000003,197.23320158102769,0.07365683282012667,7.752448815934108,0.33601598566499064,139.85,138.0,121.0,134.5,157.0,36.0,29.75206611570248,0.13798693003805368,13.143209863547085,0.09398076412976107,30.033333333333335,28.5,27.0,25.5,37.0,10.0,37.03703703703704,0.05990264760854656,6.822798158574213,0.2271741895196741,44.041666666666664,41.325,22.4,30.45,72.9,50.50000000000001,225.44642857142864,0.17156173943444178,17.36979683110954,0.3943946300346537,12.65
18,110.0,420.0109024368864,34.95925927708115,3.0281024464699895,0.0,21427.466988733388,1783.2648097088604,542.3842156307095,23753.11601407296,3.287825785334106,,,142.85343464153527,117,12.65,1.0495,0.8285,0.79,17.3,20.85,20.0,97.8,41.1,15.62,4.525,3.5,3.0,0.0228342342667532,0.0750749842105908,3.287825785334106,16.484040019056692,20.881110440555226,0.1433620408945317,410.0,30,24.105,22.825000000000003,12.65,27.7,43.65,31.0,245.0592885375494,0.07939805589961767,8.357810202398134,0.3467251691515509,141.15,139.5,117.0,133.0,160.0,43.0,36.75213675213675,0.1380809413538694,13.143209863547085,0.09311519563263963,30.366666666666667,31.0,20.0,33.0,37.0,17.0,85.0,0.0622112122354462,6.913172500595405,0.22765661363102319,45.91666666666667,44.9,17.3,45.5,78.65,61.35000000000001,354.62427745664746,0.17860681781463736,17.978427366561085,0.3915446976383539,12.65
18,120.0,416.9018656554242,34.620314724638135,3.0043361924088403,0.0,22738.969103527896,1652.5333328042584,509.35232381821805,24900.85476015037,3.244381650046282,,,143.91876108702982,122.5,16.8,1.398,1.159,0.835,28.9,34.85,26.5,103.95,38.75,16.26,4.105,3.6,3.0,0.0204552144383955,0.0663645223716922,3.244381650046282,20.67238912732475,24.935289042277823,0.1350439627325788,420.0,30,24.983333333333334,23.725,16.8,19.4,39.0,22.2,132.14285714285714,0.08108228437284981,8.495915178051373,0.3400633159993878,142.48333333333332,140.5,122.5,140.0,157.0,34.5,28.163265306122447,0.1321912818229652,12.627612965062015,0.08862519334468605,31.0,33.0,26.5,33.5,39.0,12.5,47.16981132075472,0.06079248795887808,6.800101419121984,0.21935811029425756,48.03000000000001,46.9,28.9,35.3,80.7,51.800000000000004,179.23875432525952,0.18130934552960706,18.223207068517578,0.37941301412695344,16.8
18,130.0,413.89794112569064,34.14300459849488,2.975922131307637,0.0,24074.142557397932,1554.9240031398788,463.9216576071523,26092.988218144965,3.351695221904438,,,144.9632724357512,127.5,20.35,1.696,1.5795,0.94,38.35,46.2,23.0,108.45,38.3,16.63,4.25,3.6,3.0,0.0177795526418297,0.0595916416372192,3.351695221904438,22.612028301886795,24.279835390946506,0.1551231955781924,430.0,30,25.78666666666667,25.375,20.35,24.1,40.9,20.549999999999997,100.98280098280095,0.08556654578913185,8.828343201199244,0.3423607756411289,143.73333333333332,143.0,127.5,141.0,160.0,32.5,25.49019607843137,0.13006332539510715,12.435858422828867,0.08652035080817858,31.55,33.25,23.0,38.0,43.0,20.0,86.95652173913044,0.06526575016237282,7.08489164738406,0.22456074952088936,49.92666666666667,48.775,38.35,53.1,85.8,47.449999999999996,123.72881355932203,0.19210705780471965,19.103320407057844,0.3826275952809022,20.35
18,140.0,410.5281464041096,32.591305691001686,2.9701539481251076,0.0,26663.527942071996,1464.5071024880394,417.5143221329431,28545.549366692976,3.507681113803127,,,146.1531944290565,129,10.25,0.8555,0.8535,1.0,22.3,26.9,29.0,107.75,38.4,17.085,4.01,3.65,3.0,0.0146262493241801,0.0513042185202023,3.507681113803127,26.0666277030976,26.12770943175161,0.1539779140030497,440.0,30,26.301666666666666,26.725,10.25,26.65,35.8,25.549999999999997,249.26829268292678,0.0883616298811545,8.950057631613072,0.34028480951573686,144.81666666666666,146.5,129.0,145.0,160.0,31.0,24.031007751937985,0.12969439728353122,12.388456343496257,0.08554579130046903,31.816666666666666,33.25,29.0,36.0,31.0,2.0,6.896551724137931,0.05954838709677419,6.9001291009078525,0.21687152752984346,50.56833333333334,50.625,22.3,52.0,57.6,35.3,158.29596412556052,0.18984685908319188,19.024192779709217,0.37620762887925674,10.25
18,150.0,407.1097995923913,30.05734847052311,2.866221038213828,0.0,29458.791041785695,1419.872575018586,383.90769852717943,31262.57131533146,3.69847382708337,,,147.38038745339347,126,17.5,1.452,1.239,0.85,26.8,32.3,22.0,94.6,46.1,15.67,4.63,3.7,3.5,0.0122801062860401,0.0454176516927213,3.69847382708337,18.457300275482098,21.630347054075862,0.1698886710397079,450.0,30,27.35333333333333,26.950000000000003,17.5,26.8,41.8,24.299999999999997,138.85714285714283,0.08751760275094149,8.851971661661064,0.3236158296975773,145.85,148.0,126.0,148.0,160.0,34.0,26.984126984126984,0.12900769608645815,12.316340421542039,0.08444525486144697,32.18333333333333,34.25,22.0,35.0,40.0,18.0,81.81818181818181,0.0629155067954806,7.036215839024079,0.21862918194792583,52.501666666666665,52.55,26.8,48.3,80.3,53.5,199.62686567164178,0.18999672506959217,18.999471332632922,0.3618832036944781,17.5
18,160.0,403.87251180836705,28.346081743273807,2.877479909134797,0.0,30391.68959270519,1312.2608028014554,335.61872235879673,32039.56911786544,3.909974966767704,,,148.56173234307494,122.5,17.55,1.4575,1.102,0.785,23.05,27.85,24.0,96.35,42.5,15.445,4.96,3.8,3.5,0.0104751322068077,0.0409575047022006,3.909974966767704,15.8147512864494,20.916515426497277,0.1977107268473136,460.0,30,28.116666666666664,27.25,17.55,33.3,40.4,22.849999999999998,130.1994301994302,0.08934770379111151,8.959702247720964,0.3186616092846816,146.98333333333332,149.75,122.5,148.0,160.0,37.5,30.612244897959183,0.12505797121334786,11.986690415891985,0.08155135785843283,32.81666666666667,35.5,24.0,33.0,41.0,17.0,70.83333333333333,0.061817894924603115,6.94247711596856,0.21155339104017956,54.115,55.35,23.05,61.0,75.2,52.150000000000006,226.24728850325383,0.18767010606330858,18.795607291286863,0.34732712355699646,17.55
18,170.0,401.2573732429719,27.017460245507724,2.8887661491552454,0.0,30746.09198477807,1263.5056661143608,301.5626074580129,32311.160258350446,4.189861855768312,,,149.5299625651201,127,22.3,1.852,1.713,0.89,44.3,53.4,28.0,107.3,38.3,16.53,4.08,3.8,3.5,0.0093330788819345,0.0391043112042942,4.189861855768312,23.92008639308855,25.8610624635143,0.1990454610217208,470.0,30,28.884999999999994,27.549999999999997,22.3,31.15,40.6,18.3,82.0627802690583,0.09042007291206364,9.010493403765986,0.31194368716517185,148.3,153.25,127.0,151.5,162.0,35.0,27.559055118110237,0.11852767344233318,11.357513083781848,0.07658471398369418,33.516666666666666,36.0,28.0,37.0,45.0,17.0,60.714285714285715,0.06370967741935483,7.08018523687804,0.21124371666468544,55.919999999999995,59.3,44.3,62.7,77.2,32.900000000000006,74.2663656884876,0.18203118095448523,18.303111663095,0.3273088637892525,22.3
18,180.0,399.0852864583333,25.902708296536904,2.9032746978956516,0.0,30021.356321632557,1179.634520395436,255.5891698993239,31456.58001192732,4.61535408898621,,,150.3438037830651,129,16.4,1.363,1.268,0.96,30.9,37.3,23.0,108.6,39.7,16.56,4.35,3.9,3.5,0.0081251416969808,0.0375004059547527,4.61535408898621,22.670579603815114,24.369085173501578,0.2295848159724847,480.0,30,29.218333333333327,28.9,16.4,27.1,32.3,15.899999999999999,96.95121951219511,0.08869861870383512,8.94320666217095,0.3060820259712835,149.46666666666667,155.0,129.0,157.0,162.0,33.0,25.58139534883721,0.11331218962567287,10.881757380044865,0.07280390753821274,33.916666666666664,36.5,23.0,41.0,40.0,17.0,73.91304347826087,0.06440136877686435,7.096725001514885,0.2092400491847141,56.333333333333336,59.3,30.9,65.0,56.7,25.800000000000004,83.49514563106798,0.17593999081917966,18.171189461253814,0.3225654933950381,16.4
18,190.0,396.69973613410593,24.87645297907567,2.925907465524376,0.0,27469.387813148263,1142.69213256558,215.58830423333745,28827.66824994718,5.300343804034988,,,151.24789490587602,133,13.4,1.113,1.0265,0.97,23.8,28.65,22.0,103.85,41.2,16.295,4.49,3.95,3.75,0.0074785203702256,0.039638729107675,5.300343804034988,21.38364779874214,23.185582075012174,0.230376240653304,490.0,30,30.124999999999996,30.625,13.4,23.35,43.6,30.200000000000003,225.37313432835825,0.08949719495091163,8.977575031614933,0.29801078943120113,150.5,155.5,133.0,157.0,160.0,27.0,20.30075187969925,0.10668302945301524,10.329068456178117,0.06863168409420675,34.516666666666666,37.0,22.0,27.5,41.0,19.0,86.36363636363636,0.06180224403927067,6.9001291009078525,0.1999071685439262,58.089999999999996,61.85,23.8,49.25,83.6,59.8,251.26050420168067,0.17674123422159888,18.17502264856531,0.3128769607258618,13.4
18,200.0,394.16439658717104,24.509204531514943,2.908380399039353,0.0,24298.792857178207,1104.248535570293,183.17232672781364,25586.213719476313,6.028468138700666,,,152.2207498178511,133,16.5,1.369,1.23,0.96,29.1,35.0,20.0,103.4,41.0,16.3,4.42,4.0,4.0,0.0071590243377191,0.0431579501241223,6.028468138700666,21.2563915266618,23.658536585365855,0.2279080523237129,500.0,30,31.15666666666667,31.724999999999998,16.5,34.5,44.35,27.85,168.78787878787878,0.0875374032187292,8.76514190664807,0.2813247643088072,151.46666666666667,156.5,133.0,155.0,162.0,29.0,21.804511278195488,0.10264971903353189,9.986139820057954,0.06592962029087557,35.15,37.0,20.0,38.5,41.0,21.0,105.0,0.057701453665303076,6.576014409750133,0.1870843359815116,60.00833333333333,62.85,29.1,67.9,81.35,52.24999999999999,179.55326460481095,0.16899213010799868,17.453816316868597,0.2908565418725499,16.5
18,210.0,391.85976357984293,23.910413396516766,2.8823216674622674,0.0,20949.62511702886,1059.348478973167,149.7241210459952,22158.69771704802,7.075336101974748,,,153.11600112210746,137,21.15,1.759,1.5235,0.875,36.15,43.6,22.5,104.25,40.4,16.14,4.375,4.1,4.0,0.0067569007419963,0.0478073437573069,7.075336101974748,20.551449687322343,23.72825730226452,0.2672564497003423,510.0,30,32.11333333333334,32.8,21.15,27.4,45.2,24.050000000000004,113.71158392434991,0.08691403568977349,8.676056363520727,0.27016990959686715,152.56666666666666,157.0,137.0,155.0,166.0,29.0,21.16788321167883,0.09980696636925178,9.695122603600769,0.06354679443041798,35.85,37.5,22.5,36.0,41.0,18.5,82.22222222222223,0.05129547014413176,6.000215513370878,0.1673700282669701,61.74833333333333,63.425,36.15,63.85,81.3,45.15,124.89626556016599,0.16230567947838018,16.85804567626356,0.2730121570287494,21.15
18,220.0,389.6541521050065,23.307511978611497,2.8613382801487615,0.0,17573.80746127398,1028.0269723139484,117.9630567735274,18719.797490361456,8.714821406227346,,,153.98270408736929,137,18.55,1.545,1.511,0.94,34.35,41.35,24.0,106.15,40.75,16.435,4.385,4.1,4.0,0.0063015135091212,0.0549165648209209,8.714821406227346,22.233009708737868,22.733289212442095,0.26096431761811,520.0,30,33.120000000000005,33.9,18.55,35.25,51.35,32.8,176.81940700808622,0.0922278451728575,9.101720186032287,0.2748103920903468,153.53333333333333,157.0,137.0,156.0,166.0,29.0,21.16788321167883,0.09831697054698452,9.53390802865491,0.06209666540591561,36.46666666666667,38.0,24.0,39.5,41.0,17.0,70.83333333333333,0.04560807391448937,5.511638678246265,0.15114182847110416,63.526666666666664,64.425,34.35,69.3,89.5,55.15,160.55312954876274,0.16341232775697284,16.878494444488933,0.26569148564102635,18.55
18,230.0,387.2739018087855,22.630038233588923,2.86603963347291,0.0,14135.359692157215,980.6481524897282,94.39074936099456,15210.39859400794,10.389240038123535,,,154.92910758965806,139,19.0,1.581,1.45,0.92,33.5,40.35,23.5,103.85,41.0,16.045,4.63,4.2,4.0,0.0062056723088229,0.0644722192142978,10.389240038123535,21.18912080961417,23.10344827586207,0.2606094578463249,530.0,30,34.108333333333334,34.875,19.0,30.1,48.2,29.200000000000003,153.6842105263158,0.09244628534629122,9.074814364334207,0.26605856919621423,154.5,157.0,139.0,157.0,166.0,27.0,19.424460431654676,0.09552280311457176,9.266178768268894,0.05997526710853653,37.13333333333333,38.0,23.5,38.0,44.0,20.5,87.23404255319149,0.04196036531818977,5.149377822030832,0.13867265229885545,65.445,66.45,33.5,63.0,91.9,58.400000000000006,174.32835820895525,0.16242477021251683,16.717729335586547,0.25544700642656504,19.0
18,240.0,384.3806340144231,20.7926286551308,2.8698431931558583,0.0,9930.904435711676,942.1682218320096,80.5682772162441,10953.64093475993,11.694034605000224,,,156.0952729937706,139,19.0,1.581,1.45,0.92,33.5,40.35,23.5,103.85,41.0,16.045,4.63,4.2,4.0,0.0073553878291346,0.0860141598070978,11.694034605000224,21.18912080961417,23.10344827586207,0.3143518827850356,540.0,30,35.03,35.525,16.3,36.4,46.65,30.349999999999998,186.1963190184049,0.09067853170189098,8.889674366636136,0.25377317632418317,155.4,157.0,134.5,160.0,166.0,31.5,23.42007434944238,0.09283648498331479,9.01665126307988,0.05802220890012792,37.733333333333334,38.25,25.5,38.0,41.5,16.0,62.745098039215684,0.03532814238042271,4.515745123785056,0.11967522412857921,67.25166666666667,68.6,30.45,70.5,87.7,57.25,188.01313628899837,0.15549610678531703,16.062241455497816,0.23883781996229808,19.0
18,250.0,381.5659832802548,18.616309156685062,2.857645961199358,0.0,6412.258612391436,889.6866978969639,66.099349979622,7368.044660268022,13.459840348978446,,,157.24672174440366,134.5,16.3,1.354,1.4925,0.855,30.45,36.7,25.5,94.75,43.05,15.235,5.01,4.3,4.5,0.0089710843279847,0.120749362811897,13.459840348978446,22.488921713441652,20.402010050251256,0.3847772314476014,550.0,31,35.46774193548387,35.8,16.3,37.6,48.6,32.3,198.15950920245396,0.09038508064516132,9.073712474203496,0.2558300015464378,155.8709677419355,157.0,134.5,157.0,170.0,35.5,26.394052044609666,0.0929637096774193,9.244789290852337,0.05931052732127948,37.95161290322581,38.5,25.5,37.0,44.5,19.0,74.50980392156863,0.03610887096774194,4.60317795787084,0.12129070692222357,68.0983870967742,69.3,30.45,72.9,93.5,63.05,207.0607553366174,0.15679435483870968,16.48092070582915,0.2420163150473478,16.3
18,260.0,379.30985462816454,17.197664964626377,2.8663430301571147,0.0,4653.185581178942,824.91914521047,61.786142410694346,5539.890868800106,13.35120001063034,,,158.1820226073949,133,27.7,2.304,1.947,0.89,45.5,54.8,33.0,106.0,39.8,16.31,4.39,4.3,4.5,0.011152952986613,0.1489053060334274,13.35120001063034,19.74826388888889,23.369286081150488,0.3856741317951335,560.0,31,36.45322580645161,36.4,27.7,43.65,46.85,19.150000000000002,69.13357400722023,0.0849032258064516,8.567408549107006,0.23502470246654322,157.0483870967742,160.0,133.0,160.0,171.0,38.0,28.571428571428573,0.08832661290322603,8.742954152449157,0.055670448541835026,38.46774193548387,39.0,33.0,37.0,41.5,8.5,25.757575757575758,0.030221774193548396,4.0206456444020855,0.10451992870143786,69.92903225806451,70.5,45.5,78.65,87.2,41.7,91.64835164835165,0.1440584677419355,15.266743672623557,0.21831767407109987,27.7
18,270.0,377.0281505824937,15.359966444896218,2.956712448653486,0.0,3474.326028524038,757.9228150022549,58.86284981888356,4291.111693345177,12.87608087842034,,,159.1393107047905,140,19.4,1.6125,1.5225,0.925,35.3,42.55,33.5,106.4,40.25,16.855,4.12,4.4,4.5,0.0137173893446237,0.1766262146421569,12.87608087842034,21.89147286821705,23.185550082101805,0.4778915721546837,570.0,31,37.14354838709677,37.6,19.4,39.0,49.1,29.700000000000003,153.09278350515467,0.08690524193548387,8.699738903510113,0.23421938078840898,158.20967741935485,160.0,140.0,157.0,169.0,29.0,20.714285714285715,0.08004032258064515,7.780075185528294,0.04917572244905232,38.725806451612904,39.5,33.5,39.0,41.0,7.5,22.388059701492537,0.028225806451612916,3.9133078711779956,0.1010516818046796,71.36451612903227,72.9,35.3,80.7,90.0,54.7,154.957507082153,0.14043749999999997,14.982646592799659,0.20994532584947312,19.4
18,280.0,375.1578653665414,14.165398205593045,2.941310500685711,0.0,3210.2442658747796,682.9257973417141,58.43294083144063,3951.6030040479345,11.687342578079804,,,159.93267245344322,141,24.1,2.003,1.966,0.98,53.1,64.0,38.0,110.4,37.6,16.86,4.06,4.4,4.5,0.0147871486006016,0.1728224714482047,11.687342578079804,26.510234648027957,27.00915564598169,0.5969484422472391,580.0,31,38.077419354838696,39.0,24.1,40.9,48.35,24.25,100.62240663900414,0.08223588709677422,8.2750210343104,0.2173209522734857,159.1451612903226,160.0,141.0,160.0,169.0,28.0,19.858156028368793,0.07481854838709678,7.24245992784576,0.045508514799476756,39.11290322580645,40.0,38.0,43.0,45.5,7.5,19.736842105263158,0.02895161290322582,3.9722153294674136,0.10155767027916687,73.39032258064516,75.2,53.1,85.8,98.1,44.99999999999999,84.74576271186439,0.13334072580645165,14.167224024456582,0.19303940255731794,24.1
18,290.0,373.469402665212,13.327542751894766,2.9256773212773095,0.0,3389.2654043808984,613.0046462672339,61.60299601992351,4063.873046668056,9.950890149384572,,,160.6557312910199,145,26.65,2.221,2.1135,0.96,52.0,62.7,36.0,108.05,39.5,16.675,4.26,4.5,5.0,0.0151586910596115,0.1508424695426528,9.950890149384572,23.412877082395315,24.603737875561865,0.5915243566648152,590.0,31,38.84838709677418,40.4,26.65,35.8,48.0,21.35,80.1125703564728,0.07921975806451612,8.039366515994567,0.2069420924984071,160.0483870967742,160.0,145.0,160.0,169.0,24.0,16.551724137931036,0.06907258064516122,6.623638021900147,0.041385221944755524,39.274193548387096,40.0,36.0,31.0,43.0,7.0,19.444444444444443,0.030584677419354854,4.026658477524964,0.102526827764496,74.75161290322582,77.2,52.0,57.6,95.3,43.3,83.26923076923077,0.13350201612903223,14.18002987697233,0.18969530323486047,26.65
18,300.0,371.71349158653845,12.331882181288174,2.9493906784021653,0.0,3915.876991813692,535.2270506103288,61.1450166391796,4512.249059063201,8.753404284256485,,,161.41464153993837,148,26.8,2.228,2.019,1.06,48.3,58.2,35.0,105.5,41.5,16.39,4.44,4.6,5.0,0.0135508957592589,0.1186164689946101,8.753404284256485,21.6786355475763,23.92273402674591,0.5935112267493372,600.0,31,39.30483870967741,40.6,26.8,41.8,40.8,13.999999999999996,52.23880597014924,0.07253024193548388,7.7190063570245195,0.19638819571403024,160.88709677419354,160.0,148.0,160.0,171.0,23.0,15.54054054054054,0.06598790322580657,6.292468616554443,0.03911108313046371,39.33870967741935,40.0,35.0,40.0,38.0,3.0,8.571428571428571,0.027701612903225818,3.9882893090776683,0.10138332807003504,75.41612903225807,77.2,48.3,80.3,72.6,24.299999999999997,50.31055900621117,0.11752217741935489,13.54683472929362,0.17962781838748543,26.8
18,310.0,370.257817328492,11.967115838443396,2.9273757199443,0.0,4412.448822251269,472.3192068808061,60.35569563839609,4945.123724770471,7.825594616795931,,,162.04924566594127,148,33.3,2.769,2.568,0.93,61.0,73.5,33.0,106.0,40.3,16.0,4.48,4.6,5.0,0.0122050931377247,0.095512111156072,7.825594616795931,22.029613578909352,23.753894080996883,0.7433836675114256,610.0,31,40.00645161290322,40.8,33.3,40.4,48.55,15.25,45.7957957957958,0.070054435483871,7.530678831016099,0.18823661003184897,161.6290322580645,160.0,148.0,160.0,171.0,23.0,15.54054054054054,0.06379032258064517,6.074492766115653,0.03758293099482791,39.645161290322584,41.0,33.0,41.0,44.5,11.5,34.84848484848485,0.028024193548387095,4.008727038988596,0.10111516534470827,76.93709677419353,78.65,61.0,75.2,95.45,34.45,56.47540983606558,0.11214516129032259,13.03822564450352,0.16946604682485028,33.3
18,320.0,369.1322063577586,12.338024805624835,2.9002018922723236,0.0,4522.144282335859,425.30638399922947,68.39372314337695,5015.844389478465,6.218500243182256,,,162.54338951353571,151.5,31.15,2.593,2.67,1.02,62.7,75.55,37.0,111.1,38.4,16.85,4.23,4.7,5.0,0.0136355352823232,0.0847925794690476,6.218500243182256,24.18048592364057,23.48314606741573,0.586480905258658,620.0,31,40.633870967741935,40.9,31.15,40.6,52.75,21.6,69.34189406099519,0.07343548387096772,7.7600514076559035,0.19097494830892153,162.3709677419355,160.0,151.5,162.0,171.0,19.5,12.871287128712872,0.06066532258064505,5.750315559363509,0.035414678124618806,40.08064516129032,41.0,37.0,45.0,46.5,9.5,25.675675675675677,0.02788306451612897,3.9960329790796862,0.09969981678186743,78.34838709677419,80.3,62.7,77.2,104.75,42.05,67.06539074960128,0.11868548387096764,13.610880965064725,0.17372254196187686,31.15
18,330.0,368.0956791308354,12.586417697461185,2.9309022296593645,0.0,4560.983798317022,377.9676157531881,68.43180464726775,5007.3832187174785,5.5232741223386554,,,163.00109836028173,157,27.1,2.2525,2.4065,1.045,65.0,78.35,41.0,111.25,38.85,17.065,4.25,4.7,5.5,0.0136661808490053,0.0754820630345115,5.5232741223386554,28.85682574916759,27.010180760440477,0.5861054854879953,630.0,31,41.23225806451613,41.8,27.1,32.3,49.7,22.6,83.39483394833948,0.0728004032258065,7.719461859342883,0.18721899361573258,163.06451612903226,162.0,157.0,162.0,173.0,16.0,10.19108280254777,0.0600806451612904,5.691721964812686,0.0349047242154685,40.25806451612903,41.0,41.0,40.0,42.5,1.5,3.658536585365854,0.027358870967741943,3.9767469279591148,0.09878137401180494,79.5209677419355,80.7,65.0,56.7,99.05,34.05,52.38461538461538,0.12111088709677423,13.7825298487708,0.17331944316244235,27.1
18,340.0,366.8880766141371,12.374199206352282,2.894888034392865,0.0,4662.091964649236,354.6728901295748,73.00053527622975,5089.76539005504,4.858497116322686,,,163.53761221600857,157,23.35,1.944,2.103,1.085,49.25,59.35,27.5,110.9,39.05,17.105,4.15,4.8,5.5,0.0143426130050839,0.0696835439257327,4.858497116322686,25.334362139917697,23.4189253447456,0.5742867211348018,640.0,31,41.958064516129035,43.6,23.35,43.6,49.6,26.25,112.41970021413276,0.06874395161290323,7.397455607326454,0.17630593051981244,163.58064516129033,162.0,157.0,160.0,173.0,16.0,10.19108280254777,0.06217741935483865,5.846789395605006,0.03574255004215247,40.32258064516129,41.0,27.5,41.0,43.0,15.5,56.36363636363637,0.029495967741935455,4.005305621083061,0.09933157940285993,80.71129032258065,81.3,49.25,83.6,101.9,52.650000000000006,106.9035532994924,0.1252782258064516,14.07691200558216,0.17441069210169538,23.35
18,350.0,365.6356122176435,12.166206739600147,2.923177594730392,0.0,4755.863103030728,329.916310115891,68.45949520646832,5154.238908353087,4.819146111447214,,,164.09780118541948,155,34.5,2.8685,2.6795,0.92,67.9,81.8,38.5,109.1,38.35,16.685,4.11,4.85,5.5,0.0132821734544592,0.0640087345546246,4.819146111447214,23.670908140142934,25.340548609815265,0.7162582641367562,650.0,31,42.820967741935476,43.65,34.5,44.35,50.1,15.600000000000001,45.217391304347835,0.06166330645161292,6.679867441219031,0.15599524703588835,164.03225806451613,162.0,155.0,162.0,171.0,16.0,10.32258064516129,0.06241935483870976,5.8622172765814025,0.03573819775300363,40.82258064516129,41.0,38.5,41.0,43.0,4.5,11.688311688311689,0.022842741935483888,3.2469174794379314,0.07953729108066052,82.2709677419355,81.35,67.9,81.35,97.6,29.69999999999999,43.74079528718702,0.11519556451612907,13.120961437038753,0.15948471006438256,34.5
18,360.0,364.3243423053528,12.145593396475274,2.8939474682165813,0.0,4607.570284050021,322.1880108983379,69.59590313106031,4999.354198079419,4.62941058889064,,,164.68841917159608,155,27.4,2.282,2.392,1.03,63.85,76.95,36.0,111.2,38.65,17.13,4.075,4.9,5.5,0.0139209786651637,0.0644459260402296,4.62941058889064,27.97984224364593,26.69314381270903,0.716716894425369,660.0,31,43.36935483870967,44.35,27.4,45.2,51.5,24.1,87.95620437956205,0.061544354838709715,6.671789832563109,0.1538365017735553,164.61290322580646,166.0,155.0,166.0,173.0,18.0,11.612903225806452,0.062016129032258054,5.82910753234626,0.03541100009851735,41.11290322580645,41.0,36.0,41.0,47.5,11.5,31.944444444444443,0.025383064516129067,3.4295521510817193,0.08341790245863735,83.57096774193548,83.6,63.85,81.3,108.2,44.35,69.45967110415035,0.12160685483870969,13.635968210298014,0.16316633130784672,27.4
18,370.0,363.1149384469697,12.033422087575383,2.9263907184517586,0.0,4375.9154103539595,329.0504520952951,72.81847891417195,4777.784341363427,4.518776785809175,,,165.2369364273967,156,35.25,2.9355,2.822,0.915,69.3,83.5,39.5,106.65,40.0,16.345,4.41,4.95,5.75,0.0152410560442734,0.0688709302440793,4.518776785809175,23.60756259580991,24.55705173635719,0.72100743783787,670.0,31,44.15483870967741,45.2,35.25,51.35,51.75,16.5,46.808510638297875,0.05631048387096775,6.141313036025083,0.13908584462067328,165.19354838709677,166.0,156.0,166.0,173.0,17.0,10.897435897435898,0.06088709677419356,5.735383479412165,0.03471917357191508,41.483870967741936,41.0,39.5,41.0,47.5,8.0,20.253164556962027,0.025947580645161294,3.479664425792958,0.08387993561398266,84.85000000000001,85.8,69.3,89.5,103.5,34.2,49.35064935064936,0.12093749999999993,13.583967265370845,0.160093898236545,35.25
19,0.0,441.9211778668879,24.08043674231845,3.288634598838996,0.0,6784.441720372119,1686.5720682431077,196.17704688516983,8667.190835500396,8.597193683062853,,,135.7708184287849,112,12.1,0.944,0.905,0.96,20.9,25.0,20.0,110.8,39.8,16.47,4.42,0.0,2.0,0.0226344441478821,0.1945927002478115,8.597193683062853,22.139830508474574,23.0939226519337,0.3303911972244472,300.0,31,18.887096774193548,17.85,12.1,17.85,18.9,6.799999999999999,56.19834710743801,0.042566532258064595,4.710714166343491,0.24941441358949315,134.8548387096774,134.0,112.0,134.0,150.0,38.0,33.92857142857143,0.09030241935483911,8.888375881253651,0.06591069305558264,26.370967741935484,26.0,20.0,25.5,40.0,20.0,100.0,0.03336693548387103,4.837299077542281,0.18343274789456968,26.475806451612907,26.2,20.9,22.55,27.7,6.800000000000001,32.53588516746412,0.02349395161290324,4.276892777234074,0.1615396601818535,12.1
19,10.0,439.5090514867842,21.539994045705004,3.282974602037097,0.0,5856.46612829765,1302.0758702393218,194.54528958859183,7353.087288125564,6.6929190266844465,,,136.51595978974777,115,10.7,0.839,0.897,1.09,23.4,28.0,23.0,115.2,37.9,17.06,4.25,3.0,2.0,0.0264576336395137,0.177078799586948,6.6929190266844465,27.890345649582837,26.08695652173913,0.381823991228831,310.0,31,19.09032258064516,18.4,10.7,21.9,18.4,7.699999999999999,71.9626168224299,0.0378931451612903,4.540987766166423,0.23786857173227294,135.88709677419354,134.0,115.0,137.0,144.0,29.0,25.217391304347824,0.08108870967741938,7.9547781002147335,0.058539613319087656,26.596774193548388,26.0,23.0,30.0,27.0,4.0,17.391304347826086,0.02963709677419353,4.691160756924861,0.17638081681585285,26.740322580645167,26.6,23.4,26.6,29.1,5.700000000000003,24.358974358974372,0.02148387096774193,4.172857121821904,0.15605111379031184,10.7
19,20.0,437.9540158991228,19.675704517058247,3.2833670578083343,0.0,5881.951577916877,1103.6912356366818,196.732373860575,7182.3751874141335,5.6101149697856645,,,137.00068459657703,120,10.6,0.826,0.983,1.15,23.2,27.7,21.0,115.3,39.1,17.06,4.38,3.0,2.0,0.0273909909642863,0.1536666084460067,5.6101149697856645,28.08716707021792,23.60122075279756,0.3792724280074937,320.0,31,19.488709677419354,18.6,10.6,16.9,23.05,12.450000000000001,117.45283018867924,0.03487499999999999,4.3165516653423595,0.221489864480035,136.59677419354838,135.0,120.0,136.5,137.0,17.0,14.166666666666666,0.06828629032258089,6.946725073537301,0.05085570369102759,26.741935483870968,27.0,21.0,23.0,27.5,6.5,30.952380952380953,0.02786290322580645,4.645555165499482,0.17371798568212782,26.840322580645164,26.6,23.2,20.05,26.5,3.3000000000000007,14.224137931034486,0.019183467741935484,4.127033223249656,0.1537624300471598,10.6
19,30.0,436.8266558855685,19.179073697247674,3.271609381974077,0.0,6459.522516734741,1000.017916363706,196.13803243404809,7655.678465532495,5.098541593150552,,,137.3542552671457,128.5,12.85,1.006,1.2355,1.225,30.5,36.45,16.5,118.9,37.05,17.445,4.165,3.1,2.0,0.0256199412393171,0.1306243360227315,5.098541593150552,30.318091451292247,24.686361796843386,0.4368756326153818,330.0,31,20.011290322580642,18.9,12.85,23.8,26.8,13.950000000000001,108.56031128404669,0.03356249999999999,4.183134982231615,0.20903874336935616,137.20967741935485,136.5,128.5,134.0,139.0,10.5,8.171206225680933,0.05903225806451591,6.235348417889181,0.04544394050889023,27.0,27.0,16.5,30.0,29.0,12.5,75.75757575757575,0.02552419354838709,4.536885862938733,0.1680328097384716,27.262903225806454,27.65,30.5,29.1,36.3,5.799999999999997,19.01639344262294,0.022556451612903244,4.40329361088446,0.1615122782197459,12.85
19,40.0,435.49932435501455,19.01442168337404,3.2359970882981135,0.0,7424.39473836386,966.3089385967036,201.50152528567975,8592.205202246243,4.795541558440883,,,137.77288883022152,131,13.1,1.0245,1.1405,1.115,27.65,33.1,23.0,113.15,39.0,17.07,4.265,3.2,2.0,0.0234516658462721,0.1124634381804665,4.795541558440883,26.98877501220107,24.243752740026306,0.4276808052344226,340.0,31,20.435483870967737,20.5,13.1,22.1,26.0,12.9,98.4732824427481,0.032564516129032314,4.098621588379584,0.20056396091518094,137.6451612903226,137.0,131.0,135.0,142.0,11.0,8.396946564885496,0.05631048387096835,6.076174164152825,0.0441437541806275,27.5,27.5,23.0,28.0,32.0,9.0,39.130434782608695,0.021774193548387142,4.181307610465097,0.15204754947145807,27.388709677419357,27.65,27.65,28.65,34.4,6.75,24.412296564195298,0.02896169354838717,4.552063811749189,0.1662022002994227,13.1
19,50.0,434.2115319293478,18.93049659877425,3.1438538364037276,0.0,8951.704179234475,945.8172981519092,202.97247863532945,10100.493956021714,4.659830261279964,,,138.18149815920324,133,12.6,0.982,1.025,1.03,26.2,31.4,32.0,113.8,36.6,17.16,4.13,3.2,2.0,0.0200953022217612,0.0936406974025296,4.659830261279964,26.680244399185337,25.5609756097561,0.4038915436607339,350.0,31,20.977419354838705,21.9,12.6,25.35,29.9,17.299999999999997,137.3015873015873,0.03355645161290322,4.205647764409137,0.20048451591063088,138.06451612903226,137.0,133.0,138.0,144.0,11.0,8.270676691729323,0.05586693548387098,6.050815283199269,0.043825998546536765,27.758064516129032,27.5,32.0,27.5,31.0,-1.0,-3.125,0.020987903225806466,4.140996192025004,0.14918173382077296,27.80322580645161,27.7,26.2,32.65,40.5,14.3,54.58015267175573,0.037060483870967775,5.12558834808049,0.18435229004582343,12.6
19,60.0,431.9403480727666,16.96825695921606,3.0734770337590223,0.0,12099.176660410323,931.2462688258232,204.89613444466303,13235.319063680812,4.544967484866476,,,138.9080697547897,125,16.6,1.3,1.052,0.885,23.25,27.85,21.5,103.5,40.85,16.03,4.55,3.3,2.5,0.0154810120903636,0.0703606965835275,4.544967484866476,17.884615384615383,22.100760456273765,0.4715939965013089,360.0,31,21.396774193548385,22.1,16.6,22.1,25.6,9.0,54.21686746987951,0.030947580645161295,3.984803121106298,0.186233825952503,138.48387096774192,138.0,125.0,141.0,146.0,21.0,16.8,0.05739919354838702,6.137974517933069,0.0443226671455684,27.725806451612904,27.5,21.5,26.0,31.0,9.5,44.18604651162791,0.02568548387096773,4.11063399343179,0.1482602138410535,28.093548387096778,27.8,23.25,27.8,35.2,11.950000000000003,51.3978494623656,0.04050000000000001,5.2841861867191975,0.18809251554517753,16.6
19,70.0,430.3539758441092,16.97732729308396,3.037762281735333,0.0,14415.531712969196,917.478140749076,202.51258281658843,15535.52243653486,4.530474738846315,,,139.42011313434296,131,16.45,1.2855,1.113,0.885,25.55,30.55,25.5,107.6,38.15,16.15,4.48,3.3,2.5,0.013035453660724,0.0590567935193118,4.530474738846315,19.875534811357447,22.955974842767297,0.4624627472611227,370.0,31,21.783870967741933,22.1,16.45,17.0,28.6,12.150000000000002,73.86018237082068,0.032209677419354855,4.084898756329509,0.18751941573554687,139.2258064516129,139.0,131.0,141.0,148.0,17.0,12.977099236641221,0.05445564516129056,5.836435427092779,0.04192064370710754,28.096774193548388,28.0,25.5,24.0,33.0,7.5,29.41176470588235,0.02485887096774196,4.0484963357579025,0.14409114398219858,28.58870967741936,27.9,25.55,23.5,38.6,13.05,51.076320939334636,0.04372983870967743,5.528723627225054,0.1933883581878439,16.45
19,80.0,428.451079667382,17.13174525285948,3.044102201417319,0.0,17147.365231903903,905.5072830472648,197.50140310010732,18250.373918051275,4.584814430853898,,,140.03932501834188,131,15.65,1.2235,1.04,0.85,24.15,28.9,19.5,102.4,40.85,16.03,4.36,3.4,2.5,0.0108217729667862,0.0496158208655459,4.584814430853898,19.738455251328155,23.221153846153843,0.3864030702952573,380.0,31,22.085483870967742,23.05,15.65,23.5,25.8,10.15,64.85623003194888,0.031197580645161285,4.022648247700908,0.18213991919773337,139.83870967741936,141.0,131.0,141.0,150.0,19.0,14.50381679389313,0.05566532258064511,5.940520595556972,0.042481231479184804,28.306451612903224,28.0,19.5,28.0,32.0,12.5,64.1025641025641,0.025544354838709663,4.077739200739463,0.1440568834449269,28.903225806451612,28.65,24.15,29.1,35.3,11.149999999999999,46.16977225672877,0.04582862903225803,5.626558087674781,0.19466886240839087,15.65
19,90.0,426.9122262286325,16.965934069811766,3.0269257914048517,0.0,20840.609323955596,905.043777249492,195.65627368493872,21941.309374890025,4.62568237759074,,,140.54411261547483,133,16.5,1.29,0.991,0.76,21.9,26.2,25.0,100.9,39.8,15.31,4.51,3.4,2.5,0.0089172560462071,0.0412483941494046,4.62568237759074,16.97674418604651,22.098890010090816,0.4550367213957629,390.0,31,22.43548387096774,23.5,16.5,24.15,26.5,10.0,60.60606060606061,0.029715725806451612,3.914613508985425,0.17448313267943663,140.38709677419354,141.0,133.0,141.0,148.0,15.0,11.278195488721805,0.054899193548387265,5.881765150898374,0.041896764631858825,28.64516129032258,28.5,25.0,27.0,30.0,5.0,20.0,0.020887096774193568,3.7443146867108115,0.13071368838742697,29.39516129032258,29.1,21.9,27.9,39.4,17.5,79.90867579908677,0.049110887096774185,5.858986755954617,0.19931806796663168,16.5
19,100.0,425.1454454787234,17.029322152481594,3.0020814812797116,0.0,24281.077355269674,897.8190031673752,190.61621498931177,25369.512573426364,4.710087246343223,,,141.12817304778756,132,16.45,1.287,0.986,0.765,22.2,26.55,25.0,99.0,40.45,15.42,4.635,3.5,3.0,0.0075135939028239,0.0353896828158932,4.710087246343223,17.24941724941725,22.515212981744423,0.4448197079934705,400.0,31,22.861290322580647,23.6,16.45,26.3,29.7,13.25,80.54711246200608,0.03028024193548386,3.9650495935826444,0.17343944885150553,140.93548387096774,141.0,132.0,141.0,150.0,18.0,13.636363636363637,0.05594758064516108,5.962021379090415,0.04230319586903247,28.93548387096774,29.0,25.0,32.0,34.0,9.0,36.0,0.021774193548387052,3.8007497845466207,0.1313525566565722,30.062903225806455,29.1,22.2,35.8,42.6,20.400000000000002,91.8918918918919,0.05226209677419354,6.148712165187323,0.2045282226737561,16.45
19,110.0,423.241911634887,16.731800839306242,3.027673456118594,0.0,27319.479149075625,901.282545493113,186.08225135555216,28406.843945924287,4.8434632477173185,,,141.7628981218653,132,17.5,1.369,1.09,0.79,24.9,29.85,24.0,101.7,39.45,15.64,4.475,3.55,3.0,0.0065506133560553,0.0317276550400603,4.8434632477173185,18.18845872899927,22.844036697247702,0.4540961850769742,410.0,31,23.066129032258065,23.6,17.5,18.6,22.8,5.300000000000001,30.285714285714292,0.026106854838709687,3.7826222627690043,0.16399033654407263,141.5483870967742,141.0,132.0,144.0,151.0,19.0,14.393939393939394,0.05627016129032251,5.989372308110533,0.04231325012566693,29.387096774193548,30.0,24.0,21.0,39.0,15.0,62.5,0.0253225806451613,4.134629522741134,0.1406954063720913,30.4983870967742,29.1,24.9,21.1,35.7,10.800000000000004,43.373493975903635,0.05059879032258064,6.0505438305297226,0.19838897746726042,17.5
19,120.0,421.63188950421943,16.26597918473282,3.0463406475502035,0.0,30048.599758902543,901.5627272298022,181.49635565800477,31131.658841790348,4.967387493601388,,,142.30422672856096,133,20.5,1.603,1.1785,0.75,25.8,30.85,28.5,98.15,41.0,15.185,4.615,3.6,3.0,0.0058299609596893,0.0289596751593451,4.967387493601388,16.09482220835933,21.89223589308443,0.4541695527595992,420.0,31,23.408064516129034,23.8,20.5,24.1,28.1,7.600000000000001,37.07317073170732,0.025560483870967744,3.7415704540160126,0.15984108602562722,142.06451612903226,141.0,133.0,146.0,148.0,15.0,11.278195488721805,0.054012096774193406,5.826293755444465,0.04101160454559001,29.70967741935484,30.0,28.5,30.5,34.0,5.5,19.29824561403509,0.02463709677419352,4.090179689509144,0.13767162907142613,30.93064516129032,30.2,25.8,34.1,38.3,12.499999999999996,48.44961240310076,0.05170564516129035,6.1155631713870635,0.19771857778901702,20.5
19,130.0,420.1827938727209,15.965191673667729,3.127971051200258,0.0,31846.123925817978,909.781364837164,175.02145201001915,32930.92674266516,5.198113456315534,,,142.79499511865976,134,17.7,1.385,0.911,0.69,20.1,24.1,26.0,95.3,41.7,14.93,4.63,3.7,3.0,0.0053148049363354,0.0276269590572577,5.198113456315534,14.512635379061372,22.063666300768386,0.4691533466912264,430.0,31,23.746774193548386,23.95,17.7,23.6,31.0,13.3,75.14124293785311,0.02827620967741935,3.939562909001263,0.16589886596351172,142.61290322580646,142.0,134.0,147.0,150.0,16.0,11.940298507462687,0.05296370967741926,5.744141475479393,0.04027785246321221,29.919354838709676,30.0,26.0,30.5,35.0,9.0,34.61538461538461,0.02705645161290323,4.191453157306243,0.1400916958237127,31.35,31.35,20.1,31.35,38.8,18.699999999999996,93.03482587064674,0.05315524193548385,6.197190223534102,0.19767751909199688,17.7
19,140.0,418.4508936365223,15.496692966331931,3.1240715301490134,0.0,32339.038623387052,929.1977658719966,171.44056280189525,33439.676952060945,5.41994117778132,,,143.38600039439183,133.5,23.95,1.875,1.3625,0.71,30.2,36.15,32.0,97.1,40.25,14.985,4.58,3.7,3.25,0.0051268606167359,0.0277872829693926,5.41994117778132,16.106666666666666,22.165137614678898,0.4769766860159123,440.0,31,24.12258064516129,24.1,23.95,26.1,29.35,5.400000000000002,22.546972860125273,0.027764112903225762,3.8989707767922,0.16163157806974887,143.16129032258064,144.0,133.5,150.0,151.0,17.5,13.108614232209737,0.05247983870967723,5.705826111344721,0.03985592822255213,30.241935483870968,30.5,32.0,32.0,36.0,4.0,12.5,0.028205645161290253,4.263939820834591,0.1409942767422638,32.12741935483871,32.65,30.2,32.9,44.2,14.000000000000004,46.35761589403975,0.053669354838709646,6.250277843286614,0.19454652657451182,23.95
19,150.0,416.84189480327296,15.58898196824301,3.1690443820987806,0.0,32471.130215226116,954.1541796937784,169.80145839578225,33595.08585331568,5.619234302863202,,,143.93946661315505,134,17.85,1.3975,1.019,0.715,22.55,26.95,25.5,96.55,41.5,14.985,4.655,3.8,3.5,0.0050543540545535,0.0284015996821632,5.619234302863202,16.135957066189626,22.129538763493624,0.4752004366499212,450.0,31,24.29516129032258,24.15,17.85,18.9,29.3,11.45,64.14565826330532,0.030784274193548417,4.007957809964024,0.16496938472931655,143.7258064516129,144.0,134.0,150.0,151.0,17.0,12.686567164179104,0.05098790322580653,5.58247064431365,0.03884111546935769,30.338709677419356,30.5,25.5,40.0,35.0,9.5,37.254901960784316,0.03221774193548391,4.3385617754700565,0.14300416272150107,32.59838709677419,32.9,22.55,27.7,44.8,22.249999999999996,98.66962305986694,0.060090725806451625,6.638228727993733,0.20363672313869252,17.85
19,160.0,415.2645793602635,16.079884877449818,3.1471106018342296,0.0,32097.170424344484,992.0770669226226,169.18431251766097,33258.43180378477,5.863883312579946,,,144.48619743208798,137,21.9,1.716,1.244,0.72,26.6,31.9,30.0,96.7,41.3,14.86,4.58,3.8,3.5,0.0050869600080905,0.0298293399032038,5.863883312579946,15.501165501165502,21.382636655948556,0.4744361027834415,460.0,31,24.67741935483871,25.35,21.9,18.4,29.7,7.800000000000001,35.616438356164394,0.02989516129032259,3.937233349906112,0.15954801810077054,144.40322580645162,144.0,137.0,144.0,155.0,18.0,13.138686131386862,0.0515322580645161,5.636812566866002,0.039035226085746916,30.64516129032258,30.5,30.0,27.0,35.0,5.0,16.666666666666668,0.03191532258064516,4.320867097368106,0.140996715808854,33.36774193548387,34.1,26.6,29.1,46.4,19.799999999999997,74.4360902255639,0.06195564516129033,6.814562206372184,0.20422605220179593,21.9
19,170.0,413.2037984913793,16.405002660192405,3.156870403573668,0.0,30627.729179562364,1045.342670532278,169.97931014159963,31843.05116023624,6.149822997054555,,,145.2067967890469,136.5,16.9,1.323,0.9005,0.725,20.05,24.05,23.0,93.05,43.3,14.93,4.655,3.9,3.5,0.0053380346401559,0.0328279681891049,6.149822997054555,15.154950869236584,22.26540810660744,0.4734878445456622,470.0,31,25.038709677419355,25.6,16.9,23.05,33.1,16.200000000000003,95.8579881656805,0.03319758064516129,4.180245401038464,0.16695131078612777,145.0483870967742,146.0,136.5,137.0,157.0,20.5,15.018315018315018,0.05437500000000004,5.899653716829033,0.04067369403351496,30.903225806451612,31.0,23.0,27.5,38.0,15.0,65.21739130434783,0.03594758064516129,4.515564480842364,0.1461195186911412,34.09677419354838,34.4,20.05,26.5,49.2,29.150000000000002,145.3865336658354,0.06716532258064518,7.260692523029639,0.21294367853729315,16.9
19,180.0,410.83877207647464,16.574599881214876,3.1324381913475197,0.0,28393.16041381144,1117.059754425205,171.6644980594951,29681.884666296137,6.507226404134284,,,146.04269138656522,134,23.8,1.858,1.33,0.72,29.1,34.8,30.0,96.7,42.1,14.91,4.73,3.9,3.5,0.0057834770261209,0.0376343944120782,6.507226404134284,15.66200215285253,21.8796992481203,0.4726419561861937,480.0,31,25.593548387096778,25.8,23.8,26.8,34.1,10.3,43.27731092436974,0.033427419354838665,4.205388248732886,0.16431438834222264,145.80645161290323,146.0,134.0,139.0,160.0,26.0,19.402985074626866,0.05790322580645129,6.263222572226483,0.04295573003075685,31.419354838709676,31.0,30.0,29.0,39.0,9.0,30.0,0.03574596774193542,4.49647412645647,0.14311159950734145,34.99838709677419,35.2,29.1,36.3,48.0,18.9,64.9484536082474,0.06651209677419352,7.193324264795425,0.20553302199056014,23.8
19,190.0,408.6121354877217,16.751906775864867,3.1795186119970937,0.0,25791.141920086506,1198.014523533381,173.0940572765219,27162.250500896404,6.921176511678411,,,146.83851699211937,135,22.1,1.73,1.295,0.755,28.65,34.3,28.0,98.1,41.2,15.245,4.67,4.0,4.0,0.0063725963086456,0.044105863889807,6.921176511678411,16.560693641618496,22.123552123552123,0.4769580848859264,490.0,31,25.793548387096774,26.0,22.1,26.0,30.0,7.899999999999999,35.74660633484162,0.03493548387096772,4.264265117138862,0.16532293475650917,146.6451612903226,147.0,135.0,142.0,160.0,25.0,18.51851851851852,0.05887096774193547,6.3694499348937725,0.04343443642360469,31.612903225806452,32.0,28.0,32.0,36.0,8.0,28.571428571428573,0.03760080645161287,4.561998241668802,0.14430810764462537,35.479032258064514,35.3,28.65,34.4,44.0,15.350000000000001,53.577661431064584,0.0681512096774193,7.28330023860004,0.20528463644733486,22.1
19,200.0,406.5401861431479,17.40473957222612,3.190167575083028,0.0,22585.00598457092,1284.0826639607692,170.8243557346079,24039.9130042663,7.516976478200306,,,147.58688573747358,138,25.35,1.9825,1.4785,0.755,32.65,39.1,27.5,100.5,40.8,15.15,4.675,4.05,4.0,0.0071058641395371,0.0534146135941875,7.516976478200306,16.469104665825977,22.08319242475482,0.4048904457065014,500.0,31,26.069354838709682,26.1,25.35,29.9,30.65,5.299999999999997,20.907297830374745,0.03548991935483872,4.293807118384858,0.16470707253595318,147.51612903225808,148.0,138.0,144.0,162.0,24.0,17.391304347826086,0.06064516129032263,6.566942300857813,0.04451677483634205,31.887096774193548,32.0,27.5,31.0,36.5,9.0,32.72727272727273,0.0382258064516129,4.592946906978415,0.1440377886862224,35.98709677419355,35.7,32.65,40.5,44.4,11.75,35.987748851454825,0.06914112903225805,7.34016311968991,0.20396652627320472,25.35
19,210.0,404.6446104307432,17.95406003029469,3.2603854597527206,0.0,18716.264331393897,1376.1728893724485,171.7864138612567,20264.2236346276,8.010953011010022,,,148.2782630815968,141,22.1,1.731,1.276,0.77,27.8,33.3,26.0,97.3,42.1,15.15,4.66,4.1,4.0,0.008477325209129,0.0679114539093833,8.010953011010022,16.06008087810514,21.786833855799372,0.4117900765937351,510.0,31,26.306451612903228,26.3,22.1,25.6,32.7,10.600000000000001,47.96380090497738,0.03903629032258065,4.4527471283744955,0.16926445245813532,148.29032258064515,148.0,141.0,146.0,162.0,21.0,14.893617021276595,0.06326612903225803,6.817592675752425,0.04597462974729719,32.193548387096776,32.0,26.0,31.0,37.0,11.0,42.30769230769231,0.03848790322580646,4.607380708086462,0.14311503201470974,36.43387096774194,35.8,27.8,35.2,46.5,18.7,67.2661870503597,0.07334677419354839,7.548812126164555,0.20719215185364664,22.1
19,220.0,402.6266118531586,18.416000865109293,3.213228922633559,0.0,15245.85266213372,1450.1437847562158,166.9878707897365,16862.98431767967,8.684126445220508,,,149.0214462572149,141,17.0,1.328,1.093,0.82,23.5,28.2,24.0,95.8,45.1,15.47,4.71,4.2,4.0,0.0099026286002449,0.0859956789045839,8.684126445220508,17.69578313253012,21.50045745654163,0.410765085612179,520.0,31,26.58064516129033,26.5,17.0,28.6,30.6,13.600000000000001,80.00000000000001,0.03891935483870969,4.446790554608924,0.16729430484572402,148.96774193548387,148.0,141.0,148.0,162.0,21.0,14.893617021276595,0.06685483870967746,7.106259545723249,0.047703344720099766,32.58064516129032,32.0,24.0,33.0,38.0,14.0,58.333333333333336,0.03800403225806454,4.5736505736547555,0.14037937404286874,37.15967741935484,36.3,23.5,38.6,50.3,26.799999999999997,114.04255319148935,0.07616330645161291,7.769453212794736,0.209082902553615,17.0
19,230.0,400.7424747242647,18.84948913285494,3.2452903313772823,0.0,12306.72992409624,1520.421309424432,162.49884030153987,13989.650073822211,9.356505600920428,,,149.72208783529538,141,23.5,1.839,1.373,0.75,29.1,34.8,28.0,97.6,42.1,14.93,4.75,4.2,4.0,0.0116156472423575,0.1086818684814342,9.356505600920428,15.823817292006526,21.19446467589221,0.4191464809310305,530.0,31,27.03387096774194,26.8,23.5,25.8,31.05,7.550000000000001,32.12765957446809,0.03544153225806453,4.143416205193772,0.15326758828352358,149.67741935483872,150.0,141.0,150.0,163.0,22.0,15.602836879432624,0.07020161290322584,7.3773847975832805,0.04928856222523312,33.04838709677419,33.0,28.0,32.0,38.5,10.5,37.5,0.03604838709677419,4.405214407777972,0.13329589716068047,38.03225806451613,38.3,29.1,35.3,50.55,21.449999999999996,73.71134020618555,0.07544959677419354,7.702905819527857,0.20253611569581303,23.5
19,240.0,398.72942847037285,18.88042067772346,3.282954666325113,0.0,9772.751584801386,1560.8088528795618,161.6123639296695,11495.172801610615,9.657731716360482,,,150.47798260132242,141,24.15,1.8905,1.421,0.755,27.9,33.35,27.0,95.35,43.05,14.935,5.09,4.3,4.5,0.0140591504554873,0.1357795032590439,9.657731716360482,14.758000528960592,19.634060520760027,0.4214402481592577,540.0,31,27.36935483870968,28.1,24.15,26.5,33.9,9.75,40.37267080745342,0.03731451612903226,4.266940305405323,0.15590211499506748,150.3548387096774,150.0,141.0,148.0,162.0,21.0,14.893617021276595,0.0720564516129031,7.516862763577077,0.049994152686309676,33.33870967741935,34.0,27.0,30.0,37.0,10.0,37.03703703703704,0.03518145161290321,4.357727038977608,0.13071072879371637,38.87096774193548,38.6,27.9,39.4,55.1,27.200000000000003,97.49103942652332,0.08001008064516131,8.10300123610123,0.20845895296194036,24.15
19,250.0,396.7411268625828,19.08508385531188,3.2713848189328436,0.0,8173.903054675382,1563.034939647667,159.58466306044082,9896.52265738349,9.794393205916572,,,151.2321156984108,141,26.3,2.0555,1.6245,0.795,35.8,42.85,32.0,100.4,40.85,15.43,4.625,4.3,4.5,0.016125326903726,0.1579377922690385,9.794393205916572,17.416686937484798,22.03755001538935,0.424219296400477,550.0,31,27.819354838709682,28.6,26.3,29.7,38.1,11.8,44.866920152091254,0.041727822580645134,4.635760948311773,0.16663797471899924,151.09677419354838,150.0,141.0,150.0,164.0,23.0,16.31205673758865,0.07427419354838696,7.695690736638167,0.05093219744572656,33.83870967741935,34.0,32.0,34.0,42.5,10.5,32.8125,0.036633064516129014,4.493304457327208,0.13278592771891656,39.875806451612895,38.8,35.8,42.6,59.05,23.25,64.9441340782123,0.08513709677419352,8.61256708699311,0.21598477506515104,26.3
19,260.0,394.9744987236496,19.979612143353837,3.2544889300978284,0.0,6710.854291957319,1521.0110536196755,149.84569867130517,8381.711044248299,10.15051527742613,,,151.90854142201215,144,18.6,1.458,1.136,0.76,21.1,25.3,21.0,97.4,43.7,14.34,5.39,4.4,4.5,0.0178776979879463,0.1814678465518594,10.15051527742613,14.471879286694104,18.573943661971835,0.3469999028183766,560.0,31,28.10967741935484,29.3,18.6,22.8,35.3,16.699999999999996,89.78494623655911,0.04527217741935486,4.815762649100671,0.17132045228611523,151.90322580645162,150.0,144.0,151.0,166.0,22.0,15.277777777777779,0.07677419354838717,7.909297645639077,0.052068003188535016,34.225806451612904,35.0,21.0,39.0,44.0,23.0,109.52380952380952,0.04159274193548391,4.833629950112406,0.14122764227472628,40.395161290322584,39.4,21.1,35.7,51.9,30.799999999999997,145.97156398104264,0.0897802419354839,8.84099687854552,0.2188627696026441,18.6
19,270.0,393.19456405839895,20.7637803489481,3.2369078341931785,0.0,5443.257912637911,1446.3950422472326,142.49635129500075,7032.149306180145,10.150400547820745,,,152.59620931862258,146,24.1,1.884,1.551,0.825,34.1,40.85,30.5,103.65,40.25,15.62,4.595,4.45,4.75,0.0202635560041037,0.2056832099648511,10.150400547820745,18.09978768577495,21.98581560283688,0.3470743141465955,570.0,31,28.798387096774196,29.35,24.1,28.1,39.95,15.850000000000001,65.76763485477179,0.04629838709677418,4.9355932414615875,0.17138436346716238,152.61290322580646,150.0,146.0,148.0,166.0,20.0,13.698630136986301,0.08020161290322579,8.15956460993207,0.053465758382560596,35.096774193548384,35.0,30.5,34.0,48.0,17.5,57.377049180327866,0.04139112903225806,4.803504545014868,0.13686455964656336,41.372580645161285,40.5,34.1,38.3,51.4,17.299999999999997,50.73313782991202,0.08398790322580645,8.294745713499172,0.20048896114652398,24.1
19,280.0,391.75347222222223,21.179888181291492,3.2702459811517137,0.0,4806.535157929173,1348.1576101816356,134.09687925222983,6288.789647363038,10.053609134675051,,,153.1575448703745,147,23.6,1.8455,1.433,0.78,31.35,37.55,30.5,97.95,42.8,15.31,4.665,4.5,5.0,0.0213231618119804,0.2143747343730814,10.053609134675051,16.98726632348957,21.87718073970691,0.3456210548891176,580.0,31,29.424193548387095,29.7,23.6,31.0,43.5,19.9,84.32203389830507,0.05215927419354839,5.515808658872271,0.1874582781615309,153.25806451612902,151.0,147.0,150.0,166.0,19.0,12.92517006802721,0.0840322580645161,8.406218896093073,0.05485009172361298,35.58064516129032,35.0,30.5,35.0,45.5,15.0,49.18032786885246,0.0447177419354839,5.072962274308685,0.14257645557893855,42.48870967741936,42.6,31.35,38.8,68.7,37.35,119.13875598086123,0.09582459677419358,9.520790493068484,0.2240781272331344,23.6
19,290.0,390.3052012125651,21.79745939436702,3.2845406939390913,0.0,4404.897465688167,1214.5676267531633,127.26041075195596,5746.725503193286,9.54395494699828,,,153.725853033978,150,26.1,2.04,1.525,0.75,32.9,39.4,32.0,98.1,42.4,15.11,4.64,4.5,5.0,0.0221448563501495,0.2113495113135756,9.54395494699828,16.127450980392155,21.57377049180328,0.3513444058321412,590.0,31,30.06935483870968,29.7,26.1,29.35,43.6,17.5,67.04980842911877,0.056975806451612925,5.963369816629895,0.19832051098592152,153.8709677419355,151.0,150.0,151.0,166.0,16.0,10.666666666666666,0.08770161290322578,8.624546115531226,0.056050509346219704,36.016129032258064,36.0,32.0,36.0,44.0,12.0,37.5,0.046532258064516135,5.200134406865112,0.14438349002491577,43.56451612903226,44.0,32.9,44.2,64.7,31.800000000000004,96.6565349544073,0.10207258064516131,10.08754342038063,0.23155412516238394,26.1
19,300.0,388.52494730869,22.55536376740776,3.309580197751334,0.0,4007.769356317835,1048.6773541194138,126.69553025801092,5183.14224069526,8.277145626083414,,,154.43023778941262,150,18.9,1.478,1.1585,0.76,27.7,33.2,40.0,99.85,41.95,15.82,4.57,4.6,5.0,0.0244437687361279,0.2023246334792358,8.277145626083414,18.741542625169146,23.9102287440656,0.2972911589797699,600.0,31,30.762903225806454,29.9,18.9,29.3,47.6,28.700000000000003,151.85185185185188,0.06501814516129033,6.692059570141511,0.21753667139347438,154.48387096774192,151.0,150.0,151.0,169.0,19.0,12.666666666666666,0.09435483870967742,9.00692684453447,0.05830334770945263,36.46774193548387,36.0,40.0,35.0,46.0,6.0,15.0,0.04997983870967738,5.442020892816331,0.14922834823291134,44.761290322580656,44.2,27.7,44.8,70.0,42.3,152.70758122743683,0.11118145161290323,10.944494123206574,0.24450801226535293,18.9
19,310.0,386.1983781008376,22.318904999376283,3.308338674256484,0.0,4111.500135770135,892.5098086497972,118.62297624169396,5122.6329206616265,7.523920212820417,,,155.3605695991137,144,18.4,1.439,1.388,0.91,29.1,34.8,27.0,99.6,42.9,15.68,4.8,4.7,5.0,0.0231566419220163,0.1742287262181032,7.523920212820417,20.222376650451704,20.96541786743516,0.2967407441446346,610.0,31,32.02741935483871,30.0,18.4,29.7,58.1,39.7,215.76086956521743,0.07389919354838712,7.959332454312961,0.24851619689147583,155.1290322580645,155.0,144.0,155.0,170.0,26.0,18.055555555555557,0.10084677419354837,9.383467502239851,0.060488145678817926,36.58064516129032,36.0,27.0,35.0,43.5,16.5,61.111111111111114,0.05651209677419356,5.552922315012082,0.15179946363789643,46.33548387096775,44.4,29.1,46.4,76.5,47.4,162.88659793814432,0.11937096774193552,11.87840613289782,0.2563565790307939,18.4
19,320.0,383.4649986013427,21.380972050990213,3.340549603062634,0.0,4340.055847164774,734.2561048083655,113.79936813235255,5188.111320105491,6.452198433601148,,,156.46799634606836,137,23.05,1.8,1.3085,0.71,26.5,31.75,27.5,94.65,44.5,14.35,4.93,4.7,5.25,0.0219346427073269,0.1415266673178161,6.452198433601148,14.72222222222222,20.252197172334736,0.3536273174623782,620.0,31,33.08548387096774,30.6,23.05,33.1,51.2,28.150000000000002,122.12581344902385,0.07670362903225807,8.261771334973988,0.24970985363836945,156.0,157.0,137.0,157.0,171.0,34.0,24.817518248175183,0.10326612903225789,9.567305437443363,0.06132888100925232,37.064516129032256,36.5,27.5,38.0,42.0,14.5,52.72727272727273,0.05360887096774191,5.339697144164438,0.14406493600443654,47.84516129032259,44.8,26.5,49.2,75.9,49.400000000000006,186.41509433962267,0.12613306451612902,12.568799696329465,0.2626974046562927,23.05
19,330.0,380.86372356075066,20.7547533738132,3.3685613807022383,0.0,4227.752851791571,586.6004085301571,111.00370122739952,4925.356961549128,5.284512156297037,,,157.5366628227315,139,26.8,2.092,1.651,0.71,36.3,43.5,29.0,98.4,42.1,15.02,4.64,4.8,5.5,0.0225371890999929,0.1190980497676779,5.284512156297037,17.351816443594643,21.986674742580252,0.357099718079642,630.0,31,34.07096774193549,30.65,26.8,34.1,53.6,26.8,100.0,0.08263709677419355,8.827483354025167,0.25909106606209065,157.16129032258064,160.0,139.0,160.0,173.0,34.0,24.46043165467626,0.1012903225806453,9.366951742495344,0.05960088341899747,37.564516129032256,37.0,29.0,39.0,43.0,14.0,48.275862068965516,0.05102822580645164,5.136052205543137,0.13672616433820287,49.43870967741937,46.4,36.3,48.0,75.9,39.60000000000001,109.09090909090912,0.1293306451612903,12.899584681152978,0.26092073934212595,26.8
19,340.0,378.524760982933,20.484983631468257,3.4337814463673113,0.0,4078.6862684744424,461.49996101305373,112.08579019112908,4652.272019678626,4.11738151844317,,,158.51010603426624,142,26.0,2.032,1.604,0.79,34.4,41.2,32.0,98.1,43.6,15.28,4.66,4.8,5.5,0.0240926991622626,0.0991988342601114,4.11738151844317,16.929133858267715,21.44638403990025,0.3627934877753391,640.0,31,34.96612903225807,31.0,26.0,30.0,54.55,28.549999999999997,109.80769230769229,0.09033266129032258,9.450603041576889,0.270278789878577,158.25806451612902,160.0,142.0,160.0,173.0,31.0,21.830985915492956,0.09915322580645158,9.15775715604166,0.05786597469166153,38.03225806451613,37.0,32.0,36.0,43.5,11.5,35.9375,0.04909274193548387,4.988211910546315,0.13115739544269361,50.81451612903226,46.5,34.4,44.0,78.95,44.550000000000004,129.50581395348837,0.13870362903225808,13.701083859488316,0.2696293284520792,26.0
19,350.0,376.2231567996231,20.173103814507645,3.4781128121925757,0.0,3812.243001322175,363.03903507948087,110.9828684977046,4286.264904899361,3.2711267963576685,,,159.47981647486966,144,29.9,2.342,1.829,0.8,40.5,48.5,31.0,101.5,41.9,15.49,4.56,4.9,5.5,0.0258926760151588,0.0846982263425934,3.2711267963576685,17.292912040990604,22.14324767632586,0.3673295822561701,650.0,31,35.83709677419355,31.05,29.9,30.65,53.0,23.1,77.25752508361204,0.09545564516129036,9.833157917152349,0.27438489169784674,159.25806451612902,162.0,144.0,162.0,173.0,29.0,20.13888888888889,0.09758064516129042,9.014683362660735,0.05660425040358169,38.58064516129032,38.0,31.0,36.5,49.0,18.0,58.064516129032256,0.051834677419354845,5.231470115549976,0.13559830567060974,52.256451612903234,48.0,40.5,44.4,79.1,38.599999999999994,95.30864197530863,0.14522177419354837,14.256891561250207,0.2728254812795187,29.9
19,360.0,373.9856429463171,20.016011750274544,3.4968830261956523,0.0,3474.077180475214,295.29040207610365,111.33935403404791,3880.7069365853654,2.652165576475349,,,160.43396620070936,146,25.6,2.002,1.623,0.84,35.2,42.2,31.0,102.0,42.0,15.47,4.75,4.9,5.5,0.0286904823923693,0.076091909773514,2.652165576475349,17.582417582417587,21.688231669747385,0.371509557544847,660.0,31,36.68870967741936,32.7,25.6,32.7,56.3,30.699999999999996,119.92187499999997,0.10400201612903223,10.427093791955482,0.2842044291999999,160.29032258064515,162.0,146.0,162.0,176.0,30.0,20.54794520547945,0.09786290322580651,9.041362538862147,0.05640616596995906,39.193548387096776,38.0,31.0,37.0,50.0,19.0,61.29032258064516,0.05385080645161292,5.4232177093106495,0.13837016377665032,53.917741935483875,49.2,35.2,46.5,92.0,56.8,161.36363636363635,0.16167540322580645,15.762347268026089,0.2923406415440538,25.6
19,370.0,371.8685784351737,19.92302134116868,3.619636350376064,0.0,3152.0411533409133,250.50333456175096,110.00587486238727,3512.550362765051,2.2771814221296824,,,161.3473239725726,148,28.6,2.237,1.793,0.82,38.6,46.2,33.0,101.4,42.2,15.45,4.68,5.0,6.0,0.0313179494957594,0.071316652770939,2.2771814221296824,17.255252570406796,21.528165086447295,0.3774819933772569,670.0,31,37.64032258064516,33.1,28.6,30.6,55.1,26.5,92.65734265734265,0.10798387096774183,10.723295663762755,0.2848885165845185,161.25806451612902,162.0,148.0,162.0,176.0,28.0,18.91891891891892,0.09814516129032258,9.066302965507251,0.0562223228507151,39.62903225806452,38.5,33.0,38.0,44.5,11.5,34.84848484848485,0.05177419354838707,5.283571617027451,0.1333257795098502,55.474193548387106,50.3,38.6,50.3,83.45,44.85,116.19170984455958,0.167461693548387,16.227804693219916,0.2925288977669462,28.6
20,0.0,511.3801302975171,44.5369370279076,7.040698459179747,0.0,26870.539617193408,22097.615341610697,11510.019505192777,60478.17446399688,1.919859069886137,,,117.3295488917265,92,6.4,0.609,0.6665,1.095,20.35,24.6,12.5,116.55,34.0,17.925,3.3,0.0,0.0,0.1903169136172385,0.3653816527607918,1.919859069886137,33.41543513957308,30.532633158289578,0.4190821264998114,300.0,31,19.135483870967743,19.1,6.4,19.1,26.4,20.0,312.5,0.055413306451612916,5.575305575308362,0.2913595293906932,115.80645161290323,114.5,92.0,116.0,133.0,41.0,44.56521739130435,0.11356854838709718,11.05492154303144,0.0954603253019428,14.53225806451613,13.5,12.5,12.0,17.0,4.5,36.0,0.014919354838709698,2.9295491230761312,0.20158939581655952,35.090322580645164,35.7,20.35,32.25,48.4,28.049999999999997,137.8378378378378,0.06141330645161301,7.399374065361191,0.21086651592774122,6.4
20,10.0,506.2668259079392,43.837930989765674,6.626474699181905,0.0,22192.466675391057,19784.59471464601,10564.115532588974,52541.17692262604,1.872811278295188,,,118.51457952512683,92,7.65,0.7315,0.84,1.15,22.2,26.85,12.0,116.8,34.25,17.5,3.9,1.5,1.0,0.2010635496069313,0.376554083357925,1.872811278295188,30.3485987696514,26.428571428571427,0.4217510520624101,310.0,31,19.75161290322581,19.3,7.65,20.5,25.5,17.85,233.33333333333334,0.05104637096774191,5.160967026164892,0.2612934473478877,117.25806451612904,116.0,92.0,114.5,137.0,45.0,48.91304347826087,0.11102822580645157,10.775644580675081,0.09189683136201582,14.725806451612904,14.0,12.0,12.5,18.5,6.5,54.166666666666664,0.016008064516129024,2.988418505044152,0.20293751074779565,35.59516129032258,35.8,22.2,41.35,36.0,13.8,62.16216216216216,0.052453629032258024,6.87549216224688,0.1931580561236606,7.65
20,20.0,502.39880453020135,45.09326473332685,6.531899108325205,0.0,16506.25616371189,17477.598675701745,9500.565457490564,43484.420296904194,1.839637730396544,,,119.4270357711274,103.5,8.5,0.8125,0.953,1.15,29.2,35.25,10.5,113.35,35.5,17.875,3.445,3.05,2.0,0.2184820538625633,0.4019278297001015,1.839637730396544,35.93846153846154,30.640083945435467,0.3632228029098636,320.0,31,20.36612903225807,20.5,8.5,18.3,26.7,18.2,214.11764705882354,0.04744153225806449,4.793022482330854,0.23534283195098826,118.70967741935483,117.0,103.5,117.0,137.0,33.5,32.367149758454104,0.1066733870967742,10.279246238212531,0.08659147646320339,15.080645161290322,14.0,10.5,24.0,23.0,12.5,119.04761904761905,0.01925403225806452,3.2916479514916444,0.21826970373527482,36.408064516129045,36.0,29.2,36.4,47.4,18.2,62.328767123287676,0.050951612903225786,6.727085758015795,0.18476911221236839,8.5
20,30.0,498.2739825581395,47.0989619888105,6.3827445185236495,0.0,14055.363152875976,15612.245835450656,8546.074989265497,38213.683977592125,1.8268323008001677,,,120.41567912488604,112,11.4,1.0875,0.991,0.915,27.05,32.65,14.0,110.7,35.25,16.96,3.765,3.1,2.0,0.2236391287026075,0.4085511840367293,1.8268323008001677,24.873563218390807,27.29566094853683,0.3180072108435607,330.0,31,20.95806451612904,20.8,11.4,18.5,26.85,15.450000000000001,135.52631578947367,0.04370766129032254,4.395321315030971,0.20971981032162545,119.8225806451613,117.0,112.0,117.0,138.0,26.0,23.214285714285715,0.10852822580645145,10.44393634850447,0.08716167096611618,15.338709677419354,15.0,14.0,12.5,18.5,4.5,32.142857142857146,0.018366935483870965,3.2336437053118927,0.2108158882537722,36.90645161290324,36.4,27.05,38.25,44.65,17.599999999999998,65.06469500924213,0.05128629032258063,6.747551925642909,0.18282851996759905,11.4
20,40.0,493.6225803130149,48.89218296678962,6.278230469763533,0.0,13783.908872092266,14004.526770402004,7539.15915439695,35327.59479689122,1.857571445780443,,,121.55035525715402,112,15.3,1.459,1.29,1.02,32.3,39.0,18.0,112.1,33.7,17.9,4.05,3.1,2.0,0.2134070886439284,0.3964189141920973,1.857571445780443,22.138450993831388,25.03875968992248,0.2822907434217122,340.0,31,21.429032258064517,21.2,15.3,21.2,26.0,10.7,69.93464052287581,0.04059072580645165,4.1099629802377455,0.19179414780576562,120.85483870967742,120.0,112.0,122.0,144.0,32.0,28.571428571428573,0.11810483870967764,11.199102306574321,0.09266573375251673,15.564516129032258,15.0,18.0,15.0,21.0,3.0,16.666666666666668,0.02092741935483873,3.378219292970462,0.21704621364162555,37.30161290322581,36.6,32.3,32.7,39.3,7.0,21.671826625387,0.046375000000000124,6.505439824625846,0.17440103304656998,15.3
20,50.0,488.6317292006525,49.65339187836354,6.092271607894019,0.0,13526.617351653951,12673.403138906448,6636.412608248475,32836.43309880887,1.9096767918189,,,122.79186228482004,110,16.1,1.538,1.312,0.855,35.8,43.25,12.5,108.65,34.65,16.77,3.745,3.2,2.25,0.2021051613090463,0.3859555360587009,1.9096767918189,23.276983094928475,27.286585365853657,0.2532902254166225,350.0,31,21.81290322580646,22.05,16.1,18.9,27.2,11.099999999999998,68.94409937888197,0.04012701612903228,4.074002285671415,0.1867702911206948,121.91935483870968,122.0,110.0,123.0,145.0,35.0,31.818181818181817,0.12699596774193556,11.877216827602856,0.09741863253226314,15.838709677419354,15.0,12.5,13.0,26.5,14.0,112.0,0.029112903225806452,3.888845365859884,0.24552791515612304,37.8016129032258,37.8,35.8,30.2,47.8,12.0,33.5195530726257,0.04949798387096777,6.700926352266127,0.17726562010517555,16.1
20,60.0,483.6335066639742,50.215258602366035,5.817713766411606,0.0,13142.040316427025,11542.54080631462,5813.421205773501,30498.002328515147,1.9854987962770256,,,124.06088323753728,108,16.0,1.529,1.252,0.82,34.4,41.6,13.0,108.8,34.2,16.65,3.71,3.3,2.5,0.1906164588471437,0.378468749591593,1.9854987962770256,22.49836494440811,27.476038338658142,0.2263112316965846,360.0,31,22.153225806451616,22.7,16.0,22.7,26.65,10.649999999999999,66.56249999999999,0.03936693548387096,4.02117179198367,0.1815163095034492,123.08064516129032,122.5,108.0,126.0,146.0,38.0,35.18518518518518,0.13387096774193546,12.420478234347197,0.10091333383953954,16.241935483870968,15.0,13.0,15.0,25.0,12.0,92.3076923076923,0.032499999999999994,4.169074573055623,0.2566858227700582,38.17903225806452,38.25,34.4,35.7,47.5,13.100000000000001,38.08139534883722,0.05407258064516128,6.91064124127359,0.1810061919475149,16.0
20,70.0,478.32578125,49.60247017775001,5.4308714822168085,0.0,11686.280483480316,10466.297157073335,5009.812723098014,27162.390363651662,2.089159362947422,,,125.43752051834444,109,19.3,1.843,1.401,0.76,36.6,44.3,12.0,102.3,35.9,16.16,3.9,3.3,2.5,0.1844393168652077,0.385323125724575,2.089159362947422,19.85892566467716,26.12419700214133,0.2020007750116162,370.0,31,22.453225806451613,22.85,19.3,24.9,25.3,6.0,31.088082901554404,0.03730040322580647,3.891634949561066,0.17332186399884067,124.37096774193549,123.0,109.0,120.0,148.0,39.0,35.77981651376147,0.13921370967741953,12.871135498947172,0.10348987173320252,17.338709677419356,15.0,12.0,17.0,47.0,35.0,291.6666666666667,0.049012096774193575,6.879180058667595,0.3967527103603636,38.375806451612895,38.6,36.6,37.8,40.5,3.8999999999999986,10.65573770491803,0.05303830645161294,6.886252863105135,0.1794425576902948,19.3
20,80.0,472.9706969442247,47.76447137061892,5.184965514613021,0.0,9775.174771700027,9524.967667797717,4334.176234891996,23634.31867438974,2.197641985832879,,,126.85775331886052,107,17.2,1.643,0.958,0.72,23.3,28.2,12.0,99.3,36.7,15.21,4.41,3.4,2.5,0.1833848605751656,0.4030142691660927,2.197641985832879,14.181375532562386,24.32150313152401,0.1945545384314718,380.0,31,22.532258064516128,22.85,17.2,25.05,21.75,4.550000000000001,26.453488372093027,0.0348407258064516,3.8501200930857724,0.17087147156143012,125.56451612903226,125.5,107.0,122.5,146.0,39.0,36.44859813084112,0.14237903225806442,13.111535592423865,0.10442070735135255,18.0,16.0,12.0,13.0,32.5,20.5,170.83333333333334,0.054737903225806454,7.32006375199925,0.40667020844440277,38.55,39.1,23.3,48.15,42.0,18.7,80.25751072961373,0.05408467741935482,6.90809911142952,0.17919842052994864,17.2
20,90.0,467.3003912343994,46.63685615676126,4.991541502799809,0.0,8760.142951994027,8675.841688340095,3780.197567633479,21216.1822079676,2.295076258083368,,,128.39706776514083,103.5,16.85,1.6095,1.141,0.705,29.75,35.95,12.5,99.45,36.7,15.825,3.92,3.45,2.75,0.1781752028041053,0.4089256777348914,2.295076258083368,18.484001242621932,26.07361963190184,0.1905358233419082,390.0,31,22.554838709677416,22.85,16.85,22.85,17.9,1.0499999999999972,6.231454005934701,0.028598790322580652,3.8197372256633413,0.16935333809434153,126.98387096774194,126.0,103.5,125.5,151.0,47.5,45.893719806763286,0.14578629032258075,13.412981194206195,0.10562743986292189,18.258064516129032,16.5,12.5,16.5,20.0,7.5,60.0,0.052076612903225794,7.242088749964722,0.3966515039733328,38.64354838709678,39.1,29.75,41.05,26.2,-3.5500000000000007,-11.9327731092437,0.03677620967741937,6.711541575717209,0.17367819094889891,16.85
20,100.0,461.7535626446759,44.883307924834654,4.622447562631868,0.0,8376.781537956487,7826.92385288632,3209.608999087738,19413.314389930543,2.4385910729658824,,,129.9394414118914,104,13.85,1.321,0.9985,0.745,24.0,28.95,13.5,95.7,37.9,15.57,4.225,3.5,3.0,0.1653302952097929,0.4031729819894151,2.4385910729658824,18.16805450416351,24.03605408112168,0.1947361613912985,400.0,31,22.98870967741935,22.9,13.85,25.5,30.3,16.450000000000003,118.77256317689533,0.029602822580645182,3.9128785158205326,0.17020870552225711,128.58064516129033,126.0,104.0,126.0,153.0,49.0,47.11538461538461,0.1463709677419354,13.470397652008117,0.10476224967693216,18.887096774193548,17.0,13.5,18.0,32.0,18.5,137.03703703703704,0.056673387096774185,7.564951726459061,0.4005354458073969,39.4225806451613,39.3,24.0,35.4,53.9,29.9,124.58333333333333,0.04026612903225807,7.038451992562918,0.17853859076135375,13.85
20,110.0,456.9977550971799,44.23977097974759,4.286816357179938,0.0,8517.642576503775,7031.332221476227,2734.447413353914,18283.422211333916,2.571390543894938,,,131.29167338522504,109,22.05,2.1075,1.4905,0.71,40.2,48.6,11.5,101.45,35.6,15.975,3.81,3.55,3.0,0.1495588397919743,0.3845741863969807,2.571390543894938,19.07473309608541,26.97081516269709,0.1769122909352899,410.0,31,23.56774193548387,24.9,22.05,26.2,31.8,9.75,44.21768707482993,0.029036290322580635,3.842949136342573,0.1630597087689841,130.09677419354838,129.0,109.0,129.0,151.0,42.0,38.53211009174312,0.14407258064516118,13.254822615963036,0.10188432955488573,19.35483870967742,17.0,11.5,15.0,28.0,16.5,143.47826086956522,0.05870967741935483,7.668326141111346,0.3961968506240862,40.432258064516134,40.2,40.2,46.7,55.3,15.099999999999994,37.56218905472635,0.039919354838709634,6.9972083527062985,0.17306004382790427,22.05
20,120.0,452.0445948812217,43.98887813502609,4.056057476889334,0.0,8244.10638087783,6273.82233526266,2287.2136943960236,16805.142410536515,2.7429978889311286,,,132.73026749886364,112,17.85,1.703,1.245,0.73,30.15,36.4,14.0,100.9,36.7,15.475,4.305,3.6,3.0,0.1361020120223428,0.3733275316565653,2.7429978889311286,17.70405167351732,24.216867469879514,0.1658156581431389,420.0,31,23.966129032258056,25.05,17.85,25.6,34.4,16.549999999999997,92.71708683473388,0.034608870967741935,4.294034371403622,0.17917096105190436,131.51612903225808,130.5,112.0,130.5,153.0,41.0,36.607142857142854,0.14431451612903232,13.276221771126341,0.10094747974121082,20.016129032258064,18.0,14.0,13.0,32.0,18.0,128.57142857142858,0.06129032258064517,7.850142112267504,0.3921908226918495,41.204838709677425,40.5,30.15,45.7,64.15,34.00000000000001,112.7694859038143,0.05411491935483874,8.191055638507057,0.19878868344127978,17.85
20,130.0,447.1154967350746,43.56854010484951,3.90364898164575,0.0,8493.29436236563,5552.04018804132,1886.7358431816097,15932.07039358856,2.9426695889122954,,,134.19351473642004,114,20.8,1.988,1.548,0.71,38.6,46.6,15.0,97.3,38.0,15.63,4.11,3.6,3.0,0.1184237702050875,0.3484820271868489,2.9426695889122954,19.416498993963785,24.935400516795863,0.1659534688546936,430.0,31,24.4516129032258,25.3,20.8,22.9,32.9,12.099999999999998,58.17307692307691,0.03606653225806451,4.428176522207302,0.18109956753090553,132.96774193548387,133.0,114.0,133.0,157.0,43.0,37.719298245614034,0.14713709677419362,13.52894149830341,0.10174604232105913,20.629032258064516,18.0,15.0,16.0,33.0,18.0,120.0,0.06526209677419355,8.102435582316678,0.3927685739668757,42.032258064516135,41.05,38.6,39.1,55.8,17.199999999999996,44.55958549222797,0.055810483870967764,8.331441935894578,0.19821542594990935,20.8
20,140.0,442.3481928545051,43.478648885951344,3.899698575872644,0.0,8732.245317687823,4909.993310870045,1545.6197410590482,15187.858369616915,3.1767149321642014,,,135.63975386180653,113,17.4,1.663,1.301,0.76,32.8,39.6,18.0,104.4,34.7,16.07,4.06,3.7,3.0,0.1017667997320173,0.3232841123072634,3.1767149321642014,19.72339146121467,25.211375864719447,0.1569293433557106,440.0,31,25.058064516129022,25.5,17.4,27.95,39.6,22.200000000000003,127.58620689655176,0.042872983870967725,5.141337322367167,0.20517695287510587,134.3548387096774,133.0,113.0,134.0,157.0,44.0,38.93805309734513,0.14943548387096767,13.722362253141826,0.10213522925507723,21.06451612903226,18.5,18.0,20.0,28.5,10.5,58.333333333333336,0.06639112903225805,8.152445374941058,0.38702267476749275,43.02580645161291,41.35,32.8,41.95,69.4,36.60000000000001,111.58536585365857,0.07014919354838707,9.64192123807752,0.22409623510301627,17.4
20,150.0,437.05157844387753,43.8455051520366,3.723362898804804,0.0,8900.732913390715,4306.289696883681,1254.164800337281,14461.187410611676,3.4335915788145197,,,137.2835677968034,116,19.1,1.8265,1.3365,0.735,32.25,39.0,12.0,94.1,40.0,15.6,4.23,3.8,3.5,0.0867262669880738,0.2977825799922701,3.4335915788145197,17.656720503695592,24.130190796857462,0.1496981888204702,450.0,31,25.71774193548387,25.5,19.1,26.4,37.85,18.75,98.1675392670157,0.04566935483870969,5.429848806782388,0.21113240891847482,135.96774193548387,134.0,116.0,133.0,163.0,47.0,40.51724137931034,0.15298387096774196,14.062915465786228,0.10342832252416917,21.258064516129032,18.5,12.0,17.0,24.0,12.0,100.0,0.06618951612903226,8.148487556741165,0.383312768223029,44.12741935483872,41.95,32.25,48.4,66.95,34.7,107.59689922480622,0.07802217741935488,10.358859643719457,0.23474882046515083,19.1
20,160.0,431.6131855637608,43.99058186226555,3.519726847033991,0.0,8652.153721632725,3746.534053602045,993.3256396142486,13392.013414849018,3.7717077906667,,,139.01336197973126,114.5,20.5,1.9615,1.546,0.785,41.35,50.0,12.5,100.55,37.8,16.36,3.85,3.8,3.5,0.0741729872009277,0.2797588336827605,3.7717077906667,21.080805505990313,26.74644243208279,0.1360364900860708,460.0,31,26.430645161290318,25.6,20.5,25.5,41.2,20.700000000000003,100.97560975609758,0.0507641129032258,5.957204006066308,0.22539003379270836,137.6290322580645,137.0,114.5,137.0,167.5,53.0,46.2882096069869,0.15917338709677414,14.654901194899203,0.10648117591512371,21.838709677419356,20.0,12.5,18.5,30.0,17.5,140.0,0.06550403225806453,8.10800745844727,0.3712676975064481,45.779032258064525,42.0,41.35,36.0,83.45,42.1,101.81378476420798,0.09414314516129034,12.301502443425008,0.2687147769764825,20.5
20,170.0,426.52721594950214,44.24994330768066,3.465237888240996,0.0,8878.004868887956,3264.9983922254623,813.3468309421967,12956.350092055616,4.014275666929476,,,140.67097656695273,117,18.3,1.748,1.2385,0.705,36.4,44.0,24.0,101.6,35.5,15.03,4.455,3.9,3.5,0.0627759226297005,0.2519998586814542,4.014275666929476,20.823798627002287,29.390391602745257,0.1270304431399089,470.0,31,27.111290322580643,26.0,18.3,26.7,41.6,23.3,127.3224043715847,0.056112903225806456,6.442627694730096,0.23763633593507408,139.38709677419354,137.0,117.0,137.0,169.0,52.0,44.44444444444444,0.16322580645161286,15.051417251884375,0.10798285924749264,22.20967741935484,20.0,24.0,23.0,24.0,0.0,0.0,0.06078629032258065,7.927561829411347,0.356941781716415,46.88709677419356,44.65,36.4,47.4,75.7,39.300000000000004,107.96703296703298,0.10938306451612906,13.388296927677393,0.28554331252700316,18.3
20,180.0,421.2095365242616,44.15786324684099,3.3206462297329185,0.0,8519.818602910873,2821.364717847862,656.9017315633073,11998.08505232204,4.294957041951349,,,142.4469172638118,117,18.5,1.7655,1.534,0.875,38.25,46.2,12.5,96.65,39.1,16.415,4.095,3.95,3.75,0.0547505479998388,0.2351512516826034,4.294957041951349,21.665250637213255,24.934810951760102,0.1256132422245672,480.0,31,27.94516129032258,26.2,18.5,26.85,44.15,25.65,138.64864864864865,0.060733870967741924,6.9194093538720205,0.24760670664900455,141.1290322580645,138.0,117.0,138.0,171.0,54.0,46.15384615384615,0.1679032258064514,15.492453938361672,0.10977510219181985,22.35483870967742,20.0,12.5,18.5,28.5,16.0,128.0,0.06574596774193549,8.00228462001852,0.3579665558738443,48.36129032258064,45.7,38.25,44.65,82.1,43.849999999999994,114.64052287581697,0.12391532258064512,14.65149997825831,0.30295924448106165,18.5
20,190.0,416.0318784674064,44.97025395993026,3.2982084240423934,0.0,8888.424610534408,2429.593243590884,559.7770545182393,11877.794908643533,4.340287305419947,,,144.21971753950734,122,21.2,2.021,1.41,0.66,32.7,39.5,15.0,95.1,38.6,15.09,4.38,4.0,4.0,0.0471280282934407,0.2045491829314931,4.340287305419947,16.180108857001485,23.191489361702132,0.1210596788525302,490.0,31,28.796774193548387,26.4,21.2,26.0,44.9,23.7,111.79245283018868,0.06489516129032256,7.330574505497176,0.25456234980442755,143.03225806451613,144.0,122.0,144.0,176.0,54.0,44.26229508196721,0.17342741935483869,16.043656837865324,0.11216810148259473,22.822580645161292,21.0,15.0,21.0,27.0,12.0,80.0,0.062197580645161274,7.828950958990583,0.34303530703704316,49.833870967741944,46.7,32.7,39.3,83.9,51.2,156.5749235474006,0.1388870967741935,15.84669464534468,0.31799044179414504,21.2
20,200.0,410.9888063700274,45.51445034556823,3.2932393421577126,0.0,8948.105370838528,2068.281081915833,482.8072148929454,11499.193667647309,4.283865315422928,,,145.98937749652464,123,18.9,1.809,1.29,0.71,30.2,36.6,13.0,90.2,41.4,15.32,4.35,4.0,4.0,0.0419861799746282,0.1798631401204146,4.283865315422928,16.694306246545054,23.410852713178297,0.115484732779739,500.0,31,29.532258064516128,26.65,18.9,27.2,44.0,25.1,132.8042328042328,0.06918951612903224,7.678493215762851,0.26000359332457496,144.82258064516128,145.0,123.0,145.0,177.5,54.5,44.3089430894309,0.18070564516129026,16.701570977554166,0.11532435690036288,23.322580645161292,23.0,13.0,26.5,30.5,17.5,134.6153846153846,0.06179435483870967,7.807633430492638,0.3347671318745114,51.50161290322582,47.4,30.2,47.8,84.4,54.2,179.4701986754967,0.14873991935483868,16.68188380584843,0.323909929523849,18.9
20,210.0,405.6902629573171,45.42763214321997,3.211105599743566,0.0,8397.615094869718,1747.5248738707191,435.89784088967167,10581.037809630108,4.0090239270375925,,,147.89608102157638,126,22.7,2.163,1.584,0.73,35.7,43.1,15.0,95.7,39.2,15.3,4.43,4.1,4.0,0.0411961330005784,0.1651562829007421,4.0090239270375925,16.50485436893204,22.53787878787879,0.1109355569974623,510.0,31,30.380645161290325,26.7,22.7,26.65,45.2,22.500000000000004,99.11894273127756,0.07180645161290322,7.913908404610148,0.26049178227109215,146.6290322580645,146.0,126.0,146.0,179.0,53.0,42.06349206349206,0.1872983870967742,17.280995217258894,0.11785520882961736,23.870967741935484,24.0,15.0,25.0,30.0,15.0,100.0,0.0591733870967742,7.65393988080157,0.3206380220335793,53.35967741935484,47.5,35.7,47.5,87.8,52.099999999999994,145.93837535014,0.15695161290322582,17.42158344963147,0.3264934177302999,22.7
20,220.0,400.4193474264706,44.68569420574224,3.1864362468111365,0.0,7307.0793180315395,1486.9156875218046,405.1524964589767,9199.147502012322,3.6700148722207384,,,149.8429094039165,120,24.9,2.376,1.607,0.68,37.8,45.7,17.0,89.8,41.5,14.97,4.44,4.2,4.0,0.0440423959253125,0.1616362480541311,3.6700148722207384,15.909090909090908,23.522090852520225,0.1085453063037469,520.0,31,31.161290322580644,26.85,24.9,25.3,46.9,22.0,88.35341365461848,0.07684274193548388,8.314452374003347,0.26681990020093554,148.33870967741936,146.0,120.0,148.0,179.0,59.0,49.166666666666664,0.19356854838709683,17.78641199379187,0.11990404953953418,24.387096774193548,24.0,17.0,47.0,31.0,14.0,82.3529411764706,0.057762096774193555,7.574859379794183,0.3106093131926186,55.1725806451613,47.8,37.8,40.5,91.9,54.10000000000001,143.12169312169317,0.16886895161290322,18.41824656289553,0.33382970938682804,24.9
20,230.0,395.6211865105541,44.02499048686008,3.0480757437525345,0.0,6543.856227387575,1271.2033769647592,391.2590020765186,8206.318606428853,3.24900735885471,,,151.6602296484932,122.5,25.05,2.394,1.888,0.79,48.15,58.25,13.0,98.7,39.4,16.175,3.985,4.2,4.25,0.0476777737790981,0.1549054378620999,3.24900735885471,20.112781954887215,25.503177966101696,0.1030478584295331,530.0,31,31.867741935483867,27.2,25.05,21.75,46.8,21.749999999999996,86.8263473053892,0.08226209677419355,8.686767219810992,0.27258809982198684,150.30645161290323,148.0,122.5,146.0,181.0,58.5,47.755102040816325,0.1950403225806452,17.9205084653286,0.11922647546414562,24.806451612903224,25.0,13.0,32.5,30.0,17.0,130.76923076923077,0.05639112903225806,7.511854430781211,0.3028185791342231,56.730645161290326,48.15,48.15,42.0,86.1,37.949999999999996,78.81619937694704,0.17636693548387097,18.935327113710652,0.333775987561499,25.05
20,240.0,390.94903540580185,43.52626833911863,3.072043939248206,0.0,5978.860401066983,1095.2538559628183,374.3258145542514,7448.440071584053,2.925937280780517,,,153.47268970166533,125.5,22.85,2.1805,1.7305,0.795,41.05,49.65,16.5,102.2,38.25,15.84,4.265,4.3,4.5,0.050255598616187,0.1470447295590433,2.925937280780517,18.825957349231828,23.72146778387749,0.1144475147934252,540.0,31,32.64677419354839,27.95,22.85,17.9,49.2,26.35,115.31728665207876,0.0883467741935484,9.126718427086038,0.27955957832090034,152.19354838709677,151.0,125.5,151.0,181.0,55.5,44.223107569721115,0.19566532258064517,17.97483306336707,0.11810509219253479,25.483870967741936,26.5,16.5,20.0,34.0,17.5,106.06060606060606,0.05433467741935484,7.356951215197482,0.2886904907229392,58.36451612903226,48.4,41.05,26.2,98.8,57.75,140.68209500609015,0.1962762096774194,20.305866121018607,0.3479145800870927,22.85
20,250.0,385.894893219112,42.437547444474355,2.991948758257753,0.0,5856.366219559016,932.952660949155,364.0794910965463,7153.398371604717,2.5624971572533735,,,155.48275205065195,126,25.5,2.432,1.557,0.66,35.4,42.8,18.0,94.7,40.1,14.55,4.5,4.3,4.5,0.0508960178342301,0.1304209010157316,2.5624971572533735,14.55592105263158,22.736030828516377,0.1206989838792294,550.0,31,33.41290322580645,30.3,25.5,30.3,46.6,21.1,82.74509803921569,0.0904657258064516,9.272593737658084,0.2775153561183632,154.08064516129033,151.0,126.0,153.0,184.0,58.0,46.03174603174603,0.19768145161290318,18.14896543157651,0.11778874246391119,25.983870967741936,27.0,18.0,32.0,32.0,14.0,77.77777777777777,0.05247983870967741,7.251992681288527,0.27909593186833564,60.11451612903225,53.9,35.4,53.9,95.3,59.9,169.20903954802262,0.207445564516129,21.086603936893155,0.35077391110712774,25.5
20,260.0,381.3060343113868,41.77932153138693,2.99960727915361,0.0,6106.474039855171,803.7461051044678,350.6849692951654,7260.905114254804,2.291932005868118,,,157.35392204940052,129,26.2,2.503,1.881,0.74,46.7,56.4,15.0,95.6,41.0,15.62,4.26,4.4,4.5,0.048297693438617,0.110695029401573,2.291932005868118,18.657610866959647,24.82721956406167,0.1243235219992704,560.0,31,34.130645161290325,31.8,26.2,31.8,47.75,21.55,82.25190839694656,0.09403225806451608,9.498067149156846,0.278285602404293,156.0483870967742,153.0,129.0,151.0,187.0,58.0,44.96124031007752,0.19947580645161297,18.3090846479326,0.11732953469476187,26.467741935483872,28.0,15.0,28.0,33.0,18.0,120.0,0.051572580645161334,7.20177696112907,0.27209638731870955,62.13225806451613,55.3,46.7,55.3,97.95,51.25,109.74304068522483,0.21438508064516115,21.628571182531903,0.3481053458587244,26.2
20,270.0,376.82967275943395,40.88781421671981,3.117821661984235,0.0,7084.282112369447,682.8675963324524,343.7020337866327,8110.851742488531,1.9868011510120152,,,159.22313006997112,130.5,25.6,2.443,1.9625,0.805,45.7,55.2,13.0,101.6,39.4,15.695,4.43,4.45,4.75,0.0423755783854557,0.0841918479110232,1.9868011510120152,18.706508391322146,23.28662420382166,0.1399905116417404,570.0,31,34.83709677419354,32.9,25.6,34.4,48.1,22.5,87.890625,0.09736491935483871,9.700815839762615,0.27846223531889547,157.91935483870967,153.0,130.5,153.0,187.0,56.5,43.29501915708812,0.20074596774193548,18.41606942056925,0.11661692412167231,27.016129032258064,28.5,13.0,32.0,32.0,19.0,146.15384615384616,0.047520161290322584,6.942002438019046,0.2569577021833916,63.9,55.8,45.7,64.15,101.5,55.8,122.10065645514223,0.22823991935483867,22.54524709704169,0.3528207683418105,25.6
20,280.0,372.69220304726366,40.1039023328582,3.221196548305818,0.0,8566.121715051015,591.4749556649741,340.83264133667706,9498.429312052667,1.7353823663875865,,,160.9907572775033,133,22.9,2.184,1.692,0.76,39.1,47.2,16.0,99.8,40.1,15.56,4.41,4.5,5.0,0.0358830528858271,0.0622708172302177,1.7353823663875865,17.9029304029304,23.10874704491726,0.1448305924788972,580.0,31,35.674193548387095,34.4,22.9,32.9,51.55,28.65,125.10917030567687,0.10151411290322582,9.992412713051689,0.2801019930415068,159.74193548387098,157.0,133.0,157.0,187.0,54.0,40.6015037593985,0.20064516129032262,18.407820334367827,0.11523473957298114,27.677419354838708,28.5,16.0,33.0,33.5,17.5,109.375,0.042399193548387115,6.526290915847958,0.2357983897334344,65.91935483870968,64.15,39.1,55.8,108.3,69.19999999999999,176.98209718670074,0.2433528225806452,23.637789932716334,0.35858648784644304,22.9
20,290.0,368.54904193573185,38.980925415807334,3.3018729310772152,0.0,10459.747632481469,504.629022621982,334.61646758864606,11298.993122692098,1.5080818534081757,,,162.80058600847724,134,27.95,2.6695,1.906,0.72,41.95,50.7,20.0,97.25,40.15,14.925,4.62,4.5,5.0,0.029614715572897,0.0446614151493305,1.5080818534081757,15.71455328713242,22.00944386149003,0.1675609610483617,590.0,31,36.53225806451613,37.85,27.95,39.6,49.5,21.55,77.10196779964222,0.10163508064516134,10.000996186939718,0.27375795301998346,161.48387096774192,157.0,134.0,157.0,187.0,53.0,39.55223880597015,0.1998790322580645,18.34778999905608,0.11361995404928855,28.29032258064516,30.0,20.0,28.5,35.0,15.0,75.0,0.03929435483870966,6.280623898876591,0.22200608992608248,68.00645161290322,66.95,41.95,69.4,103.8,61.849999999999994,147.4374255065554,0.24896169354838718,24.04369890406314,0.35355026374440635,27.95
20,300.0,364.7680723464112,38.37694709487207,3.3040467612783098,0.0,12531.500265173836,436.5850789314305,341.8047928356924,13309.890136940958,1.277293613437713,,,164.48808036855672,133,26.4,2.524,1.996,0.79,48.4,58.5,17.0,97.7,40.8,15.87,4.35,4.6,5.0,0.0256805119590754,0.0328015539151378,1.277293613437713,19.17591125198098,24.248496993987978,0.1714724622823672,600.0,31,37.27741935483871,39.6,26.4,37.85,51.05,24.65,93.37121212121212,0.10487903225806448,10.198846656278324,0.2735931519077778,163.29032258064515,163.0,133.0,163.0,190.0,57.0,42.857142857142854,0.19939516129032267,18.30836520717073,0.11212155697793218,28.741935483870968,30.0,17.0,24.0,34.0,17.0,100.0,0.037399193548387125,6.1669427430209645,0.21456254212530854,70.16612903225807,69.4,48.4,66.95,108.9,60.50000000000001,125.00000000000003,0.25688508064516113,24.62501230827704,0.35095298326855073,26.4
20,310.0,360.9575018825301,37.13881259217485,3.3650112510071892,0.0,14469.816379054831,381.75237010904465,330.4095372106453,15181.978286374524,1.1553914978721298,,,166.22455465554054,137,25.5,2.432,1.656,0.675,36.0,43.55,18.5,93.95,41.8,14.655,4.645,4.65,5.0,0.0217632729396787,0.0251451005203754,1.1553914978721298,14.802631578947368,21.73913043478261,0.1769061238641391,610.0,31,38.056451612903224,41.2,25.5,41.2,50.55,25.049999999999997,98.23529411764704,0.10588911290322585,10.262429390219808,0.26966332790575465,165.1290322580645,167.5,137.0,167.5,190.0,53.0,38.68613138686131,0.19600806451612907,18.02496774936342,0.10915686662048564,29.35483870967742,30.0,18.5,30.0,36.0,17.5,94.5945945945946,0.03421370967741935,5.899425887868379,0.2009694533229887,72.07096774193548,75.7,36.0,83.45,107.45,71.45,198.47222222222223,0.2653931451612905,25.163186649659288,0.34914456455976994,25.5
20,320.0,357.19490278605485,35.65532391204289,3.36389331250375,0.0,16181.215041852549,338.2603434942217,330.0316579935243,16849.507043340294,1.0249330187010692,,,167.9755212966674,137,26.7,2.551,2.02,0.8,47.4,57.3,23.0,102.1,38.8,15.84,4.26,4.7,5.0,0.0195870215754453,0.0200753851506841,1.0249330187010692,18.580948647589175,23.465346534653463,0.1943839543889191,620.0,31,38.85645161290322,41.6,26.7,41.6,50.3,23.599999999999998,88.38951310861424,0.10519354838709673,10.217507376520327,0.262955235292956,166.83870967741936,169.0,137.0,169.0,190.0,53.0,38.68613138686131,0.19290322580645147,17.779851469558736,0.1065691020023822,29.870967741935484,30.5,23.0,24.0,34.5,11.5,50.0,0.030322580645161263,5.610953189871105,0.18783968562203482,74.40967741935484,82.1,47.4,75.7,108.5,61.1,128.9029535864979,0.2641552419354838,25.067895867539548,0.3368902639674539,26.7
20,330.0,353.7225824601535,34.62722966447477,3.597454115137871,0.0,17336.145555463823,292.5392349590062,322.5731591717257,17951.257949594557,0.9068926742391156,,,169.62445423387393,138,26.85,2.564,2.072,0.81,44.65,53.95,18.5,99.7,40.6,15.425,4.695,4.8,5.5,0.0179693902275529,0.0162963083579116,0.9068926742391156,17.414196567862714,21.549227799227797,0.2131689912150291,630.0,31,39.662903225806446,44.0,26.85,44.15,51.7,24.85,92.5512104283054,0.10511895161290322,10.212638964717001,0.2574859159092571,168.5483870967742,171.0,138.0,171.0,190.0,52.0,37.68115942028985,0.18766129032258067,17.35816562827117,0.10298624583280502,30.419354838709676,31.0,18.5,28.5,40.0,21.5,116.21621621621621,0.03201612903225809,5.746153458609722,0.18889793978462502,76.58387096774194,83.45,44.65,82.1,114.8,70.15,157.1108622620381,0.2711592741935483,25.565143545775936,0.3338188997595105,26.85
20,340.0,350.44259411549706,33.717395941184904,3.7602608683853456,0.0,17902.942419653304,258.99977534470594,315.3248355075228,18477.267030505533,0.8213744880825504,,,171.21206442224175,144,26.0,2.485,1.841,0.76,39.3,47.5,21.0,97.9,42.3,14.96,4.68,4.8,5.5,0.0170655560146924,0.0140172123354121,0.8213744880825504,15.814889336016096,21.347093970668112,0.2487927691580519,640.0,31,40.37096774193547,44.15,26.0,44.9,48.8,22.799999999999997,87.69230769230768,0.10237903225806454,10.054375284700258,0.24904964748358616,170.32258064516128,176.0,144.0,176.0,193.0,49.0,34.02777777777778,0.182741935483871,16.937408492789352,0.09944311804478598,31.112903225806452,32.0,21.0,27.0,40.0,19.0,90.47619047619048,0.030120967741935487,5.553842029651418,0.1785060683454577,78.60806451612903,83.9,39.3,83.9,107.4,68.10000000000001,173.28244274809163,0.2691955645161291,25.436286733635058,0.3235836792345392,26.0
20,350.0,347.21662713644264,32.54330633736879,3.9383702768862903,0.0,17679.69366554966,236.522057755941,301.6041611730581,18217.81988447866,0.7842135096412893,,,172.8027845176387,145,27.2,2.5975,2.145,0.79,47.8,57.8,26.5,100.8,40.15,15.68,4.46,4.9,5.5,0.0165554475280558,0.0129830056096588,0.7842135096412893,18.402309913378247,22.28438228438228,0.2666051149511278,650.0,31,41.23225806451613,44.9,27.2,44.0,52.7,25.500000000000004,93.75000000000001,0.10056451612903226,9.925048684910793,0.24071077236131636,171.90322580645162,177.5,145.0,177.5,193.0,48.0,33.10344827586207,0.17947580645161298,16.683534475063887,0.09705189880408716,31.758064516129032,32.0,26.5,30.5,41.0,14.5,54.716981132075475,0.029576612903225812,5.501319489816262,0.17322590572301078,81.35645161290323,84.4,47.8,84.4,124.5,76.7,160.46025104602512,0.27159274193548383,25.649511827503606,0.315273236713234,27.2
20,360.0,344.09981343283584,31.52408307573486,5.939159680591226,0.2298850574712643,16908.093882329318,204.6102774930702,285.75228248458103,17398.456442306968,0.7160407459006414,,,174.36801084378175,146,26.65,2.543,2.0485,0.775,47.5,57.4,25.0,97.5,42.6,15.595,4.365,4.95,5.75,0.0164240019470768,0.0117602546048584,0.7160407459006414,18.678725914274477,23.18769831584086,0.311794070479062,660.0,31,41.99516129032258,45.2,26.65,45.2,50.85,24.200000000000003,90.80675422138839,0.09732862903225807,9.717255741194885,0.23138988975461186,173.5,179.0,146.0,179.0,194.5,48.5,33.21917808219178,0.17578629032258067,16.389020715100706,0.09446121449625768,32.225806451612904,32.0,25.0,30.0,41.0,16.0,64.0,0.03177419354838713,5.65366947164615,0.1754391928138445,83.63870967741937,86.1,47.5,87.8,118.55,71.05,149.57894736842104,0.2724395161290323,25.711721418053088,0.307414132968083,26.65
20,370.0,340.87870604356493,29.817419367962952,5.994615588431615,0.2280501710376282,15054.965512435929,182.4840902267313,258.6585388927176,15496.108141555378,0.7055018984021216,,,176.01568809150515,148,25.3,2.419,1.915,0.79,40.5,49.0,47.0,104.2,38.5,15.52,4.19,5.0,6.0,0.0166918387849321,0.0117761239505918,0.7055018984021216,16.742455560148823,21.148825065274153,0.3205916903732121,670.0,31,42.8274193548387,46.6,25.3,46.9,52.45,27.150000000000002,107.31225296442688,0.09375201612903226,9.460636330868354,0.2209013868541551,175.11290322580646,179.0,148.0,179.0,196.0,48.0,32.432432432432435,0.17165322580645165,16.049252151538273,0.09165088269276714,32.725806451612904,32.0,47.0,31.0,40.5,-6.5,-13.829787234042554,0.03211693548387089,5.678671660516831,0.1735227417210663,85.9935483870968,87.8,40.5,91.9,120.5,80.0,197.53086419753086,0.2714193548387096,25.63436736731727,0.2980964019757053,25.3
20,380.0,337.7739219278467,27.982508658925177,6.01537434822161,0.2257336343115124,12810.37670366405,164.27246188974053,239.13895121364231,13213.788116767431,0.6869331033528809,,,177.63360669630634,146,21.75,2.074,1.796,0.88,42.0,50.75,32.5,102.9,39.0,16.265,4.265,5.0,6.0,0.0180976832003375,0.0124318976843051,0.6869331033528809,20.25072324011572,23.385300668151448,0.3645882645598452,680.0,31,43.295161290322575,46.6,21.75,46.8,39.8,18.049999999999997,82.98850574712642,0.08061290322580641,8.90745338502827,0.20573784967095812,177.24193548387098,181.0,146.0,181.0,214.0,68.0,46.57534246575342,0.17768145161290316,16.697240773923266,0.09420592665240171,32.61290322580645,32.0,32.5,30.0,43.5,11.0,33.84615384615385,0.047842741935483865,5.414039892445311,0.16600913616795715,87.74032258064517,91.9,42.0,86.1,94.65,52.650000000000006,125.35714285714288,0.2473044354838709,24.237922832326337,0.2762461103336886,21.75
21,0.0,438.60540432908545,40.678953810858985,3.8963857745070656,0.0,134515.23788970825,18320.66702833674,1518.8651108996842,154354.77002894465,12.062076412753123,,,136.79722002463524,97,9.4,0.805,1.0875,1.39,26.2,31.8,30.5,119.9,36.75,17.815,4.07,0.0,0.0,0.0098400918262186,0.1186919395163573,12.062076412753123,32.546583850931675,24.091954022988507,0.1766105931248447,300.0,31,23.656451612903222,23.9,9.4,22.05,32.4,23.0,244.68085106382978,0.06777822580645164,6.674662812151186,0.2821497882002956,134.5483870967742,135.0,97.0,126.0,166.0,69.0,71.1340206185567,0.1498790322580649,15.86156509654164,0.11788744137923537,30.741935483870968,30.5,30.5,28.0,42.0,11.5,37.704918032786885,0.02241935483870979,4.238456809858071,0.13787215226190996,43.28548387096774,40.6,26.2,36.75,64.3,38.099999999999994,145.41984732824426,0.09026814516129043,9.529316113520311,0.22015038902942183,9.4
21,10.0,434.4002290457185,41.00750645559615,3.855755940050999,0.0,137207.9725872404,18060.70689527772,1468.513958372167,156737.1934408903,12.298628005754765,,,138.1214741341338,96,11.2,0.957,1.326,1.47,31.4,38.1,27.0,120.1,37.4,17.63,4.29,3.0,2.0,0.0093692755760998,0.1152292349938554,12.298628005754765,32.81086729362591,23.68024132730015,0.1931240420867735,310.0,31,24.561290322580643,24.15,11.2,28.3,37.45,26.250000000000004,234.37500000000006,0.06692338709677416,6.578167293877267,0.26782661690332976,136.7741935483871,136.0,96.0,120.0,166.0,70.0,72.91666666666667,0.14467741935483855,15.246222870860738,0.11147002570676483,31.370967741935484,31.0,27.0,34.0,50.0,23.0,85.18518518518519,0.033911290322580674,5.469563879529891,0.17435113651971887,44.596774193548384,42.2,31.4,39.6,66.85,35.449999999999996,112.89808917197452,0.09349798387096771,9.889901714070696,0.22176271474588904,11.2
21,20.0,429.0187365687679,40.569370123746666,3.7391873771337023,0.0,135830.3284631054,16852.41628521151,1377.4249440042038,154060.1696923211,12.234725644085678,,,139.8540317373354,113,11.0,0.941,1.2175,1.285,29.45,35.75,33.5,118.25,37.35,17.525,4.23,3.1,2.0,0.0089408245282028,0.1093885351344741,12.234725644085678,31.296493092454835,24.188911704312115,0.1809247411407128,320.0,31,25.4,24.3,11.0,24.15,37.2,26.200000000000003,238.18181818181822,0.06594758064516128,6.474501267794043,0.2549016247163009,139.1290322580645,136.0,113.0,130.0,169.0,56.0,49.557522123893804,0.13786290322580638,14.34977801334425,0.10314006918935122,32.17741935483871,31.0,33.5,26.5,52.0,18.5,55.223880597014926,0.043568548387096805,6.541595609503814,0.2032977081650308,46.10645161290323,42.6,29.45,39.95,78.2,48.75,165.53480475382003,0.10530846774193542,11.282248164967564,0.24469998818582137,11.0
21,30.0,424.0010291253541,40.6670513421831,3.396032061577635,0.0,130204.47885277962,15349.373220208628,1255.090505783297,146808.94257877156,12.22969431246645,,,141.50909049388477,118,13.1,1.123,1.3,1.21,31.7,38.4,30.0,116.3,37.8,17.35,4.19,3.1,2.0,0.0085491420599931,0.1045533940275661,12.22969431246645,28.227960819234195,24.384615384615383,0.1733584789799211,330.0,31,26.11935483870968,24.7,13.1,26.0,33.3,20.199999999999996,154.1984732824427,0.0614354838709677,6.045889477148293,0.2314716238009103,140.96774193548387,136.0,118.0,130.0,170.0,52.0,44.067796610169495,0.13967741935483854,14.540710370009993,0.10314920399778256,32.516129032258064,31.0,30.0,30.0,44.0,14.0,46.666666666666664,0.05157258064516127,6.875662235944673,0.21145389812925086,47.00000000000001,44.6,31.7,45.3,57.15,25.45,80.28391167192429,0.10124193548387093,11.012788021205166,0.23431463874904604,13.1
21,40.0,420.0328168828892,40.27121123464708,3.257704788346205,0.0,120678.7855304542,13675.879914203277,1132.6488610594388,135487.3143057169,12.074245058977372,,,142.8459815241741,121,15.2,1.299,1.4735,1.1,35.2,42.7,29.5,113.3,37.95,17.09,4.205,3.2,2.0,0.0083598148421755,0.1009384530521041,12.074245058977372,27.097767513471904,23.888700373260946,0.1643971103988836,340.0,31,27.103225806451615,26.0,15.2,28.1,43.6,28.400000000000002,186.8421052631579,0.06360887096774198,6.33152082157032,0.23360764754663163,142.4516129032258,137.0,121.0,142.0,164.0,43.0,35.53719008264463,0.1387903225806455,14.46568055704586,0.10154802927274043,33.064516129032256,31.0,29.5,33.0,47.0,17.5,59.32203389830509,0.0587096774193549,7.331145812540574,0.2217224587207393,48.43870967741936,44.8,35.2,48.1,76.3,41.099999999999994,116.7613636363636,0.10909274193548396,11.830298035675316,0.24423231160491127,15.2
21,50.0,416.4529728789986,39.80637555097229,3.0952503924521717,0.0,108954.289261777,11797.70570177193,996.8985379520284,121748.89350150098,11.834409674236726,,,144.07389046886007,127,17.0,1.451,1.493,1.03,34.9,42.3,36.0,105.4,39.5,16.92,4.49,3.2,2.5,0.0081881527567208,0.0969019541982653,11.834409674236726,24.052377670572017,23.37575351640991,0.1527723279416704,350.0,31,27.977419354838712,28.1,17.0,24.7,42.3,25.299999999999997,148.82352941176467,0.06512096774193553,6.501818190702216,0.23239520801541413,143.83870967741936,139.0,127.0,148.0,164.0,37.0,29.133858267716537,0.13798387096774217,14.401612812907564,0.10012334541380005,33.75806451612903,31.0,36.0,31.0,51.0,15.0,41.666666666666664,0.06725806451612908,7.971690502168633,0.23614181133992126,49.74193548387096,45.3,34.9,40.4,75.6,40.699999999999996,116.6189111747851,0.11697983870967744,12.527969353771274,0.25185930607451984,17.0
21,60.0,413.17214439655174,40.154638781403,3.0589656119147417,0.0,94613.40528163144,9894.645715800862,869.0075438487835,105377.05854128108,11.386144787625266,,,145.21792142505518,130,20.2,1.731,1.678,0.97,38.2,46.3,27.0,110.1,37.7,16.49,4.29,3.3,2.5,0.0082466483300855,0.0938975318989822,11.386144787625266,22.068168688619295,22.76519666269369,0.1407702561054439,360.0,31,28.738709677419358,28.3,20.2,28.6,40.6,20.400000000000002,100.990099009901,0.06567338709677417,6.555070679474267,0.22809203172488748,145.09677419354838,142.0,130.0,146.0,166.0,36.0,27.692307692307693,0.14052419354838708,14.58390628674791,0.10051158178950316,34.17741935483871,31.0,27.0,31.0,49.0,22.0,81.48148148148148,0.07792338709677418,8.422735489036775,0.2464415291742709,51.02096774193548,46.3,38.2,46.3,74.55,36.349999999999994,95.15706806282721,0.12240927419354836,12.978114746202214,0.25436825918014017,20.2
21,70.0,410.0613991963064,41.02536405084117,3.0542383433425098,0.0,80819.47666590071,8134.745688518648,755.5588785823995,89709.78123300176,10.766527823458688,,,146.31955145643087,135,24.3,2.0755,1.977,0.955,44.6,54.1,30.0,106.3,40.0,15.98,4.61,3.35,2.5,0.0084222575085764,0.0906784698024221,10.766527823458688,21.488797880028912,22.5594334850784,0.1278958809135728,370.0,31,29.538709677419355,28.6,24.3,29.5,45.0,20.7,85.18518518518518,0.07000000000000002,6.977937967592568,0.23623029048309446,146.3548387096774,144.0,135.0,139.0,169.0,34.0,25.185185185185187,0.14524193548387118,14.916542019062314,0.10192038849260122,34.75806451612903,32.0,30.0,34.5,45.0,15.0,50.0,0.07983870967741935,8.531188826634827,0.24544487575469107,52.269354838709674,47.3,44.6,44.8,76.9,32.300000000000004,72.42152466367713,0.1297903225806452,13.552340987318725,0.25927890308074214,24.3
21,80.0,407.0474375849185,41.4849957508447,3.0618952321247,0.0,68808.02087214545,6445.217323936387,627.0647198127397,75880.30291589459,10.278392517220746,,,147.4029669760119,134,23.7,2.029,2.045,0.99,47.3,57.4,28.0,111.1,37.9,16.66,4.32,3.4,2.5,0.0082638668497116,0.0849392671913848,10.278392517220746,23.31197634302612,23.12958435207824,0.1174111358146651,380.0,31,30.18387096774193,29.5,23.7,30.1,44.3,20.599999999999998,86.91983122362869,0.07554838709677418,7.389851003197721,0.24482780923279832,147.40322580645162,146.0,134.0,137.0,167.5,33.5,25.0,0.15070564516129015,15.230681400186219,0.10332664917513355,35.46774193548387,33.0,28.0,32.0,52.0,24.0,85.71428571428571,0.08719758064516127,9.023058871460913,0.25440184176015307,53.475806451612904,48.1,47.3,55.0,82.0,34.7,73.36152219873152,0.14282459677419354,14.47981279211246,0.2707731543088441,23.7
21,90.0,403.3592430320946,40.64313010461984,2.972541921125174,0.0,60088.049715077876,4727.136715561021,520.0110659601368,65335.19749659903,9.090454078766465,,,148.75077498899884,130,21.2,1.811,1.8005,0.995,40.6,49.2,29.0,108.65,39.4,16.47,4.465,3.5,3.0,0.0079591259517843,0.0723520689718139,9.090454078766465,22.41855328547764,22.549291863371288,0.1008086291779728,390.0,31,30.70967741935484,30.1,21.2,30.45,40.0,18.8,88.67924528301887,0.0773024193548387,7.4923118300788705,0.24397233900466908,148.53225806451613,148.0,130.0,148.0,169.0,39.0,30.0,0.15512096774193548,15.498890005347139,0.10434696278982762,35.88709677419355,34.0,29.0,35.5,41.0,12.0,41.37931034482759,0.08572580645161287,8.966334886135058,0.24984843278219038,53.97903225806452,51.1,40.6,56.05,62.9,22.299999999999997,54.92610837438422,0.14454032258064511,14.529021383616705,0.2691604642735338,21.2
21,100.0,400.6828040768194,39.88528154496977,2.973509346255443,0.0,55541.16450047558,3469.7100097911325,425.8150773227088,59436.68958758942,8.148396321724357,,,149.7443848089291,136,21.25,1.814,1.7915,0.965,39.55,47.95,21.5,107.2,39.8,16.175,4.6,3.5,3.0,0.0071641788982073,0.058376568982328,8.148396321724357,21.802646085997793,22.07647222997488,0.0998891244461388,400.0,30,31.026666666666664,30.275,21.25,23.9,40.0,18.75,88.23529411764706,0.07874082313681868,7.405947439137303,0.2386962002300377,149.15,148.0,136.0,155.0,169.0,33.0,24.264705882352942,0.1583870967741937,15.370790704988204,0.10305592158892526,36.11666666666667,34.25,21.5,27.0,41.0,19.5,90.69767441860465,0.08984427141268074,9.026477654687609,0.2499255465072711,54.425,53.05,39.55,42.6,62.9,23.35,59.03919089759798,0.150265850945495,14.559993309490695,0.26752399282481754,21.25
21,110.0,399.1545197147651,38.926696603269136,3.0025593665767127,0.0,58119.97008571606,2743.2512353885286,345.48828433601716,61208.70960544061,7.94021493568355,,,150.31772668608602,136,22.8,1.948,1.89,0.97,42.2,51.2,28.0,108.0,39.2,16.32,4.49,3.6,3.0,0.0056444301238023,0.0448179883724373,7.94021493568355,21.663244353182755,22.32804232804233,0.1024845357676126,410.0,29,31.363793103448273,30.45,22.8,31.4,40.0,17.2,75.43859649122807,0.07995320197044334,7.299007962824764,0.23272082999496255,149.60344827586206,148.0,136.0,150.0,169.0,33.0,24.264705882352942,0.1656403940886699,15.437303677377932,0.1031881541186954,36.62068965517241,34.5,28.0,31.0,41.0,13.0,46.42857142857143,0.08866995073891622,8.746075826594007,0.23882881259060848,54.93793103448276,55.0,42.2,51.1,62.9,20.699999999999996,49.05213270142179,0.15537438423645314,14.539248943883473,0.26464864384422593,22.8
21,120.0,397.8858140896921,37.71930621592425,3.0301274004593375,0.0,65377.45390861462,2173.3122752499603,287.2982929772847,67838.06447684186,7.564654327486011,,,150.797032403057,134,21.7,1.857,1.7525,0.945,38.8,47.05,26.0,106.55,40.25,16.2,4.52,3.6,3.0,0.0042350602894243,0.0320367671455584,7.564654327486011,20.89391491653204,22.139800285306706,0.1160433307722536,420.0,29,31.470689655172414,30.45,21.7,31.5,25.9,4.199999999999999,19.354838709677416,0.06732303732303728,7.191010226582754,0.22849865399758928,149.94827586206895,148.0,134.0,144.0,146.0,12.0,8.955223880597014,0.14834009834009823,15.232920662866405,0.10158783470693936,36.62068965517241,34.5,26.0,35.0,28.0,2.0,7.6923076923076925,0.07334257334257334,8.746075826594007,0.23882881259060848,54.837931034482764,55.0,38.8,56.9,39.3,0.5,1.288659793814433,0.12981833481833477,14.63961513431238,0.2669614782714324,21.7
21,130.0,397.5066934404283,37.3981808301359,3.1642221695803014,0.0,77755.7277323119,1766.6431834424038,235.8760135000037,79758.24692925431,7.489711044494892,,,150.9408545569354,136,22.25,1.905,1.7725,0.915,38.5,46.65,23.5,105.0,40.95,15.97,4.69,3.7,3.0,0.0029573871365205,0.0221499750992448,7.489711044494892,20.20997375328084,21.72073342736248,0.1227400614930195,430.0,29,31.925862068965515,31.4,22.25,32.5,34.9,12.649999999999999,56.85393258426965,0.06122014529557361,6.964663624961867,0.21815115312836222,150.18965517241378,148.0,136.0,153.0,141.0,5.0,3.676470588235294,0.1266281461956348,15.025225095237726,0.1000416778238765,37.48275862068966,35.0,23.5,36.0,51.0,27.5,117.02127659574468,0.07457970362274585,8.892696399916268,0.23724765004376425,56.053448275862074,56.05,38.5,57.5,74.05,35.55,92.33766233766232,0.1293429554148317,14.723589739855774,0.26267054378875915,22.25
21,140.0,396.85531229138854,36.6232641538207,3.2085370889393325,0.0,92295.23744114648,1527.4452211220012,197.26912049141404,94019.9517827599,7.742951442765123,,,151.18860234872042,134,22.5,1.922,1.633,0.87,36.2,43.8,31.0,104.6,40.0,15.91,4.62,3.7,3.5,0.0020981623235376,0.0162459689901913,7.742951442765123,18.83454734651405,22.16778934476424,0.1263771519778727,440.0,29,32.279310344827586,31.5,22.5,32.9,32.5,10.0,44.44444444444444,0.05350492889209809,6.711577380613338,0.20792195709623632,150.36206896551724,148.0,134.0,160.0,141.0,7.0,5.223880597014926,0.10724107619376509,14.884613671101143,0.0989918120541069,38.44827586206897,35.5,31.0,36.0,51.5,20.5,66.12903225806451,0.07323564499419205,8.840193141460492,0.22992430592139396,57.189655172413794,56.9,36.2,62.4,71.45,35.25,97.3756906077348,0.12523961636266603,14.591395331975287,0.25514046706498844,22.5
21,150.0,394.5364375830013,33.91177059367129,3.1646746360692224,0.0,100961.70950912076,1372.0907049960667,166.90787302975667,102500.7080871466,8.22064699579179,,,152.07720829936625,126,22.05,1.888,1.647,0.875,36.75,44.55,28.0,103.45,41.1,15.92,4.705,3.8,3.5,0.001628358244002,0.0133861583066285,8.22064699579179,19.465042372881356,22.31329690346084,0.1399982739296237,450.0,29,32.88965517241379,32.4,22.05,32.4,40.2,18.150000000000002,82.31292517006804,0.05127624097126172,6.594280250315757,0.20049709295361393,151.01724137931035,150.0,126.0,166.0,153.0,27.0,21.428571428571427,0.09570232057783915,14.553155498907083,0.09636750986831953,39.206896551724135,36.0,28.0,42.0,53.0,25.0,89.28571428571429,0.07682726294759488,9.11779778527699,0.23255596813811144,58.5,57.15,36.75,64.3,74.2,37.45,101.90476190476191,0.12024504379898572,14.343291114664027,0.24518446349853038,22.05
21,160.0,392.1396944535341,30.785930977384098,3.080107077188972,0.0,106444.56293585524,1330.3395422425529,155.8892689903893,107930.79174708818,8.5338750438593,,,153.0066985022084,120,28.3,2.424,1.943,0.82,39.6,48.0,34.0,99.3,42.2,15.19,4.77,3.8,3.5,0.0014443447181938,0.0123258573453246,8.5338750438593,16.33663366336634,20.38085434894493,0.1682499686769208,460.0,29,33.5948275862069,32.5,28.3,37.45,42.5,14.2,50.17667844522968,0.049622832152013255,6.486267703326145,0.19307340353755012,152.08620689655172,153.0,120.0,166.0,157.0,37.0,30.833333333333332,0.08122002714522683,13.767241764885508,0.09052261901863275,40.03448275862069,36.0,34.0,50.0,52.0,18.0,52.94117647058823,0.07662871361785553,9.153386409336202,0.22863755888953474,59.85344827586207,57.5,39.6,66.85,76.0,36.4,91.91919191919192,0.11538184285929724,14.066810806154951,0.23502089205155902,28.3
21,170.0,389.30746606794537,28.316705889547297,2.9289986542331463,0.0,107039.77488130212,1379.8473861341477,142.96473236014742,108562.58699979643,9.651662779727564,,,154.11982874617738,130,24.15,2.0655,1.867,0.885,39.95,48.5,26.5,104.4,40.65,15.755,4.685,3.9,3.5,0.0013168876710759,0.0127101557200063,9.651662779727564,19.34156378600823,21.397964649169793,0.1877735705934618,470.0,29,34.179310344827584,32.5,24.15,37.2,45.25,21.1,87.37060041407868,0.05310451457894579,6.750416881853871,0.19750009036900956,153.60344827586206,153.0,130.0,169.0,164.0,34.0,26.153846153846153,0.06659078100436013,12.468087342108387,0.08117062137639314,40.62068965517241,41.0,26.5,52.0,51.0,24.5,92.45283018867924,0.07871073473140923,9.296365622817525,0.22885789733591533,61.036206896551725,62.4,39.95,78.2,73.9,33.95,84.98122653316646,0.10946140954527928,13.74128227895602,0.22513329346048108,24.15
21,180.0,386.26953125,26.162434021596425,2.8648327966826197,0.0,105188.01606952486,1564.6124495454956,152.59755595546088,106905.22607502584,10.253194684206894,,,155.33195125651008,130,26.0,2.225,2.126,0.89,45.3,54.9,30.0,105.2,40.8,16.06,4.55,4.0,4.0,0.0014274096932208,0.0146355094787176,10.253194684206894,20.35955056179775,21.307619943555977,0.1993165176171972,480.0,29,35.074137931034485,32.9,26.0,33.3,50.1,24.1,92.6923076923077,0.056224093074921766,7.085115442774269,0.2020039795904771,154.94827586206895,155.0,130.0,170.0,169.0,39.0,30.0,0.060261919377941384,11.922626169528472,0.07694584598115628,41.43103448275862,42.0,30.0,44.0,50.0,20.0,66.66666666666667,0.0744716302727352,9.042285719577919,0.2182490935228961,62.56206896551725,62.9,45.3,57.15,84.2,38.900000000000006,85.87196467991171,0.10927160981028378,13.772972077667795,0.2201489225885278,26.0
21,190.0,383.8459557058259,26.0948873496472,2.8745500091212803,0.0,108491.7971520204,1932.798296343072,173.82906160803452,110598.4245099715,11.118959502303015,,,156.3127059386895,142,28.1,2.403,2.245,0.93,48.1,58.3,33.0,107.1,39.8,15.96,4.71,4.0,4.0,0.0015717137235744,0.0174758212416381,11.118959502303015,20.01664585934249,21.425389755011135,0.1990596475476027,490.0,29,35.91206896551724,33.3,28.1,43.6,50.3,22.199999999999996,79.00355871886119,0.05945811563663655,7.403409629213491,0.20615380406854983,156.43103448275863,157.0,142.0,164.0,173.0,31.0,21.830985915492956,0.05493967035187483,11.370170982766261,0.07268488008381385,42.189655172413794,44.0,33.0,47.0,52.0,19.0,57.57575757575758,0.07293176110613976,8.971595845762582,0.21264918637279517,64.21724137931035,64.3,48.1,76.3,93.3,45.199999999999996,93.97089397089397,0.11654136477787723,14.489955115909911,0.225639638275996,28.1
21,200.0,381.6903861464968,26.89187406324206,2.8606772700528005,0.0,119262.18531021768,2456.4802689915023,208.64608575627787,121927.31166496544,11.773430879795884,,,157.19547093064946,148,24.7,2.115,1.871,0.89,40.4,49.0,31.0,102.9,42.4,15.63,4.78,4.1,4.0,0.0017112333808326,0.0201470879284329,11.773430879795884,19.101654846335695,21.592731159807588,0.1729493965019955,500.0,29,36.765517241379314,34.9,24.7,42.3,52.85,28.150000000000002,113.96761133603239,0.06456033128659146,7.881795293226981,0.21438010082872108,157.60344827586206,160.0,148.0,164.0,176.0,28.0,18.91891891891892,0.05748393545623302,11.579985281221235,0.07347545632981421,42.91379310344828,45.0,31.0,51.0,54.0,23.0,74.19354838709677,0.07373411395116378,9.05052185306504,0.2109000672871725,65.91206896551725,66.85,40.4,75.6,97.25,56.85,140.71782178217822,0.12591510781093812,15.384295419891757,0.23340634972238922,24.7
21,210.0,379.25979034810126,27.134525164770057,2.8889200371851333,0.0,132606.44097977673,3102.509329654081,259.08519975710146,135968.0355091879,11.974861291045404,,,158.2029034634264,146,28.6,2.45,2.143,0.87,46.3,56.1,31.0,104.2,40.6,15.77,4.72,4.1,4.0,0.0019054860856586,0.0228179315677796,11.974861291045404,18.897959183673468,21.60522631824545,0.1672672413911747,510.0,29,37.66896551724138,37.2,28.6,40.6,50.9,22.299999999999997,77.97202797202796,0.06510615711252654,7.950678472768215,0.21106707772819316,158.56896551724137,164.0,146.0,166.0,176.0,30.0,20.54794520547945,0.062355980184005566,11.913171085827528,0.07512927291268856,43.63793103448276,47.0,31.0,49.0,52.0,21.0,67.74193548387096,0.07112455767869784,8.902143152598683,0.20400011965654824,67.8051724137931,71.45,46.3,74.55,95.3,49.0,105.83153347732183,0.12684869072894556,15.510131163830042,0.22874554568162903,28.6
21,220.0,376.3551795796738,26.386212506712273,2.8504038276690165,0.0,146473.47909248108,3885.484473513507,312.57129410254714,150671.53486009713,12.430714358045856,,,159.4238720641763,139,29.5,2.5215,2.1835,0.875,44.8,54.35,34.5,100.95,42.45,15.56,4.81,4.2,4.0,0.0020745212053011,0.0257877805328079,12.430714358045856,17.767202062264523,20.51751774673689,0.1773634816726002,520.0,29,38.408620689655166,37.45,29.5,45.0,50.05,20.549999999999997,69.66101694915253,0.06651870800888313,8.073657218801126,0.21020429981167363,159.60344827586206,164.0,139.0,169.0,176.0,37.0,26.618705035971225,0.06467686166474576,12.084065149686671,0.07571305808380976,44.37931034482759,49.0,34.5,45.0,52.5,18.0,52.17391304347826,0.06801647316785202,8.705145412355058,0.19615323772983426,69.44655172413793,73.9,44.8,76.9,93.9,49.10000000000001,109.5982142857143,0.12836231130351675,15.67087226942805,0.22565371325674097,29.5
21,230.0,373.27307752179325,25.222709952600013,2.8413959398213424,0.0,161870.0049232889,4659.4157879036,372.0568753455758,166901.4775865381,12.52339654676672,,,160.74022910612123,137,30.1,2.574,2.455,0.93,55.0,66.7,32.0,108.1,40.0,16.19,4.59,4.2,4.5,0.0022292006082011,0.0279171631987961,12.52339654676672,21.36752136752137,22.40325865580448,0.1793373976883494,530.0,29,39.182758620689654,40.0,30.1,44.3,51.95,21.85,72.59136212624584,0.06878624961548144,8.263033815283121,0.21088443249424493,160.98275862068965,164.0,137.0,167.5,179.0,42.0,30.656934306569344,0.063050560698006,11.930215809493296,0.07410865555859604,45.0,50.0,32.0,52.0,52.5,20.5,64.0625,0.06631826952655276,8.616843969807043,0.19148542155126763,71.39310344827587,74.05,55.0,82.0,101.25,46.25,84.0909090909091,0.13144299337229792,16.002520583477796,0.22414658854369013,30.1
21,240.0,370.85867400216586,25.338989740531595,2.8890176353555876,0.0,185592.94747478663,5398.150465338114,428.5139761837579,191419.61191630852,12.59737316717821,,,161.78669721407027,148,30.45,2.6015,2.622,0.965,56.05,67.95,35.5,108.85,39.7,16.3,4.605,4.3,4.5,0.0022386106203742,0.0282006133608622,12.59737316717821,21.54526234864501,21.3768115942029,0.1789748334560042,540.0,29,39.92413793103448,40.2,30.45,40.0,51.6,21.150000000000002,69.45812807881774,0.07029254800323273,8.382652374841655,0.20996451793954743,162.43103448275863,166.0,148.0,169.0,179.0,31.0,20.945945945945947,0.058423208761809245,11.45466540785506,0.07052017765158619,45.44827586206897,50.0,35.5,41.0,45.0,9.5,26.760563380281692,0.05773834406264806,8.246584604275153,0.18144988886493127,72.77586206896552,74.2,56.05,62.9,95.1,39.05,69.66993755575379,0.13492712426497225,16.26575401555616,0.22350479339072662,30.45
21,250.0,369.06906654094826,25.904184155724668,2.897551200583327,0.0,209014.40308471705,6019.574508325891,479.2361465623298,215513.21373960527,12.560768947638175,,,162.57119720799736,155,23.9,2.044,2.003,0.98,42.6,51.7,27.0,99.4,44.2,15.63,4.96,4.3,4.5,0.0022236972770559,0.0279313477065915,12.560768947638175,20.841487279843445,21.26809785322017,0.1795303066855207,550.0,29,40.725862068965505,40.6,23.9,40.0,53.7,29.800000000000004,124.68619246861927,0.07242439838642369,8.55424519390451,0.21004454563585867,163.5,166.0,155.0,169.0,179.0,24.0,15.483870967741936,0.059077062178327866,11.506209503692219,0.07037437005316342,46.12068965517241,50.0,27.0,41.0,55.0,28.0,103.70370370370371,0.05702462094867156,8.201323033961604,0.17782307886720486,74.53793103448277,74.55,42.6,62.9,107.15,64.55000000000001,151.52582159624416,0.14476957852274305,17.13379938253008,0.2298668495990804,23.9
21,260.0,366.8512082567402,25.765559997707705,2.892657643585965,0.0,225434.6157292112,6419.341369417302,536.42602288211,232390.38312151065,11.966871657209062,,,163.5540476617678,150,31.4,2.686,2.471,0.91,51.1,62.0,31.0,105.2,41.2,15.96,4.7,4.4,4.5,0.0023082969943796,0.0276230938784622,11.966871657209062,19.02457185405808,20.679886685552407,0.1747430723414884,560.0,29,41.76896551724138,42.3,31.4,25.9,54.15,22.75,72.45222929936305,0.06964522186674085,8.268803396254583,0.19796524270732513,164.32758620689654,166.0,150.0,146.0,179.0,29.0,19.333333333333332,0.0629364306579497,11.73386115210785,0.07140530341226056,47.05172413793103,51.0,31.0,28.0,54.0,23.0,74.19354838709677,0.04941368757824453,7.451443804949825,0.15836707243938802,76.61379310344829,75.6,51.1,39.3,102.8,51.699999999999996,101.17416829745596,0.1411732507998331,16.76904512440218,0.21887762562231663,31.4
21,270.0,364.1878037667072,25.25269611765468,2.9045318210427955,0.0,239109.3877375198,6590.243130253306,536.7709715853463,246236.40183935847,12.277569911780263,,,164.75016290890133,144,31.5,2.691,2.606,0.97,56.9,69.0,35.0,107.9,39.8,16.13,4.66,4.5,5.0,0.002179900971488,0.0267638865782025,12.277569911780263,21.144555927164625,21.834228702993094,0.1782825240771211,570.0,29,42.543103448275865,42.5,31.5,25.9,53.85,22.35,70.95238095238095,0.07029045787698912,8.314152350681628,0.19542891037063195,165.39655172413794,167.5,144.0,146.0,181.0,37.0,25.694444444444443,0.06375790764428853,11.793899232794068,0.07130680240822015,47.827586206896555,51.0,35.0,28.0,53.5,18.5,52.857142857142854,0.042935373296547154,6.86902449674958,0.14362055544753988,78.46724137931035,76.0,56.9,39.3,104.85,47.949999999999996,84.27065026362038,0.1418116517570995,16.818709160708867,0.2143405179673297,31.5
21,280.0,362.1554904513889,25.43896935994768,2.9019538750276648,0.0,244397.9219505037,6532.044276823731,548.4384177502928,251478.4046450777,11.910260232349016,,,165.67469383169168,153,32.5,2.782,2.666,0.97,57.5,69.6,36.0,107.4,40.5,16.13,4.68,4.5,5.0,0.0021808569150274,0.0259745733874949,11.910260232349016,20.668583752695906,21.567891972993248,0.1810282757954013,580.0,29,43.33620689655172,43.6,32.5,34.9,54.5,22.0,67.6923076923077,0.07048141726558348,8.320112213268478,0.19198985811401303,166.67241379310346,169.0,153.0,141.0,181.0,28.0,18.30065359477124,0.05932911994183273,11.39100198000046,0.06834365520223716,48.48275862068966,51.0,36.0,51.0,54.0,18.0,50.0,0.03838334405324533,6.497915542998453,0.13402528502628389,80.22241379310346,76.3,57.5,74.05,107.8,50.3,87.47826086956522,0.14579630302860816,17.14044708017776,0.2136615724924907,32.5
21,290.0,360.54781513237066,25.843672274332203,2.9432358821185476,0.0,236003.08840450045,6170.580400005555,523.5985196314136,242697.2673241374,11.78494623007973,,,166.4134338963384,160,32.9,2.815,2.954,1.02,62.4,75.7,36.0,109.7,39.7,16.36,4.63,4.6,5.0,0.002157414153873,0.0254250097994072,11.78494623007973,22.16696269982238,21.123899796885578,0.1838300888232392,590.0,29,44.15344827586207,44.3,32.9,32.5,56.2,23.300000000000004,70.82066869300914,0.07141476681753015,8.381452003366068,0.18982553641111793,167.63793103448276,169.0,160.0,141.0,181.0,21.0,13.125,0.059207123380091535,11.377371457449572,0.06786871794014966,49.13793103448276,51.5,36.0,51.5,55.0,19.0,52.77777777777778,0.034240856829617916,6.14249913036237,0.1250052454600061,82.13275862068967,76.9,62.4,71.45,112.9,50.50000000000001,80.9294871794872,0.1511741348775757,17.59864176913169,0.21427067670290692,32.9
21,300.0,359.21068020209583,26.496845220125323,2.9761564978776716,0.0,216554.54986642543,5659.435392202038,507.5087913275081,222721.49404995496,11.151403658246904,,,167.03289547583427,166,32.4,2.773,2.888,1.03,64.3,77.9,42.0,111.0,38.6,16.56,4.38,4.6,5.0,0.0022786700201179,0.0254103691982807,11.151403658246904,23.187883159033536,22.264542936288088,0.1878331105324822,600.0,29,44.97586206896552,45.0,32.4,40.2,56.75,24.35,75.15432098765433,0.07197735314932766,8.4078685583554,0.18694179881339154,168.4655172413793,169.0,166.0,153.0,184.0,18.0,10.843373493975903,0.06437508846426047,11.671034837887863,0.06927847923421308,49.741379310344826,52.0,42.0,53.0,53.5,11.5,27.38095238095238,0.02831564048124555,5.645195001147898,0.11349092203347594,84.01896551724138,78.2,64.3,74.2,117.1,52.8,82.11508553654744,0.16010870488322715,18.32454644631223,0.21810011981820798,32.4
21,310.0,357.9247405167264,27.163231061202772,2.963947224007874,0.0,186692.0304281588,4910.198176042663,445.8702379701325,192048.09884217163,11.01261703045446,,,167.63300551221914,166,37.45,3.2015,3.0025,0.95,66.85,81.0,50.0,108.85,39.45,16.325,4.39,4.7,5.0,0.0023216592127608,0.0255675437853615,11.01261703045446,20.88083710760581,22.264779350541215,0.1739957728090015,610.0,29,45.79310344827586,45.25,37.45,42.5,56.1,18.65,49.79973297730306,0.0708197915179209,8.292872629746702,0.18109435712549277,169.08620689655172,169.0,166.0,157.0,184.0,18.0,10.843373493975903,0.07267813794088251,12.008976527638787,0.07102280397706227,50.1551724137931,52.0,50.0,52.0,54.0,4.0,8.0,0.02589390261316579,5.495295793864873,0.10956588382405041,85.69137931034483,82.0,66.85,76.0,112.8,45.95,68.735976065819,0.16557682421819217,18.670536705909115,0.21788115509601994,37.45
21,320.0,356.7173549107143,27.76346846139752,3.0056690671762163,0.0,152993.6823247624,4084.668524794261,391.2060408005894,157469.55689035723,10.441220479201013,,,168.2003950018577,169,37.2,3.182,3.27,1.01,78.2,94.8,52.0,112.5,37.7,16.65,4.18,4.7,5.5,0.0024843280728412,0.0259394171512042,10.441220479201013,24.575738529226903,23.914373088685014,0.1852444001023702,620.0,29,46.398275862068964,50.05,37.2,45.25,55.0,17.799999999999997,47.849462365591386,0.07144408682850799,8.302640315399469,0.17894286287881134,169.70689655172413,170.0,169.0,164.0,184.0,15.0,8.875739644970414,0.08041740034061712,12.305281416486023,0.07250902389070298,50.258620689655174,52.0,52.0,51.0,53.0,1.0,1.9230769230769231,0.02779782351412985,5.520450113725155,0.10984085989573207,87.21379310344828,84.2,78.2,73.9,111.0,32.8,41.943734015345264,0.16979815547152388,18.87818514540623,0.21645870995444436,37.2
21,330.0,355.5006448559976,28.133834796714915,3.0176810709972193,0.0,116056.67585595988,3200.6889505496574,302.1857090741839,119559.5505155837,10.591794563534163,,,168.7760651582057,170,33.3,2.8475,2.663,0.905,57.15,69.3,44.0,105.7,40.95,16.07,4.525,4.8,5.5,0.0025274911771669,0.0267706673096974,10.591794563534163,20.070237050043897,21.460758542996626,0.1871965577433809,630.0,29,47.05,50.1,33.3,50.1,56.1,22.800000000000004,68.46846846846849,0.0718663217282002,8.296610753795795,0.17633604152594676,170.22413793103448,173.0,170.0,169.0,184.0,14.0,8.235294117647058,0.08971688736882107,12.586547670668468,0.07394102753963042,50.37931034482759,52.0,44.0,50.0,55.5,11.5,26.136363636363637,0.03258718465900789,5.597600207126062,0.11110910746519904,88.35172413793103,93.3,57.15,84.2,111.2,54.050000000000004,94.57567804024497,0.1803662047999066,19.305201384409614,0.21850395759420765,33.3
21,340.0,353.58239354191437,27.842315454777697,3.0370506849854855,0.0,81092.713346943,2115.643030318817,247.4010117463557,83455.75738900817,8.551472831032113,,,169.6917072113419,164,43.6,3.729,3.343,0.91,76.3,92.5,47.0,107.1,38.5,16.17,4.22,4.8,5.5,0.0029644570906373,0.0253504742693458,8.551472831032113,20.461249664789488,22.82381094825007,0.1852265252551533,640.0,29,47.86379310344827,50.3,43.6,50.3,56.9,13.299999999999997,30.504587155963296,0.06922114614540387,8.053613835590076,0.16826108658341718,170.70689655172413,176.0,164.0,173.0,184.0,20.0,12.195121951219512,0.09941713878919102,12.84350672614884,0.07523718716459274,50.87931034482759,52.0,47.0,52.0,58.5,11.5,24.46808510638298,0.03355011419927033,5.654731224530028,0.11114009184098327,90.3948275862069,93.9,76.3,93.3,116.4,40.10000000000001,52.555701179554404,0.1781495268887373,19.018268214063788,0.2103911111056285,43.6
22,0.0,569.2721225247525,44.94463302262244,7.843380403022125,0.0,32056.87818555283,20727.787337994592,9905.999353547924,62690.66487709534,2.092447879130009,,,105.39774850364492,76,3.3,0.315,0.251,0.89,6.9,8.4,14.0,105.6,39.3,16.59,3.59,0.0,0.0,0.1580139463023493,0.3306359468133141,2.092447879130009,21.904761904761905,27.49003984063745,0.2636441759720717,300.0,31,13.83225806451613,14.7,3.3,16.95,18.1,14.8,448.4848484848485,0.04154032258064519,4.286481626133815,0.3098902295012786,105.93548387096774,113.0,76.0,118.0,53.0,-23.0,-30.263157894736842,0.025524193548387256,18.013301536866155,0.17004030074386445,18.20967741935484,18.0,14.0,21.0,18.0,4.0,28.571428571428573,0.02685483870967745,4.150851706875725,0.22794756937670058,23.15967741935484,23.0,6.9,26.7,33.2,26.300000000000004,381.1594202898551,0.07629637096774199,7.341836956271443,0.317009465344961,3.3
22,10.0,565.9459772347036,44.95124056185185,7.652843701030876,0.0,32058.54363129885,21948.33775363516,10373.528041101332,64380.40942603534,2.1158026147587257,,,106.01718611583554,74,4.7,0.446,0.364,0.81,10.2,12.4,20.0,106.0,39.2,16.33,3.89,3.0,2.0,0.1611286435358749,0.3409164053057309,2.1158026147587257,22.86995515695067,28.021978021978025,0.327637891084187,310.0,31,14.364516129032259,15.1,4.7,14.5,19.8,15.100000000000001,321.2765957446809,0.03835483870967742,3.945972494168096,0.27470277861938236,107.16129032258064,113.0,74.0,123.0,114.0,40.0,54.054054054054056,0.011088709677419383,17.182058033878537,0.1603382899007329,18.56451612903226,18.0,20.0,19.0,25.0,5.0,25.0,0.02824596774193549,4.248022943056121,0.22882486747999956,24.124193548387094,23.95,10.2,21.8,36.8,26.599999999999998,260.7843137254902,0.07405645161290322,7.094409430057609,0.2940786151391133,4.7
22,20.0,560.9528616573034,43.73944492589256,7.123342222802395,0.0,32112.546752126716,21770.53143952319,10679.976306728366,64563.054498378275,2.038443795592299,,,106.96085910451264,81,8.8,0.8285,0.726,0.885,18.05,21.85,12.0,112.3,36.65,16.465,4.09,3.1,2.0,0.1654193158874884,0.3371979781419733,2.038443795592299,21.786360893180447,24.862258953168045,0.3485148565430246,320.0,31,14.872580645161293,15.6,8.8,15.75,20.45,11.649999999999999,132.3863636363636,0.03580040322580646,3.6640105237675793,0.24636010462378255,108.48387096774194,114.0,81.0,123.5,115.0,34.0,41.97530864197531,-0.005564516129032153,16.087512688918974,0.14829405095346065,18.838709677419356,18.0,12.0,22.0,28.5,16.5,137.5,0.03518145161290323,4.603236355678096,0.24434987504455644,25.01290322580645,25.6,18.05,25.95,37.75,19.7,109.14127423822714,0.07331451612903225,7.017157161105621,0.2805414908360514,8.8
22,30.0,556.7195849790892,44.64670228446728,7.023026345489727,0.0,32407.93932796512,20692.436985066954,10689.880806159264,63790.25711919134,1.935703246863561,,,107.77418581789904,98,7.4,0.697,0.594,0.82,15.0,18.1,14.0,107.7,38.4,16.38,4.2,3.1,2.0,0.1675785815721882,0.3243824044540749,1.935703246863561,21.520803443328553,25.252525252525253,0.3282255836480262,330.0,31,15.233870967741938,15.7,7.4,17.1,20.0,12.6,170.27027027027026,0.034983870967741915,3.5968362741158653,0.23610783376938446,108.40322580645162,114.0,98.0,123.0,78.5,-19.5,-19.897959183673468,-0.04143145161290344,16.235464963487964,0.1497692051385588,19.096774193548388,18.0,14.0,20.0,20.0,6.0,42.857142857142854,0.03147177419354838,4.427978008901109,0.23187047006069994,25.683870967741935,25.95,15.0,28.5,38.85,23.85,159.0,0.0771915322580645,7.317198770667799,0.2848947021988216,7.4
22,40.0,552.3162335980663,44.76242271818401,6.892491674957388,0.0,32923.299697262715,19333.35651390646,10549.765500628804,62806.42171179798,1.832586374811281,,,108.6334175063618,99,9.3,0.879,0.633,0.72,14.6,17.7,10.0,103.3,39.9,15.25,4.43,3.2,2.0,0.1679727201947418,0.3078245183688717,1.832586374811281,16.609783845278724,23.06477093206951,0.3161179038091843,340.0,31,15.596774193548388,15.75,9.3,13.6,18.65,9.349999999999998,100.53763440860212,0.03199596774193552,3.338336299313152,0.21404017637788564,108.56451612903226,114.0,99.0,115.0,103.0,4.0,4.040404040404041,-0.05141129032258047,16.153297875606224,0.14878984820793134,19.338709677419356,19.0,10.0,11.0,21.5,11.5,115.0,0.029637096774193593,4.3443202321617465,0.22464374845206694,26.327419354838714,26.5,14.6,23.95,34.95,20.35,139.38356164383563,0.07590322580645169,7.222924600530331,0.2743498898688234,9.3
22,50.0,547.5016424817185,44.5897856203145,6.658055207229206,0.0,30317.808663312542,17757.714454185756,10087.752373646432,58163.27549114474,1.7603241828751248,,,109.58871233341269,117,6.1,0.577,0.432,0.68,9.9,11.9,13.0,95.4,41.4,14.99,4.45,3.2,2.5,0.1734385192110144,0.3053080196092006,1.7603241828751248,17.157712305026,22.916666666666668,0.3038341372093067,350.0,31,16.00483870967742,15.8,6.1,15.7,21.95,15.85,259.8360655737705,0.03177620967741937,3.3160557604557277,0.20719082651240062,107.40322580645162,114.0,117.0,102.0,63.0,-54.0,-46.15384615384615,-0.0851411290322582,18.046892324736834,0.16802933235225764,20.129032258064516,19.0,13.0,15.0,34.5,21.5,165.3846153846154,0.032782258064516144,4.794037515385621,0.23816532528358053,27.209677419354843,26.7,9.9,26.5,41.95,32.050000000000004,323.7373737373738,0.07778629032258068,7.410627721442122,0.27235264892081296,6.1
22,60.0,542.4848915874094,45.18164407502404,6.550914351072705,0.0,28290.28640458523,15913.397976312795,9361.573940223829,53565.25832112185,1.6998635141829923,,,110.602158567825,105,12.0,1.135,0.805,0.67,18.1,21.9,17.0,89.1,42.0,14.79,4.54,3.3,2.5,0.1747695098211142,0.2970843131365582,1.6998635141829923,15.947136563876652,22.48447204968944,0.2940868141723427,360.0,31,16.559677419354838,16.1,12.0,17.2,23.3,11.3,94.16666666666667,0.029798387096774192,3.0301655442906834,0.18298457557808745,106.24193548387096,113.0,105.0,117.0,81.0,-24.0,-22.857142857142858,-0.09491935483870959,18.55975528203517,0.17469330916747847,20.548387096774192,20.0,17.0,24.0,26.0,9.0,52.94117647058823,0.03173387096774192,4.7176174048448045,0.229585776373923,28.251612903225812,27.8,18.1,29.4,42.2,24.1,133.14917127071823,0.07568548387096775,7.162291112381193,0.2535179544231753,12.0
22,70.0,536.8389826948925,46.65614452687949,6.477584555886019,0.0,25830.357620618583,14010.451835653936,8487.089369419864,48327.89882569238,1.650795841285176,,,111.76535597099225,114,9.95,0.938,0.7385,0.785,16.8,20.35,18.0,95.15,40.65,15.605,4.475,3.3,2.5,0.1756146982518492,0.2899040135427037,1.650795841285176,17.910447761194032,22.748815165876778,0.2704180807871879,370.0,31,16.980645161290322,16.75,9.95,15.8,25.05,15.100000000000001,151.75879396984928,0.03199193548387099,3.272401702607094,0.1927136261033813,108.37096774193549,114.0,114.0,113.0,171.0,57.0,50.0,-0.056552419354838436,21.8978567223429,0.2020638661683673,20.85483870967742,20.0,18.0,18.0,26.5,8.5,47.22222222222222,0.03304435483870969,4.787472451421343,0.22956171074100795,29.148387096774197,28.4,16.8,27.8,45.9,29.099999999999998,173.2142857142857,0.07981048387096776,7.577229967375587,0.2599536620060239,9.95
22,80.0,531.2119071365248,48.40397837293406,6.450628339551691,0.0,22926.257470939025,12133.39946233465,7417.781505389174,42477.43843866285,1.6357180989382716,,,112.9492754095582,110,12.5,1.181,0.828,0.65,17.4,21.1,16.0,92.7,42.0,14.5,4.79,3.4,2.5,0.1746287388798268,0.2856433887804981,1.6357180989382716,14.733276883996613,21.014492753623188,0.2598375293777551,380.0,31,17.382258064516126,16.95,12.5,14.7,22.4,9.899999999999999,79.19999999999999,0.030733870967741925,3.1421740983777666,0.18076903971366945,109.56451612903226,114.0,110.0,113.0,151.0,41.0,37.27272727272727,-0.027137096774193698,23.185391210661034,0.21161405197423586,20.85483870967742,20.0,16.0,15.0,18.0,2.0,12.5,0.029475806451612872,4.787472451421343,0.22956171074100795,29.893548387096775,28.5,17.4,25.6,39.9,22.5,129.31034482758622,0.07834677419354841,7.457286614842827,0.24946140612941364,12.5
22,90.0,524.9690441659369,47.86786786560108,5.947305432314636,0.0,20078.390869476185,10231.12889901928,6256.455068431722,36565.974836927184,1.6352916766944623,,,114.29245336804024,102,14.7,1.385,0.997,0.72,22.1,26.8,20.0,93.5,41.9,14.89,4.65,3.5,3.0,0.1711004587279173,0.2797991560363676,1.6352916766944623,15.956678700361012,22.166499498495487,0.2501644121251766,390.0,31,17.843548387096774,17.1,14.7,16.1,26.8,12.100000000000001,82.31292517006804,0.033280241935483866,3.437337679452027,0.1926375631619142,108.8225806451613,114.0,102.0,118.0,87.0,-15.0,-14.705882352941176,-0.040504032258064405,23.536336583779264,0.21628173531855852,20.983870967741936,20.0,20.0,18.0,20.0,0.0,0.0,0.025826612903225802,4.70546467944053,0.22424197549985614,30.725806451612907,29.1,22.1,29.1,43.2,21.1,95.47511312217193,0.07833467741935482,7.456170497958296,0.24266801620651668,14.7
22,100.0,519.5431179470486,48.131320823557594,5.754157483298802,0.0,16737.779497965992,8544.507377118201,5058.347913102808,30340.634788187,1.6891893408488328,,,115.4860836903919,113,14.6,1.383,0.972,0.77,20.7,25.0,17.0,93.6,43.1,14.63,4.8,3.5,3.0,0.1667185920273578,0.281619268573938,1.6891893408488328,14.967462039045552,21.296296296296298,0.2307354619704462,400.0,31,18.249999999999996,17.2,14.6,16.75,27.3,12.700000000000001,86.98630136986301,0.036971774193548385,3.781005157362259,0.20717836478697316,107.8225806451613,114.0,113.0,102.5,71.0,-42.0,-37.16814159292036,-0.06778225806451607,24.47568466427336,0.22699961842706778,20.93548387096774,20.0,17.0,24.5,18.5,1.5,8.823529411764707,0.023689516129032254,4.723596679586208,0.2256263437090485,31.340322580645164,29.4,20.7,28.4,41.15,20.45,98.79227053140097,0.07907459677419354,7.506413028813415,0.23951294724225808,14.6
22,110.0,514.2524430841925,48.63201194567991,5.612630310952182,0.0,13850.578555937973,7112.21577843796,3959.666904235469,24922.4612386114,1.796165170062754,,,116.67421478866343,120,15.1,1.431,1.063,0.74,22.7,27.5,19.0,95.8,41.7,14.91,4.79,3.6,3.0,0.1588794487962092,0.2853737321665198,1.796165170062754,15.863032844164918,21.354656632173096,0.2198666165839339,410.0,31,18.78870967741935,18.1,15.1,18.7,31.3,16.200000000000003,107.28476821192055,0.04251008064516128,4.385063847452686,0.233388238082296,108.83870967741936,114.0,120.0,91.0,144.5,24.5,20.416666666666668,-0.04225806451612902,25.336530641471743,0.23278970061814583,21.06451612903226,20.0,19.0,23.0,21.0,2.0,10.526315789473685,0.021189516129032252,4.666801073333264,0.22154798357324837,32.29193548387097,31.9,22.7,31.9,50.2,27.500000000000004,121.14537444933923,0.08361693548387096,7.968240047988363,0.24675634732295013,15.1
22,120.0,508.2693326271187,48.678158792421975,5.514040533817599,0.0,11963.07278615172,6011.564035998448,3040.3332380369197,21014.97006018709,1.9772714256414836,,,118.04764944183198,115,12.9,1.215,0.947,0.78,19.4,23.5,17.0,94.2,42.7,15.12,4.95,3.6,3.0,0.1446746404743558,0.2860610326248987,1.9772714256414836,15.967078189300407,20.4857444561774,0.220845207088302,420.0,31,19.356451612903225,18.1,12.9,18.1,32.7,19.800000000000004,153.4883720930233,0.04854435483870968,4.9892842161223205,0.2577582046492658,108.12903225806451,114.0,115.0,73.0,98.0,-17.0,-14.782608695652174,-0.0416129032258065,25.32158754302196,0.23417935973558496,21.20967741935484,21.0,17.0,24.0,23.5,6.5,38.23529411764706,0.021330645161290327,4.6704285912329775,0.2202027168490073,33.262903225806454,33.2,19.4,33.8,52.8,33.4,172.16494845360825,0.08983266129032262,8.571532027025423,0.2576904357637474,12.9
22,130.0,502.58068110318794,49.36533811194742,5.423508219337756,0.0,10194.068746622192,5190.7853737132045,2278.258784586143,17663.11290492154,2.278400245324254,,,119.38381687950522,114,14.0,1.326,1.033,0.76,22.3,27.0,18.0,97.2,41.8,15.05,4.79,3.7,3.0,0.1289839903560455,0.2938771552701152,2.278400245324254,16.817496229260936,21.587608906098744,0.2015197156552038,430.0,31,20.049999999999997,18.2,14.0,20.6,34.4,20.4,145.7142857142857,0.053477822580645165,5.527205442174192,0.2756710943727777,106.7741935483871,113.0,114.0,130.0,73.0,-41.0,-35.96491228070175,-0.05842741935483867,26.054698459739598,0.24401681336916237,21.56451612903226,21.0,18.0,21.0,28.0,10.0,55.55555555555556,0.022721774193548375,4.7569982402839415,0.220593785263728,34.582258064516125,33.8,22.3,34.0,60.3,38.0,170.40358744394618,0.09724193548387096,9.467484252139853,0.2737670927814332,14.0
22,140.0,496.54802161069654,49.96660055894187,5.390488228262887,0.0,9258.291459926066,4604.704089426615,1688.3507794919733,15551.346328844653,2.727338504153844,,,120.83423433119866,109,15.6,1.473,1.08,0.77,23.0,27.9,18.0,96.5,42.5,14.97,4.87,3.7,3.5,0.1085662130976029,0.2960968132312638,2.727338504153844,15.614392396469787,21.296296296296298,0.1949934031014051,440.0,31,20.677419354838708,18.65,15.6,18.2,33.45,17.85,114.42307692307693,0.057679435483870965,5.908339285982109,0.28573871741879153,105.61290322580645,113.0,109.0,122.0,78.0,-31.0,-28.440366972477065,-0.0711693548387099,26.52002692225235,0.2511059360384309,21.903225806451612,21.0,18.0,28.0,28.5,10.5,58.333333333333336,0.024616935483870936,4.867270547303197,0.22221706475169237,35.83870967741935,34.0,23.0,34.2,61.25,38.25,166.30434782608697,0.10544758064516127,10.328558383412949,0.288195598457067,15.6
22,150.0,491.3790343237705,50.53241259210609,5.287310753344974,0.0,8888.176863922477,4261.12205059538,1307.806363344863,14457.105277862722,3.258220918651196,,,122.10533174776418,118,16.95,1.6015,1.2395,0.805,26.7,32.35,21.0,99.15,41.7,15.215,4.9,3.8,3.5,0.0904611496014645,0.2947424099567272,3.258220918651196,16.67187012176085,21.540943929003628,0.1820583088391871,450.0,31,21.29193548387097,18.7,16.95,18.1,34.65,17.7,104.42477876106196,0.06285483870967742,6.337719053074136,0.2976581935388201,105.29032258064517,113.0,118.0,53.0,99.0,-19.0,-16.10169491525424,-0.07298387096774189,26.538266143297175,0.2520484835913641,22.14516129032258,21.5,21.0,18.0,25.5,4.5,21.428571428571427,0.024274193548387106,4.8531665751807465,0.21915246005914515,37.05806451612903,34.2,26.7,33.2,60.8,34.099999999999994,127.71535580524343,0.11226209677419355,10.973476331395576,0.2961157436222692,16.95
22,160.0,486.4359273538961,50.64837134432705,5.261345254532686,0.0,8913.144060946544,4000.7454320676006,1060.096200085613,13973.985693099758,3.7739456397867497,,,123.3461523419677,123,14.5,1.366,1.074,0.8,21.8,26.5,19.0,95.7,43.7,14.95,4.99,3.8,3.5,0.075862121471119,0.2862995225509023,3.7739456397867497,15.959004392386529,20.297951582867785,0.166977840367436,460.0,31,21.787096774193547,19.8,14.5,19.8,32.3,17.799999999999997,122.75862068965516,0.0667116935483871,6.582109182497855,0.3021104303485838,104.58064516129032,103.0,123.0,114.0,96.0,-27.0,-21.951219512195124,-0.07040322580645167,26.481155807540308,0.25321277915908375,22.112903225806452,21.5,19.0,25.0,20.0,1.0,5.2631578947368425,0.022237903225806446,4.8643424999674165,0.2199775601735812,37.94032258064515,34.95,21.8,36.8,54.05,32.25,147.93577981651376,0.11585685483870971,11.209849979332452,0.2954600598217116,14.5
22,170.0,481.7294890474277,50.53448102857697,5.260884269709747,0.0,9435.862726647449,3778.1139479539047,898.5390603748466,14112.5157349762,4.20472978256257,,,124.55122919430168,123.5,15.75,1.4925,1.23,0.82,25.95,31.45,22.0,98.25,42.3,15.37,4.825,3.9,3.5,0.0636696587092494,0.2677137102203752,4.20472978256257,17.386934673366834,21.097560975609756,0.1574532982875105,470.0,31,22.40806451612903,20.0,15.75,20.45,33.75,18.0,114.28571428571429,0.0692459677419355,6.776873624986101,0.3024301193040656,105.2741935483871,103.0,123.5,115.0,144.5,21.0,17.004048582995953,-0.034375000000000065,27.250027128328217,0.25884812041617117,22.338709677419356,22.0,22.0,28.5,26.0,4.0,18.181818181818183,0.02258064516129032,4.877477313759291,0.21834194473146284,39.191935483870964,36.8,25.95,37.75,60.6,34.650000000000006,133.52601156069366,0.11914919354838713,11.509721230147102,0.29367575466855445,15.75
22,180.0,476.6355866839172,50.41318072857852,5.259311523854954,0.0,10408.659192637278,3539.5493281608497,783.3909140936582,14731.599434891788,4.5182414864434834,,,125.88233374984912,123,17.1,1.617,1.367,0.85,28.5,34.5,20.0,99.4,42.2,15.41,4.86,4.0,4.0,0.0531775872372824,0.2402691808044568,4.5182414864434834,17.625231910946198,20.848573518653986,0.1625396750945227,480.0,31,22.896774193548385,20.45,17.1,20.0,30.9,13.799999999999997,80.70175438596489,0.07008669354838709,6.8268091067969054,0.2981559345036688,107.06451612903226,103.0,123.0,78.5,179.0,56.0,45.52845528455285,0.021975806451612657,30.155635718575027,0.28165854392161066,22.467741935483872,23.0,20.0,20.0,26.0,6.0,30.0,0.024576612903225777,4.920933996493904,0.21902218792722328,40.20645161290322,37.75,28.5,38.85,57.4,28.9,101.40350877192982,0.12161895161290322,11.688297152390533,0.29070700555528445,17.1
22,190.0,471.06760580708664,49.506840601935885,4.766243675843463,0.0,11933.81414034492,3239.834303572502,690.4860581843554,15864.13450210178,4.692106763301927,,,127.37025272031,115,13.6,1.287,1.228,0.955,23.95,29.0,11.0,98.55,44.55,15.57,5.215,4.0,4.0,0.043524975036796,0.2042238297426984,4.692106763301927,18.60916860916861,19.503257328990227,0.1595602332812662,490.0,31,23.574193548387097,20.6,13.6,18.65,38.1,24.5,180.14705882352942,0.07554233870967739,7.260554053327495,0.30798737774104046,105.83870967741936,102.5,115.0,103.0,85.0,-30.0,-26.08695652173913,0.018911290322580657,30.258438794484587,0.28589198495246027,22.741935483870968,23.5,11.0,21.5,28.5,17.5,159.0909090909091,0.026633064516129047,5.014763151173302,0.22050731586719483,41.61290322580644,38.85,23.95,34.95,72.1,48.14999999999999,201.04384133611688,0.13335685483870963,12.802766418121875,0.3076633790401382,13.6
22,200.0,465.0734848117236,48.25212651043312,4.583761449690336,0.0,13941.807574475491,2919.3671872433283,604.9110449084792,17466.0858066273,4.826109907920458,,,129.01187007960667,102,15.7,1.48,1.346,0.95,26.5,32.1,15.0,97.1,44.0,15.4,5.18,4.1,4.0,0.0346334634792045,0.1671449012425903,4.826109907920458,17.905405405405407,19.687964338781573,0.1704977807964121,500.0,31,24.30645161290322,21.95,15.7,21.95,36.3,20.599999999999998,131.21019108280257,0.07680443548387096,7.3650270641671085,0.30300708558617173,105.7741935483871,102.5,102.0,63.0,113.0,11.0,10.784313725490197,0.029153225806451518,30.240381035319153,0.2858956426028953,23.322580645161292,24.0,15.0,34.5,29.0,14.0,93.33333333333333,0.02284274193548387,4.6377947113845215,0.19885426839961295,43.159677419354836,39.9,26.5,41.95,71.9,45.400000000000006,171.32075471698116,0.14028024193548383,13.476506838166179,0.3122476265803293,15.7
22,210.0,459.66391849078343,47.600142808320264,4.617888187307241,0.0,15688.527497660669,2557.2971904319165,535.5616826550925,18781.38637074768,4.774981618837813,,,130.53014949922166,117,17.2,1.628,1.385,0.85,29.4,35.6,24.0,100.3,42.2,15.52,4.78,4.1,4.0,0.0285155564175623,0.1361612577447929,4.774981618837813,18.05896805896806,21.227436823104693,0.1685876829728672,510.0,31,25.095161290322576,22.4,17.2,23.3,40.15,22.95,133.43023255813955,0.08083467741935482,7.713563323120187,0.3073725342460645,105.06451612903226,102.5,117.0,81.0,80.0,-37.0,-31.623931623931625,0.011129032258064423,30.58805375073845,0.2911359122729174,23.806451612903224,24.0,24.0,26.0,30.0,6.0,25.0,0.02151209677419354,4.521573139507309,0.18993057903079483,44.74677419354839,41.15,29.4,42.2,75.7,46.300000000000004,157.48299319727892,0.14921370967741934,14.3198343535803,0.3200193670194206,17.2
22,220.0,454.8076809085736,47.52993378450251,4.646535045013385,0.0,17340.050836859486,2201.7433680551653,477.5620955105448,20019.356300425196,4.610381327901158,,,131.92389336991283,113,15.8,1.498,1.355,0.9,27.8,33.7,18.0,99.6,43.2,15.67,4.94,4.2,4.0,0.0238550175312281,0.1099807274027288,4.610381327901158,18.55807743658211,20.51660516605166,0.1677336500032051,520.0,31,25.93387096774193,23.3,15.8,25.05,43.2,27.400000000000002,173.41772151898732,0.08669153225806452,8.223172411917984,0.3170823369232633,103.64516129032258,99.0,113.0,171.0,73.0,-40.0,-35.39823008849557,-0.000564516129032215,31.03336740466813,0.2994193556005951,24.112903225806452,24.5,18.0,26.5,33.5,15.5,86.11111111111111,0.027500000000000014,4.8454612395164105,0.20094889421405848,46.44516129032258,41.95,27.8,45.9,82.05,54.25,195.14388489208633,0.16187500000000002,15.511626579433406,0.3339772357010943,15.8
22,230.0,449.8903200075075,47.14533038478489,4.782922986609726,0.0,19001.11003164091,1844.6378647885072,426.89972288024234,21272.64761930966,4.321009749884475,,,133.36583903160832,113,14.7,1.385,1.332,0.95,25.6,31.0,15.0,97.8,44.0,15.45,5.3,4.2,4.5,0.0200680108334392,0.0867140704720783,4.321009749884475,18.48375451263538,19.21921921921922,0.1677830196152217,530.0,31,26.779032258064515,25.05,14.7,22.4,42.0,27.3,185.71428571428572,0.08987096774193547,8.489010289717214,0.31700213091758556,102.64516129032258,98.0,113.0,151.0,82.0,-31.0,-27.43362831858407,-0.007620967741935456,31.22077127714472,0.30416213374968143,24.56451612903226,25.0,15.0,18.0,32.0,17.0,113.33333333333333,0.028326612903225818,4.908736998936813,0.1998303965424047,48.354838709677416,42.2,25.6,39.9,87.0,61.4,239.84375,0.17437499999999997,16.73550793392455,0.3460978958983729,14.7
22,240.0,444.63558111998515,46.072468814337114,4.774211976206248,0.0,19748.905550822823,1497.974548060081,395.21841146055874,21642.09851034346,3.790244848473039,,,134.94196719224988,118,16.1,1.523,1.548,0.94,29.1,35.3,18.0,99.5,43.6,15.35,5.3,4.3,4.5,0.0182615568112154,0.0692157716288071,3.790244848473039,19.107025607353908,18.7984496124031,0.1834911274540982,540.0,31,27.656451612903222,26.8,16.1,26.8,41.9,25.799999999999997,160.2484472049689,0.09122379032258064,8.603824168506737,0.31109645911670714,104.16129032258064,98.0,118.0,87.0,160.0,42.0,35.59322033898305,0.03375000000000012,32.83960695480743,0.31527649910158884,25.403225806451612,25.5,18.0,20.0,41.0,23.0,127.77777777777777,0.03209677419354835,5.415132123409224,0.21316710581039486,50.3241935483871,43.2,29.1,43.2,86.65,57.550000000000004,197.76632302405497,0.18285685483870973,17.54121276198685,0.3485642098789092,16.1
22,250.0,439.7717249358504,45.14318344002986,4.86103866306566,0.0,20129.151924938513,1214.8830223178177,390.26681906455826,21734.301766320892,3.112954939981333,,,136.43441949059414,102.5,16.75,1.5845,1.365,0.865,28.4,34.45,24.5,101.1,42.65,15.5,4.885,4.35,4.5,0.0179562620994482,0.0558970348060769,3.112954939981333,17.923635216156516,20.805860805860807,0.1870118584537219,550.0,31,28.466129032258063,27.3,16.75,27.3,41.2,24.450000000000003,145.97014925373136,0.09195967741935483,8.660883202622143,0.30425222877362623,104.0,98.0,102.5,71.0,113.0,10.5,10.24390243902439,0.04802419354838706,32.781600530378824,0.3152076974074887,25.919354838709676,26.0,24.5,18.5,34.0,9.5,38.775510204081634,0.032520161290322556,5.448389324980286,0.2102054375536887,52.09838709677419,45.9,28.4,41.15,84.1,55.699999999999996,196.1267605633803,0.1895927419354838,18.09565548168477,0.3473361938839218,16.75
22,260.0,435.0295378265602,43.618166116364925,4.89617227786939,0.0,19061.748265482704,968.2122593405282,353.9173347589342,20383.877859582168,2.735701714074029,,,137.92166918082032,91,18.7,1.763,1.533,0.91,31.9,38.7,23.0,102.4,42.0,15.8,4.87,4.4,4.5,0.0173626106473436,0.047498923708738,2.735701714074029,18.094157685762905,20.808871493803,0.2045085412861775,560.0,31,29.361290322580647,30.9,18.7,31.3,44.5,25.8,137.96791443850267,0.0940987903225806,8.841763678488391,0.30113675459584716,102.88709677419355,96.0,91.0,144.5,68.0,-23.0,-25.274725274725274,0.025282258064516203,33.41374709043653,0.3247612979474941,26.161290322580644,26.0,23.0,21.0,32.0,9.0,39.130434782608695,0.03528225806451611,5.54885438142294,0.21210170878435405,53.98870967741936,50.2,31.9,50.2,87.0,55.1,172.72727272727275,0.1954133064516128,18.591502134386648,0.34435907517461,18.7
22,270.0,430.5319806654677,42.45909387153321,5.0011275721247035,0.0,17711.083671667264,771.3741593958707,351.0879753424995,18833.545806405633,2.1970964931036625,,,139.3624694436376,73,18.1,1.713,1.605,0.91,33.8,41.0,24.0,103.8,41.9,15.91,4.8,4.5,5.0,0.018641629088405,0.0409574578958738,2.1970964931036625,19.73146526561588,21.05919003115265,0.2033976388276252,570.0,31,30.141935483870967,31.3,18.1,32.7,42.9,24.799999999999997,137.0165745856353,0.09540927419354839,8.93690006633726,0.29649390202959663,101.95161290322581,96.0,73.0,98.0,62.0,-11.0,-15.068493150684931,-0.007116935483870941,34.155369231086176,0.33501548684185145,26.64516129032258,26.0,24.0,23.5,38.0,14.0,58.333333333333336,0.04040322580645161,5.90648449924191,0.22167193641222666,55.69516129032258,52.8,33.8,52.8,84.8,51.0,150.88757396449705,0.19979838709677417,18.921303491209365,0.33972975484491635,18.1
22,280.0,426.2848117443101,41.84333853465369,5.075137237346058,0.0,16353.350751332267,630.2679456212865,344.24379814004334,17327.8624950936,1.8308766897955395,,,140.75096824230417,130,20.6,1.942,1.728,0.9,34.0,41.2,21.0,100.9,44.1,15.36,5.17,4.5,5.0,0.0198664894898327,0.0363730925150027,1.8308766897955395,17.507723995880536,19.675925925925927,0.2095384120275355,580.0,31,30.89677419354839,32.3,20.6,34.4,41.5,20.9,101.45631067961165,0.09451008064516132,8.873893691458774,0.2872110090156838,104.53225806451613,98.0,130.0,73.0,153.0,23.0,17.692307692307693,0.005080645161290332,34.908913733665734,0.3339535027753858,26.870967741935484,26.5,21.0,28.0,31.0,10.0,47.61904761904762,0.04133064516129034,5.935722003170695,0.2208972174049118,57.25322580645161,54.05,34.0,60.3,82.1,48.099999999999994,141.4705882352941,0.20164314516129034,19.046464831580824,0.33267059739076854,20.6
22,290.0,422.1067616637324,40.71534343771399,5.14347964614909,0.0,14564.510832242082,536.2054419074854,330.7295234399946,15431.445797589562,1.6212808470507505,,,142.1441337814874,122,18.2,1.722,1.614,0.93,34.2,41.4,28.0,103.1,42.0,15.85,4.84,4.6,5.0,0.021432179964087,0.0347475828863192,1.6212808470507505,19.86062717770035,21.189591078066915,0.2373141494256661,590.0,31,31.585483870967746,32.7,18.2,33.45,41.95,23.750000000000004,130.49450549450552,0.09455241935483873,8.876609652605616,0.28103446788620134,103.59677419354838,98.0,122.0,78.0,101.0,-21.0,-17.21311475409836,0.019374999999999996,34.59080305390406,0.33389845700483445,27.451612903225808,28.0,28.0,28.5,39.0,11.0,39.285714285714285,0.044879032258064555,6.216047563510752,0.2264365152395221,58.930645161290315,57.4,34.2,61.25,86.0,51.8,151.46198830409355,0.20402822580645164,19.219324812192525,0.326134641146218,18.2
22,300.0,417.9265276324965,39.48824702998142,5.147823993922262,0.0,12733.015326946968,480.54859328771704,313.4316024013216,13526.995522636009,1.5331848786339577,,,143.56590460981928,53,18.1,1.715,1.712,1.01,33.2,40.2,18.0,100.8,43.6,15.82,5.28,4.6,5.0,0.0231708217746377,0.035525153570397,1.5331848786339577,19.35860058309038,19.392523364485985,0.2339251208082977,600.0,31,32.308064516129036,33.45,18.1,34.65,40.6,22.5,124.30939226519337,0.09136895161290323,8.659735338278661,0.268036339160939,104.08064516129032,98.0,53.0,99.0,137.0,84.0,158.49056603773585,0.05145161290322615,34.95976181607305,0.33589109446715154,27.903225806451612,28.0,18.0,25.5,42.0,24.0,133.33333333333334,0.05403225806451613,6.743415745301375,0.24167154694143655,60.6758064516129,60.3,33.2,60.8,88.3,55.099999999999994,165.9638554216867,0.20583669354838705,19.35459838112441,0.3189837846911703,18.1
22,310.0,413.8021732562155,37.95193050361685,5.267971800602001,0.0,11076.319229563169,447.1946953154057,294.94778763473954,11818.461712513312,1.5161825721819189,,,144.99682185779525,114,19.8,1.8725,1.7405,0.925,36.8,44.6,25.0,103.3,41.8,15.945,4.695,4.7,5.0,0.0249565294375367,0.0378386549953382,1.5161825721819189,19.652870493991987,21.14334961218041,0.2649910019988232,610.0,31,33.082258064516125,33.75,19.8,32.3,42.1,22.3,112.62626262626262,0.08812500000000004,8.416576386186733,0.2544136004795366,107.91935483870968,99.0,114.0,96.0,172.0,58.0,50.87719298245614,0.059576612903225745,35.68965694572064,0.3307067300305903,28.596774193548388,28.5,25.0,20.0,39.5,14.5,58.0,0.05465725806451616,6.7963462669764825,0.23766129077977546,62.493548387096766,60.6,36.8,54.05,89.55,52.75,143.34239130434784,0.20557459677419365,19.33423880897773,0.30937975691855146,19.8
22,320.0,409.7133902616279,36.26767279742673,5.418797922188444,0.0,9963.16741094332,452.5702940647801,257.2812181890939,10673.018923197194,1.7590490951895084,,,146.44383470524653,115,20.45,1.932,1.81,0.975,37.75,45.7,28.5,104.2,41.95,15.885,4.935,4.7,5.5,0.0241057586462165,0.0424032129354839,1.7590490951895084,19.539337474120085,20.85635359116022,0.3033539246627837,620.0,31,33.79838709677419,34.4,20.45,33.75,42.0,21.55,105.37897310513448,0.08494959677419354,8.190181966547586,0.2423246394301839,109.5,99.0,115.0,144.5,163.0,48.0,41.73913043478261,0.09681451612903214,37.027917395752446,0.33815449676486253,28.887096774193548,28.5,28.5,26.0,34.0,5.5,19.29824561403509,0.05560483870967737,6.829726296882078,0.23642826935046837,64.09032258064515,60.8,37.75,60.6,86.3,48.55,128.60927152317882,0.20339717741935476,19.185004644925332,0.2993432373629381,20.45
22,330.0,405.909261729336,34.58129640255969,5.392522849314519,0.0,9333.3962705438,438.99352848008823,235.64682211373645,10008.036621137624,1.862929975216068,,,147.816287178016,78.5,20.0,1.8885,1.9055,1.005,38.85,47.05,20.0,103.45,42.8,15.925,5.005,4.8,5.5,0.0235457593766228,0.0438641009319355,1.862929975216068,20.57188244638602,20.388349514563107,0.3035727993893627,630.0,31,34.59516129032259,34.65,20.0,30.9,45.15,25.15,125.75,0.08320362903225809,8.048543914260826,0.23264941148033527,109.85483870967742,99.0,78.5,179.0,126.0,47.5,60.50955414012739,0.11034274193548396,37.134932688863884,0.3380363862442462,29.225806451612904,28.5,20.0,26.0,39.0,19.0,95.0,0.0614717741935484,7.066161982384095,0.2417781693751732,65.96290322580644,61.25,38.85,57.4,95.8,56.949999999999996,146.5894465894466,0.2055826612903226,19.360543930642095,0.2935065466170648,20.0
22,340.0,401.9072462248322,32.25897608697374,5.4114828396886505,0.0,8768.64133969929,418.5354249379481,213.9645340700591,9401.141298707298,1.9560971950655412,,,149.28817672134036,103,18.65,1.7615,1.8255,1.065,34.95,42.4,21.5,101.15,43.65,15.975,5.275,4.8,5.5,0.0227594211459708,0.044519639864949,1.9560971950655412,19.8410445642918,19.145439605587512,0.3472453963379552,640.0,31,35.28548387096775,36.3,18.65,38.1,41.4,22.75,121.98391420911528,0.07790322580645159,7.663519573803183,0.21718618346930438,110.3225806451613,99.0,103.0,85.0,93.0,-10.0,-9.70873786407767,0.07991935483870971,36.816787019668254,0.33371941450576487,29.806451612903224,29.0,21.5,28.5,38.0,16.5,76.74418604651163,0.06082661290322582,7.022199820752799,0.23559328402958524,67.74193548387095,71.9,34.95,72.1,94.0,59.05,168.95565092989983,0.20504838709677417,19.319916738839712,0.28519877090668155,18.65
22,350.0,398.29548991533864,30.342882770788197,5.580686426158282,0.0,8544.222584749588,387.5360228331715,193.6884907186921,9125.447098301453,2.0008211194955217,,,150.641926708117,63,21.95,2.0745,2.0285,0.93,41.95,50.85,34.5,102.8,42.05,15.91,4.855,4.9,5.5,0.0212250960015694,0.0424676203432601,2.0008211194955217,20.22174017835623,20.68030564456495,0.398362223444773,650.0,31,36.13387096774195,38.1,21.95,36.3,44.95,23.000000000000004,104.78359908883829,0.07301612903225807,7.202399913648854,0.1993254450949555,109.2258064516129,98.0,63.0,113.0,69.0,6.0,9.523809523809524,0.05020161290322578,37.541496753520946,0.34370537488456865,30.370967741935484,30.0,34.5,29.0,39.0,4.5,13.043478260869565,0.06102822580645165,7.035585431617712,0.23165496376011585,69.8258064516129,72.1,41.95,71.9,99.55,57.599999999999994,137.3063170441001,0.20313104838709678,19.1481934350987,0.2742280312704702,21.95
22,360.0,394.7612188736807,28.338394361024207,5.611917143494148,0.0,8046.87584442125,381.6280220062171,164.06464778426016,8592.568514211727,2.3260832065908916,,,151.99061389867515,81,23.3,2.202,2.107,0.96,42.2,51.1,26.0,104.3,42.1,15.87,4.97,5.0,6.0,0.0190937840661851,0.044413730466626,2.3260832065908916,19.164396003633065,20.028476506881823,0.4563874372319625,660.0,31,36.85806451612903,40.15,23.3,40.15,44.4,21.099999999999998,90.55793991416309,0.06886491935483874,6.848662847278944,0.18581178738460288,109.96774193548387,98.0,81.0,80.0,86.0,5.0,6.172839506172839,0.00633064516129046,36.817780008186034,0.33480527434842094,30.580645161290324,30.0,26.0,30.0,41.0,15.0,57.69230769230769,0.07012096774193548,7.256143114852808,0.23727894151944834,71.65967741935485,75.7,42.2,75.7,98.8,56.599999999999994,134.12322274881512,0.20267137096774193,19.111765221780878,0.2667018037206361,23.3
22,370.0,391.7824310782068,27.41872793904237,5.673673444633249,0.0,7846.773881967828,345.5346766307429,150.8761308082579,8343.184689406828,2.2901878168513505,,,153.14622412974646,171,25.05,2.3685,2.23,0.955,45.9,55.65,26.5,103.45,41.8,15.845,4.91,5.0,6.0,0.0180837577525788,0.0414152016878472,2.2901878168513505,19.379354021532613,20.58295964125561,0.4601475247223582,670.0,31,37.546774193548394,40.6,25.05,43.2,44.65,19.599999999999998,78.24351297405188,0.0648306451612903,6.504651354785422,0.17324128355887114,109.41935483870968,98.0,171.0,73.0,64.0,-107.0,-62.57309941520468,-0.0401612903225807,37.38584776226461,0.34167490584616833,31.0,31.0,26.5,33.5,39.0,12.5,47.16981132075472,0.07225806451612898,7.35753581937141,0.23733986514101324,73.58064516129032,82.05,45.9,82.05,101.75,55.85,121.67755991285404,0.20186491935483863,19.044639129421498,0.2588267483612742,25.05
22,380.0,388.9897961251621,26.752942358338352,5.75997731222223,0.0,7702.754640934077,323.43616582215185,137.18228903537096,8163.373095791599,2.357710810167028,,,154.24569126922364,151,22.4,2.115,2.012,0.95,39.9,48.4,18.0,100.6,44.0,15.42,5.3,5.1,6.0,0.0168046085148419,0.0396204071560676,2.357710810167028,18.865248226950353,19.831013916500993,0.5329100546762848,680.0,31,38.187096774193556,41.2,22.4,42.0,44.9,22.5,100.44642857142858,0.06121572580645159,6.203506639285229,0.16245033436208994,106.93548387096774,96.0,151.0,82.0,94.0,-57.0,-37.74834437086093,-0.009758064516129025,35.676963140445835,0.33363072620024764,31.403225806451612,32.0,18.0,32.0,39.0,21.0,116.66666666666667,0.07419354838709676,7.444706570038774,0.23706821126985309,75.38709677419355,82.1,39.9,87.0,101.9,62.00000000000001,155.3884711779449,0.20113508064516122,18.987324577824435,0.2518643825043036,22.4
22,390.0,386.10273538176546,25.529519728429342,5.797859418101025,0.0,6840.336085451031,304.9700110543299,124.85417471163818,7270.160271216999,2.4426096424783976,,,155.39905445288807,87,26.8,2.5315,2.2755,0.87,43.2,52.35,20.0,98.4,44.05,15.17,5.22,5.1,6.0,0.0171735106316628,0.041948182664105,2.4426096424783976,17.064981236421097,18.98483849703362,0.5371835979024331,690.0,31,38.91612903225808,41.4,26.8,41.9,45.0,18.2,67.91044776119402,0.055151209677419356,5.583344086011151,0.14347120910671887,107.41935483870968,96.0,87.0,160.0,166.0,79.0,90.80459770114942,0.054395161290322576,36.38912309426942,0.3387576023790847,32.11290322580645,32.0,20.0,41.0,40.0,20.0,100.0,0.07074596774193548,7.167879367264486,0.22320869953309802,77.26774193548388,84.1,43.2,86.65,98.2,55.0,127.31481481481481,0.1920383064516129,18.227276027916222,0.23589761485634483,26.8
22,400.0,383.3975633391944,24.200297788287937,5.826511938280476,0.0,5891.736753761879,292.6922903707177,118.04905554371383,6302.478099676311,2.479412385153163,,,156.49551728349823,71,27.3,2.5795,2.1725,0.84,41.15,49.9,18.5,96.0,44.95,14.87,5.28,5.2,6.0,0.0187305776675014,0.0464408262498762,2.479412385153163,15.952704012405505,18.94131185270426,0.6080125760734333,700.0,31,39.719354838709684,41.5,27.3,41.2,51.7,24.400000000000002,89.37728937728937,0.05506653225806451,5.57326471378244,0.14031609366300302,107.41935483870968,96.0,71.0,113.0,87.0,16.0,22.535211267605632,0.02887096774193546,36.38912309426942,0.3387576023790847,32.74193548387097,33.5,18.5,34.0,39.5,21.0,113.51351351351352,0.06739919354838712,6.920827223848721,0.21137501865941907,79.38064516129032,84.8,41.15,84.1,108.7,67.55000000000001,164.15552855407051,0.18907056451612905,17.940632083900848,0.22600763759790568,27.3
22,410.0,380.8643384688691,22.64559940482511,5.85372950502923,0.0,4686.959032237334,276.6678071547356,111.8526760623157,5075.479515454385,2.473501903527079,,,157.53640847869576,144.5,31.3,2.959,2.616,0.865,50.2,60.75,21.0,96.65,44.8,15.025,5.275,5.2,6.5,0.0220378539055736,0.0545106735850881,2.473501903527079,16.96519094288611,19.189602446483185,0.6172608088849549,710.0,31,40.22903225806452,41.9,31.3,44.5,43.1,11.8,37.69968051118211,0.04909879032258065,5.102201717454084,0.1268288455144548,108.04838709677419,96.0,144.5,68.0,90.5,-54.0,-37.37024221453287,-0.004858870967741715,35.903889027678154,0.3322945394411174,33.58064516129032,34.0,21.0,32.0,44.5,23.5,111.9047619047619,0.06532258064516128,6.709566272859408,0.1998045672033061,81.24193548387095,86.0,50.2,87.0,98.85,48.64999999999999,96.91235059760953,0.17618145161290322,16.798874450262996,0.20677590151207187,31.3
22,420.0,378.499451841024,21.492492562312155,5.870387034708827,0.0,3764.11457163104,267.59097753068295,108.7946393680877,4140.500188529811,2.459597082033937,,,158.52070513750962,98,32.7,3.0895,2.6815,0.875,52.8,64.0,23.5,98.35,44.1,15.235,5.085,5.3,6.5,0.0262757238049343,0.064627693598946,2.459597082033937,17.090144036251818,19.690471750885695,0.6899485297142027,720.0,31,40.45483870967742,41.9,32.7,42.9,38.3,5.599999999999994,17.125382262996922,0.04217137096774189,4.842130296310872,0.11969224079868993,106.19354838709677,94.0,98.0,62.0,87.0,-11.0,-11.224489795918368,0.005927419354838689,35.4402495804217,0.3337326054049431,34.32258064516129,34.0,23.5,38.0,44.0,20.5,87.23404255319149,0.063508064516129,6.541595609503814,0.1905916014047164,82.60322580645159,86.3,52.8,84.8,92.4,39.60000000000001,75.00000000000001,0.16290322580645156,15.884499443817711,0.1922987787551643,32.7
22,430.0,376.3570175266625,20.970022493687207,7.485589955681483,0.2512562814070351,3306.1506548256725,265.24562472709624,106.44431550207246,3677.8405950548417,2.491872144378926,,,159.42309351452278,73,34.4,3.249,2.941,0.91,60.3,73.0,28.0,101.7,42.6,15.63,4.91,5.3,6.5,0.0289420687903645,0.072119935019408,2.491872144378926,18.5595567867036,20.50323019381163,0.7189515220030073,730.0,31,41.09354838709677,41.95,34.4,41.5,52.5,18.1,52.61627906976745,0.04445362903225806,5.084908093818477,0.12373981545519493,108.03225806451613,94.0,73.0,153.0,155.0,82.0,112.32876712328768,0.030161290322580688,36.46480848797256,0.33753629833596577,34.79032258064516,38.0,28.0,31.0,38.0,10.0,35.714285714285715,0.05874999999999997,6.254030958174612,0.17976352313714694,84.67741935483869,86.65,60.3,82.1,117.1,56.8,94.19568822553897,0.1645403225806451,16.060245113891618,0.18966384705929154,34.4
22,440.0,374.3011474609375,20.20924978422311,7.572030105920555,0.2503128911138924,2802.553415828813,257.06453094204164,107.4769782701165,3167.094925040971,2.3918101818602886,,,160.29873380567628,78,33.45,3.1605,2.971,0.94,61.25,74.25,28.5,103.35,42.1,15.82,4.885,5.4,6.5,0.0339355089802766,0.0811672959056369,2.3918101818602886,19.379844961240313,20.615954224166945,0.7475699573895224,740.0,31,41.656451612903226,42.0,33.45,41.95,51.85,18.4,55.00747384155455,0.04664112903225805,5.2812994287309625,0.1267822683940526,109.09677419354838,96.0,78.0,101.0,106.0,28.0,35.8974358974359,0.006330645161290196,35.88509889328222,0.3289290554972646,35.25806451612903,38.0,28.5,39.0,42.5,14.0,49.12280701754386,0.05903225806451613,6.2714577887201735,0.17787300224183475,86.4532258064516,87.0,61.25,86.0,115.35,54.099999999999994,88.32653061224488,0.16736491935483871,16.316387138313182,0.18873080774153791,33.45
22,450.0,372.2640459810323,19.262583748373356,7.730857889856924,0.24906600249066,2481.2324515314954,257.1639452861639,108.57368394473365,2846.970080762393,2.3685660828922956,,,161.1759197477189,99,34.65,3.275,2.9795,0.91,60.8,73.7,25.5,99.65,44.75,15.51,5.085,5.5,7.0,0.0381365735728626,0.090328994682409,2.3685660828922956,18.564885496183205,20.406108407450915,0.8800126109531118,750.0,31,41.961290322580645,42.0,34.65,40.6,42.9,8.25,23.80952380952381,0.04209879032258065,5.059919460449599,0.12058541149595448,109.2258064516129,96.0,99.0,137.0,82.0,-17.0,-17.171717171717173,-0.030120967741935626,35.77658422061312,0.3275469907971077,35.725806451612904,38.0,25.5,42.0,43.0,17.5,68.62745098039215,0.05935483870967744,6.291315058180628,0.1761000151725503,87.76774193548387,87.0,60.8,88.3,102.0,41.2,67.76315789473685,0.16050806451612912,15.85314662975512,0.1806261193481361,34.65
23,0.0,475.7869021302251,53.744253512226535,7.487081724512864,0.0,19183.66384811546,38266.54211005998,9305.37251305397,66755.57847122941,4.1123063108304425,,,126.1068762745758,86,7.4,0.661,0.519,0.79,13.8,16.7,11.0,100.3,39.2,15.78,4.35,0.0,0.0,0.1393946802073543,0.5732336231128945,4.1123063108304425,20.87745839636914,26.589595375722546,0.2621946915083192,300.0,31,19.601612903225806,20.5,7.4,24.5,28.3,20.9,282.4324324324324,0.053449596774193565,5.3358923632161055,0.27221700528215137,123.74193548387096,121.0,86.0,118.0,149.5,63.5,73.83720930232558,0.17362903225806475,16.450365227831032,0.13294090773273254,21.0,20.0,11.0,22.0,27.5,16.5,150.0,0.040786290322580694,4.978286184354344,0.2370612468740164,32.04838709677419,30.9,13.8,33.6,48.45,34.650000000000006,251.08695652173915,0.07236491935483876,7.674226170229019,0.23945748492913901,7.4
23,10.0,470.45246884811615,53.689161215710875,6.9012669143683025,0.0,20938.42432670759,34622.39234207845,8592.14355916384,64152.96022794988,4.029540719807036,,,127.53679483691003,92.5,11.35,1.0155,0.976,0.975,25.6,30.95,12.5,112.9,34.8,17.015,3.91,3.0,2.0,0.1339321448088135,0.5396850311982068,4.029540719807036,25.209256523879866,26.229508196721312,0.2498927028018112,310.0,31,20.13064516129032,21.2,11.35,20.5,23.8,12.450000000000001,109.69162995594714,0.04811693548387096,4.879287472219601,0.24238107786044008,125.83870967741936,122.0,92.5,122.0,151.0,58.5,63.24324324324324,0.16576612903225824,15.59988626922976,0.12396730949657077,21.516129032258064,21.5,12.5,20.0,27.0,14.5,116.0,0.037963709677419355,4.7301935671593505,0.21984407883349305,32.91935483870968,31.4,25.6,29.9,40.8,15.199999999999996,59.37499999999998,0.06588508064516128,7.040083775772308,0.2138584978431568,11.35
23,20.0,464.993873738354,53.40708242402535,6.693230389088296,0.0,22278.749037506415,29671.730118167,7570.990764090102,59521.46991976351,3.91913436995627,,,129.03395805545864,104.5,10.8,0.9625,1.0125,1.05,26.7,32.4,25.5,113.85,34.9,17.29,3.87,3.1,2.0,0.1271976443843875,0.4985046598843285,3.91913436995627,27.740259740259734,26.37037037037037,0.2254368052598764,320.0,31,20.616129032258062,21.3,10.8,21.2,26.4,15.599999999999998,144.4444444444444,0.046243951612903206,4.722717916214034,0.22907879111662505,127.79032258064517,125.0,104.5,125.0,153.0,48.5,46.411483253588514,0.16068548387096782,15.065288023327215,0.11789067997555058,22.112903225806452,22.0,25.5,23.0,31.0,5.5,21.568627450980394,0.03788306451612905,4.721775226577667,0.21353031659213373,33.777419354838706,31.6,26.7,31.6,52.2,25.500000000000004,95.5056179775281,0.07282459677419355,7.707635161639804,0.228188988645625,10.8
23,30.0,459.9616887019231,53.90294182894122,6.287208618812154,0.0,22187.02567188848,24615.272581123223,6375.5921057155765,53177.89035872728,3.8608606342705296,,,130.44564683056208,113.5,12.9,1.15,1.109,0.96,28.1,34.05,16.0,111.65,36.15,16.845,4.035,3.1,2.0,0.1198917832713393,0.462885466404808,3.8608606342705296,24.434782608695656,25.33814247069432,0.1903132410965956,330.0,31,21.203225806451613,21.7,12.9,18.8,29.0,16.1,124.80620155038761,0.04498185483870965,4.591186039283513,0.21653243148910528,129.3548387096774,125.0,113.5,125.0,153.0,39.5,34.801762114537446,0.1609072580645161,15.084315003996203,0.11661191150221505,22.29032258064516,22.0,16.0,18.0,31.0,15.0,93.75,0.045443548387096765,4.951050719373257,0.22211660246102893,34.60322580645161,32.9,28.1,30.9,52.3,24.199999999999996,86.12099644128112,0.07946169354838707,8.274629251350893,0.23912884011548213,12.9
23,40.0,453.8112733422256,52.70910636283312,6.0163065317314715,0.0,24922.966556404815,20131.221520168074,5538.977067819305,50593.16514439219,3.634465583388619,,,132.21355114894456,112,14.7,1.309,1.148,0.9,27.7,33.5,19.0,109.8,35.6,16.58,4.07,3.2,2.0,0.1094807381987496,0.3979039750273352,3.634465583388619,21.161191749427044,24.128919860627175,0.1889686336818221,340.0,31,21.69193548387096,21.8,14.7,21.3,28.05,13.350000000000001,90.81632653061226,0.043766129032258135,4.48293238803564,0.20666354974957973,130.75806451612902,126.0,112.0,126.0,157.0,45.0,40.17857142857143,0.16739919354838734,15.575552942427615,0.11911734086968202,22.661290322580644,23.0,19.0,15.0,27.5,8.5,44.73684210526316,0.0445362903225807,4.894532828871743,0.2159865020569737,35.26129032258065,33.6,27.7,32.9,48.5,20.8,75.09025270758123,0.08367137096774198,8.546906942255186,0.24238781009048643,14.7
23,50.0,447.50200926626326,51.99707662485953,5.617678465950633,0.0,26181.978292463464,15995.837774600575,4660.874764517857,46838.6908315819,3.431938977715755,,,134.07761028465026,108,13.9,1.24,1.098,0.89,28.5,34.5,18.0,108.4,35.4,16.71,3.92,3.2,2.5,0.0995090742667634,0.3415090706125174,3.431938977715755,22.983870967741936,25.956284153005463,0.1793831280735507,350.0,31,22.204838709677418,22.2,13.9,18.5,30.6,16.700000000000003,120.14388489208635,0.04464314516129035,4.565127870401691,0.20559157983940207,132.30645161290323,130.0,108.0,130.0,160.0,52.0,48.148148148148145,0.172983870967742,16.027932607043056,0.12114248709455924,22.951612903225808,23.0,18.0,19.0,28.0,10.0,55.55555555555556,0.045403225806451626,4.936859390863922,0.21509858203342455,36.096774193548384,33.95,28.5,29.2,53.6,25.1,88.0701754385965,0.0898850806451613,9.03508841022849,0.2503018236971253,13.9
23,60.0,441.6892478415916,51.956892357651206,5.410631508450661,0.0,26486.343398322293,12657.49640056842,3876.053584941717,43019.89338383242,3.265562800716221,,,135.84211137853765,115,14.8,1.321,1.064,0.79,26.9,32.6,18.0,103.3,36.7,15.93,4.22,3.3,2.5,0.0900990978838269,0.2942242624275148,3.265562800716221,20.36336109008327,25.28195488721804,0.1578844357524609,360.0,31,22.606451612903225,23.7,14.8,24.6,26.35,11.55,78.04054054054053,0.041792338709677426,4.3528676742174595,0.1925497972327929,134.08064516129033,134.0,115.0,134.0,163.0,48.0,41.73913043478261,0.17586693548387095,16.289616720574667,0.12149118689710445,23.274193548387096,24.5,18.0,25.0,28.0,10.0,55.55555555555556,0.04526209677419353,4.929230348437471,0.21178952294048733,36.851612903225806,36.15,26.9,36.5,51.9,25.0,92.9368029739777,0.0945423387096774,9.351207443168038,0.2537530030971719,14.8
23,70.0,436.58303653492646,51.857683306119824,5.067616384160481,0.0,26884.561354910937,10650.72916769988,3313.0895842201367,40848.380106830955,3.214742281171048,,,137.43090083437087,115,16.1,1.434,1.151,0.79,28.1,34.0,19.0,102.9,36.8,15.9,4.19,3.3,2.5,0.0811070004625739,0.2607381036859963,3.214742281171048,19.595536959553694,24.413553431798437,0.1550484017456943,370.0,31,23.235483870967737,23.8,16.1,24.05,34.3,18.199999999999996,113.04347826086952,0.043828629032258086,4.589683967849114,0.19752908927297314,135.7258064516129,138.0,115.0,139.0,166.0,51.0,44.34782608695652,0.18286290322580656,16.86358933208735,0.12424747933326391,23.725806451612904,25.0,19.0,24.5,32.0,13.0,68.42105263157895,0.047137096774193574,5.069251604325533,0.21365982288795585,37.932258064516134,36.5,28.1,41.15,60.4,32.3,114.94661921708183,0.10236491935483871,10.070820459683649,0.2654948841314679,16.1
23,80.0,430.36995157163744,51.31224049160426,4.908766126796842,0.0,25870.757791218726,8199.557726429175,2557.450436308883,36627.76595395679,3.2061453117595633,,,139.41493773180554,114.5,18.65,1.662,1.373,0.825,33.95,41.1,16.5,101.85,38.25,16.21,4.095,3.4,2.5,0.0698227251840515,0.2238618030031231,3.2061453117595633,20.427196149217817,24.726875455207576,0.1422381628764338,380.0,31,23.696774193548386,24.05,18.65,21.8,30.4,11.75,63.002680965147455,0.04355846774193547,4.567182491862844,0.1927343550881407,137.46774193548387,139.0,114.5,138.0,169.0,54.5,47.59825327510917,0.18961693548387093,17.430784780511637,0.1267990914457024,23.983870967741936,25.0,16.5,25.5,27.0,10.5,63.63636363636363,0.046068548387096765,5.024081791677198,0.20947751922258662,38.745161290322585,37.7,33.95,36.15,53.3,19.349999999999994,56.99558173784976,0.10531653225806449,10.265884885050985,0.26495914697908624,18.65
23,90.0,425.0129457853026,50.64513496121777,4.539213258044779,0.0,24359.845164337825,6635.434517482549,1985.9682892342655,32981.24797105464,3.3411583424833986,,,141.17217038915635,116,14.1,1.2595,0.9535,0.77,22.0,26.65,14.5,98.9,39.8,15.535,4.405,3.45,2.75,0.0602150740620007,0.2011880970455093,3.3411583424833986,17.46724890829694,23.072889355007867,0.1324336797781115,390.0,31,24.10322580645161,24.5,14.1,26.3,31.25,17.15,121.63120567375886,0.044870967741935476,4.662741244587619,0.1934488471389403,139.2258064516129,142.0,116.0,144.0,169.0,53.0,45.689655172413794,0.19387096774193552,17.781937797325604,0.12772012783065192,24.258064516129032,25.0,14.5,26.0,25.0,10.5,72.41379310344827,0.041854838709677426,4.830236308473833,0.19911878399293728,39.52580645161291,40.5,22.0,37.7,58.15,36.15,164.3181818181818,0.1139596774193548,10.795545925424845,0.2731265189652903,14.1
23,100.0,418.6183945815451,49.21314896573016,4.215655134393955,0.0,20928.859779974693,5178.9096360776775,1417.9219786859437,27525.691394738315,3.652464461321928,,,143.3286276394437,111,18.6,1.662,1.07,0.64,24.1,29.2,18.0,90.3,41.9,14.58,4.49,3.5,3.0,0.0515126744084977,0.1881482125846856,3.652464461321928,14.50060168471721,22.523364485981308,0.1230613883029467,400.0,31,24.864516129032257,24.6,18.6,26.25,37.7,19.1,102.68817204301075,0.04664112903225805,4.895834854724082,0.1969004676912903,141.0,143.0,111.0,143.0,171.0,60.0,54.054054054054056,0.19810483870967738,18.127787142027753,0.12856586625551597,24.79032258064516,25.0,18.0,28.0,31.0,13.0,72.22222222222223,0.03963709677419354,4.623804698781417,0.18651652005494332,40.741935483870975,40.8,24.1,41.4,59.7,35.6,147.71784232365144,0.11485483870967739,10.878588272183983,0.2670120636878095,18.6
23,110.0,413.5604449488716,48.27194242382945,3.8178787326904255,0.0,18262.6542458042,4408.061141059389,1058.3331501041234,23729.04853696771,4.165097862261713,,,145.08157328106606,115,21.7,1.934,1.444,0.7,28.0,33.9,20.0,90.5,40.5,14.97,4.44,3.6,3.0,0.0446007410897801,0.1857664513683314,4.165097862261713,14.477766287487071,19.390581717451525,0.1164402343359101,410.0,31,25.361290322580643,24.95,21.7,23.7,34.0,12.3,56.68202764976959,0.04812499999999999,5.018759967651694,0.1978905609224148,142.93548387096774,144.0,115.0,142.0,171.0,56.0,48.69565217391305,0.1968951612903225,18.02070195427279,0.12607577535149098,25.20967741935484,25.5,20.0,26.5,31.0,11.0,55.0,0.03901209677419355,4.576705863297289,0.18154559406553547,41.75483870967742,41.1,28.0,40.5,55.5,27.5,98.21428571428571,0.11304435483870966,10.738329749381494,0.2571756970262873,21.7
23,120.0,409.5779691798487,47.927663995791136,3.671982751710503,0.0,16391.544030097175,4145.433751695497,838.5149039284987,21375.492685721172,4.943780643938303,,,146.49225425905064,114.5,15.2,1.352,1.109,0.745,25.35,30.65,21.5,97.65,39.65,15.79,4.47,3.6,3.0,0.0392278632477382,0.1939339510272269,4.943780643938303,18.75,22.85843101893598,0.1129381767159899,420.0,31,25.96451612903226,25.4,15.2,25.4,40.4,25.2,165.78947368421052,0.05485887096774195,5.648350696566021,0.21754114994849874,144.80645161290323,144.0,114.5,144.0,173.0,58.5,51.09170305676856,0.1970564516129033,18.034539740617557,0.12454237735779555,25.70967741935484,26.0,21.5,32.0,35.5,14.0,65.11627906976744,0.04187500000000001,4.828343735258133,0.18780257941405534,43.064516129032256,41.15,25.35,41.9,68.6,43.24999999999999,170.61143984220902,0.12040725806451615,11.456651587239522,0.26603460614563684,15.2
23,130.0,404.4521165930706,46.63945607945442,3.5423548633900954,0.0,12982.262933040836,3646.1473969944113,593.3121294652245,17221.72245950047,6.145411859826339,,,148.34883423386185,118,22.2,1.977,1.386,0.68,31.4,38.0,23.0,92.4,41.5,14.66,4.51,3.7,3.0,0.0344513814376285,0.2117179280742032,6.145411859826339,15.882650480526047,22.655122655122657,0.1030029783671609,430.0,31,26.741935483870964,25.5,22.2,24.95,39.3,17.099999999999998,77.02702702702702,0.05597983870967742,5.774485500518546,0.21593371594218932,146.79032258064515,149.0,118.0,149.0,176.0,58.0,49.152542372881356,0.19637096774193552,17.972096053580945,0.12243379357455429,26.14516129032258,26.5,23.0,25.0,35.0,12.0,52.17391304347826,0.04477822580645161,5.040161287741853,0.19277606405921954,44.53064516129032,41.4,31.4,46.35,70.8,39.4,125.47770700636943,0.1257540322580645,12.008973571315709,0.269678858858189,22.2
23,140.0,399.17779737903226,45.73849250486529,3.405600865996327,0.0,10127.97564687499,3254.031009515235,412.6751094970385,13794.681765887262,7.885212688211784,,,150.30896105433453,121,19.6,1.7495,1.1595,0.685,24.0,29.0,16.5,86.8,43.75,14.385,4.79,3.75,3.5,0.029915522264351,0.2358902557333433,7.885212688211784,13.71820520148614,20.69857697283312,0.099249834929721,440.0,31,27.341935483870966,26.25,19.6,25.5,40.8,21.199999999999996,108.16326530612241,0.06155241935483869,6.234796131045418,0.2280305333440396,148.75806451612902,149.5,121.0,151.0,179.0,58.0,47.93388429752066,0.19727822580645143,18.054025851935783,0.12136502253280046,26.532258064516128,27.0,16.5,25.0,35.0,18.5,112.12121212121212,0.04810483870967738,5.247119025190503,0.1977637565725296,45.769354838709674,41.9,24.0,41.1,69.8,45.8,190.83333333333334,0.1325665322580645,12.576463979853763,0.27477914041333945,19.6
23,150.0,393.7800480769231,44.09084758382369,3.147519295859385,0.0,7068.897935619337,2986.767502782153,300.669869062482,10356.33530746397,9.933710724307645,,,152.36932468523463,118,24.5,2.183,1.527,0.72,33.6,40.6,22.0,96.8,40.1,15.01,4.6,3.8,3.5,0.029032457924164,0.2884000386342786,9.933710724307645,15.39166284928997,22.00392927308448,0.1012281690057432,450.0,31,28.090322580645157,26.3,24.5,28.3,42.8,18.299999999999997,74.69387755102039,0.06590725806451612,6.652899359863571,0.2368395500181106,150.69354838709677,151.0,118.0,149.5,181.0,63.0,53.389830508474574,0.19887096774193563,18.19463172630636,0.12073928791940429,27.096774193548388,27.0,22.0,27.5,34.0,12.0,54.54545454545455,0.046149193548387084,5.070206035982347,0.18711474656601518,47.44032258064516,46.35,33.6,48.45,75.8,42.199999999999996,125.59523809523809,0.1366854838709677,13.02101134932075,0.27447139144524074,24.5
23,160.0,388.9956959856397,42.79322495486366,3.063539985575757,0.0,5457.600276193828,2786.332405978234,259.6953825868681,8503.62806475893,10.729233528232662,,,154.243351839592,122,20.5,1.829,1.361,0.76,29.9,36.1,20.0,97.8,41.0,15.32,4.57,3.9,3.5,0.0305393628001097,0.3276639552857988,10.729233528232662,16.347731000546748,21.969140337986772,0.1008343883752611,460.0,31,28.667741935483864,26.35,20.5,23.8,42.4,21.9,106.82926829268293,0.0722459677419355,7.093125173799119,0.24742531831638656,152.7258064516129,151.0,122.0,151.0,181.0,59.0,48.36065573770492,0.19610887096774196,17.93778075723482,0.11745088255872413,27.387096774193548,27.5,20.0,27.0,31.0,11.0,55.0,0.04522177419354838,5.026114598473581,0.18352126331293403,48.91451612903225,48.45,29.9,40.8,79.3,49.4,165.21739130434784,0.14702620967741942,13.955304807064032,0.2852998641599796,20.5
23,170.0,383.97555443548384,41.08614850934771,2.9585124250127204,0.0,4421.286752849141,2563.8660107052515,219.6224008539853,7204.775164408377,11.67397314998766,,,156.25994755893058,125,21.2,1.892,1.468,0.78,31.6,38.3,23.0,98.0,40.7,15.26,4.64,3.9,3.5,0.0304828944474105,0.3558564913129783,11.67397314998766,16.701902748414376,21.52588555858311,0.0923425803395053,470.0,31,29.367741935483867,26.4,21.2,26.4,42.2,21.000000000000004,99.05660377358492,0.07516129032258066,7.327102069111826,0.2494949078893526,154.7258064516129,153.0,125.0,153.0,184.0,59.0,47.2,0.19520161290322588,17.853962543217786,0.11539098068169527,27.79032258064516,27.5,23.0,31.0,32.5,9.5,41.30434782608695,0.043548387096774194,4.91388202535834,0.17681989876507087,50.409677419354836,48.5,31.6,52.2,76.25,44.65,141.29746835443038,0.15129233870967745,14.328168174117948,0.2842344745617562,21.2
23,180.0,379.32888524327785,38.89999974041085,2.671052816249008,0.0,4238.541718890505,2299.4240124164735,188.07233204528384,6726.038063352262,12.226274792311402,,,158.174086746702,125,18.8,1.671,1.519,0.84,30.9,37.4,18.0,96.1,43.1,15.23,4.98,3.9,3.5,0.0279618298727778,0.3418690157204431,12.226274792311402,18.491921005385993,20.342330480579328,0.093888849068677,480.0,31,30.154838709677417,28.05,18.8,29.0,45.6,26.8,142.5531914893617,0.07970967741935481,7.720452867100367,0.25602699922990096,156.53225806451613,153.0,125.0,153.0,181.0,56.0,44.8,0.19191532258064506,17.576942985945617,0.11228958940016778,28.177419354838708,28.0,18.0,31.0,35.0,17.0,94.44444444444444,0.04481854838709674,4.995912307571684,0.17730198229504548,51.92903225806451,51.9,30.9,52.3,78.7,47.800000000000004,154.69255663430422,0.15626814516129034,14.757900563164736,0.2841936373823499,18.8
23,190.0,375.3480695056675,37.158789727202056,2.5365912355527747,0.0,4518.837123690599,2092.4582398491416,172.13923356624656,6783.434597105987,12.155614943201623,,,159.8516280609085,126,21.3,1.901,1.518,0.8,32.9,39.8,15.0,96.2,42.7,15.32,4.74,4.0,4.0,0.0253764123619156,0.3084658973113481,12.155614943201623,17.306680694371384,21.673254281949937,0.0987696101928346,490.0,31,30.99354838709677,28.3,21.3,28.05,44.8,23.499999999999996,110.32863849765256,0.08124193548387092,7.856852019474083,0.25349959679818546,158.38709677419354,157.0,126.0,157.0,182.5,56.5,44.84126984126984,0.18727822580645148,17.167658390813113,0.10839051122509298,28.70967741935484,28.0,15.0,27.5,34.5,19.5,130.0,0.0420766129032258,4.748287750246376,0.16538979804228948,53.41774193548387,52.2,32.9,48.5,77.05,44.15,134.19452887537994,0.15789516129032252,14.89296001688436,0.2788017515766872,21.3
23,200.0,371.4075585452854,36.06894872574846,2.4615218469083637,0.0,4951.128153703719,1886.2980452525592,152.7821892666496,6990.208388222928,12.34632161187596,,,161.54760079467866,130,18.5,1.644,1.389,0.83,29.2,35.4,19.0,98.9,41.4,15.47,4.7,4.1,4.0,0.0218566000870669,0.269848614017085,12.34632161187596,17.761557177615572,21.022318214542835,0.1127156157601433,500.0,31,31.738709677419354,29.0,18.5,30.6,44.4,25.9,140.0,0.08309677419354836,8.000955252108124,0.2520882333726515,160.3548387096774,160.0,130.0,160.0,187.0,57.0,43.84615384615385,0.18368951612903217,16.824185739775093,0.10491847876343349,29.193548387096776,28.0,19.0,28.0,30.0,11.0,57.89473684210526,0.034012096774193534,4.011810520938642,0.13742113386640653,54.81129032258064,52.3,29.2,53.6,76.1,46.89999999999999,160.61643835616437,0.15837701612903218,14.93018592023901,0.2723925277505867,18.5
23,210.0,367.563147047546,35.49414626042331,2.463084707501469,0.0,5541.102627536957,1644.410230831554,131.7946561595914,7317.307514528103,12.477063021738315,,,163.2372572766081,134,24.6,2.193,1.682,0.77,36.5,44.2,25.0,97.8,41.6,15.23,4.61,4.1,4.0,0.0180113594922613,0.2247288674921301,12.477063021738315,16.64386684906521,21.70035671819263,0.1112064187224883,510.0,31,32.570967741935476,30.4,24.6,26.35,44.3,19.699999999999996,80.08130081300811,0.0821532258064516,7.919404167334269,0.24314304168303694,162.24193548387098,163.0,134.0,163.0,188.5,54.5,40.67164179104478,0.18112903225806465,16.58506907218153,0.10222430484891687,29.580645161290324,30.0,25.0,28.0,31.0,6.0,24.0,0.028528225806451618,3.547526777426654,0.1199272956381966,56.2016129032258,53.3,36.5,51.9,72.3,35.8,98.0821917808219,0.15243145161290322,14.465254254425025,0.2573814790570675,24.6
23,220.0,363.8963421571602,34.43045333282137,2.432133247681402,0.0,6193.479784712294,1392.075894461216,116.86344816337632,7702.419127336886,11.911987163985437,,,164.88211902412334,139,24.05,2.142,1.86,0.83,41.15,49.8,24.5,101.9,41.0,15.685,4.55,4.2,4.0,0.0151723044710216,0.180732296106889,11.911987163985437,19.211017740429504,22.123655913978492,0.1074154868407882,520.0,31,33.30806451612903,30.6,24.05,34.3,47.45,23.400000000000002,97.29729729729729,0.08601008064516127,8.210796721128768,0.24651077270349311,164.0483870967742,166.0,139.0,166.0,190.0,51.0,36.69064748201439,0.17969758064516123,16.455675231111847,0.10030988735905363,29.887096774193548,31.0,24.5,32.0,34.5,10.0,40.816326530612244,0.028548387096774208,3.548966228399839,0.11874576695131679,57.562903225806444,53.6,41.15,60.4,78.7,37.550000000000004,91.25151883353585,0.15332862903225805,14.534883142185535,0.25250434442419323,24.05
23,230.0,360.2199439681107,33.15900685007373,2.4232784256872955,0.0,6655.12729238316,1192.6955189928035,97.29555102900788,7945.118362404971,12.258479512975994,,,166.5649029286164,138,21.8,1.9415,1.6385,0.84,36.15,43.75,25.5,101.85,41.05,15.715,4.58,4.25,4.5,0.012245953627248,0.1501167716564737,12.258479512975994,18.619624002060263,22.06286237412267,0.1128643563692771,530.0,31,34.09193548387096,31.25,21.8,30.4,48.35,26.55,121.78899082568807,0.08913508064516128,8.453826517956168,0.2479714453864231,165.69354838709677,169.0,138.0,169.0,190.0,52.0,37.68115942028985,0.179233870967742,16.417306630176803,0.09908235287364565,30.29032258064516,31.0,25.5,27.0,37.0,11.5,45.09803921568628,0.02937500000000003,3.625773925541937,0.11970073662598514,58.93225806451613,55.5,36.15,53.3,83.6,47.449999999999996,131.25864453665284,0.15848790322580641,14.931290122798591,0.2533636180451893,21.8
23,240.0,356.92253612932063,32.5147684106798,2.4274989855820466,0.0,7332.803056726615,996.7721702277818,83.99488863753852,8413.570115591936,11.867057464998052,,,168.10370297901483,144,26.3,2.345,1.729,0.81,37.7,45.7,26.0,100.5,41.8,15.57,4.67,4.3,4.5,0.0099832636423722,0.118471963332257,11.867057464998052,16.076759061833688,21.804511278195488,0.1125182030257063,540.0,31,34.946774193548386,34.0,26.3,31.25,48.3,21.999999999999996,83.65019011406842,0.08979838709677422,8.509092543507709,0.243487209903299,167.3709677419355,169.0,144.0,169.0,190.0,46.0,31.944444444444443,0.1760685483870967,16.147738614604567,0.09647873124269858,30.596774193548388,31.0,26.0,25.0,35.0,9.0,34.61538461538461,0.02913306451612904,3.608830269488785,0.11794806363115691,60.438709677419354,58.15,37.7,58.15,82.85,45.14999999999999,119.76127320954903,0.15825604838709678,14.911939901062611,0.24672829682586517,26.3
23,250.0,353.55074900501177,31.481191053441993,2.4036427824883275,0.0,7629.159886451518,823.4734814867435,76.63288438027503,8529.266252318537,10.74569342060028,,,169.70689545661088,143,26.25,2.342,1.913,0.815,41.4,50.1,28.0,100.55,41.45,15.55,4.635,4.35,4.5,0.0089846983448832,0.0965468138906903,10.74569342060028,17.67719897523484,21.64140094093047,0.1323347933797253,550.0,31,35.69516129032258,34.3,26.25,37.7,49.5,23.25,88.57142857142857,0.09302217741935481,8.740340905238476,0.24486066428303535,168.8548387096774,171.0,143.0,171.0,190.0,47.0,32.86713286713287,0.1746774193548387,16.041713098662033,0.09500298138475939,30.887096774193548,31.0,28.0,31.0,35.0,7.0,25.0,0.028830645161290306,3.5886619544972342,0.11618644447980601,62.02903225806451,59.7,41.4,59.7,87.0,45.6,110.14492753623189,0.15965120967741933,15.034436993081075,0.24237742305138768,26.25
23,260.0,350.12104355286215,29.992861038753976,2.4093866098965773,0.0,7527.55004849244,674.3840908289454,66.60133349657191,8268.535472817957,10.125684508458937,,,171.36930528696158,142,23.7,2.108,1.848,0.855,40.5,49.0,26.5,102.0,41.3,15.685,4.625,4.4,4.5,0.0080547920143195,0.081560282718254,10.125684508458937,19.212523719165084,21.915584415584416,0.1367601491070772,560.0,31,36.464516129032255,37.7,23.7,34.0,50.1,26.400000000000002,111.39240506329114,0.09564112903225803,8.92887818213452,0.24486484752845908,170.46774193548387,171.0,142.0,171.0,193.0,51.0,35.91549295774648,0.172600806451613,15.868173326857217,0.09308607685354787,31.14516129032258,31.0,26.5,31.0,36.0,9.5,35.84905660377358,0.030060483870967766,3.661041628614951,0.11754768564170222,63.57903225806451,60.4,40.5,55.5,89.45,48.95,120.8641975308642,0.1629274193548387,15.311111293183721,0.2408201375421474,23.7
23,270.0,346.9594319661458,28.6908230082632,2.393926993101481,0.0,7494.105310299108,568.6158983315499,63.89250223830589,8126.613710868964,8.899571599351825,,,172.93088030491828,144,25.4,2.261,2.042,0.86,41.9,50.8,32.0,103.1,40.9,15.74,4.64,4.4,4.5,0.0078621310808526,0.0699695984775372,8.899571599351825,18.531623175586024,20.519098922624877,0.1545315169117629,570.0,31,37.27419354838709,39.3,25.4,40.4,48.8,23.4,92.1259842519685,0.09486693548387096,8.8706526532507,0.23798375789768217,172.11290322580646,173.0,144.0,173.0,193.0,49.0,34.02777777777778,0.1678629032258065,15.456772883011162,0.08980600869147146,31.258064516129032,31.0,32.0,35.5,30.0,-2.0,-6.25,0.026370967741935487,3.5657420166120066,0.11407430600100331,64.88870967741934,68.6,41.9,68.6,81.1,39.199999999999996,93.55608591885441,0.1586350806451613,15.004525482208244,0.23123476421090983,25.4
23,280.0,344.08075308553384,27.71935939155624,2.4049906278684636,0.0,7529.26498954171,468.10697441407103,61.49240166589234,8058.864365621674,7.6124360365276384,,,174.37766995669418,149,24.95,2.2245,2.0915,0.925,46.35,56.15,25.0,105.8,40.4,16.16,4.53,4.5,5.0,0.0076304053370364,0.0580859725609689,7.6124360365276384,20.83614295347269,22.16112837676309,0.1528840552120653,580.0,31,38.0016129032258,40.4,24.95,39.3,47.95,23.000000000000004,92.18436873747497,0.09366330645161292,8.788681014719709,0.23127126306719667,173.69354838709677,176.0,149.0,176.0,193.0,44.0,29.530201342281877,0.1623588709677419,14.98425697154341,0.08626835660095565,31.14516129032258,31.0,25.0,35.0,28.5,3.5,14.0,0.025181451612903232,3.5967428514956343,0.11548319875335543,66.09677419354838,69.8,46.35,70.8,79.35,32.99999999999999,71.19741100323623,0.15255040322580646,14.593925308633672,0.22079633214623906,24.95
23,290.0,341.3892324530182,26.91527975911478,2.4401810637301837,0.0,7556.120988478323,385.435448931556,65.0334947364073,8006.589932146286,5.926722075967109,,,175.75246755404672,151,25.5,2.274,1.881,0.86,41.1,49.8,25.0,101.7,41.9,15.63,4.58,4.6,5.0,0.0081224960048596,0.048139776383956,5.926722075967109,18.073878627968337,21.850079744816583,0.1510143283312386,590.0,31,38.83387096774193,40.8,25.5,40.8,50.75,25.25,99.01960784313725,0.09295362903225807,8.7329489778346,0.2248796929126325,175.16129032258064,179.0,151.0,179.0,194.5,43.5,28.807947019867548,0.15901209677419356,14.710759722492352,0.08398407944700974,31.29032258064516,31.0,25.0,35.0,29.5,4.5,18.0,0.020221774193548373,3.4272783019678728,0.10953157459897325,67.24032258064516,70.8,41.1,69.8,81.8,40.699999999999996,99.02676399026763,0.14930846774193546,14.382393283426087,0.21389536414219998,25.5
23,300.0,338.4218926354402,25.26299850339995,2.444824584311192,0.0,6974.097634843447,322.84560046414134,64.7328821669535,7361.676117474542,4.9873509359815875,,,177.29349461630156,149.5,28.3,2.5225,2.2245,0.89,48.45,58.6,27.5,104.35,40.9,15.94,4.565,4.6,5.0,0.008793226044446,0.0438549041430656,4.9873509359815875,19.20713577799802,21.7801753202967,0.1805475912520218,600.0,31,39.711290322580645,42.2,28.3,42.8,52.7,24.400000000000002,86.21908127208481,0.09273790322580643,8.715013001304314,0.21945932581165162,176.61290322580646,181.0,149.5,181.0,196.0,46.5,31.103678929765888,0.15602822580645173,14.465308890249199,0.08190403207264386,31.64516129032258,31.0,27.5,34.0,36.0,8.5,30.90909090909091,0.019012096774193563,3.32213171620045,0.10498071682182869,69.03387096774193,72.3,48.45,75.8,96.7,48.25,99.58720330237358,0.15026209677419353,14.480368245183858,0.2097574428638114,28.3
23,310.0,335.7886070627803,24.15623594156215,2.486690710488016,0.0,6531.677624953001,264.9589658698994,68.32807481763088,6864.964665640532,3.877746688708567,,,178.68384673569994,151,23.8,2.122,1.88,0.87,40.8,49.3,27.0,101.7,42.1,15.52,4.67,4.7,5.0,0.0099531575391226,0.0385958236895276,3.877746688708567,19.227144203581528,21.70212765957447,0.2231857432453106,610.0,31,40.45967741935485,42.4,23.8,42.4,51.5,27.7,116.38655462184873,0.0925060483870968,8.698538376789122,0.2149927763049334,178.11290322580646,181.0,151.0,181.0,196.0,45.0,29.801324503311257,0.15026209677419358,13.962276364917095,0.07839003301864166,31.85483870967742,31.0,27.0,31.0,34.0,7.0,25.925925925925927,0.017762096774193544,3.2562594808232976,0.10222181661318706,70.58387096774192,75.8,40.8,79.3,96.5,55.7,136.51960784313727,0.15359475806451617,14.772324276028096,0.20928753373103198,23.8
23,320.0,333.12120225694446,22.770660589912445,2.508062699955412,0.0,5860.846064467087,223.03845004641173,70.7463814714736,6154.630895984972,3.152648169522924,,,180.11462372701376,153,26.4,2.352,2.398,0.87,52.2,63.2,31.0,104.2,40.5,15.88,4.56,4.8,5.5,0.0114948211626509,0.0362391268974249,3.152648169522924,22.19387755102041,21.76814011676397,0.2301794962362507,620.0,31,41.3725806451613,42.8,26.4,42.2,52.1,25.700000000000003,97.34848484848487,0.08879838709677419,8.370691316628488,0.20232461176210134,179.56451612903226,181.0,153.0,184.0,196.0,43.0,28.104575163398692,0.14358870967741919,13.37643570829182,0.07449375854792895,32.145161290322584,32.0,31.0,32.5,36.0,5.0,16.129032258064516,0.01713709677419351,3.2098638298924165,0.09985527217929242,72.30967741935484,76.1,52.2,76.25,94.3,42.099999999999994,80.65134099616856,0.1487237903225806,14.294162091304027,0.19767979337545719,26.4
23,330.0,330.51257149255787,21.266882729672787,2.5012498640713927,0.0,5051.727431223,181.07902396403284,70.34380654277719,5303.15026172981,2.5741999596498353,,,181.53621125225797,153,29.0,2.587,2.335,0.94,52.3,63.3,31.0,107.1,40.5,16.09,4.55,4.8,5.5,0.0132645320368184,0.0341455578339519,2.5741999596498353,20.21646695013529,22.3982869379015,0.2781765658418448,630.0,31,42.26612903225806,44.3,29.0,45.6,54.1,25.1,86.55172413793103,0.08683669354838712,8.195754867580067,0.19390833878647748,181.08064516129033,182.5,153.0,181.0,200.0,47.0,30.718954248366014,0.1388104838709678,12.92097569470765,0.07135481366989171,32.37096774193548,32.5,31.0,35.0,38.0,7.0,22.580645161290324,0.01993951612903227,3.368896312680371,0.10407153531947334,73.83870967741935,76.25,52.3,78.7,99.6,47.3,90.43977055449331,0.15225604838709683,14.603171514420074,0.1977712175391098,29.0
23,340.0,328.09561764907005,20.00976330965752,4.573437873983067,0.2190580503833515,4297.469923995558,154.93035872519195,71.73746092778866,4524.137743648538,2.159685563462383,,,182.87351848806404,157,28.05,2.5015,2.2475,0.885,48.5,58.7,27.5,100.95,42.75,15.78,4.73,4.85,5.5,0.0158566040630618,0.0342452788805335,2.159685563462383,19.388366979812112,21.579532814238043,0.2832561984949255,640.0,31,43.07258064516129,44.4,28.05,44.8,54.0,25.95,92.51336898395722,0.085375,8.07598124801436,0.18749703702560955,182.59677419354838,184.0,157.0,182.5,200.0,43.0,27.388535031847134,0.13213709677419352,12.256576027340529,0.06712372702898267,32.61290322580645,34.0,27.5,34.5,38.5,11.0,40.0,0.022762096774193545,3.5324912772229053,0.10831575627488632,75.49193548387096,77.05,48.5,77.05,103.55,55.05,113.50515463917526,0.1563306451612903,14.979647841733984,0.19842712662910097,28.05
