meanrr,sdnn,rmssd,nn50,pnn50,meanhr,vlfpowfft,lfpowfft,hfpowfft,totpowfft,lfhffft,sampen,dfa1,dfa2,subject_id_old,subject_id_new,window_num,window_start,window_end,rr_count
457.20831902472526,47.633384927709855,6.97837692629551,0,0.0,131.23120797098898,15000.596647632761,1309.5883529685798,1446.720518360049,17756.90551896139,0.9052117090680947,0.00314960890289622,,,130,1,0,0.0,300.0,652
453.3009303435114,47.21310966373163,6.828413956583095,0,0.0,132.36240206816254,16146.271631222697,1153.6671322407872,1217.7785839017583,18517.717347365244,0.9473537697997954,0.003062789530545767,,,130,1,1,10.0,310.0,660
448.6076630741717,45.87812124363114,6.648838087417208,0,0.0,133.74715801517584,17751.2420206443,912.9031443387275,893.1653986533041,19557.310563636333,1.0220986456877792,0.0030211503341762112,,,130,1,2,20.0,320.0,668
443.6258433283358,43.94104922203564,6.339558180813596,0,0.0,135.2491089108911,19194.686282317976,709.8868615539926,604.1251379442533,20508.698281816225,1.1750659208945196,0.0030075210639553284,,,130,1,3,30.0,330.0,674
438.628423781622,41.129221519483096,5.925254920716815,0,0.0,136.79004083390623,19705.90413046508,584.2418935891544,429.725652370361,20719.871676424595,1.3595695075834637,0.0029850768434533967,,,130,1,4,40.0,340.0,682
435.0386639030612,39.773503574099756,5.6740822682357495,0,0.0,137.91877591222485,19987.854324176606,524.3903187664272,341.73641120573484,20853.981054148768,1.5344876974515005,0.0029239786914352006,,,130,1,5,50.0,350.0,689
430.8359825937951,37.46651461599356,5.235871150627317,0,0.0,139.26413397223084,18709.91418277569,456.2425135075973,262.2286611754837,19428.38535745877,1.7398651675313224,0.002894358026364526,,,130,1,6,60.0,360.0,695
426.8699569810984,35.29982551727132,5.003564109263994,0,0.0,140.55802948591383,16889.367447888726,399.6646694717352,213.6645196091226,17502.696636969584,1.8705242695552862,0.002861232281032235,,,130,1,7,70.0,370.0,702
423.16742805437855,34.521275781901444,4.82535869970612,0,0.0,141.78785043987313,15348.228573837938,348.73294690330306,171.0529808974797,15868.01450163872,2.0387422953611987,0.00283286308430409,,,130,1,8,80.0,380.0,709
419.58814775910366,33.22490372214132,4.40979918438877,0,0.0,142.9973661564138,13470.694575500202,311.4645850684414,148.02141540140158,13930.180575970044,2.1041859667658076,0.0028089906110551153,,,130,1,9,90.0,390.0,715
416.01630316840277,32.03111106449356,4.155151662464577,0,0.0,144.22511700391726,11870.866497293458,278.2733988536669,126.17067180805687,12275.310567955183,2.205531561859348,0.002785517121426312,,,130,1,10,100.0,400.0,721
412.65616929235534,30.69816089000995,3.866607505596736,0,0.0,145.399498335118,10720.317668999982,259.2762312499249,117.89630472884775,11097.490204978754,2.199188785825305,0.0027624326959100726,,,130,1,11,110.0,410.0,727
409.6666328231874,29.30621548252236,3.756215418492377,0,0.0,146.4605491214025,10202.255108303445,251.4003764444754,106.49567943767592,10560.151164185596,2.360662683894153,0.0027434859457508326,,,130,1,12,120.0,420.0,732
406.8032969599185,27.665157267524375,3.5057199373183767,0,0.0,147.4914300065559,9975.554798336629,254.04897195397055,96.29316236030935,10325.896932650909,2.6382867249013087,0.0027247973261851424,,,130,1,13,130.0,430.0,737
403.9211221782345,25.69609590433146,3.288577803342852,0,0.0,148.543853503963,9774.958500621738,270.07187281734764,94.27473960189917,10139.305113040984,2.8647321006432884,0.002702704347885139,,,130,1,14,140.0,440.0,743
401.0531991560829,23.739515819811068,3.019601729054072,0,0.0,149.60608748728382,9507.481780912303,293.49826811867473,87.13948233933533,9888.119531370312,3.368143351778757,0.002680966753257824,,,130,1,15,150.0,450.0,749
398.03675921314743,21.85437117364436,2.8377751786099426,0,0.0,150.7398465373149,8590.824339119737,318.5525546831751,85.22590735780149,8994.602801160714,3.7377431881810894,0.002663117419483662,,,130,1,16,160.0,460.0,754
395.4214936510554,20.542831158586623,2.794951104100834,0,0.0,151.7368199841654,7776.232733805242,347.04117670120195,79.36832681847449,8202.642237324919,4.372539911228436,0.0026526421226473243,,,130,1,17,170.0,470.0,759
392.9062089895013,19.536590680128004,2.7289294626551563,0,0.0,152.70820014351884,6739.299789452811,368.02692088552857,78.65860923629837,7185.985319574638,4.678787540979,0.0026633111086935505,,,130,1,18,180.0,480.0,763
390.5059535935463,19.119499412858918,2.720637747193596,0,0.0,153.64682522215864,5756.93500596212,386.05904468792204,78.7043009480726,6221.698351598115,4.905183580026147,0.0026350206208499826,,,130,1,19,190.0,490.0,768
388.3108888618677,18.89792053176007,2.696736162777939,0,0.0,154.51536828096408,5016.169175058516,391.9612797140435,77.27362638204383,5485.404081154603,5.072381070563087,0.0027267977042566534,,,130,1,20,200.0,500.0,772
386.2619301707474,18.946228133908836,2.6558422955610768,0,0.0,155.33500796590786,4563.531526346099,385.7989945546735,72.98926110233896,5022.319782003111,5.285695302679404,0.0028633067177782586,,,130,1,21,210.0,510.0,777
384.09517728365387,18.812512607352193,2.614534020446795,0,0.0,156.21128186071982,4070.725976826392,369.5125486908232,70.66113189359199,4510.899657410808,5.229360736072968,0.0036542500548804348,,,130,1,22,220.0,520.0,781
381.76440585191085,18.286101155432764,2.562646017666116,0,0.0,157.16499254588555,3518.8090323897095,335.94179981658056,67.15545466199406,3921.906286868284,5.002449935116044,0.0037888782455929556,,,130,1,23,230.0,530.0,786
379.57585749366285,17.499704177347528,2.5362296129026825,0,0.0,158.07117026930965,3017.663631127137,301.21171913964207,64.09989503802214,3382.975245304801,4.699098476853547,0.005123105972600315,,,130,1,24,240.0,540.0,790
377.6316696878941,16.810968996707206,2.5060251630217074,0,0.0,158.88497924336946,2726.888394207679,261.3941613802907,58.74302247044308,3047.025578058413,4.449790807270988,0.005251343259061548,,,130,1,25,250.0,550.0,794
375.81727376097865,15.876746910368762,2.480776985798217,0,0.0,159.65205483918297,2523.5344262362883,219.60120530475007,53.72669898850354,2796.862330529542,4.087375726391461,0.004929412157437171,,,130,1,26,260.0,560.0,798
374.17034858770285,14.911981562241088,2.4608599938191706,0,0.0,160.35476949594906,2477.4424685278045,186.67456944604572,51.789402326233954,2715.906440300084,3.6044936041188027,0.004724984560997802,,,130,1,27,270.0,570.0,802
372.4450258473259,14.255517327365967,2.479418814793197,0,0.0,161.0976005478871,2668.089178195478,152.87727761255226,46.61503093575021,2867.5814867437807,3.2795704420589997,0.007976531284894499,,,130,1,28,280.0,580.0,805
370.8562567682549,13.988920884945475,2.4614721973260685,0,0.0,161.78775173663448,2862.6757383798604,130.97810344388918,44.35008886039943,3038.003930684149,2.953277136741898,0.009399757808645385,,,130,1,29,290.0,590.0,809
369.42781384864367,14.284810930735178,2.4573289599920276,0,0.0,162.41332609726643,2835.518617988832,120.48097691024236,43.65454938977964,2999.6541442888542,2.7598721918877316,0.008158782460089088,,,130,1,30,300.0,600.0,812
367.9292082055215,14.666256877474124,2.439906153852227,0,0.0,163.07484880755814,2877.338386867347,114.47070539742863,43.14738419074591,3034.956476455521,2.6530161108116466,0.006272131778171853,,,130,1,31,310.0,610.0,816
366.2336204920538,14.647642947826983,2.4457652144052777,0,0.0,163.82985242967837,2958.144470631539,113.9452155164142,41.097123068909916,3113.186809216863,2.7725837481459634,0.005994433727411549,,,130,1,32,320.0,620.0,819
364.6296665906326,14.45447018630897,2.4332446748431287,0,0.0,164.55051658580928,3117.9399822225923,118.33295511490358,42.305048970127615,3278.5779863076236,2.797135519177881,0.0056419902749394206,,,130,1,33,330.0,630.0,823
362.9995265151515,13.963956128569436,2.414413412740321,0,0.0,165.28947179630995,3285.866976787569,124.36459829641797,42.346227628637905,3452.577802712625,2.9368518817556413,0.007204118197895386,,,130,1,34,340.0,640.0,826
361.51860186443236,13.694576947867533,2.3942482031126566,0,0.0,165.9665635200141,3354.3089591467656,129.57134657081588,44.27504955408173,3528.155355271663,2.926509351786161,0.012479630399567515,,,130,1,35,350.0,650.0,829
360.0514424519808,13.571900826063908,3.8367097015510776,1,0.1201923076923077,166.64285411938616,3358.6841318746865,138.30860019328014,45.33952410106326,3542.33225616903,3.050508423621426,0.016806597044718204,,,130,1,36,360.0,660.0,834
358.6536754261364,13.189002482511324,3.8495546449578137,1,0.11976047904191617,167.29230483616448,3227.496690432767,143.37173718481532,46.56480694541663,3417.4332345629987,3.078972008900971,0.0186585794596255,,,130,1,37,370.0,670.0,837
357.4008987171838,13.118239587011743,3.861032283656329,1,0.11947431302270012,167.87870488115033,3106.8298434522926,145.7169043473445,45.25272598223882,3297.799473781876,3.2200690938383847,0.016744126635761625,,,130,1,38,380.0,680.0,839
356.1426013212589,12.910282373087774,3.907991399893321,1,0.11890606420927467,168.4718418335944,2949.166711570077,147.4797504787059,51.18831610950708,3147.83477815829,2.8811213512709175,0.01446973139887599,,,130,1,39,390.0,690.0,843
355.0117094934834,12.686025399316067,3.9800902834436473,1,0.11862396204033215,169.0085098477614,2725.219291518017,145.12846914777523,50.581689938704315,2920.9294506044967,2.869189806106601,0.010447482462807751,,,130,1,40,400.0,700.0,845
353.8728898862293,12.318292544139629,4.079448366317887,1,0.11834319526627218,169.5524062871561,2527.2960077700855,141.54363548405053,55.26333474554823,2724.102977999684,2.5612575885217037,0.010537291832706413,,,130,1,41,410.0,710.0,847
352.5804227941176,11.804916474384695,4.16753285888501,1,0.11778563015312132,170.17394081189758,2339.4656252327095,136.24615960687188,60.321950146825976,2536.0337349864076,2.2586497829603225,0.01515041287206551,,,130,1,42,420.0,720.0,851
351.1868550570843,11.389578678619765,5.453771734980454,2,0.23446658851113716,170.84921925750095,2285.830294700377,132.02622376283824,71.16849336960072,2489.025011832816,1.8551218033685761,0.021081628962070165,,,130,1,43,430.0,730.0,855
349.8004663770444,10.65411096877455,5.497275951993571,2,0.23391812865497075,171.52635793037206,2219.8291624994868,121.09768221107092,72.69314439208848,2413.6199891026463,1.6658748665197445,0.025807712550978273,,,130,1,44,440.0,740.0,857
348.58449596187427,9.990816193211888,5.577485536265363,2,0.2331002331002331,172.1246948589543,2261.146816704673,109.1961454406665,82.50741326427644,2452.8503754096155,1.3234707176057547,0.03786936856628952,,,130,1,45,450.0,750.0,860
347.60526935904875,9.587813861480047,5.682776507941518,2,0.23228803716608595,172.60958129499684,2244.576257729008,102.100278684388,94.6723261549325,2441.348862568328,1.0784595967072739,0.04885220280679712,,,130,1,46,460.0,760.0,863
346.6542561848958,9.286119196247043,6.505296564319919,3,0.34762456546929316,173.08311936028173,2145.6914249282927,83.52586965207908,107.84155836202007,2337.0588529423917,0.7745239490297967,0.057595256258380086,,,130,1,47,470.0,770.0,865
345.76394896193773,8.917408817569223,6.54789077856864,3,0.3464203233256351,173.5287908994957,2009.0738790476194,78.42694305985114,111.88065201924499,2199.3814741267156,0.700987540243872,0.06211498352549175,,,130,1,48,480.0,780.0,868
344.94850852272725,8.747390023580435,6.633314626205178,3,0.3456221198156682,173.93900398919058,1766.7087732069097,66.5595483529039,121.57336485148488,1954.8416864112985,0.5474846273623638,0.06247430047870067,,,130,1,49,490.0,790.0,870
344.11102540183697,8.56731561320063,6.728639683770527,3,0.3448275862068966,174.36232951250187,1442.5758929856556,52.73229732269633,140.11838719822583,1635.4265775065778,0.37634102402346253,0.06474172616778183,,,130,1,50,500.0,800.0,872
343.3663104954181,8.462465648760956,6.805612639278032,3,0.3440366972477064,174.74049773092298,1218.162567739036,46.25782525216143,143.15350590952335,1407.5738989007207,0.3231344210416862,0.06651462646534259,,,130,1,51,510.0,810.0,874
342.7114955357143,8.36391647381661,6.875905532195474,3,0.34324942791762014,175.07437241406262,1045.1800799574546,46.33010992938354,151.67464692257423,1243.1848368094124,0.30545718001924077,0.06777559765365943,,,130,1,52,520.0,820.0,876
342.0365564355023,8.326770091564656,6.9476090743928545,3,0.34285714285714286,175.41984583543828,890.5801082782818,42.527797946014104,157.59529945099837,1090.7032056752942,0.26985448229842296,0.06648040018560665,,,130,1,53,530.0,830.0,877
341.31804794276763,8.18335249864225,6.998449742661958,3,0.34207525655644244,175.7891220860985,735.3195098370878,37.35240756330502,150.08331136046127,922.7552287608542,0.24887782142275772,0.07418856948213433,,,130,1,54,540.0,840.0,879
340.58061079545456,7.939610733942534,7.063033562310113,3,0.3412969283276451,176.1697468915361,646.4766391577848,45.194752846369994,179.2644937618924,870.9358857660471,0.2521121271588774,0.0962077170631989,,,130,1,55,550.0,850.0,881
339.769566680839,7.465708841572982,7.115056655720548,3,0.340522133938706,176.59027141874873,538.0920063975877,46.334931933741,176.71948486358133,761.1464231949101,0.2621948109995299,0.14565317389070376,,,130,1,56,560.0,860.0,883
338.9235276442308,6.779622129647591,7.142107217077932,3,0.33975084937712347,177.0310854989749,441.7753686687129,42.44069735495218,158.58347284581217,642.7995388694773,0.2676237100458539,0.22507954536264901,,,130,1,57,570.0,870.0,885
338.276951361456,6.386316061382842,7.189928701924361,3,0.3389830508474576,177.3694594281972,444.2950508853897,37.46115356164639,157.0096927496981,638.7658971967342,0.23859134366542745,0.26806336418591925,,,130,1,58,580.0,880.0,887
337.6924499718151,6.06686471959218,7.258526052447389,3,0.33860045146726864,177.67646272520392,395.73106897766166,38.314088307920336,156.58485860936196,590.6300158949439,0.24468578027396576,0.2912370403472742,,,130,1,59,590.0,890.0,888
337.2181385487049,5.931653486449125,7.300380604053164,3,0.3382187147688839,177.9263721050821,380.34398774413705,35.84483845116751,160.6498909233273,576.8387171186318,0.22312395137743996,0.318154977189845,,,130,1,60,600.0,900.0,889
569.0341590690979,44.55564600485276,10.544153280739692,1,0.19230769230769232,105.44182461410756,17747.27322372451,18394.099693523363,4009.2345180395605,40150.60743528744,4.587933085669862,0.0038535693159899662,,,146,2,0,0.0,300.0,526
563.9685569153993,42.48185296380354,10.157300734051464,1,0.19047619047619047,106.38890992109083,19899.901619415206,16372.286802191938,3744.423398860022,40016.61182046717,4.372445382959745,0.0038167985267008537,,,146,2,1,10.0,310.0,531
559.4735689252336,42.61958995693024,9.344213754148546,0,0.0,107.24367214569563,20485.8324255005,15113.053219868847,3573.657319937755,39172.5429653071,4.229015786027319,0.003752349618550464,,,146,2,2,20.0,320.0,536
553.3154477052583,42.28921788904046,8.904087330934699,0,0.0,108.4372400026702,20333.813853405954,13620.237400041357,3370.475441375701,37324.52669482301,4.041043359295949,0.0037037079374844144,,,146,2,3,30.0,330.0,543
548.4721983745421,44.801043934270155,8.815700903049047,0,0.0,109.39478824599792,23211.5383393512,12237.056427049403,3036.5520382625514,38485.146804663156,4.029918233856838,0.003676474729308637,,,146,2,4,40.0,340.0,547
543.0112092391304,46.555460157395096,11.13310710971306,3,0.5444646098003629,110.494956603331,27492.11003187973,11071.591388744268,2770.9621642475345,41334.66358487153,3.9955765299129595,0.0036363676433838745,,,146,2,5,50.0,350.0,553
537.5012272778276,47.353494498850004,10.971329877800692,3,0.539568345323741,111.62765209647931,32538.365075257207,9922.714860510496,2516.5430824944674,44977.62301826217,3.942994232657772,0.0036036075032985443,,,146,2,6,60.0,360.0,558
531.7564942273534,48.22890235127592,10.856638253715241,3,0.5338078291814946,112.83360081418563,37935.91533306976,8933.809282892065,2274.800892227788,49144.52550818961,3.927292851614318,0.003565066164496146,,,146,2,7,70.0,370.0,564
525.402617872807,48.777561522184,10.708843847393217,3,0.5272407732864675,114.19813674115572,42896.35185786714,7987.150509771338,2071.839028960384,52955.341396598866,3.85510186753223,0.003521130398578825,,,146,2,8,80.0,380.0,571
519.2773775996534,49.60172941709681,10.573889432358248,3,0.5208333333333334,115.54518372694857,48483.71845460295,7142.445271718617,1877.1367323365544,57503.30045865812,3.80496803918386,0.0034782643763248086,,,146,2,9,90.0,390.0,578
513.4382035270154,49.87387711114092,10.363327530243474,3,0.5154639175257731,116.8592434061892,52405.01201751592,6302.999313883744,1711.4891857889645,60419.50051718863,3.6827573122982833,0.00344234419097279,,,146,2,10,100.0,400.0,584
507.63953257415255,49.78798669866477,10.173453927156629,3,0.5093378607809848,118.19410457603715,54733.25359572832,5524.381555614103,1563.2312210490059,61820.86637239143,3.533950372298071,0.00340136382349029,,,146,2,11,110.0,410.0,591
502.41027422399327,50.462510113236696,10.085324664241787,3,0.5042016806722689,119.42430933100258,55280.89883006188,4787.58774618992,1440.020029132128,61508.50660538393,3.324667469434648,0.0033670065479042954,,,146,2,12,120.0,420.0,597
496.73183561359866,50.67314279504294,9.967548938789879,3,0.4983388704318937,120.7895200151279,54965.521438545846,4099.9140574440235,1369.5618218297686,60434.99731781964,2.9935954639611935,0.003327790092674691,,,146,2,13,130.0,430.0,604
491.02923283811475,50.5628226908782,9.82858192617947,3,0.49261083743842365,122.1923176614235,53936.18873527798,3454.097980880329,1255.511328372597,58645.79804453091,2.7511483989217016,0.0032894766503987574,,,146,2,14,140.0,440.0,611
485.3768866491086,50.59252850466032,9.735695690273173,3,0.487012987012987,123.6152805178289,51377.165552900435,2868.080001546885,1253.6318388923532,55498.87739333967,2.287816815566026,0.0032520353863773432,,,146,2,15,150.0,450.0,618
480.2637344751603,50.595453339860086,9.55260798480944,3,0.48154093097913325,124.93135686284732,48155.84731820383,2369.10499167174,1140.3699409502267,51665.3222508258,2.077488108549806,0.0032154368539743547,,,146,2,16,160.0,460.0,625
475.1340258518225,50.45217943665275,9.403914815269706,3,0.47619047619047616,126.28015830361069,45190.45975765541,1921.51284041933,1127.1054014948404,48239.07799956958,1.7048208959613669,0.003179652917379684,,,146,2,17,170.0,470.0,632
470.2493919516509,50.379385409606215,9.261384493701822,3,0.47244094488188976,127.59187151946163,41414.33981905021,1530.4379959331004,1188.6426572469422,44133.42047223025,1.287550961260134,0.0031545767485154324,,,146,2,18,180.0,480.0,637
465.430750631804,50.11191587175699,9.137893294164037,3,0.4672897196261682,128.9128402421893,39217.3547921671,1222.3128753015203,1069.2454201921562,41508.913087660774,1.1431546511387967,0.003120127336243634,,,146,2,19,190.0,490.0,644
460.7904905913978,50.071807756761274,8.988517903240083,3,0.46153846153846156,130.21102046397158,37745.01238677754,996.7778131142943,1221.1282135319557,39962.91841342379,0.8162761306048635,0.003081666537408112,,,146,2,20,200.0,500.0,652
456.10894097222223,49.90504515072808,8.874821117594172,3,0.4573170731707317,131.54751992387295,35847.47394106049,772.6162607899553,1044.3203804582276,37664.41058230867,0.7398268531836429,0.003053437486890343,,,146,2,21,210.0,510.0,658
451.12628247364455,49.27842760358119,8.65737251200335,3,0.45248868778280543,133.00045315693902,33881.133761486235,616.6938630314904,1064.243700414286,35562.07132493201,0.5794667732507371,0.0030211503341762112,,,146,2,22,220.0,520.0,665
446.298536613806,48.75070040649221,8.54635542273762,3,0.4484304932735426,134.4391591673974,31849.89529390853,503.7245541871684,994.4407861427236,33348.06063423842,0.5065405212722973,0.0029940142126047777,,,146,2,23,230.0,530.0,672
441.38963688054736,47.86467829694517,8.338693378462768,3,0.4444444444444444,135.93431967284207,29120.37615548908,430.1268638915491,987.4462581510724,30537.9492775317,0.4355952137556662,0.0029673612278020007,,,146,2,24,240.0,540.0,679
436.3721491831865,46.48730305688936,8.036902417306266,3,0.4411764705882353,137.49731762741885,25376.800965619008,383.4287582637258,952.080288156436,26712.310012039172,0.4027273361642424,0.002945510229756803,,,146,2,25,250.0,550.0,686
429.7991277193953,42.60236857775083,7.572772790956787,3,0.4431314623338257,139.60009718580082,17525.8581967885,325.00127736338027,841.806833025168,18692.666307177045,0.38607583665653555,0.002958582039745154,,,146,2,26,260.0,560.0,694
426.4128540917266,41.40594451139183,7.448748286409661,3,0.4322766570605187,140.70870384008936,15330.27049305439,324.8780856395684,785.4419706115725,16440.59054930553,0.4136245550853451,0.0028860048891349867,,,146,2,27,270.0,570.0,702
422.59674717912554,39.91480992995219,7.340614373019889,3,0.423728813559322,141.97932284265283,12652.902419042352,324.2271053744633,753.6418542645889,13730.771378681404,0.43021377268231376,0.0028288562004777137,,,146,2,28,280.0,580.0,710
418.1873529027197,37.72608450904622,7.234238733976246,3,0.41899441340782123,143.47636193091049,9415.519439583353,323.6324134669145,709.6597556100114,10448.811608660279,0.4560388424291097,0.002797204621061254,,,146,2,29,290.0,590.0,718
413.66661451139504,35.07771365168614,7.164995396105514,3,0.4149377593360996,145.04433738475458,6424.8738314403845,326.33239119888805,633.4288070209155,7384.635029660189,0.5151840073925036,0.002770084873815601,,,146,2,30,300.0,600.0,725
409.45288453317374,32.592270078412234,7.118732955324778,3,0.410958904109589,146.5370064944281,4400.029073728282,339.3344081225207,565.7552703198238,5305.118752170626,0.5997900963974998,0.0027434859457508326,,,146,2,31,310.0,610.0,732
405.6049129827236,30.576261950839694,5.047905464405389,2,0.27137042062415195,147.92720225890275,3287.7574584177087,348.39034709084797,507.7207880318545,4143.868593540411,0.6861849175830671,0.002717392976499915,,,146,2,32,320.0,620.0,740
402.21297211473757,29.015340194424656,5.026460023743441,2,0.2695417789757412,149.17470136414212,2862.119949918428,348.78429507887824,447.899075205937,3658.8033202032434,0.778711800015467,0.002699056969165058,,,146,2,33,330.0,630.0,745
398.9186197916667,28.171425039839104,4.952879137122684,2,0.26702269692923897,150.40661684665085,2653.1153191491367,356.32591747367155,382.13399494825,3391.575231571058,0.9324632777618399,0.0026737983844022043,,,146,2,34,340.0,640.0,752
395.73034490587844,27.416577843997484,3.553143879258383,0,0.0,151.61839563824847,2522.842866083715,346.97157462304403,334.51872351294116,3204.3331642197,1.0372261707187254,0.002649008171576953,,,146,2,35,350.0,650.0,758
392.4078985091743,26.227154886309915,3.584455454937864,0,0.0,152.9021210529921,2267.309124325002,342.7678055855697,274.29604291048923,2884.3729728210606,1.249627234678791,0.002628122406269469,,,146,2,36,360.0,660.0,764
389.35293222402595,25.537716213561634,3.616564369242716,0,0.0,154.10183161398973,2234.4590636241737,344.8643533592983,220.3793040355042,2799.7027210189763,1.5648672404543893,0.0026041681383877436,,,146,2,37,370.0,670.0,771
386.52784778225805,25.06854825196491,3.7267482231183564,0,0.0,155.2281429249043,2243.6483844634686,334.7794651167735,179.19292944164044,2757.6207790218823,1.868262694069101,0.0025873235649509123,,,146,2,38,380.0,680.0,776
408.009819135274,28.876059630507005,2.712975002547085,0,0.0,147.0552844222292,5563.3100849392795,912.3529255357957,394.7012528544325,6870.364263329508,2.3115024817827865,0.002747254475138807,,,168,3,0,0.0,300.0,734
404.6267947635135,25.57243887166379,2.451692008385227,0,0.0,148.28479175499822,4801.9340506035205,962.1107226745806,368.8995697045466,6132.944342982648,2.6080559634296665,0.002762269909999305,,,168,3,1,10.0,310.0,741
401.1214127342704,22.04894949769462,2.436295547218579,0,0.0,149.58064589722616,5510.290283510308,998.1950319857835,337.41657563629735,6845.901891132388,2.958346163354292,0.0026882124091791512,,,168,3,2,20.0,320.0,748
398.45503137466756,21.245063657361296,2.4187399674633316,0,0.0,150.58160965617714,5487.889772216739,1040.0025241860103,300.2749253625435,6828.167221765293,3.4635010663322636,0.0026666682469152284,,,168,3,3,30.0,330.0,753
396.1840432787698,20.705032980241214,2.405638762391294,0,0.0,151.44476668834886,5333.659498881834,1047.4563262543015,268.0835772788569,6649.199402414993,3.907200645732773,0.002652521449131117,,,168,3,4,40.0,340.0,757
394.2003752055921,20.518179765496225,2.3864264934371695,0,0.0,152.20685664925477,5087.2485349292765,1025.9145033249326,239.57208631592013,6352.735124570129,4.282278954535941,0.002638523958181172,,,168,3,5,50.0,350.0,761
392.3084199116492,20.402567198255095,2.37483997783428,0,0.0,152.94089281466978,4955.797222874644,1017.5099558106906,205.26346168897683,6178.570640374312,4.9570924481068195,0.002624673422771217,,,168,3,6,60.0,360.0,765
390.7325873940678,20.48585269411035,2.3849778814244553,0,0.0,153.5577065638701,5082.208345152632,977.8778028945501,178.18789750340895,6238.274045550591,5.487902470345059,0.0026143805740708207,,,168,3,7,70.0,370.0,768
389.0701095779221,20.287125384994624,2.3932460315206128,0,0.0,154.21385123902286,5366.541651997642,922.3018462913874,153.6966842591157,6442.540182548144,6.0007920843398805,0.0026041681383877436,,,168,3,8,80.0,380.0,771
387.2158632105943,19.889545534391424,2.3887250555842163,0,0.0,154.95232943844536,5468.179809300396,840.9710473716483,138.1987222070303,6447.349578879075,6.085230267989173,0.0025906750240925064,,,168,3,9,90.0,390.0,775
385.35508164414415,19.43219137091338,2.402908556788674,0,0.0,155.7005547818543,5386.5774709970865,770.6033889478091,119.65042566915008,6276.831285614046,6.4404567274890745,0.0025806465934916254,,,168,3,10,100.0,400.0,778
383.3757093190537,18.82364384528856,2.6816080679530025,0,0.0,156.50443818303228,5294.856344390386,697.9551280104979,107.99857049550845,6100.810042896393,6.462633021976204,0.0029152908790404564,,,168,3,11,110.0,410.0,783
381.13644044211196,17.849431856446195,2.8702524263988103,0,0.0,157.4239396537392,4399.905669159886,624.1710269179935,95.45763558614564,5119.534331664026,6.538722890896569,0.004169486038229735,,,168,3,12,120.0,420.0,787
378.8889657079646,16.77444221195125,2.811249402616597,0,0.0,158.35773915423567,3676.972474955012,559.3358585768926,86.82763864533544,4323.13597217724,6.441910286903113,0.0046703300955124065,,,168,3,13,130.0,430.0,792
376.7230930040829,15.93397614008085,2.789147418681518,0,0.0,159.26817631896466,3255.0601039118164,503.0909851581432,78.21729155606391,3836.3683806260237,6.43196632291393,0.005203013569819805,,,168,3,14,140.0,440.0,797
374.73110919899875,15.298161258794611,2.8094322919210155,0,0.0,160.1148090646975,2722.9921644071483,445.417544779644,70.06020065222236,3238.4699098390147,6.357640152797864,0.00593275789639095,,,168,3,15,150.0,450.0,800
372.85374883395525,14.96827973777899,2.817266955147592,0,0.0,160.92100505262746,2573.7001656074285,407.2508882008587,66.82643228554045,3047.7774860938275,6.094158767308269,0.006107316195194658,,,168,3,16,160.0,460.0,805
370.9898089418317,14.635134176515823,2.8286137437903216,0,0.0,161.72950995914695,2369.2651884405695,369.79949586873244,63.99860760452704,2803.063291913829,5.7782428354359086,0.005894082143576198,,,168,3,17,170.0,470.0,809
369.0185546875,14.087943940208758,2.808471085193612,0,0.0,162.59345021501818,2012.6528431327642,346.0430681203376,66.03240761160704,2424.728318864709,5.240503574482886,0.006123328927749883,,,168,3,18,180.0,480.0,813
367.3708301380368,13.666465700922977,2.8429750246088865,0,0.0,163.32271121649876,1856.7815203188097,320.11788879377974,67.23885562992896,2244.1382647425185,4.760906261636177,0.008602999560885706,,,168,3,19,190.0,490.0,816
365.77929449023196,13.257273182655933,2.8397641966619465,0,0.0,164.03334170027026,1684.484381233373,294.6810092941062,62.96157186187829,2042.1269623893575,4.680331201713985,0.011209554020910912,,,168,3,20,200.0,500.0,820
364.21444932329683,12.97181213824485,2.8475014470549755,0,0.0,164.73810995549132,1619.8294598297532,279.79234907225697,70.86871444317875,1970.4905233451889,3.948037596993373,0.01177860641695428,,,168,3,21,210.0,510.0,823
362.69011047215497,13.262058978395695,2.8476519470651698,0,0.0,165.43048257337696,1627.4173077875735,259.94376773222007,76.87980208104294,1964.2408776008365,3.3811711359272234,0.010262351375258813,,,168,3,22,220.0,520.0,827
361.02986163403614,13.40870209302293,2.830377504237659,0,0.0,166.19123894194655,1603.1855646044085,245.28054873008622,78.5904167918014,1927.056530126296,3.1209981921825616,0.009437027301890203,,,168,3,23,230.0,530.0,831
359.3761709382494,13.627694123551304,2.8553257300804673,0,0.0,166.95597775265304,1551.4014998005177,226.86446949270928,87.08934459264115,1865.355313885868,2.604962415940363,0.007464399609323204,,,168,3,24,240.0,540.0,835
357.88098771654717,13.905867712308192,2.85129837680144,0,0.0,167.65349951342444,1394.0643813760728,214.9250390362647,84.44563863236722,1693.4350590447048,2.5451289435081135,0.00592428375731132,,,168,3,25,250.0,550.0,838
356.27868144322235,14.130831598764019,2.858883690693798,0,0.0,168.4074942596917,1221.5646275926745,205.20742285575113,91.31283299097106,1518.0848834393964,2.247301021489957,0.005663727768611374,,,168,3,26,260.0,560.0,842
354.6326044748521,14.19939340207997,2.851853415574766,0,0.0,169.18918126225125,1109.5669458348902,181.8085133044053,102.73819741921001,1394.1136565585057,1.769629192174348,0.0064816000990953115,,,168,3,27,270.0,570.0,846
352.9750073616019,14.134313309185059,2.8391345061333766,0,0.0,169.98370634930978,1033.384881894039,183.9116398871131,102.52917711345108,1319.8256988946032,1.7937493020509694,0.00842071793296058,,,168,3,28,280.0,580.0,850
351.53556429724176,14.23647423754389,2.8217916562300998,0,0.0,170.67974365537268,902.7207752967477,166.34894007060012,107.48688884922645,1176.5566042165742,1.5476207549735708,0.007533550367900396,,,168,3,29,290.0,590.0,853
350.057156286507,14.512853187972578,3.620536060339385,1,0.11695906432748537,171.40058108365747,805.4720343808727,158.7981379292858,111.22961969582964,1075.4997920059882,1.4276605311025767,0.007676447498339187,,,168,3,30,300.0,600.0,857
348.4386355377907,14.562999606711099,3.6212289908577535,1,0.11641443538998836,172.19674823773258,760.1553512256706,157.83928127893975,112.1833903510968,1030.1780228557072,1.4069754959709735,0.00862382467031627,,,168,3,31,310.0,610.0,861
346.9965328070684,14.626694324368621,3.6327057862666385,1,0.11600928074245939,172.9123905493323,750.3677201869366,147.4412509267038,112.21864225879635,1010.0276133724367,1.3138748425299762,0.009594242204142815,,,168,3,32,320.0,620.0,864
345.69355085784315,14.629016166077593,3.6259013096938726,1,0.11547344110854503,173.56412883928323,794.2139768433295,147.2577319941505,109.35970238284715,1050.8314112203273,1.3465447398405466,0.010139598065958141,,,168,3,33,330.0,630.0,868
344.38757183908046,14.350956029466364,3.6540373765312038,1,0.11507479861910241,174.2223149331178,850.0691263215109,141.1984896820709,104.0941898755347,1095.3618058791164,1.3564492874280667,0.011624453790816778,,,168,3,34,340.0,640.0,871
343.11534610983983,13.988705490631574,3.694767529383462,1,0.1145475372279496,174.86830793278622,980.4848247596773,124.89412226914206,103.21449098777896,1208.5934380165982,1.2100444528077947,0.012720360841873156,,,168,3,35,350.0,650.0,875
341.87435341752285,13.487768536498118,3.692240256787102,1,0.11428571428571428,175.50307415638005,1191.9800426482032,118.42672435714243,96.09017639140038,1406.4969433967458,1.232454021884188,0.01232375082213049,,,168,3,36,360.0,660.0,877
340.62721946022725,12.914973792235479,3.688759551640201,1,0.11376564277588168,176.1456412528588,1523.2424130904737,104.80030307494017,100.91703320601623,1728.95974937143,1.0384798259080454,0.012136493710062451,,,168,3,37,370.0,670.0,881
339.3715051670442,12.186375837505866,3.6842788132386364,1,0.11337868480725624,176.79740074366887,1893.3104413029064,100.04829708175382,93.39619805439816,2086.7549364390584,1.0712245162643685,0.012712990907188413,,,168,3,38,380.0,680.0,884
338.17224093538374,11.421461859972561,3.724321859509831,1,0.11299435028248588,177.4243794642639,2339.8628924586915,89.73447771482999,90.48818983493837,2520.08556000846,0.9916706023019883,0.01758652360211608,,,168,3,39,390.0,690.0,887
337.10574996484814,10.654803130558745,3.7212736144262326,1,0.11261261261261261,177.98569145218238,2800.1189173809353,79.32621075418912,88.86997616023726,2968.315104295362,0.8926097899605574,0.02453926782165861,,,168,3,40,400.0,700.0,890
336.01961007567263,9.928678857917216,3.540561055422251,1,0.1122334455667789,178.56100715814716,3095.834621414219,67.05454953963034,89.51287048111105,3252.40204143496,0.7491051195121728,0.032460380413058855,,,168,3,41,410.0,710.0,893
334.98276012569835,9.387906643581601,3.4223353678776753,1,0.11185682326621924,179.11369521669027,3248.8057877402593,59.42686097137841,89.93444467699693,3398.167093388635,0.6607797622458481,0.028342374627889553,,,168,3,42,420.0,720.0,896
334.0437090649387,8.923661813270922,3.4329611054231943,1,0.11160714285714286,179.6172128729893,3318.727576632486,56.75272053197346,86.79179412673523,3462.2720912911946,0.6538950035887255,0.02355414725658943,,,168,3,43,430.0,730.0,898
333.09362833704114,8.495496101757098,3.461118150534982,1,0.111358574610245,180.12953384772925,3203.077269966312,48.492619422712075,78.58554371301551,3330.1554331020393,0.6170679380905094,0.02228706988967733,,,168,3,44,440.0,740.0,900
332.14980165604214,8.095182940608488,3.472463072791112,1,0.11098779134295228,180.64138440200853,2994.6939073939834,43.78765851291629,78.53836730281341,3117.0199332097127,0.557532070205739,0.025486164304663498,,,168,3,45,450.0,750.0,903
331.2257208218232,7.765942865126693,3.4988422842163005,1,0.11061946902654868,181.14535263484535,2701.560464863178,37.69475264379079,72.74615333843956,2812.001370845408,0.5181683279997243,0.030533685495925705,,,168,3,46,460.0,760.0,906
330.3349167929989,7.455551618048995,3.4891757448658627,1,0.11037527593818984,181.63384174612824,2405.177447144935,36.72027853071103,73.51888007536812,2515.416605751014,0.4994673272099237,0.03893283060273892,,,168,3,47,470.0,770.0,908
329.52162403740374,7.195701725872017,3.5348524204042104,1,0.11013215859030837,182.08213247088588,2111.1214644308347,34.186182728316496,71.21037611816476,2216.518023277316,0.48007305384244536,0.046318416980848015,,,168,3,48,480.0,780.0,910
328.6336263020833,6.755030835059144,3.531770171920346,1,0.10976948408342481,182.57413483563425,1729.7077336263283,31.028182771356345,64.74655146441594,1825.4824678621005,0.47922525709201863,0.06838838831631208,,,168,3,49,490.0,790.0,913
327.7023565573771,6.229572292985998,3.5923701001461517,1,0.10940919037199125,183.0929769023332,1410.554252639107,30.408356260815896,66.7433992697441,1507.706008169667,0.4556009522068276,0.09455921692093418,,,168,3,50,500.0,800.0,916
326.8236266357688,5.79474553148369,3.6370051335102063,1,0.1091703056768559,183.58525856169965,1204.1458836478926,28.704635385752805,61.2951079870653,1294.1456270207107,0.4683022239198951,0.11720729681550354,,,168,3,51,510.0,810.0,918
326.0788943484766,5.611444504737612,3.676000993112806,1,0.10893246187363835,184.00454932811053,1116.3193330075014,26.71714376902544,62.73682371196923,1205.773300488496,0.4258606379514272,0.1332109983575408,,,168,3,52,520.0,820.0,920
325.38458112785014,5.55408826121019,3.71546698015336,1,0.10869565217391304,184.39718253405744,1071.334126561707,27.079242472596047,58.698966715798925,1157.112335750102,0.46132400598642265,0.1348571000034935,,,168,3,53,530.0,830.0,922
324.7409249593276,5.6021103238963565,3.7611393256156718,1,0.10857763300760044,184.7626689106547,1033.3703165391323,25.87574714585423,58.05846036456175,1117.3045240495483,0.44568434959133885,0.13495330454621193,,,168,3,54,540.0,840.0,923
324.1274282094595,5.630232333048716,3.7833698899410613,1,0.10822510822510822,185.11238105164756,968.7723816863033,25.237530312764886,55.68479153139315,1049.6947035304613,0.453221240821865,0.13460761046877287,,,168,3,55,550.0,850.0,926
323.4931830453564,5.701420856575075,3.78272137400079,1,0.10810810810810811,185.47531492058525,885.3690759114443,24.203807684432633,52.915883294077595,962.4887668899545,0.45740156220999056,0.11496467289545627,,,168,3,56,560.0,860.0,927
322.9101772966056,5.844782731616227,3.7867636188002782,1,0.10787486515641856,185.81018567552815,756.7007642788113,23.02962258698854,51.83086819517695,831.5612550609769,0.44432253189869453,0.12001052431703585,,,168,3,57,570.0,870.0,929
322.3123529905914,6.033359855096436,3.8748175599510444,1,0.10764262648008611,186.15482603532558,623.3470376653713,22.09988512237487,52.14097878534282,697.587901573089,0.4238486817318301,0.11427373837462519,,,168,3,58,580.0,880.0,931
321.6882795734979,6.188108348113985,3.7852559661185263,1,0.10741138560687433,186.5159653300066,486.0498445063094,21.641712612125694,49.96706176108361,557.6586188795187,0.433119576164095,0.10791684939854364,,,168,3,59,590.0,890.0,933
511.90451843368237,49.2053888324323,10.277820891400813,1,0.17482517482517482,117.20935807245282,75094.1083420439,108093.55091401268,9410.296908678785,192597.95616473537,11.486731180003662,0.003502630551202112,,,178,4,0,0.0,300.0,583
507.66353283898303,50.86935484192604,9.98412982692531,1,0.1697792869269949,118.18851684001174,72043.41626010335,103556.85392234694,8916.979283384922,184517.24946583522,11.613445611038397,0.00340136382349029,,,178,4,1,10.0,310.0,591
503.68887015177063,52.25697098501032,9.870879543972782,1,0.16891891891891891,119.12115505335845,60069.066796991494,91795.98591326358,7336.891002335542,159201.9437125906,12.511564623768063,0.0033840979842405684,,,178,4,2,20.0,320.0,595
498.85877504173624,52.04365341200286,9.43479996427937,1,0.16722408026755853,120.27452056943409,53621.10882774322,80887.09602620336,6035.264397169762,140543.46925111633,13.40241134491728,0.0033500868852819744,,,178,4,3,30.0,330.0,601
494.08655087809916,53.1156215115693,9.212422307540631,1,0.16556291390728478,121.43621374305162,45924.76574488546,70361.37415031139,4900.485089098314,121186.62498429517,14.358042698025601,0.0033167526259939265,,,178,4,4,40.0,340.0,607
488.9560386782787,53.96807095218481,8.92370934106223,1,0.16420361247947454,122.71041822530503,38089.92600200761,59101.25783359803,3851.5594516590045,101042.74328726465,15.34476062887748,0.0032894766503987574,,,178,4,5,50.0,350.0,613
483.5540523373984,54.05622801185727,8.548794982949339,1,0.16286644951140064,124.08126808155706,33418.88692589576,48899.59416163308,3061.208511925596,85379.68959945443,15.973950801173523,0.0032626456348163824,,,178,4,6,60.0,360.0,619
478.3329133064516,54.71271956245229,8.236311442795332,1,0.16155088852988692,125.43565021535544,28208.312868609184,39060.262413712655,2451.696314073004,69720.27159639484,15.93193340851495,0.003236248779208305,,,178,4,7,70.0,370.0,626
472.81431540464746,54.34625146756637,7.541112662185573,0,0.0,126.89971103910074,25334.166518035767,30533.876396969325,2004.9784730131569,57873.02138801825,15.229029542188485,0.0032154368539743547,,,178,4,8,80.0,380.0,632
467.7178984004739,53.37047703279116,6.959728999759786,0,0.0,128.2824544563959,25982.636067976437,24729.135515244077,1739.2312104185203,52451.00279363903,14.218429020310287,0.0031695747612790672,,,178,4,9,90.0,390.0,640
461.5177651589482,51.590913134919724,6.4836539801070545,0,0.0,130.00582974164777,25892.511315167885,18897.067767101347,1481.4380070115055,46271.017089280744,12.755895067942983,0.00314960890289622,,,178,4,10,100.0,400.0,647
455.5182658450704,49.87229384139202,6.145510285930961,0,0.0,131.71809891901685,26357.011155772387,13750.98112123833,1184.72345824551,41292.71573525623,11.60691216632322,0.0031397200046677527,,,178,4,11,110.0,410.0,655
449.3005122750391,48.0102737320466,5.689758922391592,0,0.0,133.5409116187943,25805.938630981218,10173.618390764012,900.0250398525922,36879.58206159782,11.303705941814982,0.0031397200046677527,,,178,4,12,120.0,420.0,661
444.4476308925811,46.57519631835219,5.297094435952322,0,0.0,134.99903212331768,26111.65040617164,8268.338531830463,749.8544239149049,35129.84336191701,11.02659165316703,0.003100777678248271,,,178,4,13,130.0,430.0,669
440.51290888951735,45.86288524147825,5.181055774132964,0,0.0,136.20486208055317,26017.421516156377,7330.642493922321,681.2124294763779,34029.27643955508,10.761169609833905,0.003025720916536956,,,178,4,14,140.0,440.0,677
435.9987716561103,44.40226236545989,5.103143145334608,0,0.0,137.61506660235364,24739.60819888443,6250.295958445698,567.1218072305717,31557.0259645607,11.02108202992192,0.0029895388483660483,,,178,4,15,150.0,450.0,684
431.4163185468981,42.98089676191065,4.914670766416004,0,0.0,139.07679756318157,22891.244161456012,5393.043004763254,456.88238411210125,28741.169550331368,11.80400731633376,0.002962965130657072,,,178,4,16,160.0,460.0,692
427.8008944746377,41.69814805610838,4.608538980822441,0,0.0,140.252161168768,21139.989511826163,5017.551214482598,402.7200572125831,26560.260783521346,12.459154006908557,0.0029069787913092726,,,178,4,17,170.0,470.0,699
423.8853236607143,39.53825463223423,4.45883125539096,0,0.0,141.54771739166208,18235.205949222298,4706.400613880604,355.49409049233685,23297.100653595237,13.239040365938395,0.0028653314732863936,,,178,4,18,180.0,480.0,706
420.26682650105334,38.35614793325536,4.293368007894691,0,0.0,142.76644316548172,16257.796200871673,4522.991062147425,329.61195363210965,21110.399216651207,13.722169394365103,0.0028169032711133804,,,178,4,19,190.0,490.0,714
416.24077690972223,36.8237319605898,6.889859726530737,3,0.4172461752433936,144.1473380994897,13737.768536051326,4335.855778039103,300.1373731333073,18373.761687223738,14.446237510425982,0.002785517121426312,,,178,4,20,200.0,500.0,721
412.46516120006885,35.764784384083,6.839544537890614,3,0.41379310344827586,145.46683124807387,12246.948064169876,4198.475736826988,278.1394622948996,16723.563263291766,15.09485817721011,0.0027624326959100726,,,178,4,21,210.0,510.0,727
408.5728331770123,34.02587575788492,9.087862128564325,6,0.819672131147541,146.85264199640332,10284.221906907145,4119.768998519265,252.87558161614425,14656.866487042555,16.291683729166547,0.0027359798188747488,,,178,4,22,220.0,520.0,734
404.4965365637652,31.80279418444786,10.47801775102753,9,1.2162162162162162,148.3325432393203,8304.097301131185,4051.3540540132362,246.57177503968217,12602.023130184103,16.430729159333946,0.002706361597742914,,,178,4,23,230.0,530.0,742
400.8462671290107,30.256261803039525,10.460085175579888,9,1.2048192771084338,149.68331981669485,7603.310711716463,3983.5818569743665,242.87800552064013,11829.77057421147,16.401575138247072,0.0026882219666922915,,,178,4,24,240.0,540.0,749
397.4848982509947,28.92348166188715,13.321377414216387,15,1.9920318725099602,150.9491310588423,5949.969460361549,3874.347073655749,217.9291366686876,10042.245670685987,17.778013224297887,0.0029161142943369693,,,178,4,25,250.0,550.0,755
394.0204821134868,27.046269191442164,14.60461534621914,18,2.3715415019762847,152.27634786436977,4591.382104422082,3742.3534682485383,246.06090603667235,8579.796478707292,15.209053435293725,0.003091224888429423,,,178,4,26,260.0,560.0,761
391.0214894745431,26.18903215438963,15.26761705922356,20,2.6143790849673203,153.44425208094916,3640.0624864207175,3569.4240487238703,241.89353028019218,7451.38006542478,14.756178243334183,0.0034267069192267688,,,178,4,27,270.0,570.0,767
388.40651852302204,25.727800809941538,16.245140698189246,23,2.987012987012987,154.47732501544928,2999.4629035642906,3355.595852087306,298.9768986031856,6654.0356542547825,11.223595761962166,0.0039910458188670015,,,178,4,28,280.0,580.0,772
386.0070926626933,25.565107611076566,17.807364983872567,29,3.7419354838709675,155.43755837779418,2535.593095655255,3105.1126847025344,345.85114004158476,5986.556920399375,8.978176808464992,0.004132368851457896,,,178,4,29,290.0,590.0,777
383.4125489530051,25.14818860567008,18.506971092486463,32,4.097311139564661,156.48940068300737,2254.7917464374677,2844.1564970216764,480.05299999886427,5579.0012434580085,5.924671852958746,0.004422396585943674,,,178,4,30,300.0,600.0,783
380.9252246342239,24.709508763965673,18.479032178953364,32,4.076433121019108,157.51122824069694,1622.241828568923,2554.2100947636877,594.7437941355882,4771.195717468199,4.2946393387358075,0.0044464570319632125,,,178,4,31,310.0,610.0,787
378.33535550820704,23.74997648767337,18.410017345924622,32,4.04551201011378,158.58946071641577,1409.459481842782,2197.754079734442,689.9127676036121,4297.126329180836,3.1855535698640045,0.005383662588313575,,,178,4,32,320.0,620.0,793
375.75873276942355,22.83715745496074,18.339748988157513,32,4.015056461731493,159.67692768651565,1318.9763678043985,1931.5215075500755,837.2976464770923,4087.795521831566,2.30685170999453,0.006552445209269055,,,178,4,33,330.0,630.0,799
373.29861651618927,22.354580975528307,18.28118993653061,32,3.9900249376558605,160.72923216257865,1277.2794642306615,1662.8485266808532,1019.040618628436,3959.168609539951,1.6317784554250072,0.006825190743067701,,,178,4,34,340.0,640.0,804
371.02114312267656,21.859794858410034,18.227179652364335,32,3.970223325062035,161.71585127201567,1224.118097552887,1395.823274396861,1169.8406118372175,3789.7819837869656,1.1931738907617007,0.007194882222181054,,,178,4,35,350.0,650.0,808
368.94338823891627,21.427276700287333,18.178798896069527,32,3.945745992601726,162.62657608908245,1353.263529944441,1164.611862332516,1347.9139423632457,3865.7893346402025,0.8640105467643184,0.0075290565619922,,,178,4,36,360.0,660.0,813
367.07141352634807,21.11870042188707,18.14152038338022,32,3.9263803680981595,163.4559319768257,1466.5222292236851,975.716090232223,1474.7864526350945,3917.0247720910024,0.6615982188396491,0.008108785433121752,,,178,4,37,370.0,670.0,817
365.0137265910475,20.735934887639786,18.380661617062405,33,4.024390243902439,164.37737988747625,1550.334892282016,772.4838246092282,1611.8028344300656,3934.6215513213097,0.47926694761172756,0.009289893949744206,,,178,4,38,380.0,680.0,822
362.87986626059325,20.212912541384377,18.331855104819663,33,4.0,165.34397628142995,1333.3594261206292,669.0457586761804,1526.8661960176328,3529.2713808144426,0.43818231120787354,0.011821363108340411,,,178,4,39,390.0,690.0,827
361.03221479668673,20.03748892534333,18.291671466493003,33,3.9806996381182147,166.19015572831546,1205.771312694835,602.3546841948339,1484.3537879541523,3292.479784843821,0.4058026388877576,0.012480217971678342,,,178,4,40,400.0,700.0,831
358.98917584682255,19.592893332195604,18.26058179175631,33,3.9615846338535414,167.13595851035203,995.5715703938407,515.1608938519328,1504.2002732102476,3014.9327374560207,0.34248158508340254,0.01480281613296442,,,178,4,41,410.0,710.0,835
357.26357643027416,19.514970710038003,18.209484706732603,33,3.9379474940334127,167.94323283529573,987.7445345012078,430.0021908752434,1449.277817768586,2867.024543145037,0.2967010090151702,0.015405872633031815,,,178,4,42,420.0,720.0,840
355.40156064650057,19.111527363169593,18.16280536891761,33,3.9192399049881237,168.82311909620137,826.6998107705438,396.74957416701153,1370.9235818207221,2594.3729667582775,0.2894031289768091,0.01799812042862878,,,178,4,43,430.0,730.0,844
353.75140661894926,19.100018901286635,18.74440968821957,35,4.137115839243499,169.6106329963806,876.3569303566891,338.04196906718505,1137.5089152841415,2351.9078147080154,0.2971774238646249,0.01937957411965228,,,178,4,44,440.0,740.0,848
351.9837285431338,18.761205952506046,18.70782683803506,35,4.112808460634548,170.46242520454268,858.5618219053039,301.59052536855233,1031.1511377616935,2191.30348503555,0.29247945749564025,0.021443370485189694,,,178,4,45,450.0,750.0,853
350.2301489400585,18.451446598914703,18.68266597726478,35,4.098360655737705,171.31591949346696,824.3060566849834,247.28872979411693,862.2901411625302,1933.8849276416304,0.28678134886330137,0.023468696576817164,,,178,4,46,460.0,760.0,856
348.5084711119186,18.049808396389505,18.646515987104046,35,4.074505238649593,172.16224273851824,835.0400974485937,217.50440387469882,832.991640467879,1885.5361417911715,0.26111234892168883,0.02588397419767217,,,178,4,47,470.0,770.0,861
452.0803921803216,36.77136537539417,6.083622441126414,0,0.0,132.71975745426215,11051.035270434857,22529.83115370065,2815.9522837962704,36396.81870793178,8.000785838362113,0.0030721990369701403,,,187,5,0,0.0,300.0,661
448.29984701980567,36.37887942894278,5.353021926655906,0,0.0,133.83899280552114,11709.24612091317,20638.26210260704,2658.9617305265074,35006.46995404672,7.761774780609727,0.0029985029962565574,,,187,5,1,10.0,310.0,670
444.29174587351633,37.31650586480935,5.26659023801466,0,0.0,135.04639813200842,11996.002635823146,17824.18529401678,2303.017512180981,32123.20544202091,7.739491862194784,0.002976192673046001,,,187,5,2,20.0,320.0,675
440.11635577276064,37.418800103175734,5.044395314180805,0,0.0,136.32758522380158,12143.365011493886,15282.063437211964,2015.9174102679979,29441.345858973847,7.5806991692087,0.002945510229756803,,,187,5,3,30.0,330.0,682
435.84965201965065,37.99915585485898,4.904190287655149,0,0.0,137.66214960129153,11865.567279126586,12774.180017983756,1766.016018092982,26405.763315203323,7.233331910419391,0.0029197101033347503,,,187,5,4,40.0,340.0,688
431.8946156790346,38.547659107533846,4.778655221465205,0,0.0,138.92277843211042,11258.027468057186,10621.95709590756,1544.2213086562476,23424.205872620994,6.878519961073836,0.002890175422233386,,,187,5,5,50.0,350.0,695
427.68143723252496,38.38216203172344,4.642855256468002,0,0.0,140.291335504886,10612.653194182285,8713.99592721387,1337.7660011825326,20664.415122578688,6.513841672991419,0.002861232281032235,,,187,5,6,60.0,360.0,702
423.4779714020509,38.381949166802876,4.573622430213135,0,0.0,141.68387508174746,9630.407207807684,7032.416169518605,1127.2280049671695,17790.05138229346,6.238681206047063,0.0028368813351997263,,,187,5,7,70.0,370.0,708
419.04296875,37.89921537351591,4.3130413634415365,0,0.0,143.18340713120486,8695.618726857236,5654.113283893089,942.6373759906893,15292.369386741015,5.998184909600844,0.0028050509276086096,,,187,5,8,80.0,380.0,716
415.3792362794321,36.80058685163479,4.217481512105973,0,0.0,144.44631498055205,8147.468042032891,4526.744244083048,774.6493131490439,13448.861599264985,5.843604541106841,0.002777779563902386,,,187,5,9,90.0,390.0,723
411.9663159817744,36.32392681284996,4.16754511040702,0,0.0,145.64297534134909,7362.374020557729,3557.9361914449773,611.032753347995,11531.342965350703,5.822824017125418,0.0027586224390797514,,,187,5,10,100.0,400.0,728
408.3669956514325,35.87933394732998,4.120343043886402,0,0.0,146.92666312145818,6867.977700012128,2824.9525733705273,487.1410601641586,10180.071333546814,5.799044269474153,0.0027359798188747488,,,187,5,11,110.0,410.0,734
405.21397158322054,35.739014435082055,4.178917714932449,0,0.0,148.06991912340206,6966.69442276553,2249.456201160074,378.85971457953696,9595.010338505142,5.937438356718786,0.002713705871596273,,,187,5,12,120.0,420.0,740
401.70688987097856,34.75917673237665,4.207357774444626,0,0.0,149.3626360734589,7663.064995151297,1774.2160918490983,298.64572319543385,9735.92681019583,5.940872257822527,0.0026881736618003024,,,187,5,13,130.0,430.0,747
398.35190488047806,33.62855679704134,4.124374875994448,0,0.0,150.62059265915263,8901.632824615652,1441.7065946147345,241.65215050352708,10584.991569733913,5.966040821944565,0.002663117419483662,,,187,5,14,140.0,440.0,754
395.1825063901715,32.54492334442883,4.100836018629391,0,0.0,151.8285830718448,10321.598962334649,1206.6776211433098,189.81830778157442,11718.094891259532,6.3570139005340005,0.002645504188424054,,,187,5,15,150.0,450.0,759
391.8734681372549,31.21107371521132,4.178678298620551,0,0.0,153.11064636553758,11914.248341529308,1009.8435726659685,157.1566106705437,13081.24852486582,6.425714886298743,0.0026212334798741926,,,187,5,16,160.0,460.0,766
388.8029699659533,29.99590610526994,4.169983802604041,0,0.0,154.3198088359615,13219.918919308098,895.1866596321322,130.13189872877513,14245.237477669007,6.879071683245839,0.0026007817000573675,,,187,5,17,170.0,470.0,772
385.3984425273488,27.77738883106859,4.083110068587564,0,0.0,155.68303703184338,13417.112175614058,807.7594605610254,111.24738260225523,14336.119018777339,7.260930025194591,0.0025806465934916254,,,187,5,18,180.0,480.0,778
382.6877793742018,26.368938737634938,4.084656951031958,0,0.0,156.78577481129983,13847.70078108088,757.014179397279,98.69242673581174,14703.40738721397,7.670438395680742,0.002560820861673704,,,187,5,19,190.0,490.0,784
380.2068874920685,25.643645930652347,4.088626741587516,0,0.0,157.80881928724045,14192.502591865748,723.8386234742098,90.50138288002854,15006.842598219988,7.998094619545791,0.0025445306349947613,,,187,5,20,200.0,500.0,789
377.55347079918033,24.617223997162906,4.050621325851615,0,0.0,158.91788750609535,13436.888060944522,703.7470122050379,90.0590406730456,14230.694113822607,7.814285017313839,0.0025284463533586377,,,187,5,21,210.0,510.0,794
374.688720703125,23.36188537313635,4.460745843226003,0,0.0,160.13292283633876,11914.614751110246,701.305095828099,92.967061006496,12708.886907944841,7.543586817045833,0.0025410579631271264,,,187,5,22,220.0,520.0,801
372.02608851581886,21.865352397559953,4.479801864507466,0,0.0,161.27901201597788,9997.695271839437,687.2295522060376,94.87736783712292,10779.802191882598,7.243345466600766,0.002615270638960168,,,187,5,23,230.0,530.0,807
369.6505808800863,20.906126233427592,4.57662688996596,0,0.0,162.315448976567,8460.852158297073,671.7761787825616,103.96483901203051,9236.593176091666,6.461570903840149,0.00264756661212577,,,187,5,24,240.0,540.0,812
367.36581839767155,19.558813734475258,4.5964547823300554,0,0.0,163.32493932533026,6626.49210738098,649.9586976270681,114.45143502224572,7390.902240030294,5.678903873077142,0.0036072731055892355,,,187,5,25,250.0,550.0,817
365.0648742006699,17.870189676101504,4.614035689279586,0,0.0,164.35434970667438,4586.74215005649,614.712487640707,125.4689545704467,5326.9235922676435,4.899319435195948,0.004620087328986137,,,187,5,26,260.0,560.0,822
363.0675899621212,16.56741108376866,4.629274731557779,0,0.0,165.25848535877245,3265.8023628477295,556.2773548442982,133.98665047981274,3956.0663681718406,4.15173715330775,0.006390011163866459,,,187,5,27,270.0,570.0,826
361.1422251506024,15.641756279047199,4.687173584301179,0,0.0,166.13953124694567,2332.6347166456835,503.57039527061534,139.5368226230033,2975.7419345393023,3.6088710191656563,0.008635843066363953,,,187,5,28,280.0,580.0,831
359.1607183003597,14.847452653535093,4.663249126762004,0,0.0,167.05613098207212,1689.891368440556,433.6347750526533,151.078251408702,2274.6043949019113,2.8702660443134853,0.007519277852774843,,,187,5,29,290.0,590.0,835
357.2728881108462,14.108020282775707,4.680208469571704,0,0.0,167.938855694487,1389.313600071881,396.9465115739283,172.7930125216724,1959.0531241674817,2.297237057106934,0.010903920720959545,,,187,5,30,300.0,600.0,840
355.5493569997031,13.344544379278211,4.8418831176833,0,0.0,168.75294194400723,1066.7430489169042,316.5154816449535,170.66401539454316,1553.9225459564009,1.8546117112809584,0.01490593460395086,,,187,5,31,310.0,610.0,843
354.11356752364065,12.874638131478479,4.97639382368946,0,0.0,169.43716791081266,1013.7517229360349,281.19836482196484,186.84386161333134,1481.793949371331,1.5049911856558487,0.016469081685257975,,,187,5,32,320.0,620.0,847
352.6999080882353,12.3838413133539,5.095353951451694,0,0.0,170.11629043291313,1071.4604637592429,239.0005451080124,197.5600243798765,1508.0210332471318,1.2097616704503558,0.02285591319850593,,,187,5,33,330.0,630.0,851
351.2482369211606,12.413515236460977,5.412264400702422,0,0.0,170.81936275588282,1030.0047710183076,212.4275994676736,199.55316766136394,1441.985538147345,1.0645162988750807,0.022650459661618817,,,187,5,34,340.0,640.0,854
349.8056001752336,12.793523630496008,7.911007626316998,3,0.3508771929824561,171.52384058443678,1055.445097382619,178.88646365945584,192.9832472316998,1427.3148082737746,0.9269533300197863,0.021361143979432593,,,187,5,35,350.0,650.0,857
348.41024709302326,12.763349181566356,7.913217886075393,3,0.3492433061699651,172.2107788178239,1083.4048956151346,167.98062977543967,192.00811399723202,1443.3936393878062,0.8748621413877399,0.022629401067403212,,,187,5,36,360.0,660.0,861
347.12327092989574,12.963751657805112,8.040334423974937,3,0.3480278422273782,172.8492585336276,1079.5111281318977,178.32360074951328,201.93177730948017,1459.7665061908913,0.883088353529494,0.023641071785211364,,,187,5,37,370.0,670.0,864
345.9202015372402,13.28024962046693,8.032129480865716,3,0.3468208092485549,173.45040773382144,1199.9726578033938,158.96122281394165,188.97999798057648,1547.913878597912,0.8411536909333643,0.020329291664419165,,,187,5,38,380.0,680.0,867
344.29777298850576,12.973283280395558,8.0191324541189,3,0.34522439585730724,174.26775514462324,1111.225700306207,166.79744781029336,180.20011266953523,1458.2232607860356,0.9256234379618802,0.0231376157337771,,,187,5,39,390.0,690.0,871
342.8153380649313,12.841207252356575,8.122527137934219,3,0.3436426116838488,175.0213404647479,1079.0790094107258,159.11497641816152,182.5110994233962,1420.7050852522837,0.8718098620897601,0.024818479033183887,,,187,5,40,400.0,700.0,875
341.48711115461276,13.064506572912585,8.109633078736417,3,0.34207525655644244,175.7020925244649,1082.851666636961,161.74036608686643,185.2090894955543,1429.8011222193818,0.8732852503480872,0.022809994598565208,,,187,5,41,410.0,710.0,879
340.0421662173666,13.060744334762436,8.059338907733741,3,0.3409090909090909,176.44870536922159,1016.1010181241836,175.24298202968663,196.20920575046154,1387.5532059043317,0.8931435268769208,0.022254267094228813,,,187,5,42,420.0,720.0,882
475.8640420417349,45.09383551496165,4.820620842789705,0,0.0,126.08643372708922,7020.748433007805,3168.4028744075204,848.4250681762645,11037.57637559159,3.7344522141692176,0.0032840752011898846,,,218,6,0,0.0,300.0,625
472.83964565174324,45.11761186346401,4.569440982927904,0,0.0,126.89291296058393,6204.312356308782,3147.5904166743885,825.6613445805025,10177.564117563674,3.812205133902204,0.003179652917379684,,,218,6,1,10.0,310.0,634
467.54501079277867,43.93855840581588,4.349645266508559,0,0.0,128.329890416888,4579.9089050051225,2719.7918222708863,716.196341993573,8015.897069269582,3.7975505637185916,0.00314960890289622,,,218,6,2,20.0,320.0,641
462.9742868964174,43.88065655275773,4.045868686514551,0,0.0,129.59683010089927,4168.574942594983,2677.920685776379,718.5382582811611,7565.033886652523,3.7269006276469128,0.0031250025431352776,,,218,6,3,30.0,330.0,647
458.38834032600306,44.00350816312736,3.9962471539509896,0,0.0,130.89338170628065,4220.986256821691,2844.377547726889,773.4285423093226,7838.792346857903,3.6776216445724574,0.003095977705128121,,,218,6,4,40.0,340.0,653
453.0973332216692,42.38629120895719,3.537003434380581,0,0.0,132.4218784811213,4479.444351106935,3095.2759042302205,826.3499370341158,8401.070192371271,3.745720505939159,0.0030721990369701403,,,218,6,5,50.0,350.0,660
449.1089416229385,41.520111276157266,3.220880636992626,0,0.0,133.59787445598135,5344.154794235393,3401.8119895587843,901.7975807383707,9647.764364532548,3.7722567261418694,0.0030075210639553284,,,218,6,6,60.0,360.0,668
444.3156528189911,40.12374855337444,3.123861618492138,0,0.0,135.03913179588855,6405.142829946841,3664.229764747851,935.5488974743679,11004.921492169058,3.9166630142367764,0.002976192673046001,,,218,6,7,70.0,370.0,675
439.83616087793257,39.073053422733615,3.0573417675252874,0,0.0,136.41443186535034,7772.517017613588,3853.4687999905946,955.9114411291694,12581.897258733352,4.03119853387118,0.0029411785908162623,,,218,6,8,80.0,380.0,683
435.5568109556686,38.38316141454775,3.108938104504246,0,0.0,137.75470499095664,8061.549130947564,3937.7438210768487,943.9631336369043,12943.256085661316,4.171501704632782,0.0029154539601240195,,,218,6,9,90.0,390.0,689
431.5512709384006,37.85258016232356,3.066192441949055,0,0.0,139.03330621534508,8665.771915016858,3910.12503262603,901.9851602509946,13477.882107893884,4.3350214670249825,0.002890175422233386,,,218,6,10,100.0,400.0,695
427.62571326676175,37.5895443071294,3.032065370363286,0,0.0,140.30961688819391,9679.861149034914,3770.278127474967,845.5794976519088,14295.718774161789,4.4588097724042015,0.002861232281032235,,,218,6,11,110.0,410.0,702
423.54881157309325,37.21218007450568,2.9829578715785114,0,0.0,141.66017790760722,9585.482445027745,3537.086739264166,765.0910036390791,13887.660187930991,4.623092837898192,0.00283286308430409,,,218,6,12,120.0,420.0,709
419.3501619397759,36.565197350543485,2.97246223170874,0,0.0,143.07851873112375,8472.902149648928,3192.9935488293017,673.4495971930019,12339.345295671232,4.741250959445197,0.0028089906110551153,,,218,6,13,130.0,430.0,715
415.39731601074897,35.7153382108034,2.947716516320774,0,0.0,144.44002810660294,7691.796423476847,2838.4327918377944,581.051044288295,11111.280259602936,4.88499731605245,0.0027816429618768026,,,218,6,14,140.0,440.0,722
411.37494097699175,34.66886262149746,2.9129044333953926,0,0.0,145.85234544793482,6636.9200468634235,2435.5789825096404,489.6074347239092,9562.106464096974,4.974554734617274,0.00275482267884462,,,218,6,15,150.0,450.0,729
407.449112457483,33.86608483350062,2.937880587876149,0,0.0,147.25765295724125,5525.02870817145,2059.5158959228493,406.67897593084626,7991.223580025146,5.064230063058533,0.0027285146532040625,,,218,6,16,160.0,460.0,736
403.8791012989204,32.92998046029348,2.933534038747494,0,0.0,148.55930848373507,4569.964242126634,1701.8714425793016,342.6414612936072,6614.477145999543,4.966916251623673,0.002706361597742914,,,218,6,17,170.0,470.0,742
400.34036075367646,31.76893837777637,2.908805017384264,0,0.0,149.8724732301401,3596.257603675046,1398.8939889008027,282.94348971342083,5278.095082289269,4.944075547798155,0.002680966753257824,,,218,6,18,180.0,480.0,749
396.8057998758278,30.513979063727277,2.9243940836476345,0,0.0,151.20746727687893,2782.463651290106,1135.9570918960683,249.24762590301995,4167.668369089194,4.557544280634629,0.0026560440581162963,,,218,6,19,190.0,490.0,756
393.191360113189,29.376196724371056,2.896022321369832,0,0.0,152.59745275869656,2185.1004446422776,923.1980237357969,213.8857470946322,3322.184215472707,4.31631390252168,0.002631580466055932,,,218,6,20,200.0,500.0,763
390.00193277994794,28.597840655514602,2.9490929427068076,0,0.0,153.84539141208307,2028.1813726967587,755.2506118573529,198.04492096947692,2981.4769055235884,3.8135318399493494,0.002610967540720402,,,218,6,21,210.0,510.0,769
386.7767885981912,27.97854811576864,2.912317710337062,0,0.0,155.12823356711792,2014.1070533813436,615.0539650129776,181.8798266818236,2811.0408450761447,3.3816502700375835,0.0025906750240925064,,,218,6,22,220.0,520.0,775
383.73279449423814,27.37904951571187,2.933701593673325,0,0.0,156.358801908188,2106.7100419088047,514.7059119153613,162.56354729805787,2783.979501122224,3.166182828009133,0.0025673955052458097,,,218,6,23,230.0,530.0,782
380.44120274777634,25.69085261861623,2.899976990693755,0,0.0,157.7116242053798,2126.8266722962862,430.44302805639836,152.77075184386652,2710.040452196551,2.81757484898887,0.0025477720787986644,,,218,6,24,240.0,540.0,788
377.6538363020177,24.932504012525264,2.941633843124115,0,0.0,158.8756533960289,2333.9591324738526,371.450297217162,136.83517723519742,2842.2446069262123,2.7145819132363846,0.0025284463533586377,,,218,6,25,250.0,550.0,794
374.88572140957444,24.162712554459443,2.9966872335980614,0,0.0,160.04877372869615,2447.691067228522,325.3654477296662,133.91072099640473,2906.967235954593,2.4297191838613257,0.002509411605425807,,,218,6,26,260.0,560.0,800
372.41908482142856,23.73460741390416,3.010952808711021,0,0.0,161.10882187675594,2681.573708416881,295.22924741340915,131.7340457039736,3108.5370015342637,2.2411005889611415,0.002490661312451919,,,218,6,27,270.0,570.0,806
369.89535108024694,23.103416704613817,3.0242776625165027,0,0.0,162.20804025996884,2722.44940455663,273.9457239046092,128.87036591454293,3125.265494375782,2.1257464581598944,0.002475248788542877,,,218,6,28,280.0,580.0,811
367.4771178002451,22.51693032429597,3.036577346205131,0,0.0,163.27547238632442,2762.6445555828464,259.36916525589214,131.37099165331168,3153.3847124920503,1.9743260060057088,0.002457003693052103,,,218,6,29,290.0,590.0,817
365.02681086327647,21.87473312320236,3.131403990459176,0,0.0,164.37148783154302,2663.680076077416,246.02384512301197,137.17714907824927,3046.8810702786773,1.7934754204774574,0.0024420036555517443,,,218,6,30,300.0,600.0,822
362.5174977300242,20.828314200449388,3.2230597629609505,0,0.0,165.5092523138938,2349.751564727086,233.43932234800062,139.54498972494014,2722.7358768000267,1.672860650949471,0.0024271856576111883,,,218,6,31,310.0,610.0,827
360.2393341982551,20.109089019051073,3.2677197828835713,0,0.0,166.5559374118192,2163.56944171695,217.73961624398825,154.81209470516984,2536.121152666108,1.4064767785660417,0.0024418259752501184,,,218,6,32,320.0,620.0,832
358.0550052332536,19.28419035233872,3.283108896343568,0,0.0,167.5720186090213,1993.3353070762262,201.26343452567193,164.45458147568826,2359.0533230775864,1.2238238224784588,0.0023980826840127437,,,218,6,33,330.0,630.0,837
355.9784877894893,18.754296629680493,3.3709067727143602,0,0.0,168.54951087797608,1924.7796821436652,185.49841691554923,166.23628036389317,2276.5143794231076,1.1158720377374363,0.0023867239244892485,,,218,6,34,340.0,640.0,843
353.99814141824083,18.189251317316973,3.3948451731754457,0,0.0,169.49241529805477,1836.4001764460368,167.99961543209713,180.46099558906843,2184.860787467202,0.9309469610521967,0.002952959734937552,,,218,6,35,350.0,650.0,848
351.9480757931845,17.25926516595673,3.4671002676378975,0,0.0,170.47969324673292,1659.788987275078,149.5397320547192,183.69882081113818,1993.0275401409353,0.814048404853191,0.0034352355773118967,,,218,6,36,360.0,660.0,852
349.9795788916472,16.529878336172263,3.514466767257508,0,0.0,171.4385741877124,1509.3945176946993,127.63832860185964,191.47907144620882,1828.5119177427678,0.6665915373300543,0.005763640523486227,,,218,6,37,370.0,670.0,857
348.1564543968023,15.86667202378184,3.5987015671754827,0,0.0,172.33631386772038,1384.374056288932,112.30063989431603,195.72640772359398,1692.4011039068419,0.5737633526330677,0.006394322107426722,,,218,6,38,380.0,680.0,861
346.3692196531792,15.211481651557548,3.7576894454329555,0,0.0,173.22555410691004,1248.2479626404422,102.50328371716412,199.7116387471848,1550.462885104791,0.5132564349287783,0.006373337658957983,,,218,6,39,390.0,690.0,866
344.61206896551727,14.502368912085052,3.784422107505956,0,0.0,174.10881801125703,1063.5616862409388,86.23654449059856,206.04536949244076,1355.8436002239782,0.41853182482590245,0.00906830441462483,,,218,6,40,400.0,700.0,871
342.9041672625858,13.886085645785414,3.80287728497904,0,0.0,174.9760012512586,879.6138273668565,78.6217867914416,210.48792490085845,1168.7235390591566,0.3735216014337787,0.012123886670621902,,,218,6,41,410.0,710.0,875
341.3224969746583,13.565219517986334,3.831875235102775,0,0.0,175.78683072992618,748.1760165864572,69.08203993842272,216.257349298891,1033.515405823771,0.3194436635905672,0.012941378640970705,,,218,6,42,420.0,720.0,879
339.8288026147959,13.305894001726692,3.873481960724152,0,0.0,176.55948977347703,641.8627769559646,58.2488060358926,221.07344514602218,921.1850281378794,0.2634816949517317,0.013192822099839773,,,218,6,43,430.0,730.0,883
338.3689863148984,12.8688303091331,3.929354341733835,0,0.0,177.3212156747777,544.8547604201844,51.18794933140724,230.9013213900418,826.9440311416336,0.221687554766912,0.014287541105864016,,,218,6,44,440.0,740.0,887
336.9761274957818,12.343869820134246,3.973409323480876,0,0.0,178.0541560789082,445.910666109894,44.50402129563044,236.22599332579145,726.6406807313159,0.1883959536758203,0.016696768612746583,,,218,6,45,450.0,750.0,890
335.7661636420964,11.940864971163094,3.980519246641739,0,0.0,178.69579039523433,419.12412824078405,36.93066251430028,242.58001635481702,698.6348071099014,0.15224115765695442,0.01886331356810729,,,218,6,46,460.0,760.0,893
334.5652988978795,11.338384343352862,4.062662354992664,0,0.0,179.337188278794,381.59570997106744,31.5105611603562,248.66392849826167,661.7701996296853,0.12671946973031306,0.02430450399742127,,,218,6,47,470.0,770.0,897
333.32337579949944,10.652734057543627,4.098004618458564,0,0.0,180.00537722890212,354.3484269275249,25.538057321292644,248.7271989817246,628.6136832305422,0.10267496850301873,0.03044202628985692,,,218,6,48,480.0,780.0,900
332.15669988925805,10.092981462335764,4.1411937167773685,0,0.0,180.63763284017503,374.5228048939676,22.414927246958573,250.59876678545825,647.5364989263844,0.0894454810551736,0.037049999762517105,,,218,6,49,490.0,790.0,904
331.1280645718232,9.684804671979045,4.228171871166456,0,0.0,181.19877600101674,445.3906472388831,20.861994835374603,246.85430903440823,713.106951108666,0.08451136590233357,0.04144990417091177,,,218,6,50,500.0,800.0,906
330.1453443350771,9.229687978269624,4.264726726720144,0,0.0,181.7381375492114,541.4865104406776,19.75828626463162,243.27353885496436,804.5183355602736,0.08121839455959566,0.048251560301254076,,,218,6,51,510.0,810.0,909
535.7117583786232,47.53140383598838,29.431382656824766,57,10.344827586206897,112.00052838413525,41957.54553063973,8940.10686775085,13313.04221150468,64210.69460989526,0.6715299723173049,0.0036363676433838745,,,278,7,0,0.0,300.0,558
531.2820895315275,46.05647034768964,29.660060081254386,60,10.676156583629894,112.93435480369128,41238.253322826706,7740.916332698003,13183.323751719117,62162.49340724383,0.58717486413004,0.003565066164496146,,,278,7,1,10.0,310.0,564
526.7996896968366,44.92797424571767,29.393726423716735,57,10.035211267605634,113.89528348911686,39953.538396629716,6331.742346790864,12752.905396865754,59038.186140286336,0.49649410465688854,0.0035273405179684107,,,278,7,2,20.0,320.0,570
522.2956206369983,44.15984089354992,29.73384476013229,61,10.664335664335665,114.87747097481547,36769.86131044942,5141.110548598751,12167.507189770078,54078.47904881825,0.42252784143996047,0.003502630551202112,,,278,7,3,30.0,330.0,574
517.7063093696028,43.34370277078245,29.38003090296849,59,10.207612456747405,115.89582532432415,32602.597067672195,4256.209388060232,11534.609608300563,48393.41606403299,0.368994663243511,0.003466207976486284,,,278,7,4,40.0,340.0,580
512.9745692422945,43.528632923709566,29.28060141801171,59,10.120068610634648,116.96486258300274,28901.081078407628,3656.4988415355433,10951.297754265006,43508.877674208175,0.3338872637365295,0.0034364294985810982,,,278,7,5,50.0,350.0,585
508.0736351337012,42.833560444750894,29.050717594297492,57,9.693877551020408,118.09311849887824,24633.110424170154,3302.073206622495,10444.895793678517,38380.079424471165,0.31614228345111717,0.003407158321614309,,,278,7,6,60.0,360.0,591
503.459139175801,42.097111806719724,29.26172433146144,58,9.797297297297296,119.17551064466589,20543.778443458912,3097.222099887592,9774.023105465234,33415.02364881174,0.31688303439304866,0.0033840979842405684,,,278,7,7,70.0,370.0,595
498.72345836811354,41.636700336726435,29.387023426098423,58,9.698996655518394,120.30715418185383,17256.893227937362,3015.795233801597,9058.6436358717,29331.33209761066,0.3329190721069128,0.0033500868852819744,,,278,7,8,80.0,380.0,601
493.7683709777228,40.322298170839176,29.52197816122474,60,9.917355371900827,121.51446614774562,14683.719946096851,3032.2760503074883,8536.953969991444,26252.949966395783,0.35519414312954617,0.0033112613036560315,,,278,7,9,90.0,390.0,607
489.27775862949346,39.75302641220519,29.402883713321927,60,9.819967266775777,122.62973115325096,13391.61059939004,3025.0255130100763,7990.27507988431,24406.911192284424,0.37858840687796136,0.003278691461698347,,,278,7,10,100.0,400.0,613
484.8142157111021,38.55257881183514,29.043147549370225,55,8.928571428571429,123.75874728012026,12575.166573007751,3050.0228650070094,7594.047287682158,23219.23672569692,0.40163337802152826,0.0032520353863773432,,,278,7,11,110.0,410.0,618
480.98132774879616,38.19052064261736,29.40507963528979,58,9.32475884244373,124.74496729597873,11549.065921472918,3041.7556178027344,7148.468798813795,21739.29033808945,0.42551149111925596,0.003220614700042172,,,278,7,12,120.0,420.0,624
477.37578373805735,37.79852859786548,29.384704061904806,57,9.090909090909092,125.68714636124656,11056.743029584877,2970.1336634674994,7065.845709419501,21092.722402471878,0.4203507670013237,0.0031948908965191767,,,278,7,13,130.0,430.0,629
473.79892083662975,37.15391355421513,29.365458468371628,54,8.55784469096672,126.63599970648426,10367.305340312278,2834.281614535311,6718.492291715219,19920.079246562807,0.4218627470973437,0.003174605840772654,,,278,7,14,140.0,440.0,633
470.56668220172685,36.7951829783898,29.033831552788694,52,8.176100628930818,127.50583980843473,10268.490590635141,2707.8215668139933,6860.141051199909,19836.453208649044,0.3947180599647244,0.00314960890289622,,,278,7,15,150.0,450.0,638
467.43522084633383,36.467678200690685,28.999953851580898,51,7.96875,128.36003220160552,9948.667519609908,2613.718211066299,6721.660878275711,19284.046608951918,0.3888500563177458,0.0031298930089277044,,,278,7,16,160.0,460.0,642
464.1805959302326,36.4716774958673,28.68367601057929,49,7.608695652173913,129.26003483570463,9790.9158257231,2379.07292917053,6830.368465627596,19000.357220521226,0.348308139032721,0.003110422414392391,,,278,7,17,170.0,470.0,646
461.22220552884613,36.75123642376559,28.714273278028127,48,7.395993836671803,130.08913985657492,10199.196712042343,2108.882576595007,6879.454545086843,19187.533833724192,0.30654793381855033,0.0030864222031893912,,,278,7,18,180.0,480.0,651
458.26016580657495,36.64222564485278,28.477496998751064,48,7.3506891271056665,130.9299923426579,10997.80345190635,1988.5422971756714,6803.682941036164,19790.028690118183,0.2922743923268163,0.0030674870678618345,,,278,7,19,190.0,490.0,655
455.0276643237082,36.197127140131414,28.75908443599048,52,7.91476407914764,131.86011467934793,12205.069282836974,1742.206191849016,6745.956174351957,20693.231649037945,0.2582593403842235,0.003048782849358593,,,278,7,20,200.0,500.0,659
451.3880718185241,35.8764156583117,28.619360398137268,50,7.541478129713424,132.92331753091247,12491.092090021697,1541.4224457454657,6697.794793121704,20730.309328888867,0.23013879841891072,0.0030211503341762112,,,278,7,21,210.0,510.0,665
447.78164120889386,35.23993587770508,28.649106545595334,51,7.634730538922156,133.99388112030593,12610.339087563436,1313.6526295396554,6499.327181224823,20423.318898327914,0.20212132624043286,0.0029985029962565574,,,278,7,22,220.0,520.0,670
444.1323662370178,34.746476386019204,28.75071460795169,49,7.280832095096582,135.09486036417377,11765.285036581865,1042.514076124932,6416.938885475232,19224.737998182027,0.16246283387312085,0.002976192673046001,,,278,7,23,230.0,530.0,675
440.91581139543445,34.53102143790969,28.531740120477217,46,6.784660766961652,136.08040004305747,11572.93970950439,909.0443384952766,6211.76282437966,18693.746872379324,0.14634240942482518,0.00295421189743152,,,278,7,24,240.0,540.0,680
437.61707328216374,33.97630770934007,28.629492107332403,46,6.734992679355783,137.10616807062647,10642.757148377843,783.2821466649331,5837.713807184787,17263.75310222756,0.1341761813847239,0.0029325534212776413,,,278,7,25,250.0,550.0,685
433.9985280797101,32.89977769478807,28.542946855849397,45,6.531204644412192,138.2493168017845,8283.85417864917,611.9045005666883,5870.3620224562965,14766.120701672155,0.10423624611666678,0.0029069787913092726,,,278,7,26,260.0,560.0,691
430.3062702047414,31.834770993016477,28.484027048082197,44,6.330935251798561,139.43556985923485,6173.3231803169265,517.8697077808978,5683.164082193714,12374.356970291537,0.0911234833784702,0.0028818463748889263,,,278,7,27,270.0,570.0,697
427.20018696581195,31.586794159548088,28.47874270269468,41,5.848787446504993,140.44937673400804,5388.844286049216,496.9162351526599,5300.843703863682,11186.60422506556,0.09374285734749495,0.00285714480077978,,,278,7,28,280.0,580.0,703
423.98144669377655,31.216234608762992,28.574574351180807,40,5.665722379603399,141.51562637441398,4186.163846982794,418.16066088292763,5290.961405290052,9895.285913155774,0.07903302043837228,0.0028368813351997263,,,278,7,29,290.0,590.0,708
420.84083128511236,31.10761484810238,28.734591296073507,38,5.344585091420535,142.57171723755826,3576.9087196423134,414.4568669879095,4881.690623688718,8873.05621031894,0.08490027306866414,0.0028169032711133804,,,278,7,30,300.0,600.0,713
417.6504831128134,30.662824479137925,28.493859953669478,35,4.881450488145049,143.66079395577555,2920.486513166228,411.6033623093764,5065.971673634629,8398.061549110233,0.0812486505701418,0.002793297905612711,,,278,7,31,310.0,610.0,719
414.4229624740305,29.926000404056516,28.516136627103954,34,4.715672676837725,144.77962234961788,2567.404082182895,414.3694579405807,4865.014610302711,7846.788150426186,0.08517332241162535,0.002777779563902386,,,278,7,32,320.0,620.0,723
411.3501244848901,29.597579229553585,28.282171326555954,30,4.126547455295736,145.8611446274254,2505.1336239471725,447.6780368165789,4681.872147966574,7634.683808730325,0.09561944937155407,0.00275482267884462,,,278,7,33,330.0,630.0,729
408.24902609843326,29.44900691039203,28.17169471946495,30,4.092769440654843,146.9691197390226,2485.8810139985603,463.1520830220751,4535.698662672333,7484.731759692968,0.10211262199442415,0.0027322421368729507,,,278,7,34,340.0,640.0,735
405.65401936738834,29.489059759501757,28.161074170110687,29,3.9295392953929538,147.90929495427937,2239.2134141109723,468.18441316674927,4507.4113971790475,7214.809224456769,0.10386990933637905,0.002713705871596273,,,278,7,35,350.0,650.0,740
402.88000504710635,29.504676616579573,28.71770488204049,34,4.5822102425876015,148.9277185473242,2017.5379491066067,519.9533155212785,4016.8639653424198,6554.355229970305,0.12944260000026034,0.002699056969165058,,,278,7,36,360.0,660.0,744
400.3246939756016,29.13022723615878,28.362425114959283,32,4.28380187416332,149.87833851602667,1925.706819246428,637.9953479257894,3741.9800243490154,6305.682191521233,0.1704967273407025,0.002680966753257824,,,278,7,37,370.0,670.0,749
397.8817801709827,29.046304052848274,28.05492857258864,31,4.122340425531915,150.79856125660254,1838.0483026698735,783.8310443767799,3520.5295613252692,6142.408908371923,0.22264577834753765,0.002663117419483662,,,278,7,38,380.0,680.0,754
395.42986786774406,29.04717492176957,28.04127275246124,30,3.963011889035667,151.73360657740622,1695.2332553245087,806.3473982057301,3173.7158998949844,5675.2965534252235,0.2540704409718625,0.002645504188424054,,,278,7,39,390.0,690.0,759
392.92625737221493,29.29965237671162,28.140764332312006,32,4.199475065616798,152.70040847171643,1581.5682133073974,868.8257850261269,3229.5770903282123,5679.971088661737,0.2690215346238509,0.002628122406269469,,,278,7,40,400.0,700.0,764
390.2912139892578,29.351350754397757,28.163706551405866,30,3.911342894393742,153.73136224801465,1698.8000188807043,1058.55518302261,2887.3792571890367,5644.734459092351,0.3666145278238059,0.002610967540720402,,,278,7,41,410.0,710.0,769
387.61182399611397,29.146688343605614,28.283994054316743,31,4.020752269779507,154.79403951464994,1471.0461918308267,1048.5369966723035,2371.784811385021,4891.367999888151,0.44208774406477575,0.002597404057685506,,,278,7,42,420.0,720.0,773
385.0850789283419,28.769919999802177,28.056546060200148,30,3.861003861003861,155.80972435227756,1890.786136562247,1268.2266496494035,2365.381879344007,5524.394665555657,0.5361614801924168,0.0025773210143004033,,,278,7,43,430.0,730.0,779
382.4139030612245,28.669514534302422,28.448045863195407,34,4.342273307790549,156.89806128830517,1655.3358702265627,1246.3965686377246,2095.87135659106,4997.603795455347,0.5946913510307197,0.0025575461511171205,,,278,7,44,440.0,740.0,785
450.9498596191406,46.34442151634304,3.7722830263120115,0,0.0,133.05248625794957,22337.532678268974,2937.7911791408887,702.6116824075484,25977.93553981741,4.1812444237681055,0.0031347988053715033,,,313,8,0,0.0,300.0,659
446.72531987252665,46.072654666639195,3.629411315263307,0,0.0,134.31072144538626,22691.170141203183,2836.632385220298,658.622134311929,26186.42466073541,4.3069193053825385,0.003053437486890343,,,313,8,1,10.0,310.0,668
442.3574566487389,45.75703159693371,3.637929884643358,0,0.0,135.6369133111369,22548.313163792303,2704.443201297149,621.8023967227322,25874.558761812183,4.349361172538366,0.002976192673046001,,,313,8,2,20.0,320.0,677
437.4771897810219,45.34704889815618,3.645844806089013,0,0.0,137.1500078210543,21776.271826625383,2433.5956696186004,569.1062436604008,24778.973739904384,4.276171095867971,0.002928259779088334,,,313,8,3,30.0,330.0,686
431.8156159682081,44.061709575183556,3.6681460849805028,0,0.0,138.94819404682536,19143.51154776663,2125.678431541374,519.1989829875403,21788.388962295547,4.094149836946784,0.002898552754011304,,,313,8,4,40.0,340.0,694
426.43020499465814,42.14272465096863,3.537044434137231,0,0.0,140.70297858180945,15566.97050666765,1907.3797322571022,465.9702445811802,17940.320483505933,4.093350926240963,0.00285714480077978,,,313,8,5,50.0,350.0,703
421.8474911971831,41.12650894998749,3.5473547721494727,0,0.0,142.23149657645908,12859.900011821304,1708.568281732788,429.6371477531722,14998.105441307263,3.9767703762766002,0.002824860635554739,,,313,8,6,60.0,360.0,711
417.5539149547354,40.613496880628304,3.5321723352216545,0,0.0,143.69401854729168,10979.345588212613,1541.162628732629,422.62824212621666,12943.136459071458,3.6466153349788804,0.002793297905612711,,,313,8,7,70.0,370.0,719
413.1505926724138,39.6375752005842,3.5292668106716087,0,0.0,145.22549662072944,8103.893371442601,1390.5070936716932,392.30601585548,9886.706480969775,3.5444449931247966,0.002766253492890185,,,313,8,8,80.0,380.0,726
408.9258878325375,38.53619906651931,3.5657193830022225,0,0.0,146.72585371892885,6097.789923080266,1278.3209261964969,377.69690427627984,7753.807753553043,3.384515233573171,0.0027359798188747488,,,313,8,9,90.0,390.0,734
404.8828125,37.6446478626104,3.6322658271309893,0,0.0,148.19102749638205,5043.348156413364,1163.875514032701,372.8294679751832,6580.053138421249,3.1217369172926333,0.0027100287588651298,,,313,8,10,100.0,400.0,741
400.86648678045515,36.85956428619807,3.59941393047828,0,0.0,149.6757698102624,4737.88007670888,1069.3980202087378,351.58896213927414,6158.867059056892,3.0416143149144697,0.002684565370668987,,,313,8,11,110.0,410.0,748
396.6305360099338,35.278424395486425,3.522707154835309,0,0.0,151.2742831240237,5077.850335447211,988.9827627103027,320.1249210256251,6386.958019183139,3.089365112662183,0.0026560440581162963,,,313,8,12,120.0,420.0,756
392.5134901294233,33.504976329572635,3.5796950168307573,0,0.0,152.86098824327343,6204.4033227071695,926.102274848064,291.6270753807482,7422.132672935982,3.1756388656264005,0.002628122406269469,,,313,8,13,130.0,430.0,764
388.7466054636835,32.45200488150434,3.696424221345235,0,0.0,154.342183717422,7292.076699031836,880.0634532204602,270.2604019520253,8442.400554204321,3.256353675432936,0.0026007817000573675,,,313,8,14,140.0,440.0,772
385.04428422236504,31.225121470917788,3.7674159790880024,0,0.0,155.82623209477302,8459.484297414054,853.4461539233067,253.03007075837402,9565.960522095735,3.3729040637952,0.0025773210143004033,,,313,8,15,150.0,450.0,779
381.801683075574,30.5748728387759,3.843066896145982,0,0.0,157.14964773511377,9111.662754052832,839.025442853395,246.60684899133628,10197.295045897563,3.402279564761283,0.0025575461511171205,,,313,8,16,160.0,460.0,785
378.80069235935525,30.135371291178526,3.8855280695401473,0,0.0,158.39464185318872,9834.998629030657,848.2775959916952,255.62663520108097,10938.902860223432,3.3184241357494817,0.0025348556031880663,,,313,8,17,170.0,470.0,792
375.8963054814931,29.462710941811753,3.928461615388128,0,0.0,159.61848819754906,10115.858250829571,855.9017491343677,273.7209730745113,11245.48097303845,3.126913292469472,0.002515724597247247,,,313,8,18,180.0,480.0,798
372.9509192319652,28.78337326096792,3.985930762631098,0,0.0,160.8790779321867,9893.012167424378,874.3858102002564,335.0023407103238,11102.400318334958,2.6100886589217507,0.002493766878402462,,,313,8,19,190.0,490.0,805
370.0097535537701,27.724504905424784,4.071579930755343,0,0.0,162.15788752520209,8990.545176519216,872.5371026996227,403.4955816893966,10266.577860908234,2.162445246727102,0.00247831601446709,,,313,8,20,200.0,500.0,810
367.30418485753677,27.101642256158765,4.121647967959846,0,0.0,163.35234520475638,8267.294296333454,872.0114515732699,482.76170249765664,9622.06745040438,1.806297904456294,0.002457003693052103,,,313,8,21,210.0,510.0,817
364.2613722660996,26.120406735526796,4.197936584584226,0,0.0,164.71688893811364,6779.746833764515,838.1483482356014,612.9757048740071,8230.870886874123,1.3673435041081716,0.0024360547978811158,,,313,8,22,220.0,520.0,824
361.3027979870326,24.855335030888767,4.203609121003124,0,0.0,166.06569429931025,5276.348754611115,808.3741730882226,735.6765923843878,6820.399520083725,1.098817308388481,0.002418380864281638,,,313,8,23,230.0,530.0,830
358.61187780688624,23.754663089685685,4.300733372078542,0,0.0,167.3118034096746,4151.310824473022,739.3627313946714,863.9664214784943,5754.639977346188,0.855777161026015,0.0024009615375381503,,,313,8,24,240.0,540.0,836
356.1521115115933,22.949885116903566,4.371867193542738,0,0.0,168.46734319598974,3513.6540047210456,676.3873865471005,1039.0491019692713,5229.090493237418,0.6509676831106138,0.0023837913552762504,,,313,8,25,250.0,550.0,842
353.7750424291618,21.98629183513251,4.368868689190964,0,0.0,169.59930126222545,2969.8697628848377,589.021617064682,1160.325922681446,4719.217302630966,0.507634627091229,0.002366865010266168,,,313,8,26,260.0,560.0,848
351.3020451714537,20.22638812749972,4.431689335964077,0,0.0,170.79319868666542,2337.5011405678997,489.754372248661,1296.1723117601234,4123.4278245766845,0.3778466549587101,0.002925544675107203,,,313,8,27,270.0,570.0,854
348.9867879516317,18.74563110806872,4.477471110609647,0,0.0,171.92627936481017,1970.3142196356218,404.2703443571339,1420.357917500195,3794.9424814929507,0.28462568439696,0.004170651288184508,,,313,8,28,280.0,580.0,859
346.8577067057292,17.666826572066164,4.521662212051668,0,0.0,172.98159689126769,1751.9229907236095,325.11725941473185,1537.4777762577546,3614.518026396096,0.21146143666939526,0.004233363325424335,,,313,8,29,290.0,590.0,865
344.8085982451093,16.59507114266241,4.528528302650349,0,0.0,174.00958185314346,1538.1111043094586,250.75100067640037,1618.7935653072636,3407.6556702931225,0.1548999242709525,0.006419418080879417,,,313,8,30,300.0,600.0,870
343.0069633152174,15.804505765096172,4.5984847548277905,0,0.0,174.92356254255122,1517.611798285384,187.71640052478588,1687.6979381823405,3393.0261369925106,0.11122630198088493,0.007527550792294913,,,313,8,31,310.0,610.0,875
341.316935684795,15.023539812543968,4.574129159233793,0,0.0,175.7896949344752,1425.2511194741123,142.1634793512578,1706.7804528023685,3274.1950516277384,0.08329336038377935,0.011993595990891424,,,313,8,32,320.0,620.0,879
339.77122750141723,14.462826319758697,4.593375346204155,0,0.0,176.58940823572158,1438.3652583673188,109.0769327387215,1725.6096089487194,3273.05180005476,0.06321066605857256,0.01632887656322164,,,313,8,33,330.0,630.0,883
338.35575973476296,14.20512703938229,4.635643629906901,0,0.0,177.3281472939429,1544.499070843277,85.14325767391219,1761.0042253885151,3390.6465539057044,0.0483492637021514,0.01672094637714908,,,313,8,34,340.0,640.0,887
498.38536149364404,57.763374971839156,5.52467472019833,0,0.0,120.38876868329767,15743.105836511726,11616.328412148136,3031.1973201697683,30390.63156882963,3.832257416847261,0.00340136382349029,,,327,9,0,0.0,300.0,599
492.0375679905583,59.089243987902655,5.2255504865732405,0,0.0,121.94190830800818,15456.90016375858,10899.69112846093,2814.995194274698,29171.586486494212,3.872010563509792,0.003294895896852538,,,327,9,1,10.0,310.0,610
484.59148715614884,59.629352980587065,5.221600896305971,0,0.0,123.81562943276866,14737.037072244735,9433.223212857583,2440.9973891772806,26611.2576742796,3.8644954126874254,0.003246756098869981,,,327,9,2,20.0,320.0,619
478.29254442891374,61.04996175261246,5.16194347125098,0,0.0,125.44623724302586,13328.11070654389,8100.54457535859,2123.1848934963373,23551.84017539882,3.8152798657205427,0.0032051309489483358,,,327,9,3,30.0,330.0,627
471.90652682086613,61.70780993779019,5.035870341148406,0,0.0,127.14382317237109,12057.446793182446,6941.341861294754,1818.57060426918,20817.35925874638,3.816921842352245,0.0031595602903684815,,,327,9,4,40.0,340.0,636
465.405691096423,61.93738568963096,5.01418179169011,0,0.0,128.91978148924088,11080.079070033076,5846.610402213711,1551.7254301710045,18478.414902417793,3.7678124547906635,0.003120127336243634,,,327,9,5,50.0,350.0,644
459.03679783358893,60.85918578788888,4.641246982975873,0,0.0,130.7084754058243,11335.387564813083,4836.211339277415,1270.0085979849332,17441.607502075432,3.8080146441140785,0.0030769255044791975,,,327,9,6,60.0,360.0,654
451.0640337423313,58.35701977513392,4.298219762011634,0,0.0,133.018807778132,13081.511649516857,3532.4538132459847,961.7930134988823,17575.758476261723,3.672779655983735,0.0030769255044791975,,,327,9,7,70.0,370.0,662
445.53690470621257,57.825347848733884,4.248289624514625,0,0.0,134.66897885723753,15517.522295146766,3080.035156455275,807.4169864484347,19404.974438050478,3.8146771843423184,0.0030030052597695457,,,327,9,8,80.0,380.0,673
440.2975643382353,57.342923098025395,4.164421439187055,0,0.0,136.271478335747,18422.148243354754,2575.652688810012,628.0642234657738,21625.86515563054,4.100938395435242,0.0029498546464211237,,,327,9,9,90.0,390.0,681
434.8927623820755,56.5151379407836,4.300312497970044,0,0.0,137.96504607562758,22428.753851149017,2053.4068680641412,479.85283814343416,24962.01355735659,4.279242936248616,0.0029112102074584415,,,327,9,10,100.0,400.0,690
429.40307792324245,54.7938807878689,4.402630626865402,0,0.0,139.72885404124943,27903.317835893045,1594.1725051708672,355.720187413623,29853.210528477535,4.481535098589164,0.002877699827615169,,,327,9,11,110.0,410.0,698
424.2684127938034,53.13500804555315,4.316364267713032,0,0.0,141.41990822484422,34422.56231074303,1187.008979081582,259.8287865205649,35869.40007634518,4.568427520973057,0.00285714480077978,,,327,9,12,120.0,420.0,706
412.0259018059758,45.5544610863098,4.332149099266783,0,0.0,145.62191293559542,36945.46410854491,610.9063368414282,123.01547295093604,37679.38591833728,4.966093469275076,0.003034903695154047,,,327,9,13,130.0,430.0,715
407.6967324276706,43.98507799390086,4.265674439356086,0,0.0,147.16821408580847,40359.568716097,568.9910829524489,100.90545692247629,41029.465255971925,5.638853440697402,0.002976192673046001,,,327,9,14,140.0,440.0,723
403.33953056669094,42.27990170958353,4.307739859037266,0,0.0,148.75804490499644,41544.66636399885,332.2624270149466,92.53869569338741,41969.46748670718,3.5905242074715047,0.0029239786914352006,,,327,9,15,150.0,450.0,732
401.02243758790434,42.12349492921986,4.473182670236321,0,0.0,149.61756344829948,44152.08115233829,374.2594369206209,91.41310650614412,44617.75369576505,4.094155107784964,0.0028208763416413406,,,327,9,16,160.0,460.0,740
397.46968082816807,40.71138044005612,4.536441908413378,0,0.0,150.95491025877487,43505.075929196064,401.11938307152775,86.49648948381505,43992.6918017514,4.637406505920497,0.0027624326959100726,,,327,9,17,170.0,470.0,748
395.728994205298,40.86359598686971,4.5063992821584575,0,0.0,151.6189131415348,45634.265932402,498.36669527545524,88.27540678577917,46220.90803446324,5.645589337071628,0.0026560440581162963,,,327,9,18,180.0,480.0,758
391.84698134816756,38.54142967252941,4.576252619326589,0,0.0,153.12099583762836,41113.298460203994,464.93900730276204,81.23117518365878,41659.468642690415,5.723652357011493,0.002624673422771217,,,327,9,19,190.0,490.0,765
387.84015240446894,36.154505684820634,4.610864591928422,0,0.0,154.7029095054281,34746.36080099995,442.05202101258067,79.96240458171461,35268.37522659425,5.5282482227112375,0.002597404057685506,,,327,9,20,200.0,500.0,774
384.16215945512823,33.89137952486632,4.651100606571261,0,0.0,156.1840450009451,28123.058398726876,410.4357000068062,78.44336668896663,28611.93746542265,5.2322550309985045,0.002570695503100866,,,327,9,21,210.0,510.0,781
380.5863842121982,31.506714280565156,4.676623745499857,0,0.0,157.6514622933716,21412.73135856735,370.15971314207394,80.05687541306229,21862.947947122488,4.623709222127319,0.0025477720787986644,,,327,9,22,220.0,520.0,788
377.1695922544081,28.735525282701595,4.889058259130759,0,0.0,159.07963216591665,15001.833123878527,337.2819178983582,82.6405804759227,15421.755622252807,4.081311093847231,0.002525253867194071,,,327,9,23,230.0,530.0,795
374.1605951544944,26.862069710733017,4.910717382058492,0,0.0,160.35894954471473,10894.002926186682,286.6884786752456,85.50151425093317,11266.19291911286,3.353022238107516,0.002503130218118477,,,327,9,24,240.0,540.0,802
371.29402396995044,25.143765365679922,5.134692970847072,0,0.0,161.59699894565478,7891.281300252337,236.10198470856713,89.75094460695644,8217.13422956786,2.6306350951794584,0.002484473327661945,,,327,9,25,250.0,550.0,808
368.3736690882534,23.060178827437394,5.209755037946285,0,0.0,162.8780910115089,5523.5676103507085,190.8496851831148,94.99472671542384,5809.4120222492475,2.0090555737356253,0.002490570423505245,,,327,9,26,260.0,560.0,814
365.4999523628049,20.483023039258683,5.278922925632496,0,0.0,164.15870812602026,3890.344435244794,151.93248587985806,98.63848208782608,4140.915403212478,1.540296268393302,0.003974909491034385,,,327,9,27,270.0,570.0,821
362.87099916767556,17.84356503081482,5.435249801075816,0,0.0,165.34801661643723,3043.168493353616,117.73067245919482,103.0375511188118,3263.936716931623,1.14259967536923,0.0038036271835478054,,,327,9,28,280.0,580.0,827
360.4935866135817,16.272218497614205,5.465007076238666,0,0.0,166.4384672238701,2682.5237612212677,92.93743689185827,102.69897193919908,2878.160170052325,0.9049500217673071,0.0062511466519664105,,,327,9,29,290.0,590.0,833
358.5158352646531,15.737479789831259,5.514856730358973,0,0.0,167.35662444507798,2463.80584674648,75.21786277487081,101.4339882938191,2640.45769781517,0.7415449598313214,0.009200342764050481,,,327,9,30,300.0,600.0,837
356.8096320023838,15.41427991239212,5.629618146717535,0,0.0,168.15689549434344,2310.9690751928442,64.82273333414625,102.92832547971703,2478.720134006707,0.6297851736344449,0.010349441998574795,,,327,9,31,310.0,610.0,840
355.1565511936536,15.175544879169461,5.643490452683651,0,0.0,168.93958396190257,2117.1003160989617,61.295159719287206,98.51743614576897,2276.912911964018,0.622175749971744,0.010831434651814319,,,327,9,32,320.0,620.0,844
353.38722085053064,14.889105659445956,5.986691655725935,0,0.0,169.78542646673043,1830.1342077349864,62.09043680128525,96.16522226843392,1988.3898668047054,0.6456641531796921,0.012820462543481306,,,327,9,33,330.0,630.0,849
351.6971785137911,14.737143795460646,6.100445164446091,0,0.0,170.60131176925898,1515.3740089297105,61.23976793394775,100.59412114720749,1677.2078980108658,0.6087807839618248,0.014175429172601322,,,327,9,34,340.0,640.0,853
350.1347336813668,14.627292550539268,6.20521876737412,0,0.0,171.36260481544173,1285.8800335197775,64.80588792804058,100.51851207557215,1451.2044335233902,0.644715949230506,0.014866804665585608,,,327,9,35,350.0,650.0,857
348.2887445494186,13.99719625636079,6.2408771480011085,0,0.0,172.27085554436175,937.1866300244603,69.66894932460629,94.6615012553866,1101.5170806044532,0.7359797636913334,0.0183070332894112,,,327,9,36,360.0,660.0,861
346.7479904263006,13.849647445254984,6.374920061229418,0,0.0,173.03633087025108,736.7603609126919,70.24081264030649,100.1007643717621,907.1019379247605,0.7017010617365581,0.018755404137558863,,,327,9,37,370.0,670.0,866
502.09156807088283,57.39116350438579,9.626995001706854,2,0.3401360544217687,119.50011475103979,30375.816521450255,43046.05462739453,6335.922564591093,79757.79371343588,6.7939679168368485,0.003407158321614309,,,343,10,0,0.0,300.0,595
496.8662546641791,56.068073401033445,9.488927255840814,2,0.33222591362126247,120.75684238317346,31162.413389617497,41779.924404269696,5252.097876956108,78194.43567084329,7.954902094947926,0.003327790092674691,,,343,10,1,10.0,310.0,604
491.30318762081646,56.203646896079164,9.29808005657912,2,0.33003300330033003,122.12418219909348,27959.210818421172,38991.273238154754,3946.4082288852433,70896.89228546116,9.880192564155676,0.003305788134499544,,,343,10,2,20.0,320.0,610
486.17123523663764,57.53168255696216,9.462800760388438,3,0.4918032786885246,123.41330718752985,24053.931704613715,36564.4499271043,2888.786076935271,63507.16770865329,12.657375434977078,0.0032840752011898846,,,343,10,3,30.0,330.0,616
480.56093832659485,58.07947721387196,9.586550790038432,4,0.6482982171799028,124.85409282105093,24440.753512391675,34644.437161816946,2245.4027192241415,61330.59339343276,15.429052822109215,0.003246756098869981,,,343,10,4,40.0,340.0,623
473.9793109071427,57.220933870674486,9.188971517574902,4,0.6451612903225806,126.58780376967678,26548.8534333797,31754.143330964813,1670.6601520896415,59973.656916434156,19.006943627192587,0.0032310205814464203,,,343,10,5,50.0,350.0,630
467.79012252076836,55.53385899208469,7.795301102771299,3,0.48,128.26264837889175,30363.04748060696,28550.09383981323,1316.6464457066556,60229.78776612685,21.683948589927,0.0032051309489483358,,,343,10,6,60.0,360.0,638
461.68191610538827,54.089934009097504,7.029290543692585,3,0.47619047619047616,129.9596061854495,34447.049081521924,25170.215943435058,1032.3662867461117,60649.631311703095,24.381090574711042,0.003179652917379684,,,343,10,7,70.0,370.0,645
454.1624304573979,52.12069766507441,6.5700321864783975,3,0.47468354430379744,132.1113240026758,37228.08887645376,20797.771519776346,814.7496008988101,58840.609997128915,25.526580800816348,0.0031695747612790672,,,343,10,8,80.0,380.0,655
448.87740891022906,51.657745205836804,6.378266184473828,3,0.46511627906976744,133.66678475904183,38614.15793068363,18040.83335577127,731.7248634773433,57386.71614993224,24.655214352067556,0.00310559255815313,,,343,10,9,90.0,390.0,663
443.8531248578033,51.08129472894925,6.191280391466996,3,0.45454545454545453,135.1798526127807,39051.17409519482,15364.053629657541,670.7070829945783,55085.93480784694,22.907248214913718,0.003034903695154047,,,343,10,10,100.0,400.0,673
439.15566682085756,50.8361837397798,9.11326820421406,8,1.188707280832095,136.62581297049613,39119.40568654663,12865.632985623919,652.6715575581641,52637.710229728706,19.712262372452738,0.002976192673046001,,,343,10,11,110.0,410.0,681
433.60631760032595,49.65491338794175,9.42618933424611,9,1.3235294117647058,138.374367633879,36379.87917945206,9864.195966340149,597.9833371019502,46842.05848289416,16.495770624890174,0.002945510229756803,,,343,10,12,120.0,420.0,690
428.1791552602492,48.86692035786249,9.350092666541238,9,1.3062409288824384,140.12826001193758,32455.042327203468,7490.814739582725,585.3196659827263,40531.176732768916,12.797818311821068,0.0029069787913092726,,,343,10,13,130.0,430.0,699
423.56835372802277,47.944756954665536,9.254092908556826,9,1.2838801711840229,141.65364213806814,28315.234973755036,5823.130581726297,622.7089199489507,34761.07447543028,9.351288210555381,0.00285714480077978,,,343,10,14,140.0,440.0,707
418.0829115316901,46.12523834420633,10.593746513156884,12,1.692524682651622,143.51220378796106,21800.14200165353,4188.77917337898,619.7420390239174,26608.66321405643,6.75890759319189,0.002824860635554739,,,343,10,15,150.0,450.0,716
413.1978352864583,44.51444833684204,10.725269225632644,12,1.6689847009735743,145.20889239026073,16004.103635969457,2897.58305682677,608.8419858972164,19510.52867869344,4.759170891535615,0.002785517121426312,,,343,10,16,160.0,460.0,725
408.55199353448273,41.97788978647276,10.68484224553137,12,1.6574585635359116,146.86013273592278,11339.850327140182,2086.9420929687412,551.8502505284808,13978.642670637404,3.7817181218458735,0.002766253492890185,,,343,10,17,170.0,470.0,733
404.1635856052812,39.98609409362285,11.19755133049054,13,1.7857142857142858,148.45473995422705,8933.25565192334,1617.3248110009295,554.8797489217411,11105.460211846012,2.914730289118973,0.002751033371889871,,,343,10,18,180.0,480.0,739
399.7898670392954,38.36475395693015,11.121032482197704,13,1.7639077340569878,150.07884127814222,8014.106926260899,1340.7298313858173,576.2597805926517,9931.09653823937,2.3266066391219424,0.002717392976499915,,,343,10,19,190.0,490.0,748
395.3232343331099,36.7835705384526,12.654423415539751,16,2.1476510067114094,151.77453483405026,7802.760570748194,1139.7553059154775,521.9476041729685,9464.46348083664,2.1836584684039924,0.0026881736618003024,,,343,10,20,200.0,500.0,756
391.9422089741492,35.74300414614086,12.527422468765202,16,2.0969855832241153,153.0837930342872,8499.470860011608,1079.5158264405734,565.478112894996,10144.464799347177,1.9090320240936176,0.002624673422771217,,,343,10,21,210.0,510.0,765
387.897708873057,34.15577333168404,12.464399114333837,16,2.0752269779507135,154.67995460534038,9207.684668923017,948.8440886188453,609.5650193354804,10766.093776877344,1.5565920919366916,0.002597404057685506,,,343,10,22,220.0,520.0,773
384.08641326121796,32.64719455185877,12.440004173320276,16,2.053915275994865,156.21484626480103,9917.973125306185,906.4822548683625,647.6037806432064,11472.059160817755,1.399748244162558,0.002570695503100866,,,343,10,23,230.0,530.0,781
380.48835570203306,31.74150958256729,12.38730222589839,16,2.035623409669211,157.6920794048873,10390.13606273155,909.3253624862551,688.4778000766394,11987.939225294445,1.320776592048475,0.0025477720787986644,,,343,10,24,240.0,540.0,788
377.1637922562893,30.83087331370038,12.362712807583392,16,2.0151133501259446,159.08207848124766,10803.265178910362,950.7107248040112,786.8829616789471,12540.858865393322,1.2081983866768573,0.002522069432709835,,,343,10,25,250.0,550.0,796
374.2279052734375,30.212731891973544,12.32599186377044,16,2.002503128911139,160.33010674647508,10973.295064156471,1005.9841886033672,839.6372651728178,12818.916517932656,1.198117604268447,0.0025062669760596117,,,343,10,26,260.0,560.0,801
371.3224616635688,29.40810698578235,12.316776776857996,16,1.9851116625310175,161.58462305563972,11007.545812991179,1104.613734647851,917.1113788735656,13029.270926512596,1.2044488380512557,0.002484473327661945,,,343,10,27,270.0,570.0,808
368.54243542435427,28.77853088603589,12.870450682569047,18,2.2167487684729066,162.80350438047557,10494.373474801849,1156.83245662395,1056.828897957489,12708.034829383287,1.0946260637457357,0.002466092495193554,,,343,10,28,280.0,580.0,814
365.8854166666667,28.112915555131345,13.100709385173488,19,2.3227383863080684,163.98576512455514,9851.490619407823,1214.489240200105,1142.1725123983022,12208.152372006229,1.0633150658213217,0.002450996307037304,,,343,10,29,290.0,590.0,820
363.1048768939394,26.689749645866,13.337668051951292,20,2.4271844660194173,165.24151510508523,8551.909213760193,1225.4920344203292,1141.8825910411242,10919.283839221647,1.0732207006527468,0.0024866084504952483,,,343,10,30,300.0,600.0,826
360.1790208082933,25.05574804566398,13.57560379139018,21,2.527075812274368,166.58382785691242,7325.025484831385,1228.5411307397715,1266.950530131674,9820.51714570283,0.9696835839455304,0.0025558080096209383,,,343,10,31,310.0,610.0,833
357.57220502684964,23.703173916155343,13.541433030905472,21,2.5089605734767026,167.79827726121687,6613.506795745843,1191.8622292266657,1264.8113508712229,9070.18037584373,0.942324108971422,0.0028246502294064406,,,343,10,32,320.0,620.0,839
355.177403061981,22.827306777111517,14.031379661549668,23,2.7315914489311166,168.92966580289334,6357.049934565192,1094.4642401237143,1262.317912954343,8713.83208764325,0.8670274174928072,0.003053489381024948,,,343,10,33,330.0,630.0,844
352.88988883981153,22.025285648889867,14.514796482806597,26,3.0660377358490565,170.02470713247325,6211.136121247915,988.6286093431571,1265.554462402924,8465.319192993997,0.7811821922432605,0.004029683372742491,,,343,10,34,340.0,640.0,850
350.68313634367684,21.096822093771312,14.909165366606295,28,3.28253223915592,171.09462583680883,6050.199384143613,875.8028319162408,1299.574027769865,8225.57624382972,0.6739153085562681,0.005340588992610726,,,343,10,35,350.0,650.0,855
348.33814044331393,19.947370552585472,15.476169286821118,30,3.492433061699651,172.24642677267772,5735.2770202110805,739.5727389784013,1295.2383406402926,7770.088099829774,0.5709935505868351,0.008343835625778315,,,343,10,36,360.0,660.0,861
346.2568111287529,18.854567358941313,15.481435548379581,30,3.468208092485549,173.2817899073456,5462.554706630057,588.8592832704298,1304.8462491947512,7356.260239095238,0.4512863363279985,0.013840191772474076,,,343,10,37,370.0,670.0,867
344.38674666470115,18.51666608230714,16.422625224058148,34,3.9125431530494823,174.22273238179133,4844.643044411271,442.2074762320055,1277.8470739392249,6564.697594582502,0.34605664891402893,0.017560683411348404,,,343,10,38,380.0,680.0,871
205.59036144578315,23.18346482450267,8.444069743264125,3,0.3015075376884422,291.84247538677914,10868.82451952346,248.3141147173106,75.8317194806145,11192.970353721385,3.2745415298249863,0.002075174679707608,,,564,11,0,0.0,300.0,1315
203.1864161849711,22.418043461921894,8.709315770377824,4,0.3857280617164899,295.29533089150453,9927.559403452466,283.6942672312277,67.62471064546452,10278.878381329157,4.195127262259932,0.00212911220790303,-0.09021838495425095,-0.27171632855879146,564,11,1,10.0,310.0,1342
201.31198156682026,21.949961883811557,8.682391329455543,4,0.36900369003690037,298.0448532323674,9224.633617940506,348.45775423846897,78.01612846958844,9651.107500648563,4.466483547364206,0.0021227553954165355,-0.08568785309869024,-0.32286453107733937,564,11,2,20.0,320.0,1364
199.99385425812113,21.998570720852456,8.794358926731036,4,0.351493848857645,300.0092188961031,9043.45533717002,228.9523776180221,72.23274606306558,9344.640460851107,3.169647979576,0.001986027260594194,-0.07976110752521039,-0.34878572559573706,564,11,3,30.0,330.0,1390
198.6453781512605,21.82103679265452,8.831832348170296,4,0.33641715727502103,302.0457891263516,8352.493214728045,272.9444766662682,72.92419150073086,8698.361882895044,3.7428522832993316,0.0019184569754234647,-0.08040862347279558,-0.3332587182917827,564,11,4,40.0,340.0,1415
197.38906752411577,21.822536082737123,8.952397097034526,5,0.4022526146419952,303.9682022545123,7842.468619626543,317.1650643542588,78.45658151653487,8238.090265497336,4.042555235310828,0.001982976645136382,-0.07348904340285636,-0.3571852969821254,564,11,5,50.0,350.0,1438
196.2070823710547,21.78063997284098,9.073287603857446,6,0.4622496147919877,305.7993588963915,7432.622845064327,242.6214035889993,85.75991646692921,7761.004165120255,2.82907695791144,0.002094201709848588,-0.0735417822693073,-0.3671842218123997,564,11,6,60.0,360.0,1460
457.43643638573747,48.51517353054977,4.13225962382638,0,0.0,131.16576474333246,37413.10992032812,2150.3140569564325,284.3527435749409,39847.776720859496,7.5621357822057345,0.0032520353863773432,,,570,12,0,0.0,300.0,646
453.8275739615988,48.48759017005966,4.148755785028162,0,0.0,132.20880229079467,37723.671353312384,2055.8881496549448,269.80162512513647,40049.36112809247,7.619999133442599,0.0031446566794717194,,,570,12,1,10.0,310.0,656
450.8014293457768,49.434211180066775,4.187257985323046,0,0.0,133.09629494093372,38347.31376913775,2043.035102692111,277.92172196634203,40668.2705937962,7.351117027619506,0.003025720916536956,,,570,12,2,20.0,320.0,665
445.5126152663934,48.77092722906656,4.16765248797055,0,0.0,134.67632103778502,34767.774968916776,1789.219809185513,238.32753636420452,36795.32231446649,7.507398584657396,0.0029895388483660483,,,570,12,3,30.0,330.0,673
440.76529083702064,48.437050787784294,4.1562730688538885,0,0.0,136.12687125626204,31815.360164673766,1694.048360659878,204.90532967646337,33714.31385501011,8.267468510139325,0.002958582039745154,,,570,12,4,40.0,340.0,680
435.61866016193596,46.880820486240125,4.174125527301133,0,0.0,137.7351465561547,25522.81629230139,1655.0527723976625,187.64169149065253,27365.510756189706,8.82028273807215,0.0029197101033347503,,,570,12,5,50.0,350.0,689
430.37165742243866,45.344739713069536,4.134504779517799,0,0.0,139.41438513713734,19359.998763998003,1632.7746392677923,168.93375783826855,21161.707161104063,9.66517681345226,0.002894358026364526,,,570,12,6,60.0,360.0,697
425.0902728245364,42.71583615167175,4.130153524843418,0,0.0,141.14649013567544,12546.142272424853,1594.6046511435616,165.86063647528434,14306.6075600437,9.614123549930914,0.002861232281032235,,,570,12,7,70.0,370.0,705
420.3614652826545,40.44483668458646,4.085746502093919,0,0.0,142.73430120350235,8054.845653668048,1552.1791002164364,177.71977064539283,9784.744524529879,8.733857210031656,0.0028169032711133804,,,570,12,8,80.0,380.0,713
415.594482421875,37.7194714002832,4.125799849051838,0,0.0,144.37150284178526,4966.729644470677,1469.9262822079859,182.78457337135225,6619.440500050015,8.041850879951594,0.002785517121426312,,,570,12,9,90.0,390.0,721
411.3246372767857,35.76483052625203,4.116920666039545,0,0.0,145.87018272777377,3874.5329481968383,1377.5938030666016,197.99621262785246,5450.122963891293,6.957677547377556,0.00275482267884462,,,570,12,10,100.0,400.0,729
407.58529974489795,34.168800958953334,4.174017420519356,0,0.0,147.20844946457387,4013.5606654999997,1264.8006888973166,213.29786685662557,5491.659221253942,5.929739043042046,0.0027285146532040625,,,570,12,11,110.0,410.0,736
403.7802971276954,32.91425901821326,4.17330338170444,0,0.0,148.595660627356,4727.5471882925785,1139.1320782951773,232.960859656394,6099.6401262441495,4.889800286517409,0.002702704347885139,,,570,12,12,120.0,420.0,743
400.1963555574099,31.583028581343378,4.208579539555877,0,0.0,149.9264027940223,5887.130080909716,1007.7004911610469,234.94788068242892,7129.778452753191,4.289038437946676,0.002677377770716403,,,570,12,13,130.0,430.0,750
396.7087903559603,30.475217293988948,4.278373024733612,0,0.0,151.24444292288806,7007.981847719057,871.3682254667532,236.0143552648804,8115.364428450691,3.6920136679347793,0.0026560440581162963,,,570,12,14,140.0,440.0,756
393.2849153133202,29.434866435527287,4.273191876095472,0,0.0,152.5611526498531,7719.504756584355,761.6250189803377,241.71082316265085,8722.840598727344,3.1509760672480467,0.002631580466055932,,,570,12,15,150.0,450.0,763
390.02037048339844,28.747600008122312,4.342802712238996,0,0.0,153.83811857220405,8180.518366047667,645.5199896698343,232.94304676414242,9058.981402481644,2.771149423161065,0.002610967540720402,,,570,12,16,160.0,460.0,769
387.0196675145349,28.20001257227527,4.424503570369492,0,0.0,155.0308809506345,8341.967458046296,558.5797999724789,224.11558910488998,9124.662847123664,2.492373699676259,0.0025906750240925064,,,570,12,17,170.0,470.0,775
384.1953375400641,27.873688112565773,4.586994235882513,0,0.0,156.1705573632662,8461.56724058635,493.5067048317018,216.78820516694293,9171.862150584993,2.276446287525953,0.002570695503100866,,,570,12,18,180.0,480.0,781
381.5073105518448,27.360944224340187,4.6216087575808915,0,0.0,157.2709050141421,8379.954008335359,446.33853693548156,220.98846735190492,9047.281012622745,2.019736786647451,0.00255102179160533,,,570,12,19,190.0,490.0,787
378.86360265031647,26.51606722244178,4.624963392978452,0,0.0,158.368340427198,7918.076012341686,402.05726068579855,189.91868869242032,8510.051961719904,2.116996823503472,0.002538072428471,,,570,12,20,200.0,500.0,791
376.1796040750628,25.490600373107995,4.6968336986647525,0,0.0,159.4982804756943,6916.664372553572,373.9998147120923,182.17029457967195,7472.834481845337,2.053023055021322,0.002518893019483915,,,570,12,21,210.0,510.0,797
373.5211531717581,24.23263901924402,4.761248766522712,0,0.0,160.6334728047113,5725.574616442753,343.65001880122355,149.79965044796893,6219.024285691945,2.294064223605022,0.00250000130208456,,,570,12,22,220.0,520.0,803
370.8868203996283,23.05105036457859,4.77200290039741,0,0.0,161.77441931031782,4508.54241443144,318.49894146477965,141.24809009121367,4968.289445987433,2.2548902520317466,0.002484473327661945,,,570,12,23,230.0,530.0,808
368.2270471821253,21.604146687389818,4.776253943471487,0,0.0,162.9429463673372,3343.6219415682053,295.0673604382675,123.27779073560238,3761.9670927420752,2.3935159664818086,0.002463055432397637,,,570,12,24,240.0,540.0,815
365.71192479395603,20.325485794960276,4.919469450027322,0,0.0,164.06355913552534,2517.3779558730107,271.4410995923804,119.31107358488666,2908.130129050278,2.275070464429752,0.002454481708038982,,,570,12,25,250.0,550.0,820
363.33451704545456,19.264388558918654,5.003026470883893,0,0.0,165.13707667497434,2074.089186640655,236.35851271263817,119.66960473367526,2430.1173040869685,1.9750922821100154,0.003117559284227779,,,570,12,26,260.0,560.0,826
361.0583628618818,17.96801915649569,4.995655880314755,0,0.0,166.17812013663902,1796.743402783568,208.2856506368768,108.83101282816305,2113.860066248608,1.9138446406425162,0.003519895131110617,,,570,12,27,270.0,570.0,830
359.0535774505396,17.323544878103473,4.994441766673042,0,0.0,167.10598018833312,1802.5120913152452,189.87658235149985,107.81739184047557,2100.2060655072205,1.7610941900026427,0.005976417169183854,,,570,12,28,280.0,580.0,835
357.16522180423124,16.567284180523128,5.017484469377772,0,0.0,167.98948032204294,1838.4476779195866,166.43521016966116,92.4623322357923,2097.34522032504,1.8000325769982455,0.00565919563324792,,,570,12,29,290.0,590.0,840
355.2662636996445,15.599778188011456,5.135704051370078,0,0.0,168.88741243026178,1829.6448098525022,149.03690993051836,110.81038109834608,2089.4921008813667,1.3449724516175572,0.0076334027864118905,,,570,12,30,300.0,600.0,845
353.4678333210495,14.716567496360913,5.1867383894437324,0,0.0,169.74670491586969,1757.315355877015,131.5630357866764,89.38160995089476,1978.2600016145861,1.4719251069538315,0.01180258462910349,,,570,12,31,310.0,610.0,849
351.93043023767603,14.305698564152419,5.154516937582552,0,0.0,170.4882409841031,1698.1357159655117,116.94849181801327,110.87361905832823,1925.9578268418531,1.0547909666093715,0.011773684568603116,,,570,12,32,320.0,620.0,853
350.3517909356725,13.87918249526455,5.364354752865258,0,0.0,171.2564386777075,1532.1281839952944,108.36282799736874,102.03340852904192,1742.524420521705,1.0620328141495465,0.015100216400789446,,,570,12,33,330.0,630.0,856
348.84881584691504,13.462810633579963,5.4337644354622725,0,0.0,171.99427739015098,1344.6718293235197,96.88480257793923,97.21590031635358,1538.7725322178123,0.9965942017989143,0.018340357013433273,,,570,12,34,340.0,640.0,860
347.3650938950116,12.951787093160416,5.436120339052054,0,0.0,172.72892715620566,1114.5228241669222,102.46227939278349,100.24349277569712,1317.228596335403,1.0221339715491666,0.021281289832875985,,,570,12,35,350.0,650.0,863
491.52026326699837,51.824333398931444,6.866920768010479,0,0.0,122.07024711696869,14232.606683999024,15984.237594643533,19710.072722085573,49926.917000728135,0.8109679664820739,0.003327790092674691,,,578,13,0,0.0,300.0,609
486.40184278612014,51.50293624276471,6.60249920442332,0,0.0,123.35479581310531,14633.676723711584,14856.946307290244,18965.25374278613,48455.87677378796,0.7833771437380016,0.0032573318703065105,,,578,13,1,10.0,310.0,617
480.9601662821027,51.96362596943761,6.489193126450973,0,0.0,124.75045587207228,12809.386097510627,13507.132106797879,17337.146001079356,43653.66420538786,0.7790862524868261,0.003220614700042172,,,578,13,2,20.0,320.0,624
476.1161379670111,53.30247161690817,6.437128050727671,0,0.0,126.01967296508073,9966.124606085485,12148.18625220208,15630.342280277097,37744.65313856466,0.7772181846286936,0.0031897953681001494,,,578,13,3,30.0,330.0,630
471.013291077044,53.94696674197267,6.265595271301978,0,0.0,127.38494037567563,9286.273186262453,10701.876659865824,13880.965875726346,33869.11572185462,0.7709749275142447,0.0031545767485154324,,,578,13,4,40.0,340.0,637
465.5769324376947,54.04313286380555,6.125483762490942,0,0.0,128.8723641995073,9925.13344856613,9160.195666008789,11867.01935321211,30952.34846778703,0.7719036594921663,0.0031250025431352776,,,578,13,5,50.0,350.0,644
460.428217405914,53.15916589189752,5.991490693659385,0,0.0,130.31347283197445,12050.652011379218,7804.833587470463,10280.109782550773,30135.595381400453,0.7592169492896089,0.003081666537408112,,,578,13,6,60.0,360.0,652
454.6955387766768,52.102129730646446,5.86156515296659,0,0.0,131.95642992545157,14141.399770811078,6285.922620856942,8378.1898566447,28805.51224831272,0.7502721624136517,0.0030581063588208846,,,578,13,7,70.0,370.0,659
449.0119137670197,51.30416544004399,5.647381626897102,0,0.0,133.62674387996842,15997.079486871362,4962.347555968443,6700.966685666348,27660.393728506155,0.7405420424762169,0.003034903695154047,,,578,13,8,80.0,380.0,667
443.2029495696108,49.71039407598069,5.4357338103838435,0,0.0,135.37816040769877,17753.256918050287,3815.454391673177,5293.327675125969,26862.038984849434,0.7208044968767927,0.0030030052597695457,,,578,13,9,90.0,390.0,675
438.07653356481484,48.91788512536479,5.720792692297359,0,0.0,136.96236936444532,18962.04767943152,2926.2519602028074,4125.217677077128,26013.517316711455,0.709356981684459,0.0029717703891574817,,,578,13,10,100.0,400.0,683
432.4220179813324,47.51584323714736,5.619716376167935,0,0.0,138.7533416547494,18928.190201140562,2086.6245600005245,3131.5890213583634,24146.40378249945,0.6663149429152829,0.0029368596733097135,,,578,13,11,110.0,410.0,692
427.7547200520833,46.383780864913945,5.416148970189599,0,0.0,140.26730083234244,18408.52324048397,1644.6284684780558,2484.179351108412,22537.331060070435,0.6620409543877103,0.0028818463748889263,,,578,13,12,120.0,420.0,700
422.81891780761026,44.96211572122757,5.293024205292645,0,0.0,141.90471966370487,17346.582471473186,1250.6535996341938,1812.6893175140115,20409.925388621392,0.6899437137685491,0.002853068982406399,,,578,13,13,130.0,430.0,708
418.25021366584855,43.795220346603045,5.172546887145871,0,0.0,143.4547982034879,15993.32136857506,970.0111647039456,1368.0251537437885,18331.35768702279,0.7090594511726462,0.0028129413766146126,,,578,13,14,140.0,440.0,717
413.20749847879,42.0978857533757,5.587438263463245,0,0.0,145.205496562594,13340.809441372867,738.3025048657023,983.8638910638957,15062.975837302465,0.7504112220922581,0.0027894020875785254,,,578,13,15,150.0,450.0,725
408.90782639363886,40.75485124520948,5.457068932057321,0,0.0,146.73233459278535,10992.919441275511,600.3333796771514,785.4701966442335,12378.723017596896,0.7642981009870996,0.0027434859457508326,,,578,13,16,160.0,460.0,733
404.6122782939189,39.55050437408877,5.362998741339371,0,0.0,148.2901118398951,8900.102764025243,492.1469810346472,620.1579593275751,10012.407704387466,0.7935832696048477,0.0027100287588651298,,,578,13,17,170.0,470.0,741
400.1774501418558,37.98967775057864,5.347023584279548,0,0.0,149.93348570423214,6652.892715378721,403.8968915324119,501.70197086332695,7558.49157777446,0.8050534281086988,0.002677377770716403,,,578,13,18,180.0,480.0,750
396.0406002311757,36.9353869283,5.212497791962098,0,0.0,151.49961889002535,5350.955036274016,337.8657852612294,418.2761383186035,6107.096959853849,0.8077577330119534,0.002649008171576953,,,578,13,19,190.0,490.0,758
391.71517565359477,35.4114607087552,5.088684920618283,0,0.0,153.17251852672607,3881.408181588971,285.8598865162042,354.2513690989963,4521.5194372041715,0.8069408094124262,0.0026212334798741926,,,578,13,20,200.0,500.0,766
387.3508660368217,33.600791649043124,5.009562976165206,0,0.0,154.89832413152882,2796.309126520388,249.5430575769814,313.2751457514291,3359.1273298487986,0.7965619391171987,0.0025906750240925064,,,578,13,21,210.0,510.0,775
383.47271126760563,32.435823890417716,4.988248042517715,0,0.0,156.4648493543759,2323.833943675298,217.71018000021195,284.0390109408697,2825.5831346163795,0.7664798552813372,0.0025673955052458097,,,578,13,22,220.0,520.0,782
379.77513070342206,31.449968091116457,4.938991125716798,0,0.0,157.98822816245917,2170.174666515898,197.6522869337236,255.71383058683583,2623.5407840364574,0.7729432799161968,0.0025412974286725325,,,578,13,23,230.0,530.0,790
376.14994216593476,30.19349835687816,4.9101712247370255,0,0.0,159.51085796932438,2029.1858455506044,172.92855178525429,236.08101758374912,2438.1954149196076,0.7324966384639897,0.002515724597247247,,,578,13,24,240.0,540.0,798
372.79726854011193,29.446239468348296,5.946071346601164,1,0.12453300124533001,160.94538523568653,2008.139993227428,151.5523209946934,213.861098732174,2373.5534129542953,0.7086483792196722,0.002493766878402462,,,578,13,25,250.0,550.0,805
369.5042771270037,28.904066887837395,5.930382666895086,1,0.12345679012345678,162.37971713484976,2018.6156360721532,130.22701671834486,194.44080077335926,2343.283453563857,0.669751493515694,0.002472189145389037,,,578,13,26,260.0,560.0,812
366.3571831066626,28.406824794429575,5.906948335751623,1,0.12239902080783353,163.7745969417266,1964.209128177796,110.47934153936157,176.09792414144354,2250.786393858601,0.6273744683703568,0.002450981619140185,,,578,13,27,270.0,570.0,819
363.1463068181818,27.781202525960506,5.910757172804858,1,0.12135922330097088,165.2226633549119,1882.8463983537486,91.60049417353157,159.36071852334183,2133.807611050622,0.5747997061152476,0.002430134853291782,,,578,13,28,280.0,580.0,826
360.13383131760816,27.26690964529938,6.6450730219099885,2,0.24067388688327315,166.60473074823392,1847.3693759891423,76.2833213768819,141.10643359830334,2064.7591309643276,0.540608386390393,0.0024096397201531766,,,578,13,29,290.0,590.0,833
357.0814166790822,26.647259274008547,6.611523629635317,2,0.2386634844868735,168.0289065670518,1796.391641131797,59.02453266185442,121.47260609848243,1976.888779892134,0.4859081776347253,0.002389487397381467,,,578,13,30,300.0,600.0,840
354.1857130984043,25.985847812615173,6.864588615077527,2,0.23668639053254437,169.40265454278799,1740.3445005454362,50.01278124441291,105.75519304205157,1896.1124748319007,0.47291087847124696,0.0023696693553184245,,,578,13,31,310.0,610.0,847
351.46733205354576,25.286763114493525,6.884493179975364,2,0.23501762632197415,170.71287863208593,1794.0365345578548,40.26447824644876,91.72462202464395,1926.0256348289474,0.43897131825335595,0.002352942262026839,,,578,13,32,320.0,620.0,853
349.0078443691725,24.496259897190647,7.104173797401657,2,0.23337222870478413,171.9159066709497,1999.706756347319,35.80765345315517,87.09025798454972,2122.604667785024,0.41115567093058375,0.002336449661019599,,,578,13,33,330.0,630.0,859
346.6644463511561,23.640551755644005,7.099603834532495,2,0.23148148148148148,173.07803159953298,2269.171533598298,29.411210841833785,77.29975515484489,2375.882499594977,0.3804825873370233,0.002317498140362479,,,578,13,34,340.0,640.0,866
344.33313128591954,22.579353766139427,7.095509750466039,2,0.23014959723820483,174.24986023252742,2522.4306516193014,24.922844377211813,70.9386808917673,2618.2921768882807,0.3513294025756856,0.0023976337850752033,,,578,13,35,350.0,650.0,871
342.05327839611874,21.366843922221015,7.0847798397377355,2,0.22857142857142856,175.41127008441154,2799.0965600820027,26.729520359066967,81.51249035795944,2907.338570799029,0.3279193193789707,0.0025097600347429925,,,578,13,36,360.0,660.0,877
528.765869140625,60.406173613313804,8.585014624662232,0,0.0,113.47177172670922,45199.606254772116,19015.09011398188,19364.34921212487,83579.04558087887,0.981963809146537,0.0035842332278151613,,,594,14,0,0.0,300.0,566
522.1861729638501,61.75238575201108,8.180712288363496,0,0.0,114.90154873203369,45391.27659225068,17622.10005257182,17284.7558309095,80298.132475732,1.0195168635856031,0.003496507058729314,,,594,14,1,10.0,310.0,575
515.8611566802927,63.67655638922409,7.929744315263806,0,0.0,116.3103661188921,42086.13170037826,15820.18628366018,14522.26201753905,72428.58000157749,1.0893748001897763,0.0034542348680875576,,,594,14,2,20.0,320.0,582
508.39145017035776,64.73819252628408,7.505863358440813,0,0.0,118.01929395133317,40096.50695985279,13952.283441816422,11797.750289933889,65846.5406916031,1.1826223728197427,0.003418806748785609,,,594,14,3,30.0,330.0,590
500.9815112964527,66.40403849182337,7.193028261710042,0,0.0,119.76489879782284,37554.386526181646,12329.119742907153,9360.408287534516,59243.91455662332,1.3171561927834006,0.0033898337545115397,,,594,14,4,40.0,340.0,598
492.45212222105704,65.84273978420435,6.540635019416065,0,0.0,121.83925562019728,35211.61313660772,10972.403927686311,7126.53674268145,53310.55380697548,1.539654438595907,0.0033670065479042954,,,594,14,5,50.0,350.0,606
485.19689961650084,65.09114808277752,6.205047969528172,0,0.0,123.66113643228954,32939.210550422344,9665.953035063781,6010.013483649436,48615.17706913556,1.6083080447923328,0.003327790092674691,,,594,14,6,60.0,360.0,615
478.1893023912151,63.48689376944965,5.807918340407456,0,0.0,125.47332133940742,29744.495936286887,8826.44274989055,4817.4699810841685,43388.40866726161,1.8321738972007386,0.003294895896852538,,,594,14,7,70.0,370.0,623
472.4590594951923,62.74694160012379,5.677395018393271,0,0.0,126.99513067673655,27227.603052348673,8421.833234249503,4143.757269501017,39793.19355609919,2.0324147112177844,0.0032154368539743547,,,594,14,8,80.0,380.0,633
466.84217153105345,61.58730482998306,5.547162806090453,0,0.0,128.52309336841674,24649.8679960459,7800.249382156147,3654.7736965217487,36104.8910747238,2.134263303246286,0.0031545767485154324,,,594,14,9,90.0,390.0,641
460.0239660283826,59.49840304921205,5.108903259562537,0,0.0,130.42798730250962,21241.076472160054,6966.40643966351,3004.490763573544,31211.97367539711,2.318664621680401,0.003120127336243634,,,594,14,10,100.0,400.0,650
454.08286873085757,58.59807485796022,4.8303323086401715,0,0.0,132.13447177097314,20275.933703944916,6220.482933351586,2576.871449672861,29073.288086969365,2.4139671127720743,0.0030721990369701403,,,594,14,11,110.0,410.0,659
447.21485569571865,56.53292684941628,4.283968812673979,0,0.0,134.1637005923245,20070.24266477876,5179.221452885038,2104.992732073896,27354.456849737697,2.460446240012586,0.0030674870678618345,,,594,14,12,120.0,420.0,667
438.16686559606484,51.77328236952107,3.954534434856251,0,0.0,136.93413334296372,21003.045291195398,3939.9221769045844,1575.1795968963265,26518.14706499631,2.501252672817535,0.003095977705128121,,,594,14,13,130.0,430.0,676
431.67123590405197,48.83324843035621,3.7552292851614566,0,0.0,138.99466772285996,24651.24572132954,3161.42425621909,1285.931192678849,29098.601170227477,2.458470775277811,0.0030674870678618345,,,594,14,14,140.0,440.0,686
427.37819973841556,47.17362067612092,3.624294060247033,0,0.0,140.3908763636612,29227.792748284082,2747.251966951722,1140.0085334629796,33115.05324869878,2.4098521075157686,0.0029985029962565574,,,594,14,15,150.0,450.0,695
422.05439814814815,44.800005078077,3.329899790090369,0,0.0,142.16176934362616,32424.812451212587,2204.8777638131687,937.5255486068827,35567.21576363264,2.351805523688938,0.0029717703891574817,,,594,14,16,160.0,460.0,703
417.2506053545322,42.78564603379686,3.208626538825456,0,0.0,143.79847321975438,33437.7923076477,1849.9799494881843,804.4079300238916,36092.18018715977,2.2998032222696243,0.0029325534212776413,,,594,14,17,170.0,470.0,711
414.95894846181045,42.26264320100223,3.1851663436153848,0,0.0,144.5926162633939,35547.05123874054,1838.6363931769909,766.8959045713135,38152.58353648884,2.397504514259688,0.0028368813351997263,,,594,14,18,180.0,480.0,720
411.90435082872926,41.108711660263396,3.129213903080687,0,0.0,145.66488525620875,35597.251160644715,1694.882596174418,723.7977815363341,38015.931538355464,2.3416521014707423,0.002770084873815601,,,594,14,19,190.0,490.0,728
407.9526732568027,39.95218623970884,3.0822659225621014,0,0.0,147.07588387888933,33441.99348419916,1517.184020918229,665.6010090723782,35624.77851418977,2.2794196526725043,0.0027285146532040625,,,594,14,20,200.0,500.0,736
403.46771816037733,38.379208130303475,3.0067591951724344,0,0.0,148.71078229894508,28426.76497102196,1319.0421779907672,617.6753008550484,30363.482449867774,2.1354944518014825,0.002702704347885139,,,594,14,21,210.0,510.0,743
399.5053300233645,37.05117947514136,3.0073192273291864,0,0.0,150.18573093002536,24159.07691985948,1184.3727467017297,596.005971767189,25939.4556383284,1.9871826840761384,0.002677377770716403,,,594,14,22,220.0,520.0,750
395.68003323150594,35.726846391386715,2.890020607597062,0,0.0,151.63767428440084,20010.461054690557,1066.5076937380252,584.6718775689868,21661.64062599757,1.8241132071760804,0.002649008171576953,,,594,14,23,230.0,530.0,758
391.87290096657927,33.86461661286207,2.8442307870335197,0,0.0,153.11086796766557,15596.547399245754,965.16719597765,581.3174949598892,17143.032090183293,1.660309906971312,0.002628122406269469,,,594,14,24,240.0,540.0,765
388.3872551003886,31.900154832537503,2.7290228243790637,0,0.0,154.48498685800456,12285.274702007127,878.5884300207703,596.8127293794037,13760.675861407302,1.4721342001776192,0.002597404057685506,,,594,14,25,250.0,550.0,773
384.7474242850257,29.889234817939304,2.6673036180375926,0,0.0,155.94646308938314,9245.837557200262,790.2704344182303,592.876335080348,10628.984326698841,1.3329431243214167,0.0025773210143004033,,,594,14,26,260.0,560.0,779
381.26689726463104,27.999045685539343,2.5671726617162793,0,0.0,157.37007442939637,7219.5296252937915,730.0393874249706,594.9600557580471,8544.52906847681,1.2270393287072305,0.00255102179160533,,,594,14,27,270.0,570.0,787
377.8958218395334,25.68651949071915,2.533443609298512,0,0.0,158.77391739323835,5699.618975976973,671.5966025066639,597.3449487387627,6968.560527222399,1.1243028068198728,0.0025284463533586377,,,594,14,28,280.0,580.0,794
374.7359981226533,23.492354878556398,2.564882047256262,0,0.0,160.11272015655578,4792.8436209679285,621.7933210362254,598.742487455653,6013.3794294598065,1.0384987437229094,0.002509411605425807,,,594,14,29,290.0,590.0,800
371.9206779233871,21.964299669682976,2.58465838539854,0,0.0,161.32472207517205,4424.569079325544,590.8612171442869,604.1606229048168,5619.5909193746475,0.9779869702586936,0.0024875634718017465,,,594,14,30,300.0,600.0,807
369.53859529130705,21.122656005546126,2.550144049833487,0,0.0,162.3646373194173,4253.821654474821,556.2420240681963,598.0994035184095,5408.163082061427,0.9300160153914535,0.002472189145389037,,,594,14,31,310.0,610.0,812
367.07620059742646,20.096920722578602,2.5192488591331013,0,0.0,163.45380033450377,4088.818605993188,521.4977936837788,592.0328178089543,5202.349217485921,0.8808596043945376,0.0024600481173715277,,,594,14,32,320.0,620.0,817
364.82043620584653,19.424997766228785,2.5123667137843326,0,0.0,164.46447086134603,4022.6784786267567,481.53186638749287,581.6909000220132,5085.9012450362625,0.8278139925676506,0.0024420036555517443,,,594,14,33,330.0,630.0,822
362.7563180992736,19.435678118437377,2.543327111322531,0,0.0,165.40028941296103,3995.7867732669015,439.1421950153065,569.6721447056592,5004.601112987867,0.7708682952054897,0.0024716938964505553,,,594,14,34,340.0,640.0,827
360.78049789410346,19.403413208169827,2.5956654723538737,0,0.0,166.30610676082398,3993.8663453733298,393.73701595473364,558.3938663990525,4945.997227727115,0.7051241778385726,0.0025415193791928914,,,594,14,35,350.0,650.0,832
358.6612683163876,18.949030047171917,2.627193651442946,0,0.0,167.28876324351788,3846.3013694722317,347.1747302191057,546.3869534967108,4739.863053188048,0.6354008418343313,0.002620199482380008,,,594,14,36,360.0,660.0,837
356.49698554548155,18.006840657487896,2.659313668369943,0,0.0,168.30436843159578,3584.9010304628882,298.6935420141838,531.363470728369,4414.958043205441,0.5621266015986162,0.0032800415830699036,,,594,14,37,370.0,670.0,842
354.39684264053255,17.497772691886933,2.6807038744990694,0,0.0,169.30173404749675,3211.6138377406655,253.46497400954988,522.2057918054735,3987.2846035556886,0.4853737319404683,0.0035855935095684267,,,594,14,38,380.0,680.0,846
352.45873420975323,16.70852968048587,2.730936404741582,0,0.0,170.2326944302454,2855.3095721299273,211.63913865679322,502.80944308041876,3569.7581538671393,0.42091321388119574,0.003837219539233823,,,594,14,39,390.0,690.0,852
485.7872718699021,33.83634218255709,5.704200459476908,0,0.0,123.51085233058248,80022.34068713771,18527.105700104163,1700.9887568414006,100250.43514408327,10.891962469233194,0.0032733253449691376,,,613,15,0,0.0,300.0,616
481.0802790896302,32.552126803206825,5.243743090833426,0,0.0,124.7193090382767,85905.31325390957,16568.813326100186,1600.974519224002,104075.10109923377,10.349204891862456,0.003225809248882677,,,613,15,1,10.0,310.0,623
478.3676609848485,33.74035495475379,5.398289514322197,0,0.0,125.42653881843489,79880.78774323857,14422.244840228055,1474.3292811032752,95777.3618645699,9.782241338539754,0.0032000027306709027,,,613,15,2,20.0,320.0,628
475.8727058531746,35.60114843930673,5.374268509985747,0,0.0,126.08413817814623,67002.81938684791,12272.755137461938,1317.4899544015352,80593.06447871139,9.315255191480219,0.003184716067519836,,,613,15,3,30.0,330.0,631
472.9558421234227,37.32963098247684,5.4388975255955945,0,0.0,126.86173772718169,55947.3355445664,10361.877774824361,1177.365046581544,67486.57836597231,8.800904872205836,0.0031645596029630254,,,613,15,4,40.0,340.0,635
469.7242665066614,39.40051083856567,5.569312935695691,0,0.0,127.73451209199793,43950.896638985105,8609.869029970054,1034.1996828539704,53594.96535180913,8.325151489323916,0.0031446566794717194,,,613,15,5,50.0,350.0,639
466.97408610786607,40.70131655518202,5.776005139222176,0,0.0,128.48678713649355,35017.223670521744,7142.221274914708,911.5208857459229,43070.96583118237,7.835499313951573,0.0031250025431352776,,,613,15,6,60.0,360.0,643
463.70089976780184,42.884952819642464,5.933629194023028,0,0.0,129.39375366760123,26303.76693562341,5864.62258676018,798.0809002392335,32966.47042262282,7.348406139029508,0.00310559255815313,,,613,15,7,70.0,370.0,647
458.3146681479358,44.10097901463202,5.993707682381393,0,0.0,130.9144222733737,22691.05506910264,4796.557350935009,694.8737909277552,28182.486210965406,6.902774883091969,0.0030674870678618345,,,613,15,8,80.0,380.0,655
453.08067795007565,46.43487766249172,6.221689783231471,0,0.0,132.4267463169359,18610.310884448747,3942.284064243565,633.2718986464469,23185.86684733876,6.225262912612717,0.003034903695154047,,,613,15,9,90.0,390.0,662
447.9239653400598,48.27169035991568,6.341665173873689,0,0.0,133.9513056740524,16350.695036064944,3331.276051292655,585.0080086526115,20266.97909601021,5.694411020056357,0.0029985029962565574,,,613,15,10,100.0,400.0,670
442.9035496676514,49.840174278402,6.692498785338047,0,0.0,135.4696751584474,15798.394693064223,2901.0262427846237,545.5652945467092,19244.986230395556,5.317468452964889,0.002962965130657072,,,613,15,11,110.0,410.0,678
437.728102189781,49.16811893746333,6.78380529232771,0,0.0,137.0713913496613,13969.34598116815,2652.374906302119,520.2197437874397,17141.94063125771,5.0985664000208955,0.002928259779088334,,,613,15,12,120.0,420.0,686
432.6066186417749,48.523639247093286,6.908257846666382,0,0.0,138.69413322518702,12104.820824937698,2551.1509701007844,497.7889889857464,15153.76078402423,5.124964646764884,0.002894358026364526,,,613,15,13,130.0,430.0,694
427.4076932507133,48.182948857107526,6.984811653978419,0,0.0,140.3811886109513,10136.563967342081,2545.8514096188806,486.53054017348387,13168.945917134446,5.2326651657079895,0.002861232281032235,,,613,15,14,140.0,440.0,702
422.53246038732397,47.725692629032565,7.211694767102947,0,0.0,142.00092448518544,9377.263738675529,2613.8032889552996,463.3172721914882,12454.384299822317,5.641497621256432,0.002824860635554739,,,613,15,15,150.0,450.0,711
417.94556346019556,46.89589663040325,7.182811438420445,0,0.0,143.55936572996856,8542.359297376874,2657.2424913898435,452.88030672721516,11652.482095493931,5.867427777093405,0.0028011222797116675,,,613,15,16,160.0,460.0,717
413.6308701657459,45.18596339519906,7.282950893050121,0,0.0,145.05687154335803,9281.525842293539,2705.326788913699,469.61667174068543,12456.469302947922,5.760712836037337,0.002770084873815601,,,613,15,17,170.0,470.0,725
408.77134315313776,42.386350007212265,7.30961801739982,0,0.0,146.78132654108836,12064.711199665453,2692.71667775866,465.2386710023401,15222.666548426454,5.787817835429067,0.0027359798188747488,,,613,15,18,180.0,480.0,734
404.38991237331084,40.93509443220687,7.451947818482511,0,0.0,148.3716536049773,15841.080567623849,2612.663250916261,464.5712452164319,18918.315063756545,5.6238161053189755,0.0027100287588651298,,,613,15,19,190.0,490.0,741
400.29088263518025,39.42051694451255,7.577366624042972,0,0.0,149.8909982785773,21087.30231158013,2492.005197808475,463.5699924040933,24042.877501792696,5.375682720283149,0.002677377770716403,,,613,15,20,200.0,500.0,750
396.4721033812831,37.91505170137359,7.751591196983267,0,0.0,151.3347332341782,26242.143034298206,2314.6883276782087,452.84166103097783,29009.673023007395,5.111473892239491,0.002652521449131117,,,613,15,21,210.0,510.0,757
392.79378788499344,37.23297699644886,7.8145422481416,0,0.0,152.75190659982502,30867.118311086826,2105.236431286938,422.826328527164,33395.18107090092,4.978962494176116,0.002628122406269469,,,613,15,22,220.0,520.0,764
389.05171976461037,36.236064252337556,7.952035583952501,0,0.0,154.22114066557026,34320.917569665566,1876.2210333875346,428.76194453435573,36625.90054758746,4.375903825665193,0.0026041681383877436,,,613,15,23,230.0,530.0,771
385.2859555984556,34.249746139399456,8.038678057317387,0,0.0,155.7284897831363,36052.65428964327,1706.8470831529944,412.4025644862632,38171.90393728253,4.1387887228083615,0.0025806465934916254,,,613,15,24,240.0,540.0,778
381.71775477707007,32.91604270141325,8.023146989810698,0,0.0,157.18420023464998,35965.57444273016,1504.2555330820842,395.8487212218722,37865.67869703412,3.800076777913734,0.0025542798050967423,,,613,15,25,250.0,550.0,786
378.4475989649178,32.186864435397695,8.105479920068177,0,0.0,158.54242480096173,34442.99441729809,1271.1795176943126,376.28517979881303,36090.459114791214,3.378234344424538,0.0025348556031880663,,,613,15,26,260.0,560.0,792
374.9963333072591,30.84226485897823,8.236809106799612,0,0.0,160.0015644708666,30602.797606494867,1112.1680892629188,347.8462878698422,32062.811983627627,3.197297565179342,0.002509411605425807,,,613,15,27,270.0,570.0,800
371.8625203551489,29.651682508809923,8.420973432825658,0,0.0,161.34995251120426,25971.49933368467,1027.3110867635305,344.78859014635805,27343.59901059456,2.979539103447278,0.0024875634718017465,,,613,15,28,280.0,580.0,807
368.89708570658865,28.475559194308612,8.606630867667272,0,0.0,162.64698834656144,20982.174578222704,863.3471444099908,329.1952298117237,22174.71695244442,2.622599194112758,0.0024691370569212647,,,613,15,29,290.0,590.0,813
365.8901862026862,27.100835930965847,8.77513990084697,0,0.0,163.98362749954376,15454.091165010126,884.8276920872328,368.12493173707384,16707.04378883443,2.403607079563967,0.0024479816386400017,,,613,15,30,300.0,600.0,820
363.12914299242425,26.049535892874626,8.89868005053116,0,0.0,165.23047284379416,11193.442591252975,745.3396687654284,347.25690538587287,12286.039165404276,2.1463638511009733,0.002430134853291782,,,613,15,31,310.0,610.0,826
360.17352493231044,24.133152598831604,8.854397726344649,0,0.0,166.58636975406827,6887.700993548042,693.4039955446256,370.32799425400873,7951.432983346676,1.8724050201536164,0.0024125534263729387,,,613,15,32,320.0,620.0,832
357.482473150358,22.57502072146993,8.948178759928357,0,0.0,167.84039640109532,4211.921661998272,637.1201272488697,403.62230993916,5252.664099186301,1.5785057256743464,0.0024096190325646307,,,613,15,33,330.0,630.0,839
354.9521206679502,20.986980227734396,9.000570966700582,0,0.0,169.03688274095046,2609.2240707042024,609.4325588056216,450.68527135010106,3669.3419008599253,1.3522353570152563,0.003813867703520617,,,613,15,34,340.0,640.0,845
352.5626426310365,19.662917219553552,9.090554712407645,0,0.0,170.18252289080763,2012.8610174521177,523.2683893985169,490.1797448301256,3026.30915168076,1.0675030841591757,0.005001841404873227,,,613,15,35,350.0,650.0,850
350.00867041471963,17.538052079417426,9.170992498282219,0,0.0,171.4243248000313,1987.2737695110209,471.4000284416982,499.6502129532889,2958.324010906008,0.9434600771115218,0.005929568261777842,,,613,15,36,360.0,660.0,857
347.93720997679816,16.3121712292324,9.17944858694585,0,0.0,172.4449075280021,2126.3997286233525,421.73661767226156,602.9372668150004,3151.0736131106146,0.6994701453769373,0.00878944734477674,,,613,15,37,370.0,670.0,863
583.2325610997964,68.71590122765954,24.844078479936208,44,8.979591836734693,102.87491474560086,63362.31856739997,50676.256279534566,18525.210110581225,132563.78495751575,2.735529366578645,0.004089985251525166,,,705,16,0,0.0,300.0,507
577.7902059798624,69.59644905153704,24.41354345535852,44,8.661417322834646,103.84392012711126,62798.526164923496,49663.46284735636,17035.152784212354,129497.14179649221,2.9153517715076145,0.003944778291016341,,,705,16,1,10.0,310.0,517
571.473918499044,70.68626942769092,24.024016607389218,44,8.42911877394636,104.99166813699543,59848.16669626155,47265.07064247556,15411.805428062722,122525.04276679984,3.0668094574054603,0.003838776307165713,,,705,16,2,20.0,320.0,524
563.7735772716572,71.14333950461274,23.41300596133873,42,7.9245283018867925,106.42570425234506,54352.724362235815,41701.904839362316,12725.947933856834,108780.57713545497,3.2769193348981256,0.0037807228399060443,,,705,16,3,30.0,330.0,532
556.6743309818097,72.34170221108057,22.563567479267043,38,7.102803738317757,107.78294715723223,43362.055152100715,35339.915409768,10155.134042534504,88857.10460440323,3.480004819409347,0.003745322730162053,,,705,16,4,40.0,340.0,538
548.9839786093173,72.42811465832573,21.87454025716196,37,6.839186691312385,109.29280696313144,39577.68633111301,28961.521035227786,7763.817044682953,76303.02441102374,3.7303198759767366,0.0037037079374844144,,,705,16,5,50.0,350.0,546
541.6553803604014,72.25142940433949,20.907065255262427,34,6.2157221206581355,110.771538833562,37712.97556658422,23481.13066906566,5478.400842928114,66672.50707857798,4.286128624446434,0.0036630077587371467,,,705,16,6,60.0,360.0,553
533.6869834125906,71.60698419666511,19.368703057973725,29,5.2631578947368425,112.42545136914893,36192.161790865175,16475.9503836317,3299.494951545783,55967.60712604266,4.993476464000308,0.0036363676433838745,,,705,16,7,70.0,370.0,560
524.1074466878403,69.29962490414694,17.27017780817849,23,4.181818181818182,114.48034249308455,36539.28727771264,11156.0715723124,1941.139683983221,49636.498534008264,5.747176086483445,0.003642991278501092,,,705,16,8,80.0,380.0,567
509.66302181050656,62.31141307861776,10.049689609758925,1,0.18796992481203006,117.72484451953841,30697.45068604852,7914.1697024919895,862.4661513359314,39474.08653987644,9.176209049170456,0.0037664827954768934,,,705,16,9,90.0,390.0,576
501.93951121050185,59.88791586356359,7.83607718640464,1,0.186219739292365,119.53631595030458,31487.332292974617,6900.032054666027,676.1198641387247,39063.48421177937,10.20533846236811,0.0037313476128581356,,,705,16,10,100.0,400.0,583
497.4859641017025,60.46848863561583,7.491354670840202,1,0.17953321364452424,120.60641772746382,34813.45892468226,5287.804747422598,647.4921294000413,40748.75580150489,8.16659308634719,0.0035971261808494803,,,705,16,11,110.0,410.0,592
492.2803842168412,59.59716900024478,7.214616683194594,1,0.17482517482517482,121.88176072758368,35243.78428759674,5260.117298480907,591.6066104039584,41095.508196481605,8.891241588543467,0.003502630551202112,,,705,16,12,120.0,420.0,600
484.8108142872617,56.2472047595274,5.614865793119093,0,0.0,123.75961556923647,32583.769393203766,4523.2189522147855,545.6149757788916,37652.603321197435,8.290129767346787,0.0034782643763248086,,,705,16,13,130.0,430.0,608
479.03712266156464,54.063454795112904,5.271215751258592,0,0.0,125.25125331965025,30100.07308411591,4346.465811661547,504.93715279862914,34951.476048576085,8.607934249977708,0.0034129725962399574,,,705,16,14,140.0,440.0,617
475.22213584498354,53.69190412165854,5.1512292719439525,0,0.0,126.256744950054,29592.724681990836,4643.897853223075,511.8082138418398,34748.43074905575,9.073511771849256,0.003300333028656854,,,705,16,15,150.0,450.0,626
470.8719038886656,52.63426445393833,4.962790736757977,0,0.0,127.4231898410031,28349.8348181268,4562.460907651133,541.658135117578,33453.95386089551,8.423137421652049,0.003225809248882677,,,705,16,16,160.0,460.0,633
466.49686520376173,51.68283015952354,4.721712611822112,0,0.0,128.6182276354473,26953.37690649076,4473.7479389889095,532.8702181140751,31959.995063593746,8.395567601473994,0.0031446566794717194,,,705,16,17,170.0,470.0,642
461.4746846109399,50.57264881062587,4.582331255661736,0,0.0,130.01796631723104,24898.188790745313,4025.6398807162786,538.9202935257792,29462.748964987368,7.469824256161012,0.003091192569672858,,,705,16,18,180.0,480.0,650
455.7365986491629,48.87630107288389,4.507338216121519,0,0.0,131.6549958415551,22019.336476519118,3396.3668916963643,539.3560784948173,25955.0594467103,6.297077250291896,0.003053437486890343,,,705,16,19,190.0,490.0,658
450.2988428101504,47.27609115993769,4.446637401430187,0,0.0,133.24484607946567,19668.983047853235,2811.747178865155,542.7524361333006,23023.482662851693,5.180533502339889,0.003016593539425679,,,705,16,20,200.0,500.0,666
445.1228550502232,45.602114035091105,4.401035236564114,0,0.0,134.79424684502035,17736.511415372144,2239.963999499119,539.7911677053575,20516.26658257662,4.149686274084782,0.0029850768434533967,,,705,16,21,210.0,510.0,674
440.25688899596184,43.88923492679594,4.303919275957833,0,0.0,136.28406846019925,16082.362544798609,1784.8996884309709,547.4260864464337,18414.688319676014,3.2605309330753376,0.002945510229756803,,,705,16,22,220.0,520.0,682
435.1799543513808,42.066058508024796,4.256288822214569,0,0.0,137.87399764179793,13325.434051233586,1369.1719005055468,543.7700737394506,15238.376025478583,2.5179243335145185,0.0029154539601240195,,,705,16,23,230.0,530.0,689
430.0445907417385,39.77279148487798,4.181445507461296,0,0.0,139.52041553763607,10427.761037207336,1031.4133931565225,544.3648140726149,12003.539244436473,1.894709882955327,0.0028818463748889263,,,705,16,24,240.0,540.0,697
425.4309914328835,37.66031246904769,4.134805082962814,0,0.0,141.03344892179928,7996.550617624237,774.7932054753428,536.7303354868425,9308.074158586422,1.443542789085258,0.002849004776074826,,,705,16,25,250.0,550.0,705
421.37504395218,36.78213652122788,4.109185833403108,0,0.0,142.39096705216633,6570.261072013769,581.7434424393429,514.2506408583779,7666.25515531149,1.1312449537608882,0.0028208763416413406,,,705,16,26,260.0,560.0,712
417.6915805875174,35.71069427028098,4.032544165254409,0,0.0,143.64665889507538,5378.842782546517,466.4411801330849,498.59643692428756,6343.88039960389,0.9355084505024542,0.002797204621061254,,,705,16,27,270.0,570.0,718
413.97200250691566,34.507790303462684,3.8926158735298255,0,0.0,144.9373378795047,4299.3075403334615,370.70397181857726,464.3792413290644,5134.390753481103,0.7982785164074382,0.002773926882725208,,,705,16,28,280.0,580.0,724
410.37764875856163,33.66821709980263,3.826611577103469,0,0.0,146.20679313677712,3758.187046054827,315.71040325931455,427.1803655526545,4501.077814866796,0.7390564471540533,0.002747254475138807,,,705,16,29,290.0,590.0,731
406.45604541214385,30.932418232000323,3.5748691379469126,0,0.0,147.61743779492903,3082.1591715667178,274.3455140842707,384.8534769980979,3741.3581626490864,0.7128570494521649,0.0027210901143606132,,,705,16,30,300.0,600.0,738
403.0199833866083,29.517274617700554,3.449690500513563,0,0.0,148.87599244041283,3337.371164846398,245.09815311250307,336.1033847414743,3918.5727027003754,0.7292344089335158,0.002699056969165058,,,705,16,31,310.0,610.0,744
399.779296875,28.728365349686417,3.440524943073603,0,0.0,150.08280936258777,3912.320773760489,234.56088337801987,287.94696918869806,4434.828626327207,0.8145975074469595,0.0026737983844022043,,,705,16,32,320.0,620.0,751
396.544441344246,27.938439369693157,3.3587887556632614,0,0.0,151.30712662773936,4531.053702860663,226.23603575235373,246.90366643950603,5004.193405052523,0.9162927347933244,0.002652521449131117,,,705,16,33,330.0,630.0,757
393.4060244422572,27.187256151609848,3.332385297209837,0,0.0,152.51418705410953,5114.35607024943,230.37902817908838,201.8006165882857,5546.535715016803,1.1416170677471638,0.002631580466055932,,,705,16,34,340.0,640.0,763
390.32197278357233,26.091483883537325,3.289097933154501,0,0.0,153.7192476562653,5507.985720349125,235.51172651069152,163.6600018625609,5907.157448722378,1.4390304523427206,0.0026143805740708207,,,705,16,35,350.0,650.0,768
387.4862295844114,25.09062987521101,3.2626894567212013,0,0.0,154.8442123074967,5678.316168666715,248.1383427483096,127.66955321089038,6054.124064625916,1.9435984266226998,0.0025940351770466466,,,705,16,36,360.0,660.0,774
384.63211549261877,24.220004429703714,3.215960483748465,0,0.0,155.9932142513758,5555.10215777999,255.09566225080997,99.82109474502272,5910.018914775823,2.5555285974614055,0.0025740039951728773,,,705,16,37,370.0,670.0,780
382.0377272002551,23.593338064986145,3.157247338851013,0,0.0,157.05255195529267,5118.260813701563,264.8299121564051,74.28702056556628,5457.3777464235345,3.5649553601717576,0.0025575461511171205,,,705,16,38,380.0,680.0,785
379.4749831669835,23.026521795341882,2.9821459617995636,0,0.0,158.11318970030155,4614.096818518729,265.7152972803606,56.94250929481349,4936.754625093903,4.666378432756612,0.0025412974286725325,,,705,16,39,390.0,690.0,790
376.953125,22.45326251010443,2.950165967934888,0,0.0,159.17098445595855,3893.869332819111,273.17403423321423,44.27888080041756,4211.322247852743,6.169397900198013,0.002522069432709835,,,705,16,40,400.0,700.0,796
374.539794921875,22.03811347894834,2.788424336863883,0,0.0,160.19659543124212,3249.8890386545786,280.8346463045297,35.41339711983073,3566.137082078939,7.930180924305295,0.0025062669760596117,,,705,16,41,410.0,710.0,801
372.0339188664596,21.356676933042838,2.787782986794325,0,0.0,161.27561751039374,2480.7544622656455,289.51472380847105,31.40220872331247,2801.671394797429,9.219565615890586,0.002490661312451919,,,705,16,42,420.0,720.0,806
369.59519015875463,20.556912915552655,2.765703450157432,0,0.0,162.33977496900815,1826.391247518472,291.1744880678073,28.841766327400943,2146.4075019136803,10.095584464644205,0.002472189145389037,,,705,16,43,430.0,730.0,812
367.3005945542279,19.737198607685702,2.680272178971874,0,0.0,163.3539419472452,1390.8920563884026,285.4902743390479,26.884877480194255,1703.267208207645,10.618991087066137,0.002457003693052103,,,705,16,44,440.0,740.0,817
456.6609074519231,35.25032099419733,7.661988965481408,0,0.0,131.38851830954405,25003.00881048678,5380.125171308862,421.6687370943239,30804.802718889965,12.759127480929116,0.0030864222031893912,,,767,17,0,0.0,300.0,655
452.39036537009065,33.81558152183219,7.716432260781426,0,0.0,132.62881925196464,27869.76861946182,5129.723424666785,431.7093925068806,33431.20143663549,11.882353068297043,0.0030303053491790963,,,767,17,1,10.0,310.0,663
448.53895724176647,34.70750938340593,7.683461832924973,0,0.0,133.76764499779998,29434.294255523946,4751.091815100844,422.3998295149201,34607.78590013971,11.24785448080543,0.0030030052597695457,,,767,17,2,20.0,320.0,669
445.0542115527489,35.72313576200741,7.76889530483395,0,0.0,134.8150370056405,29009.557486080557,4328.135638982642,404.59097709999577,33742.28410216319,10.69755848241008,0.0029806281381377893,,,767,17,3,30.0,330.0,674
441.5285000920471,36.505757632017904,7.847843848429337,0,0.0,135.89156756017238,27884.096198468567,3876.9820367374004,389.1404331658949,32150.218668371865,9.96293807147149,0.00295421189743152,,,767,17,4,40.0,340.0,680
437.92046440972223,37.74246076762214,7.831533545049661,0,0.0,137.0111809706693,24908.974069434273,3411.8181551054845,374.171797465288,28694.964022005046,9.118319922072693,0.0029325534212776413,,,767,17,5,50.0,350.0,685
433.9511152626812,38.969442972058786,7.843906739767331,0,0.0,138.2644217049207,21731.763872907453,2946.0953491067953,350.3543523932299,25028.21357440748,8.408901813213852,0.0029069787913092726,,,767,17,6,60.0,360.0,691
429.7316344601865,39.71234256246821,7.821636776545117,0,0.0,139.62202264994954,19209.565675861253,2537.6504341535474,320.1510499638865,22067.367159978687,7.926416091528664,0.002877699827615169,,,767,17,7,70.0,370.0,698
425.4663640802557,40.15528148155362,7.850521892270176,0,0.0,141.02172360840774,16915.631651138352,2157.0985421051055,302.46598427563276,19375.19617751909,7.131706222341265,0.002849004776074826,,,767,17,8,80.0,380.0,705
421.50552698663853,39.99825195807359,7.930477322411479,0,0.0,142.34688790190398,15720.817308604439,1849.3849175677385,279.7831768025346,17849.98540297471,6.61006476051631,0.0028208763416413406,,,767,17,9,90.0,390.0,712
417.4831927737099,39.28375653952735,7.69454738923173,0,0.0,143.7183604958249,15032.30062157225,1581.9725892480337,252.23441242629698,16866.50762324658,6.271834893703439,0.002797204621061254,,,767,17,10,100.0,400.0,718
413.67066104109114,38.8866502932407,7.711557750118678,0,0.0,145.0429185598928,14212.632191160235,1382.0244608071932,233.56786955615345,15828.224521523582,5.9170144567976735,0.002770084873815601,,,767,17,11,110.0,410.0,725
409.73008934678523,38.46363250441387,7.821942201817078,0,0.0,146.43786619541507,13090.325594557482,1237.0260433274593,239.90073134147923,14567.25236922642,5.156407970956342,0.0027434859457508326,,,767,17,12,120.0,420.0,732
406.0151221629404,38.108296413086165,7.724865695223589,0,0.0,147.77774699712057,12213.065227000998,1077.720645714613,250.32702423940958,13541.112896955021,4.30525089725788,0.002717392976499915,,,767,17,13,130.0,430.0,739
402.75327620967744,38.090978228261115,7.712066476482098,0,0.0,148.9745795854517,12092.285094346238,968.8058792405603,258.7465809351176,13319.837554521917,3.744226786453633,0.0026954194216723226,,,767,17,14,140.0,440.0,745
399.3197871587883,37.42640162346592,7.7977358865807,0,0.0,150.25551432576813,11745.66495006881,875.7263738708235,270.3296608118955,12891.720984751531,3.239475724715918,0.0026702285558789208,,,767,17,15,150.0,450.0,752
395.68841851056806,36.154087079712795,7.924582778889015,0,0.0,151.63446083625396,10854.342201754853,762.9936926804644,245.73202553318797,11863.067919968506,3.104982718572905,0.002649008171576953,,,767,17,16,160.0,460.0,758
392.2604865428665,34.58279002525208,7.946401782498146,0,0.0,152.95958185541883,10229.578635471766,711.3616547859049,258.2284164378417,11199.168706695513,2.7547768158084844,0.002624673422771217,,,767,17,17,170.0,470.0,765
388.7105068498703,32.503592999460636,8.016909439826444,0,0.0,154.35651710637578,9948.128952000568,600.6112214493635,276.0304837405057,10824.770657190438,2.1758872908181903,0.0026007817000573675,,,767,17,18,180.0,480.0,772
385.11565415862293,30.022797772480406,8.025040964233431,0,0.0,155.79735425474803,9546.830482153442,518.3817986425026,260.93785227392516,10326.150133069868,1.986610199038199,0.0025806465934916254,,,767,17,19,190.0,490.0,778
381.92799562101914,28.017871223069964,8.044930879473027,0,0.0,157.09767466100342,9748.804333310993,497.80192592307054,297.7176743523471,10544.323933586411,1.6720603739968924,0.0025542798050967423,,,767,17,20,200.0,500.0,786
378.80439613621996,26.250068277832135,8.036227571060865,0,0.0,158.39309314251912,9841.998506834429,435.2543610190772,285.06136830999156,10562.314236163496,1.5268795052781667,0.0025348556031880663,,,767,17,21,210.0,510.0,792
375.96369687107904,24.87915803962147,8.023298316668145,0,0.0,159.58987662730235,9831.310025731731,372.69413999025016,273.55146002780174,10477.555625749783,1.3624278954766766,0.002515724597247247,,,767,17,22,220.0,520.0,798
373.10646598692404,23.255105675409315,8.009558610797288,0,0.0,160.8120080183836,9097.597682961281,328.8987694447045,260.34653053798917,9686.842982943974,1.2633115131784418,0.002500024681392096,,,767,17,23,230.0,530.0,804
370.4956205577874,21.65988991414244,8.041702187584828,0,0.0,161.94523408851362,7976.720525705615,291.46535671064544,255.95714389383016,8524.143026310092,1.138727180170224,0.00247831601446709,,,767,17,24,240.0,540.0,810
368.2096514127764,20.694468604981765,8.022420659721906,0,0.0,162.950644476013,7056.898937534537,260.0036511024956,240.46507719425898,7557.367665831292,1.0812532702719757,0.0024661074562074693,,,767,17,25,250.0,550.0,815
366.0026121256112,19.974270661573442,7.937584431938663,0,0.0,163.933256245199,6037.428222740389,251.72634380578356,217.75702673363244,6506.911593279805,1.1559964221669112,0.0025477108430433694,,,767,17,26,260.0,560.0,819
363.88152779884706,19.236815796833408,7.86604671551883,0,0.0,164.88883171109435,4910.112636599565,252.1326974325508,212.1221397557055,5374.367473787822,1.1886203756143712,0.003015171520686244,,,767,17,27,270.0,570.0,825
361.8287901947464,18.258497552128926,7.879209942000418,0,0.0,165.8242838213795,3682.5052425290487,265.0051633147883,206.81239567219973,4154.322801516037,1.281379495911961,0.005028599603916241,,,767,17,28,280.0,580.0,829
359.85741248497595,17.15394531575627,7.852408778156466,0,0.0,166.7327055615535,2566.6520119916127,284.87811740521806,184.77770405554577,3036.307833452376,1.5417342631315587,0.007923840137988454,,,767,17,29,290.0,590.0,833
357.96382635155317,16.320058863688857,7.807205085080258,0,0.0,167.61470177457127,1785.3962920518752,286.3532451425804,184.5557430755626,2256.305280270018,1.551581329145303,0.011124580498785255,,,767,17,30,300.0,600.0,838
356.0898298322447,15.39353942038551,7.812064540851536,0,0.0,168.4968088761935,1153.4279726197035,306.49079700344913,157.63847848658352,1617.5572481097363,1.9442638621352484,0.012091428224148333,,,767,17,31,310.0,610.0,843
354.3409703752955,14.60720648628992,7.789279355025821,0,0.0,169.32842944029815,791.895054352775,339.7107503786951,165.12891878090198,1296.734723512372,2.05724565319436,0.01273005463311534,,,767,17,32,320.0,620.0,847
352.68341891195524,13.584969110783767,7.750154440299314,0,0.0,170.1242439610651,556.232763038784,363.66034917861583,141.44328953721103,1061.336401754611,2.5710682377967724,0.018477903216187225,,,767,17,33,330.0,630.0,850
351.0032376538687,12.64535421332351,7.706400775805231,0,0.0,170.93859418803194,474.14948031181854,384.8441507108266,132.44481851568645,991.4384495383315,2.905694273462624,0.029577496683998793,,,767,17,34,340.0,640.0,854
349.6127935385064,12.17092670611653,7.739285523804091,0,0.0,171.61843361830975,492.4627579307402,420.330742497149,134.47763224006104,1047.2711326679503,3.1256554379750003,0.03659313338770216,,,767,17,35,350.0,650.0,858
468.956518954918,45.943668097018055,4.350120104419787,0,0.0,127.94363139190726,35111.071240026,11322.255180697442,1473.1317899103694,47906.45821063381,7.68583996234738,0.0032894766503987574,,,822,18,0,0.0,300.0,632
464.3125686401757,44.97338320652761,4.157587968970297,0,0.0,129.22329493625594,33590.16394094706,9950.80775756059,1346.7447482916195,44887.71644679927,7.388785269208174,0.0032051309489483358,,,822,18,1,10.0,310.0,642
460.09225270479135,45.792299135766484,4.1092595827373275,0,0.0,130.40862924179197,33310.570013936194,9026.968589303659,1279.9457565894488,43617.4843598293,7.05261808387644,0.003100777678248271,,,822,18,2,20.0,320.0,651
454.23540988705975,45.15222138522791,3.9376245082048604,0,0.0,132.0900984247756,31574.02154699602,7224.6404797731475,1092.7770892359597,39891.43911600513,6.61126642472384,0.0030721990369701403,,,822,18,3,30.0,330.0,659
449.4873046875,44.87624902002951,3.796388535369569,0,0.0,133.4854163271957,31247.919328863227,5814.784077728662,974.4656104865579,38037.16901707844,5.9671516523043815,0.003039516017896704,,,822,18,4,40.0,340.0,666
444.82203241604475,43.53068537901042,3.701974276197793,0,0.0,134.88540501042817,29268.19630332092,4777.12007856932,905.4934784992608,34950.8098603895,5.27570898300315,0.0029940142126047777,,,822,18,5,50.0,350.0,674
440.36802496328926,41.941922976216276,3.6431513733647525,0,0.0,136.24967436044392,27313.813546566285,4010.3252340373024,857.6138931755066,32181.752673779094,4.676143035869183,0.002945510229756803,,,822,18,6,60.0,360.0,682
435.7101085574128,40.14175084255624,3.5254294696132074,0,0.0,137.7062382111199,24755.467287929732,3275.727671020047,772.9172071246979,28804.112166074476,4.2381352631622295,0.0029154539601240195,,,822,18,7,70.0,370.0,689
431.4295524135447,39.23258915628013,3.464656144311505,0,0.0,139.07253145813084,22683.744237711682,2716.8255072080906,697.7757969491391,26098.345541868912,3.8935507925135444,0.002890175422233386,,,822,18,8,80.0,380.0,695
427.7490234375,38.628372475382875,3.372814069871294,0,0.0,140.26916886408,21370.754018578125,2305.014165261966,638.7152951594497,24314.48347899954,3.6088288204943315,0.0028653314732863936,,,822,18,9,90.0,390.0,701
423.45984507415255,36.32425256537649,3.0350712638612123,0,0.0,141.6899399032589,21253.071621125942,2027.3717080486588,606.2536755718811,23886.697004746486,3.344098006723394,0.00283286308430409,,,822,18,10,100.0,400.0,709
420.0109024368864,34.95925927708115,3.0281024464699895,0,0.0,142.85343464153527,21427.466988733388,1783.2648097088604,542.3842156307095,23753.11601407296,3.287825785334106,0.0028129413766146126,,,822,18,11,110.0,410.0,714
416.9018656554242,34.620314724638135,3.0043361924088403,0,0.0,143.91876108702982,22738.969103527896,1652.5333328042584,509.35232381821805,24900.85476015037,3.244381650046282,0.0027894020875785254,,,822,18,12,120.0,420.0,720
413.89794112569064,34.14300459849488,2.975922131307637,0,0.0,144.9632724357512,24074.142557397932,1554.9240031398788,463.9216576071523,26092.988218144965,3.3516952219044374,0.002770084873815601,,,822,18,13,130.0,430.0,725
410.5281464041096,32.591305691001686,2.9701539481251076,0,0.0,146.1531944290565,26663.527942071996,1464.5071024880394,417.5143221329431,28545.549366692976,3.507681113803127,0.002747254475138807,,,822,18,14,140.0,440.0,731
407.1097995923913,30.05734847052311,2.866221038213828,0,0.0,147.38038745339347,29458.791041785695,1419.872575018586,383.90769852717943,31262.57131533146,3.69847382708337,0.0027247973261851424,,,822,18,15,150.0,450.0,737
403.87251180836705,28.346081743273807,2.877479909134797,0,0.0,148.56173234307494,30391.68959270519,1312.2608028014554,335.61872235879673,32039.569117865438,3.9099749667677037,0.002706361597742914,,,822,18,16,160.0,460.0,742
401.2573732429719,27.017460245507724,2.8887661491552454,0,0.0,149.5299625651201,30746.09198477807,1263.5056661143608,301.5626074580129,32311.160258350446,4.189861855768312,0.002684565370668987,,,822,18,17,170.0,470.0,748
399.0852864583333,25.902708296536904,2.9032746978956516,0,0.0,150.3438037830651,30021.356321632557,1179.6345203954359,255.5891698993239,31456.58001192732,4.61535408898621,0.0026737983844022043,,,822,18,18,180.0,480.0,751
396.69973613410593,24.87645297907567,2.925907465524376,0,0.0,151.24789490587602,27469.387813148263,1142.69213256558,215.58830423333745,28827.66824994718,5.300343804034988,0.0026560440581162963,,,822,18,19,190.0,490.0,756
394.16439658717104,24.509204531514943,2.908380399039353,0,0.0,152.2207498178511,24298.792857178207,1104.248535570293,183.17232672781364,25586.213719476313,6.028468138700666,0.002638523958181172,,,822,18,20,200.0,500.0,761
391.85976357984293,23.910413396516766,2.8823216674622674,0,0.0,153.11600112210746,20949.62511702886,1059.348478973167,149.7241210459952,22158.69771704802,7.075336101974748,0.002624673422771217,,,822,18,21,210.0,510.0,765
389.6541521050065,23.307511978611494,2.8613382801487615,0,0.0,153.98270408736929,17573.80746127398,1028.0269723139484,117.9630567735274,18719.797490361456,8.714821406227346,0.0026075634070808302,,,822,18,22,220.0,520.0,770
387.2739018087855,22.630038233588923,2.86603963347291,0,0.0,154.92910758965806,14135.359692157217,980.6481524897282,94.39074936099455,15210.39859400794,10.389240038123537,0.0025906750240925064,,,822,18,23,230.0,530.0,775
384.3806340144231,20.792628655130798,2.8698431931558583,0,0.0,156.0952729937706,9930.904435711676,942.1682218320095,80.5682772162441,10953.64093475993,11.694034605000223,0.0027383227717641566,,,822,18,24,240.0,540.0,781
381.5659832802548,18.616309156685066,2.857645961199358,0,0.0,157.24672174440366,6412.258612391436,889.6866978969639,66.099349979622,7368.044660268022,13.459840348978446,0.004051022517532836,,,822,18,25,250.0,550.0,786
379.30985462816454,17.197664964626377,2.8663430301571147,0,0.0,158.1820226073949,4653.185581178942,824.91914521047,61.786142410694346,5539.890868800106,13.35120001063034,0.004656370233661543,,,822,18,26,260.0,560.0,791
377.0281505824937,15.359966444896218,2.956712448653486,0,0.0,159.1393107047905,3474.326028524038,757.9228150022549,58.86284981888356,4291.111693345177,12.87608087842034,0.005503348026615928,,,822,18,27,270.0,570.0,795
375.15786536654133,14.165398205593045,2.941310500685711,0,0.0,159.93267245344322,3210.2442658747796,682.9257973417141,58.43294083144063,3951.6030040479345,11.687342578079805,0.005555375444341416,,,822,18,28,280.0,580.0,799
373.469402665212,13.327542751894766,2.9256773212773095,0,0.0,160.6557312910199,3389.2654043808984,613.0046462672339,61.60299601992351,4063.873046668056,9.950890149384572,0.007841353265759883,,,822,18,29,290.0,590.0,803
371.71349158653845,12.331882181288174,2.9493906784021653,0,0.0,161.41464153993837,3915.876991813692,535.2270506103288,61.1450166391796,4512.249059063201,8.753404284256485,0.015392096512828756,,,822,18,30,300.0,600.0,807
370.25781732849197,11.967115838443396,2.9273757199443002,0,0.0,162.04924566594127,4412.448822251269,472.3192068808061,60.35569563839609,4945.123724770471,7.825594616795931,0.021824760334898344,,,822,18,31,310.0,610.0,810
369.1322063577586,12.338024805624837,2.9002018922723236,0,0.0,162.54338951353571,4522.144282335859,425.30638399922947,68.39372314337695,5015.844389478465,6.218500243182256,0.01779968585399511,,,822,18,32,320.0,620.0,813
368.0956791308354,12.586417697461185,2.9309022296593645,0,0.0,163.00109836028173,4560.983798317022,377.9676157531881,68.43180464726775,5007.3832187174785,5.5232741223386554,0.01668713390072994,,,822,18,33,330.0,630.0,815
366.8880766141371,12.374199206352282,2.894888034392865,0,0.0,163.53761221600857,4662.091964649236,354.6728901295748,73.00053527622975,5089.76539005504,4.858497116322686,0.018088266255910354,,,822,18,34,340.0,640.0,818
365.6356122176435,12.166206739600147,2.923177594730392,0,0.0,164.09780118541948,4755.863103030728,329.916310115891,68.45949520646832,5154.238908353087,4.819146111447214,0.020641435675651566,,,822,18,35,350.0,650.0,820
364.3243423053528,12.145593396475274,2.8939474682165813,0,0.0,164.68841917159608,4607.570284050021,322.1880108983379,69.59590313106031,4999.354198079419,4.62941058889064,0.019971664456009057,,,822,18,36,360.0,660.0,823
363.1149384469697,12.033422087575385,2.9263907184517586,0,0.0,165.2369364273967,4375.9154103539595,329.0504520952951,72.81847891417195,4777.784341363427,4.518776785809175,0.02081288534762826,,,822,18,37,370.0,670.0,826
441.9211778668879,24.08043674231845,3.288634598838996,0,0.0,135.7708184287849,6784.441720372119,1686.5720682431077,196.17704688516986,8667.190835500396,8.597193683062853,0.0029588928373875147,,,861,19,0,0.0,300.0,679
439.50905148678413,21.539994045705004,3.282974602037097,0,0.0,136.51595978974777,5856.46612829765,1302.0758702393218,194.54528958859183,7353.087288125564,6.6929190266844465,0.0035635441353529646,,,861,19,1,10.0,310.0,682
437.9540158991228,19.675704517058247,3.2833670578083343,0,0.0,137.00068459657703,5881.951577916877,1103.6912356366818,196.732373860575,7182.3751874141335,5.6101149697856645,0.0037300624851188896,,,861,19,2,20.0,320.0,685
436.8266558855685,19.179073697247674,3.271609381974077,0,0.0,137.3542552671457,6459.522516734741,1000.0179163637059,196.13803243404806,7655.678465532495,5.098541593150552,0.004190885570489339,,,861,19,3,30.0,330.0,687
435.49932435501455,19.01442168337404,3.2359970882981135,0,0.0,137.77288883022152,7424.39473836386,966.3089385967036,201.50152528567975,8592.205202246243,4.795541558440883,0.0044154742191927845,,,861,19,4,40.0,340.0,689
434.2115319293478,18.93049659877425,3.1438538364037276,0,0.0,138.18149815920324,8951.704179234475,945.8172981519091,202.97247863532942,10100.493956021714,4.659830261279964,0.003991918678257853,,,861,19,5,50.0,350.0,691
431.9403480727666,16.96825695921606,3.0734770337590223,0,0.0,138.9080697547897,12099.176660410325,931.2462688258233,204.89613444466303,13235.319063680812,4.544967484866476,0.00417509108756544,,,861,19,6,60.0,360.0,695
430.3539758441092,16.97732729308396,3.037762281735333,0,0.0,139.42011313434296,14415.531712969196,917.4781407490761,202.51258281658843,15535.52243653486,4.530474738846315,0.003966754508722606,,,861,19,7,70.0,370.0,697
428.451079667382,17.13174525285948,3.044102201417319,0,0.0,140.03932501834188,17147.365231903903,905.5072830472649,197.50140310010732,18250.373918051275,4.584814430853898,0.003950679563221376,,,861,19,8,80.0,380.0,700
426.9122262286325,16.965934069811766,3.0269257914048517,0,0.0,140.54411261547483,20840.609323955596,905.0437772494919,195.65627368493872,21941.309374890025,4.62568237759074,0.0039039482690773003,,,861,19,9,90.0,390.0,703
425.1454454787234,17.029322152481594,3.0020814812797116,0,0.0,141.12817304778756,24281.077355269674,897.8190031673752,190.61621498931177,25369.512573426364,4.710087246343223,0.003917386100046898,,,861,19,10,100.0,400.0,706
423.241911634887,16.731800839306242,3.027673456118594,0,0.0,141.7628981218653,27319.479149075625,901.282545493113,186.08225135555216,28406.843945924287,4.8434632477173185,0.003897492143821771,,,861,19,11,110.0,410.0,709
421.63188950421943,16.26597918473282,3.0463406475502035,0,0.0,142.30422672856096,30048.599758902543,901.5627272298022,181.49635565800475,31131.658841790348,4.967387493601388,0.004607193432120599,,,861,19,12,120.0,420.0,712
420.1827938727209,15.965191673667729,3.127971051200258,0,0.0,142.79499511865976,31846.123925817974,909.7813648371641,175.02145201001917,32930.92674266516,5.198113456315534,0.005185372205942242,,,861,19,13,130.0,430.0,714
418.4508936365223,15.496692966331933,3.1240715301490134,0,0.0,143.38600039439183,32339.038623387052,929.1977658719966,171.44056280189525,33439.676952060945,5.41994117778132,0.006253218943465526,,,861,19,14,140.0,440.0,717
416.84189480327296,15.58898196824301,3.1690443820987806,0,0.0,143.93946661315505,32471.130215226116,954.1541796937785,169.80145839578225,33595.08585331568,5.619234302863202,0.00617474152714944,,,861,19,15,150.0,450.0,719
415.2645793602635,16.079884877449818,3.1471106018342296,0,0.0,144.48619743208798,32097.170424344484,992.0770669226226,169.18431251766097,33258.43180378477,5.863883312579946,0.005061347509716556,,,861,19,16,160.0,460.0,722
413.2037984913793,16.405002660192405,3.156870403573668,0,0.0,145.2067967890469,30627.729179562364,1045.342670532278,169.97931014159963,31843.051160236242,6.149822997054555,0.004124967699880252,,,861,19,17,170.0,470.0,726
410.83877207647464,16.574599881214876,3.1324381913475197,0,0.0,146.04269138656522,28393.160413811438,1117.059754425205,171.6644980594951,29681.884666296137,6.507226404134284,0.004546643572113706,,,861,19,18,180.0,480.0,730
408.6121354877217,16.751906775864867,3.1795186119970937,0,0.0,146.83851699211937,25791.141920086502,1198.014523533381,173.0940572765219,27162.250500896404,6.921176511678411,0.005702191120204662,,,861,19,19,190.0,490.0,734
406.5401861431479,17.40473957222612,3.190167575083028,0,0.0,147.58688573747358,22585.005984570922,1284.0826639607692,170.8243557346079,24039.9130042663,7.516976478200306,0.004284819729582223,,,861,19,20,200.0,500.0,738
404.6446104307432,17.95406003029469,3.2603854597527206,0,0.0,148.2782630815968,18716.264331393897,1376.1728893724483,171.7864138612567,20264.2236346276,8.010953011010022,0.003506181802325566,,,861,19,21,210.0,510.0,741
402.6266118531586,18.416000865109293,3.213228922633559,0,0.0,149.0214462572149,15245.852662133719,1450.1437847562158,166.9878707897365,16862.98431767967,8.684126445220508,0.0032423087392233455,,,861,19,22,220.0,520.0,745
400.7424747242647,18.84948913285494,3.2452903313772823,0,0.0,149.72208783529538,12306.72992409624,1520.421309424432,162.49884030153987,13989.650073822211,9.356505600920428,0.0030919714428665366,,,861,19,23,230.0,530.0,749
398.72942847037285,18.88042067772346,3.282954666325113,0,0.0,150.47798260132242,9772.751584801386,1560.8088528795618,161.6123639296695,11495.172801610617,9.657731716360482,0.0031501826153929728,,,861,19,24,240.0,540.0,752
396.7411268625828,19.08508385531188,3.2713848189328436,0,0.0,151.2321156984108,8173.903054675382,1563.034939647667,159.58466306044082,9896.52265738349,9.794393205916572,0.003045658937089325,,,861,19,25,250.0,550.0,756
394.97449872364956,19.979612143353837,3.2544889300978284,0,0.0,151.90854142201215,6710.854291957319,1521.0110536196755,149.84569867130517,8381.711044248299,10.15051527742613,0.0027378429363503864,,,861,19,26,260.0,560.0,760
393.19456405839895,20.7637803489481,3.2369078341931785,0,0.0,152.59620931862258,5443.257912637911,1446.3950422472326,142.49635129500075,7032.149306180145,10.150400547820743,0.0026594655192755698,,,861,19,27,270.0,570.0,763
391.75347222222223,21.179888181291492,3.2702459811517137,0,0.0,153.15754487037447,4806.535157929173,1348.1576101816356,134.09687925222985,6288.789647363038,10.053609134675053,0.0026281494929461346,,,861,19,28,280.0,580.0,766
390.3052012125651,21.79745939436702,3.2845406939390913,0,0.0,153.725853033978,4404.897465688167,1214.5676267531633,127.26041075195597,5746.725503193286,9.54395494699828,0.002610967540720402,,,861,19,29,290.0,590.0,769
388.52494730869,22.555363767407762,3.309580197751334,0,0.0,154.43023778941262,4007.769356317835,1048.6773541194138,126.69553025801092,5183.14224069526,8.277145626083414,0.0026007817000573675,,,861,19,30,300.0,600.0,772
386.1983781008376,22.318904999376283,3.308338674256484,0,0.0,155.3605695991137,4111.500135770135,892.5098086497972,118.62297624169395,5122.6329206616265,7.523920212820417,0.002583980765925018,,,861,19,31,310.0,610.0,777
383.4649986013427,21.380972050990213,3.3405496030626334,0,0.0,156.46799634606836,4340.055847164774,734.2561048083655,113.79936813235255,5188.111320105491,6.452198433601148,0.0025641039689376474,,,861,19,32,320.0,620.0,783
380.86372356075066,20.7547533738132,3.3685613807022383,0,0.0,157.5366628227315,4227.752851791571,586.6004085301571,111.00370122739952,4925.356961549128,5.284512156297037,0.00255102179160533,,,861,19,33,330.0,630.0,787
378.524760982933,20.484983631468257,3.4337814463673113,0,0.0,158.51010603426624,4078.6862684744424,461.49996101305373,112.08579019112909,4652.272019678626,4.11738151844317,0.0025348556031880663,,,861,19,34,340.0,640.0,792
376.2231567996231,20.173103814507645,3.4781128121925757,0,0.0,159.47981647486966,3812.243001322175,363.03903507948087,110.9828684977046,4286.264904899361,3.2711267963576685,0.002518893019483915,,,861,19,35,350.0,650.0,797
373.9856429463171,20.016011750274544,3.4968830261956523,0,0.0,160.43396620070936,3474.077180475214,295.29040207610365,111.33935403404791,3880.7069365853654,2.652165576475349,0.002503130218118477,,,861,19,36,360.0,660.0,802
371.8685784351737,19.923021341168678,3.619636350376064,0,0.0,161.3473239725726,3152.0411533409133,250.50333456175096,110.00587486238729,3512.5503627650514,2.2771814221296824,0.0024875634718017465,,,861,19,37,370.0,670.0,807
511.3801302975171,44.5369370279076,7.040698459179747,0,0.0,117.3295488917265,26870.539617193408,22097.615341610697,11510.019505192775,60478.17446399688,1.919859069886137,0.0034364294985810982,,,870,20,0,0.0,300.0,586
506.26682590793916,43.837930989765674,6.626474699181905,0,0.0,118.51457952512683,22192.466675391057,19784.594714646006,10564.115532588974,52541.17692262604,1.8728112782951878,0.0033898337545115397,,,870,20,1,10.0,310.0,593
502.39880453020135,45.09326473332685,6.531899108325205,0,0.0,119.42703577112741,16506.25616371189,17477.598675701745,9500.565457490564,43484.420296904194,1.839637730396544,0.0033670065479042954,,,870,20,2,20.0,320.0,597
498.27398255813955,47.0989619888105,6.3827445185236495,0,0.0,120.41567912488605,14055.363152875976,15612.245835450656,8546.074989265497,38213.683977592125,1.8268323008001677,0.0033333364197582274,,,870,20,3,30.0,330.0,603
493.62258031301485,48.89218296678962,6.278230469763533,0,0.0,121.55035525715402,13783.908872092266,14004.526770402004,7539.15915439695,35327.59479689122,1.857571445780443,0.003305788134499544,,,870,20,4,40.0,340.0,608
488.6317292006525,49.65339187836354,6.092271607894019,0,0.0,122.79186228482004,13526.617351653951,12673.403138906448,6636.412608248475,32836.43309880887,1.9096767918189002,0.0032733253449691376,,,870,20,5,50.0,350.0,614
483.6335066639742,50.215258602366035,5.817713766411606,0,0.0,124.06088323753727,13142.040316427025,11542.54080631462,5813.421205773501,30498.002328515147,1.9854987962770254,0.0032414939241709557,,,870,20,6,60.0,360.0,620
478.32578125,49.60247017775001,5.4308714822168085,0,0.0,125.43752051834443,11686.280483480316,10466.297157073337,5009.812723098014,27162.390363651666,2.089159362947422,0.0032102756302482102,,,870,20,7,70.0,370.0,627
472.9706969442247,47.76447137061892,5.184965514613021,0,0.0,126.85775331886053,9775.174771700029,9524.967667797715,4334.176234891996,23634.31867438974,2.197641985832879,0.003174605840772654,,,870,20,8,80.0,380.0,634
467.3003912343994,46.63685615676126,4.991541502799809,0,0.0,128.39706776514083,8760.142951994027,8675.841688340095,3780.197567633479,21216.182207967602,2.295076258083368,0.0031298930089277044,,,870,20,9,90.0,390.0,642
461.7535626446759,44.883307924834654,4.622447562631868,0,0.0,129.9394414118914,8376.781537956487,7826.92385288632,3209.608999087738,19413.314389930543,2.4385910729658824,0.003095977705128121,,,870,20,10,100.0,400.0,649
456.9977550971799,44.23977097974759,4.286816357179938,0,0.0,131.29167338522504,8517.642576503775,7031.332221476227,2734.447413353914,18283.422211333916,2.571390543894938,0.0030581063588208846,,,870,20,11,110.0,410.0,657
452.0445948812217,43.98887813502609,4.056057476889334,0,0.0,132.73026749886364,8244.10638087783,6273.82233526266,2287.2136943960236,16805.142410536515,2.7429978889311286,0.003025720916536956,,,870,20,12,120.0,420.0,664
447.1154967350746,43.56854010484951,3.90364898164575,0,0.0,134.19351473642004,8493.29436236563,5552.04018804132,1886.7358431816097,15932.070393588561,2.9426695889122954,0.0029940142126047777,,,870,20,13,130.0,430.0,671
442.34819285450516,43.478648885951344,3.8996985758726437,0,0.0,135.63975386180653,8732.245317687823,4909.993310870045,1545.6197410590482,15187.858369616917,3.1767149321642014,0.002962965130657072,,,870,20,14,140.0,440.0,678
437.05157844387753,43.8455051520366,3.7233628988048038,0,0.0,137.2835677968034,8900.732913390715,4306.289696883681,1254.164800337281,14461.187410611677,3.4335915788145197,0.0029239786914352006,,,870,20,15,150.0,450.0,687
431.6131855637608,43.99058186226555,3.519726847033991,0,0.0,139.01336197973126,8652.153721632725,3746.5340536020444,993.3256396142486,13392.013414849018,3.7717077906667,0.002890175422233386,,,870,20,16,160.0,460.0,695
426.52721594950214,44.24994330768066,3.465237888240996,0,0.0,140.67097656695273,8878.004868887956,3264.9983922254623,813.3468309421967,12956.350092055616,4.014275666929476,0.002853068982406399,,,870,20,17,170.0,470.0,704
421.2095365242616,44.157863246840996,3.3206462297329185,0,0.0,142.4469172638118,8519.818602910873,2821.3647178478614,656.9017315633073,11998.08505232204,4.294957041951349,0.0028208763416413406,,,870,20,18,180.0,480.0,712
416.0318784674064,44.97025395993026,3.2982084240423934,0,0.0,144.21971753950734,8888.424610534408,2429.593243590884,559.7770545182393,11877.794908643531,4.340287305419947,0.0027816429618768026,,,870,20,19,190.0,490.0,722
410.9888063700274,45.51445034556823,3.2932393421577126,0,0.0,145.98937749652464,8948.105370838528,2068.281081915833,482.8072148929454,11499.193667647307,4.283865315422928,0.002751033371889871,,,870,20,20,200.0,500.0,730
405.6902629573171,45.42763214321997,3.2111055997435654,0,0.0,147.89608102157638,8397.615094869718,1747.5248738707191,435.89784088967167,10581.037809630108,4.0090239270375925,0.002717392976499915,,,870,20,21,210.0,510.0,739
400.4193474264706,44.685694205742244,3.1864362468111365,0,0.0,149.8429094039165,7307.0793180315395,1486.9156875218046,405.1524964589767,9199.147502012322,3.6700148722207384,0.002680966753257824,,,870,20,22,220.0,520.0,749
395.6211865105541,44.02499048686008,3.0480757437525345,0,0.0,151.6602296484932,6543.856227387575,1271.2033769647592,391.2590020765186,8206.318606428853,3.24900735885471,0.002645504188424054,,,870,20,23,230.0,530.0,759
390.94903540580185,43.52626833911863,3.0720439392482066,0,0.0,153.47268970166533,5978.860401066983,1095.2538559628183,374.3258145542514,7448.440071584053,2.925937280780517,0.0026143805740708207,,,870,20,24,240.0,540.0,768
385.89489321911196,42.437547444474355,2.991948758257753,0,0.0,155.48275205065195,5856.366219559016,932.952660949155,364.07949109654635,7153.398371604717,2.5624971572533735,0.0025806465934916254,,,870,20,25,250.0,550.0,778
381.3060343113868,41.77932153138693,2.99960727915361,0,0.0,157.35392204940052,6106.474039855171,803.7461051044678,350.6849692951654,7260.905114254804,2.291932005868118,0.00255102179160533,,,870,20,26,260.0,560.0,787
376.82967275943395,40.88781421671981,3.117821661984235,0,0.0,159.22313006997112,7084.282112369447,682.8675963324524,343.7020337866327,8110.851742488531,1.9868011510120154,0.002522069432709835,,,870,20,27,270.0,570.0,796
372.69220304726366,40.1039023328582,3.221196548305818,0,0.0,160.9907572775033,8566.121715051015,591.4749556649741,340.83264133667706,9498.429312052667,1.7353823663875865,0.002493766878402462,,,870,20,28,280.0,580.0,805
368.54904193573185,38.980925415807334,3.3018729310772152,0,0.0,162.80058600847724,10459.747632481469,504.629022621982,334.61646758864606,11298.993122692098,1.5080818534081755,0.002466092495193554,,,870,20,29,290.0,590.0,814
364.7680723464112,38.37694709487207,3.3040467612783098,0,0.0,164.48808036855672,12531.500265173836,436.5850789314305,341.8047928356924,13309.890136940958,1.277293613437713,0.002439025599358747,,,870,20,30,300.0,600.0,823
360.9575018825301,37.138812592174844,3.3650112510071892,0,0.0,166.22455465554054,14469.816379054833,381.75237010904465,330.4095372106453,15181.978286374524,1.1553914978721298,0.002415460111603662,,,870,20,31,310.0,610.0,831
357.19490278605485,35.65532391204289,3.36389331250375,0,0.0,167.9755212966674,16181.215041852547,338.2603434942217,330.0316579935243,16849.507043340294,1.0249330187010692,0.002389487397381467,,,870,20,32,320.0,620.0,840
353.7225824601535,34.62722966447477,3.597454115137871,0,0.0,169.62445423387393,17336.145555463823,292.5392349590062,322.5731591717257,17951.257949594557,0.9068926742391155,0.002366865010266168,,,870,20,33,330.0,630.0,848
350.44259411549706,33.717395941184904,3.7602608683853456,0,0.0,171.21206442224175,17902.942419653304,258.99977534470594,315.3248355075228,18477.267030505533,0.8213744880825504,0.0023446669592541345,,,870,20,34,340.0,640.0,856
347.21662713644264,32.54330633736879,3.9383702768862903,0,0.0,172.8027845176387,17679.69366554966,236.522057755941,301.6041611730581,18217.81988447866,0.7842135096412893,0.0023228814161396385,,,870,20,35,350.0,650.0,864
344.09981343283584,31.52408307573486,5.939159680591226,2,0.22988505747126436,174.36801084378175,16908.093882329318,204.61027749307019,285.75228248458103,17398.456442306968,0.7160407459006414,0.0023014969882792745,,,870,20,36,360.0,660.0,872
340.87870604356493,29.817419367962952,5.994615588431615,2,0.22805017103762829,176.01568809150515,15054.965512435929,182.4840902267313,258.6585388927176,15496.108141555378,0.7055018984021216,0.0022831060145686323,,,870,20,37,370.0,670.0,879
337.7739219278467,27.982508658925177,6.01537434822161,2,0.22573363431151242,177.63360669630634,12810.37670366405,164.27246188974053,239.13895121364234,13213.788116767433,0.6869331033528809,0.0022598879674374786,,,870,20,38,380.0,680.0,888
438.60540432908545,40.678953810858985,3.8963857745070656,0,0.0,136.79722002463524,134515.23788970825,18320.66702833674,1518.8651108996842,154354.77002894465,12.062076412753123,0.0030075210639553284,,,942,21,0,0.0,300.0,679
434.40022904571845,41.00750645559615,3.855755940050999,0,0.0,138.1214741341338,137207.9725872404,18060.70689527772,1468.513958372167,156737.1934408903,12.298628005754765,0.0029112102074584415,,,942,21,1,10.0,310.0,690
429.0187365687679,40.569370123746666,3.7391873771337027,0,0.0,139.8540317373354,135830.3284631054,16852.41628521151,1377.4249440042038,154060.1696923211,12.234725644085678,0.0028735651957318073,,,942,21,2,20.0,320.0,699
424.0010291253541,40.6670513421831,3.396032061577635,0,0.0,141.50909049388477,130204.47885277962,15349.373220208627,1255.090505783297,146808.94257877156,12.22969431246645,0.0028409110016037525,,,942,21,3,30.0,330.0,707
420.0328168828892,40.27121123464708,3.257704788346205,0,0.0,142.8459815241741,120678.78553045419,13675.879914203277,1132.6488610594388,135487.3143057169,12.074245058977372,0.0028129413766146126,,,942,21,4,40.0,340.0,714
416.4529728789986,39.806375550972284,3.0952503924521717,0,0.0,144.07389046886007,108954.28926177701,11797.70570177193,996.8985379520283,121748.89350150098,11.834409674236726,0.0027894020875785254,,,942,21,5,50.0,350.0,720
413.17214439655174,40.154638781403,3.0589656119147417,0,0.0,145.21792142505518,94613.40528163145,9894.645715800862,869.0075438487835,105377.05854128109,11.386144787625266,0.002766253492890185,,,942,21,6,60.0,360.0,726
410.0613991963064,41.02536405084117,3.0542383433425098,0,0.0,146.31955145643087,80819.47666590071,8134.745688518648,755.5588785823995,89709.78123300176,10.766527823458688,0.0027434859457508326,,,942,21,7,70.0,370.0,732
407.0474375849185,41.4849957508447,3.0618952321247,0,0.0,147.4029669760119,68808.02087214545,6445.217323936387,627.0647198127397,75880.30291589459,10.278392517220746,0.0027247973261851424,,,942,21,8,80.0,380.0,737
403.3592430320946,40.64313010461984,2.972541921125174,0,0.0,148.75077498899884,60088.049715077876,4727.136715561021,520.0110659601368,65335.19749659903,9.090454078766463,0.0027100287588651298,,,942,21,9,90.0,390.0,743
400.6828040768194,39.88528154496977,2.973509346255443,0,0.0,149.7443848089291,55541.16450047558,3469.7100097911325,425.81507732270876,59436.68958758942,8.148396321724357,0.002702704347885139,,,942,21,10,100.0,400.0,747
399.1545197147651,38.926696603269136,3.0025593665767127,0,0.0,150.31772668608602,58119.97008571606,2743.2512353885286,345.48828433601716,61208.70960544061,7.94021493568355,0.0026917916657114146,,,942,21,11,110.0,410.0,750
397.8858140896921,37.71930621592425,3.0301274004593375,0,0.0,150.797032403057,65377.45390861462,2173.3122752499603,287.2982929772847,67838.06447684186,7.564654327486011,0.002684565370668987,,,942,21,12,120.0,420.0,753
397.50669344042836,37.3981808301359,3.1642221695803014,0,0.0,150.9408545569354,77755.7277323119,1766.6431834424038,235.8760135000037,79758.24692925431,7.489711044494892,0.002684565370668987,,,942,21,13,130.0,430.0,753
396.85531229138854,36.6232641538207,3.2085370889393325,0,0.0,151.18860234872042,92295.23744114648,1527.4452211220012,197.26912049141404,94019.9517827599,7.742951442765123,0.002677377770716403,,,942,21,14,140.0,440.0,755
394.5364375830013,33.91177059367129,3.1646746360692224,0,0.0,152.07720829936625,100961.70950912076,1372.0907049960667,166.90787302975667,102500.70808714659,8.22064699579179,0.002663117419483662,,,942,21,15,150.0,450.0,759
392.13969445353405,30.785930977384094,3.080107077188972,0,0.0,153.0066985022084,106444.56293585524,1330.3395422425529,155.8892689903893,107930.79174708818,8.5338750438593,0.002624673422771217,,,942,21,16,160.0,460.0,765
389.30746606794537,28.316705889547297,2.9289986542331463,0,0.0,154.11982874617738,107039.77488130213,1379.8473861341477,142.96473236014742,108562.58699979643,9.651662779727564,0.0026075634070808302,,,942,21,17,170.0,470.0,770
386.26953125,26.162434021596425,2.8648327966826197,0,0.0,155.33195125651008,105188.01606952486,1564.6124495454956,152.59755595546088,106905.22607502583,10.253194684206894,0.0025873235649509123,,,942,21,18,180.0,480.0,776
383.8459557058259,26.094887349647202,2.8745500091212803,0,0.0,156.3127059386895,108491.7971520204,1932.798296343072,173.82906160803452,110598.4245099715,11.118959502303017,0.0025673955052458097,,,942,21,19,190.0,490.0,782
381.6903861464968,26.89187406324206,2.8606772700528005,0,0.0,157.19547093064946,119262.18531021767,2456.4802689915023,208.64608575627787,121927.31166496545,11.773430879795885,0.0025542798050967423,,,942,21,20,200.0,500.0,786
379.25979034810126,27.134525164770054,2.8889200371851333,0,0.0,158.2029034634264,132606.44097977673,3102.509329654081,259.08519975710146,135968.0355091879,11.974861291045405,0.002538072428471,,,942,21,21,210.0,510.0,791
376.3551795796738,26.386212506712273,2.8504038276690165,0,0.0,159.42387206417627,146473.47909248108,3885.484473513507,312.57129410254714,150671.53486009713,12.430714358045856,0.002515724597247247,,,942,21,22,220.0,520.0,798
373.27307752179325,25.222709952600013,2.8413959398213424,0,0.0,160.74022910612123,161870.0049232889,4659.4157879036,372.0568753455758,166901.4775865381,12.52339654676672,0.0024968801985871545,,,942,21,23,230.0,530.0,804
370.85867400216586,25.338989740531595,2.8890176353555876,0,0.0,161.78669721407027,185592.94747478666,5398.150465338114,428.5139761837579,191419.61191630852,12.59737316717821,0.002481390851385398,,,942,21,24,240.0,540.0,809
369.06906654094826,25.904184155724668,2.897551200583327,0,0.0,162.57119720799736,209014.40308471705,6019.574508325891,479.2361465623298,215513.21373960527,12.560768947638177,0.0024691370569212647,,,942,21,25,250.0,550.0,813
366.8512082567402,25.765559997707705,2.892657643585965,0,0.0,163.5540476617678,225434.61572921122,6419.341369417302,536.42602288211,232390.38312151062,11.966871657209062,0.002457003693052103,,,942,21,26,260.0,560.0,817
364.1878037667072,25.25269611765468,2.9045318210427955,0,0.0,164.75016290890133,239109.3877375198,6590.243130253306,536.7709715853463,246236.40183935847,12.277569911780263,0.0024360547978811158,,,942,21,27,270.0,570.0,824
362.1554904513889,25.43896935994768,2.9019538750276648,0,0.0,165.67469383169168,244397.9219505037,6532.044276823731,548.4384177502928,251478.4046450777,11.910260232349017,0.002421308689010339,,,942,21,28,280.0,580.0,829
360.54781513237066,25.843672274332203,2.9432358821185476,0,0.0,166.4134338963384,236003.08840450045,6170.580400005555,523.5985196314136,242697.2673241374,11.78494623007973,0.002412546405383878,,,942,21,29,290.0,590.0,832
359.21068020209583,26.496845220125323,2.9761564978776716,0,0.0,167.03289547583427,216554.54986642543,5659.435392202038,507.50879132750805,222721.49404995496,11.151403658246904,0.0024009615375381503,,,942,21,30,300.0,600.0,836
357.9247405167264,27.163231061202772,2.963947224007874,0,0.0,167.63300551221914,186692.03042815882,4910.198176042663,445.87023797013245,192048.09884217163,11.012617030454459,0.002395210725954822,,,942,21,31,310.0,610.0,838
356.7173549107143,27.763468461397522,3.0056690671762163,0,0.0,168.2003950018577,152993.6823247624,4084.668524794261,391.2060408005894,157469.55689035723,10.441220479201013,0.0023866359777308553,,,942,21,32,320.0,620.0,841
355.5006448559976,28.133834796714915,3.0176810709972193,0,0.0,168.7760651582057,116056.67585595987,3200.6889505496574,302.1857090741839,119559.5505155837,10.591794563534165,0.0023809535057418476,,,942,21,33,330.0,630.0,844
353.58239354191437,27.842315454777697,3.0370506849854855,0,0.0,169.6917072113419,81092.713346943,2115.643030318817,247.4010117463557,83455.75738900817,8.551472831032113,0.0023837913552762504,,,942,21,34,340.0,640.0,847
569.2721225247525,44.94463302262244,7.843380403022125,0,0.0,105.39774850364492,32056.87818555283,20727.787337994592,9905.999353547923,62690.66487709534,2.092447879130009,0.003976148379639406,,,973,22,0,0.0,300.0,520
565.9459772347036,44.95124056185185,7.652843701030876,0,0.0,106.01718611583554,32058.543631298846,21948.337753635158,10373.528041101332,64380.40942603534,2.1158026147587257,0.003838776307165713,,,973,22,1,10.0,310.0,528
560.9528616573034,43.73944492589256,7.123342222802395,0,0.0,106.96085910451264,32112.546752126716,21770.531439523194,10679.976306728366,64563.054498378275,2.038443795592299,0.0037594029239057013,,,973,22,2,20.0,320.0,535
556.7195849790892,44.64670228446728,7.023026345489727,0,0.0,107.77418581789905,32407.93932796512,20692.436985066954,10689.880806159264,63790.25711919134,1.9357032468635613,0.0037313476128581356,,,973,22,3,30.0,330.0,539
552.3162335980663,44.76242271818401,6.892491674957388,0,0.0,108.63341750636181,32923.299697262715,19333.35651390646,10549.765500628804,62806.42171179798,1.832586374811281,0.0036968618813260916,,,973,22,4,40.0,340.0,544
547.5016424817185,44.5897856203145,6.658055207229206,0,0.0,109.58871233341267,30317.808663312546,17757.714454185756,10087.752373646432,58163.27549114474,1.7603241828751248,0.0036697288889624017,,,973,22,5,50.0,350.0,548
542.4848915874094,45.18164407502404,6.550914351072705,0,0.0,110.60215856782499,28290.28640458523,15913.397976312795,9361.573940223827,53565.25832112185,1.6998635141829923,0.0036363676433838745,,,973,22,6,60.0,360.0,553
536.8389826948925,46.65614452687949,6.477584555886019,0,0.0,111.76535597099223,25830.357620618583,14010.451835653937,8487.089369419864,48327.89882569238,1.650795841285176,0.0035971261808494803,,,973,22,7,70.0,370.0,559
531.2119071365248,48.40397837293406,6.450628339551691,0,0.0,112.94927540955821,22926.257470939025,12133.39946233465,7417.781505389174,42477.43843866285,1.6357180989382716,0.0035587226169941063,,,973,22,8,80.0,380.0,565
524.9690441659369,47.86786786560108,5.947305432314636,0,0.0,114.29245336804024,20078.390869476185,10231.128899019279,6256.455068431722,36565.974836927184,1.6352916766944625,0.003514942107444497,,,973,22,9,90.0,390.0,572
519.5431179470486,48.131320823557594,5.754157483298802,0,0.0,115.4860836903919,16737.779497965992,8544.507377118201,5058.347913102808,30340.634788187002,1.6891893408488328,0.0034843240826109225,,,973,22,10,100.0,400.0,577
514.2524430841925,48.63201194567991,5.612630310952182,0,0.0,116.67421478866345,13850.578555937973,7112.21577843796,3959.6669042354692,24922.461238611402,1.796165170062754,0.0034482792789159327,,,973,22,11,110.0,410.0,583
508.2693326271187,48.678158792421975,5.514040533817599,0,0.0,118.04764944183198,11963.072786151719,6011.564035998448,3040.3332380369197,21014.97006018709,1.9772714256414836,0.00340136382349029,,,973,22,12,120.0,420.0,591
502.58068110318794,49.36533811194742,5.423508219337756,0,0.0,119.38381687950522,10194.068746622193,5190.7853737132045,2278.258784586143,17663.11290492154,2.278400245324254,0.0033670065479042954,,,973,22,13,130.0,430.0,597
496.54802161069654,49.96660055894187,5.390488228262887,0,0.0,120.83423433119866,9258.291459926066,4604.704089426615,1688.3507794919733,15551.346328844653,2.727338504153844,0.003327790092674691,,,973,22,14,140.0,440.0,604
491.3790343237705,50.53241259210609,5.287310753344974,0,0.0,122.10533174776418,8888.176863922477,4261.12205059538,1307.806363344863,14457.105277862722,3.258220918651196,0.0032894766503987574,,,973,22,15,150.0,450.0,611
486.4359273538961,50.64837134432705,5.261345254532686,0,0.0,123.3461523419677,8913.144060946544,4000.7454320676006,1060.096200085613,13973.985693099758,3.7739456397867497,0.0032573318703065105,,,973,22,16,160.0,460.0,617
481.72948904742765,50.53448102857697,5.260884269709747,0,0.0,124.55122919430167,9435.862726647449,3778.1139479539047,898.5390603748466,14112.515734976201,4.20472978256257,0.003225809248882677,,,973,22,17,170.0,470.0,623
476.6355866839172,50.41318072857852,5.259311523854954,0,0.0,125.88233374984911,10408.659192637278,3539.5493281608497,783.3909140936582,14731.599434891787,4.5182414864434834,0.0031948908965191767,,,973,22,18,180.0,480.0,629
471.06760580708664,49.506840601935885,4.766243675843463,0,0.0,127.37025272031,11933.81414034492,3239.834303572502,690.4860581843554,15864.134502101779,4.692106763301927,0.0031595602903684815,,,973,22,19,190.0,490.0,637
465.0734848117236,48.25212651043312,4.583761449690336,0,0.0,129.01187007960667,13941.807574475491,2919.3671872433283,604.9110449084792,17466.0858066273,4.826109907920458,0.0031152673169493115,,,973,22,20,200.0,500.0,645
459.66391849078343,47.600142808320264,4.617888187307241,0,0.0,130.53014949922166,15688.527497660669,2557.2971904319165,535.5616826550925,18781.38637074768,4.774981618837813,0.003081666537408112,,,973,22,21,210.0,510.0,652
454.8076809085736,47.52993378450251,4.646535045013385,0,0.0,131.92389336991283,17340.050836859486,2201.7433680551653,477.5620955105448,20019.356300425196,4.610381327901158,0.0030441423812281325,,,973,22,22,220.0,520.0,660
449.8903200075075,47.14533038478489,4.782922986609726,0,0.0,133.36583903160832,19001.11003164091,1844.6378647885074,426.89972288024234,21272.64761930966,4.321009749884475,0.0030120504699916095,,,973,22,23,230.0,530.0,667
444.63558111998515,46.072468814337114,4.774211976206248,0,0.0,134.94196719224988,19748.905550822823,1497.9745480600807,395.21841146055874,21642.09851034346,3.790244848473039,0.0029806281381377893,,,973,22,24,240.0,540.0,674
439.77172493585044,45.14318344002986,4.86103866306566,0,0.0,136.43441949059414,20129.151924938513,1214.8830223178177,390.26681906455826,21734.301766320892,3.112954939981333,0.0029411785908162623,,,973,22,25,250.0,550.0,683
435.0295378265602,43.618166116364925,4.89617227786939,0,0.0,137.92166918082032,19061.748265482704,968.2122593405282,353.9173347589342,20383.877859582168,2.735701714074029,0.0029112102074584415,,,973,22,26,260.0,560.0,690
430.53198066546764,42.45909387153321,5.0011275721247035,0,0.0,139.3624694436376,17711.083671667264,771.3741593958707,351.0879753424995,18833.545806405633,2.1970964931036625,0.0028860048891349867,,,973,22,27,270.0,570.0,696
426.2848117443101,41.84333853465369,5.075137237346058,0,0.0,140.75096824230417,16353.350751332267,630.2679456212865,344.24379814004334,17327.8624950936,1.8308766897955395,0.002853068982406399,,,973,22,28,280.0,580.0,704
422.1067616637324,40.71534343771399,5.14347964614909,0,0.0,142.1441337814874,14564.510832242082,536.2054419074854,330.7295234399946,15431.445797589562,1.6212808470507503,0.002824860635554739,,,973,22,29,290.0,590.0,711
417.9265276324965,39.48824702998142,5.147823993922262,0,0.0,143.56590460981928,12733.015326946968,480.54859328771704,313.4316024013216,13526.995522636007,1.5331848786339575,0.002797204621061254,,,973,22,30,300.0,600.0,718
413.8021732562155,37.95193050361685,5.267971800602001,0,0.0,144.99682185779525,11076.319229563167,447.1946953154057,294.94778763473954,11818.461712513312,1.5161825721819187,0.002770084873815601,,,973,22,31,310.0,610.0,725
409.7133902616279,36.26767279742673,5.418797922188444,0,0.0,146.44383470524653,9963.16741094332,452.5702940647801,257.2812181890939,10673.018923197194,1.7590490951895084,0.0027434859457508326,,,973,22,32,320.0,620.0,732
405.90926172933604,34.58129640255969,5.392522849314519,0,0.0,147.816287178016,9333.396270543799,438.99352848008823,235.64682211373645,10008.036621137624,1.862929975216068,0.002717392976499915,,,973,22,33,330.0,630.0,739
401.9072462248322,32.25897608697374,5.4114828396886505,0,0.0,149.28817672134036,8768.64133969929,418.53542493794805,213.9645340700591,9401.141298707298,1.9560971950655412,0.0026917916657114146,,,973,22,34,340.0,640.0,746
398.29548991533864,30.342882770788197,5.580686426158282,0,0.0,150.641926708117,8544.222584749588,387.5360228331715,193.6884907186921,9125.447098301453,2.0008211194955217,0.002663117419483662,,,973,22,35,350.0,650.0,754
394.7612188736807,28.338394361024207,5.611917143494148,0,0.0,151.99061389867515,8046.87584442125,381.6280220062171,164.06464778426016,8592.568514211727,2.3260832065908916,0.002645504188424054,,,973,22,36,360.0,660.0,759
391.7824310782068,27.418727939042366,5.673673444633249,0,0.0,153.14622412974646,7846.773881967828,345.5346766307429,150.8761308082579,8343.184689406828,2.2901878168513505,0.002624673422771217,,,973,22,37,370.0,670.0,765
388.9897961251621,26.752942358338352,5.75997731222223,0,0.0,154.24569126922364,7702.754640934077,323.43616582215185,137.18228903537096,8163.373095791599,2.357710810167028,0.0026007817000573675,,,973,22,38,380.0,680.0,772
386.10273538176546,25.529519728429342,5.797859418101025,0,0.0,155.39905445288807,6840.336085451031,304.9700110543299,124.85417471163818,7270.160271216999,2.4426096424783976,0.002583980765925018,,,973,22,39,390.0,690.0,777
383.3975633391944,24.200297788287937,5.826511938280476,0,0.0,156.49551728349823,5891.736753761879,292.6922903707177,118.04905554371383,6302.478099676311,2.479412385153163,0.0025641039689376474,,,973,22,40,400.0,700.0,783
380.8643384688691,22.64559940482511,5.85372950502923,0,0.0,157.53640847869576,4686.959032237334,276.6678071547356,111.8526760623157,5075.479515454385,2.473501903527079,0.0025477720787986644,,,973,22,41,410.0,710.0,788
378.49945184102404,21.492492562312155,5.870387034708827,0,0.0,158.52070513750962,3764.1145716310402,267.59097753068295,108.7946393680877,4140.500188529811,2.4595970820339366,0.0025348556031880663,,,973,22,42,420.0,720.0,792
376.3570175266625,20.970022493687207,7.485589955681483,2,0.25125628140703515,159.42309351452278,3306.1506548256725,265.24562472709624,106.44431550207246,3677.8405950548413,2.491872144378926,0.0032942377511770656,,,973,22,43,430.0,730.0,798
374.3011474609375,20.20924978422311,7.572030105920555,2,0.2503128911138924,160.29873380567628,2802.553415828813,257.06453094204164,107.4769782701165,3167.094925040971,2.3918101818602886,0.0034884268835766066,,,973,22,44,440.0,740.0,801
372.2640459810323,19.262583748373356,7.730857889856924,2,0.24906600249066002,161.1759197477189,2481.2324515314954,257.1639452861639,108.57368394473363,2846.970080762393,2.3685660828922956,0.005168099654899483,,,973,22,45,450.0,750.0,805
475.7869021302251,53.744253512226535,7.487081724512864,0,0.0,126.1068762745758,19183.66384811546,38266.54211005998,9305.37251305397,66755.57847122941,4.1123063108304425,0.003225809248882677,,,980,23,0,0.0,300.0,628
470.45246884811615,53.689161215710875,6.9012669143683025,0,0.0,127.53679483691003,20938.424326707594,34622.39234207845,8592.14355916384,64152.96022794988,4.029540719807036,0.00314960890289622,,,980,23,1,10.0,310.0,638
464.993873738354,53.40708242402535,6.693230389088296,0,0.0,129.03395805545864,22278.749037506415,29671.730118167,7570.990764090102,59521.46991976351,3.91913436995627,0.0031152673169493115,,,980,23,2,20.0,320.0,645
459.9616887019231,53.90294182894122,6.287208618812154,0,0.0,130.44564683056208,22187.025671888478,24615.272581123223,6375.5921057155765,53177.89035872728,3.8608606342705296,0.0030864222031893912,,,980,23,3,30.0,330.0,652
453.8112733422256,52.70910636283312,6.0163065317314715,0,0.0,132.21355114894456,24922.966556404815,20131.221520168074,5538.977067819305,50593.16514439219,3.634465583388619,0.0030581063588208846,,,980,23,4,40.0,340.0,660
447.50200926626326,51.99707662485953,5.617678465950633,0,0.0,134.07761028465026,26181.978292463464,15995.837774600577,4660.874764517857,46838.6908315819,3.431938977715755,0.003034903695154047,,,980,23,5,50.0,350.0,668
441.68924784159157,51.956892357651206,5.410631508450661,0,0.0,135.84211137853765,26486.343398322293,12657.49640056842,3876.0535849417165,43019.89338383242,3.265562800716221,0.0030120504699916095,,,980,23,6,60.0,360.0,676
436.58303653492646,51.857683306119824,5.067616384160481,0,0.0,137.43090083437087,26884.561354910937,10650.729167699881,3313.0895842201367,40848.380106830955,3.214742281171048,0.0029498546464211237,,,980,23,7,70.0,370.0,686
430.36995157163744,51.31224049160426,4.908766126796842,0,0.0,139.41493773180554,25870.757791218726,8199.557726429175,2557.450436308883,36627.76595395679,3.2061453117595633,0.0029325534212776413,,,980,23,8,80.0,380.0,694
425.0129457853026,50.64513496121777,4.539213258044779,0,0.0,141.17217038915635,24359.845164337825,6635.434517482549,1985.9682892342655,32981.24797105464,3.3411583424833986,0.002890175422233386,,,980,23,9,90.0,390.0,703
418.6183945815451,49.213148965730156,4.215655134393955,0,0.0,143.3286276394437,20928.859779974693,5178.9096360776775,1417.9219786859437,27525.691394738315,3.652464461321928,0.00286944242795282,,,980,23,10,100.0,400.0,713
413.56044494887163,48.27194242382945,3.8178787326904255,0,0.0,145.08157328106606,18262.6542458042,4408.061141059389,1058.3331501041234,23729.04853696771,4.165097862261713,0.0028288562004777137,,,980,23,11,110.0,410.0,722
409.5779691798487,47.927663995791136,3.671982751710503,0,0.0,146.49225425905064,16391.544030097175,4145.433751695497,838.5149039284987,21375.492685721172,4.943780643938303,0.0027586224390797514,,,980,23,12,120.0,420.0,731
404.4521165930706,46.63945607945442,3.5423548633900954,0,0.0,148.34883423386185,12982.262933040836,3646.1473969944113,593.3121294652245,17221.72245950047,6.145411859826339,0.0027247973261851424,,,980,23,13,130.0,430.0,741
399.17779737903226,45.73849250486529,3.405600865996327,0,0.0,150.30896105433453,10127.97564687499,3254.031009515235,412.6751094970385,13794.681765887262,7.885212688211784,0.0026954194216723226,,,980,23,14,140.0,440.0,750
393.7800480769231,44.09084758382369,3.147519295859385,0,0.0,152.36932468523463,7068.897935619337,2986.767502782153,300.669869062482,10356.33530746397,9.933710724307645,0.002659576035758831,,,980,23,15,150.0,450.0,760
388.9956959856397,42.79322495486366,3.0635399855757566,0,0.0,154.243351839592,5457.600276193828,2786.332405978234,259.6953825868681,8503.62806475893,10.729233528232662,0.002617802542078823,,,980,23,16,160.0,460.0,770
383.97555443548384,41.086148509347716,2.9585124250127204,0,0.0,156.25994755893058,4421.286752849141,2563.8660107052515,219.6224008539853,7204.775164408377,11.67397314998766,0.0025873235649509123,,,980,23,17,170.0,470.0,780
379.32888524327785,38.89999974041085,2.671052816249008,0,0.0,158.174086746702,4238.541718890505,2299.4240124164735,188.07233204528382,6726.038063352262,12.226274792311402,0.0025673955052458097,,,980,23,18,180.0,480.0,789
375.3480695056675,37.158789727202056,2.5365912355527747,0,0.0,159.8516280609085,4518.837123690599,2092.4582398491416,172.13923356624656,6783.434597105987,12.155614943201625,0.002525253867194071,,,980,23,19,190.0,490.0,798
371.4075585452854,36.06894872574846,2.4615218469083637,0,0.0,161.54760079467866,4951.128153703719,1886.2980452525592,152.7821892666496,6990.208388222928,12.34632161187596,0.0024875634718017465,,,980,23,20,200.0,500.0,807
367.563147047546,35.49414626042331,2.463084707501469,0,0.0,163.2372572766081,5541.102627536957,1644.410230831554,131.7946561595914,7317.307514528103,12.477063021738317,0.0024600258408623114,,,980,23,21,210.0,510.0,816
363.8963421571602,34.43045333282137,2.432133247681402,0,0.0,164.88211902412334,6193.479784712294,1392.075894461216,116.86344816337632,7702.419127336886,11.911987163985435,0.002433091224641555,,,980,23,22,220.0,520.0,825
360.2199439681107,33.15900685007373,2.4232784256872955,0,0.0,166.5649029286164,6655.12729238316,1192.6955189928035,97.29555102900788,7945.118362404971,12.258479512975994,0.002412546405383878,,,980,23,23,230.0,530.0,832
356.92253612932063,32.5147684106798,2.4274989855820466,0,0.0,168.10370297901483,7332.803056726615,996.7721702277818,83.99488863753852,8413.570115591936,11.867057464998053,0.002389487397381467,,,980,23,24,240.0,540.0,840
353.55074900501177,31.481191053441993,2.4036427824883275,0,0.0,169.70689545661088,7629.159886451518,823.4734814867435,76.63288438027503,8529.266252318537,10.745693420600281,0.002364067294880507,,,980,23,25,250.0,550.0,849
350.12104355286215,29.992861038753976,2.4093866098965773,0,0.0,171.36930528696158,7527.55004849244,674.3840908289454,66.60133349657191,8268.535472817957,10.125684508458937,0.0023419214450811437,,,980,23,26,260.0,560.0,857
346.9594319661458,28.690823008263198,2.393926993101481,0,0.0,172.93088030491828,7494.105310299108,568.6158983315499,63.89250223830589,8126.613710868964,8.899571599351825,0.002320186655697198,,,980,23,27,270.0,570.0,865
344.08075308553384,27.71935939155624,2.4049906278684636,0,0.0,174.37766995669418,7529.26498954171,468.10697441407103,61.49240166589234,8058.864365621674,7.6124360365276384,0.0023014969882792745,,,980,23,28,280.0,580.0,872
341.3892324530182,26.91527975911478,2.4401810637301837,0,0.0,175.75246755404672,7556.120988478323,385.435448931556,65.0334947364073,8006.589932146286,5.926722075967109,0.0022831060145686323,,,980,23,29,290.0,590.0,879
338.4218926354402,25.26299850339995,2.444824584311192,0,0.0,177.29349461630156,6974.097634843447,322.84560046414134,64.7328821669535,7361.676117474542,4.9873509359815875,0.0022624444039695043,,,980,23,30,300.0,600.0,887
335.7886070627803,24.15623594156215,2.486690710488016,0,0.0,178.68384673569994,6531.677624953001,264.9589658698994,68.32807481763088,6864.964665640532,3.877746688708567,0.002247191956904721,,,980,23,31,310.0,610.0,893
333.12120225694446,22.770660589912445,2.508062699955412,0,0.0,180.11462372701376,5860.846064467087,223.03845004641173,70.7463814714736,6154.630895984972,3.152648169522924,0.0022271724128241415,,,980,23,32,320.0,620.0,901
330.51257149255787,21.266882729672787,2.5012498640713927,0,0.0,181.53621125225797,5051.727431223,181.07902396403284,70.34380654277719,5303.15026172981,2.5741999596498353,0.002209945650802844,,,980,23,33,330.0,630.0,908
328.09561764907005,20.009763309657522,4.573437873983067,2,0.21905805038335158,182.87351848806404,4297.469923995558,154.93035872519195,71.73746092778866,4524.137743648538,2.159685563462383,0.0029172202808533713,,,980,23,34,340.0,640.0,915
