subject_id_new,timestamp,meanrr,sdnn,rmssd,pnn50,vlfpowfft,lfpowfft,hfpowfft,totpowfft,lfhffft,sampen,dfa1,dfa2,meanhr,hr_median,vo2_mlkgmin_median,vo2_l_median,vco2_l_median,rq_median,ve_stpd_median,ve_btps_median,rr_median,peto2_median,petco2_median,feo2_median,feco2_median,speed_median,grade_median,parasympathetic_index,sympathetic_index,autonomic_balance,ve_vo2,ve_vco2
1,0.0,0.9472531099469508,1.0810802806666489,0.03741779791953584,-0.337665907394465,-0.09368288702014711,-0.2884667372440551,0.0022723312367367602,-0.1620862932394254,-0.7955135727456177,-0.21532453196715656,,,-1.0167023990490014,#NULL!,-1.5498422992047238,-1.615969299882122,-1.2228969792500115,2.9550016056803163,-1.0638547678017716,-1.0599951383657042,-0.21972519760988055,2.4464994741757278,-1.3743844329117234,2.4598244706262906,-1.3813089200312616,-3.800719210153399,-1.349484615727887,-0.020386295679582035,-0.529253627035477,-0.7955135727456177,3.0679492092071405,1.3924760379399899
1,10.0,0.8728148822169475,1.0517690558793933,0.012725630532777504,-0.337665907394465,-0.053138453881696156,-0.30476458031071263,-0.07735076629201805,-0.13925166592853108,-0.7849331858095475,-0.21899651992693303,,,-0.9538828002815289,93.5,-1.1878621169135863,-1.2710835331753492,-0.9117738875052034,2.077962450262037,-0.7699408240677463,-0.7685785516600335,0.09421653210206968,1.7934126482652417,-0.7602714811907011,1.8171045135967363,-0.780607049481705,-1.1295774998531014,-1.349484615727887,-0.1554068957056582,-0.6208227721206271,-0.7849331858095475,1.8872052759324316,0.8441224447839949
1,20.0,0.7834051699268576,0.9586630631555964,-0.016842451698255965,-0.337665907394465,0.0036600409577344055,-0.32993071018459813,-0.19024710994052624,-0.10804983288357575,-0.7661673804679844,-0.220757631803051,,,-0.8769819278321389,106,-1.1282957578023864,-1.214786807389616,-0.752194146720966,2.5373639126239924,-0.6187035520492674,-0.6193163974937144,0.1570048780444597,2.08617570815615,-0.9733310766857486,2.0183602577171027,-0.7528823477640338,-1.0227318314410894,-1.349484615727887,-0.3280952237740853,-0.7457572521011017,-0.7661673804679844,2.161114719704844,0.6534827984635516
1,30.0,0.6884983503075824,0.8235660010143636,-0.0677669648488188,-0.337665907394465,0.05474226776269366,-0.3511512182165238,-0.2907716421658197,-0.07949535572937969,-0.7277626861520698,-0.22133407591680984,,,-0.7935727650076254,113,-1.348233083751432,-1.4257628865478005,-1.1689383618625357,2.704418989846522,-0.9839558316410657,-0.9841794410113834,0.5337349536988,2.2363106106643076,-1.1989235895628605,2.122234190166326,-1.2888932476390225,-1.0227318314410894,-1.349484615727887,-0.46742419840861094,-0.8422382892139756,-0.7277626861520698,1.9240824408150432,1.4612615014494643
1,40.0,0.5932943446070057,0.627460921994486,-0.13598410849973205,-0.337665907394465,0.0728338191714845,-0.3642844015025955,-0.35142556859337215,-0.07315730263420765,-0.6814403349341245,-0.2222833445560393,,,-0.7079988344384419,111.5,-0.665510967784603,-0.7742512638624225,-0.5656350972429904,0.7415218324818014,-0.46746628003078844,-0.4629465217004274,-0.09414850572510046,1.1403258223547557,-0.6098764726059603,0.8497785176633718,-0.33701182199895546,-0.9158861630290772,-1.349484615727887,-0.5423412510289175,-0.8935541502463773,-0.6814403349341245,0.7272951073576539,0.37057493318848245
1,50.0,0.5249071466246108,0.5329091916140231,-0.17734096606218314,-0.337665907394465,0.08281178931227451,-0.37054045548421527,-0.38202710931726486,-0.06913221056163554,-0.6375245391987563,-0.22486746458018922,,,-0.6453157945322786,110,-0.5692883876818955,-0.6802411975017809,-0.43418272084158616,0.9503406790099633,-0.25345127245746907,-0.24971487289139996,-0.7220319651490009,1.3204877053645434,-0.7978702333368858,1.265274247460255,-0.6604666753717947,-0.9158861630290772,-1.0232472400555874,-0.5797487156148752,-0.9179563837580029,-0.6375245391987563,1.0026691602682898,0.6186765691984754
1,60.0,0.4448434074118038,0.37201304157015375,-0.24949466032067993,-0.337665907394465,0.03758660820932629,-0.3776636823949675,-0.409678895128937,-0.11191932981321882,-0.5859614911734105,-0.22612025785150053,,,-0.5706028396650873,111.5,-0.7434054373915567,-0.8491313748589802,-0.6953653901107518,0.5327029859536393,-0.6072894183120235,-0.6098394353244242,-0.7848203110913909,0.9076167234671093,-0.5597448030777128,0.7588888267703032,-0.5403263012618827,-0.8090404946170657,-1.0232472400555874,-0.604585007480918,-0.9312518012106845,-0.5859614911734105,0.574888706956657,0.404715818495141
1,70.0,0.369288109020237,0.2209018136201929,-0.28774519884673083,-0.337665907394465,-0.026840944478224642,-0.3835775459399182,-0.42656888686194167,-0.16971599201997686,-0.5531575933067567,-0.2275212969828106,,,-0.49874779973896644,113.5,-0.399753365596173,-0.5211892829032533,-0.41925799688334825,0.2821203701198459,-0.25059773902315785,-0.24971487289139996,0.09421653210206968,0.9826841747211883,-0.7602714811907011,0.7848573098826079,-0.5865341374580031,-0.8090404946170657,-1.0232472400555874,-0.6156686203971237,-0.9364406202203921,-0.5531575933067567,0.5265705394714191,0.5629298207347169
1,80.0,0.2987525892883016,0.16660348046236248,-0.3170876279175026,-0.337665907394465,-0.08138049795632034,-0.3889012422120504,-0.4413886389126765,-0.2187785275096894,-0.5109239727446377,-0.2287211599395932,,,-0.4304510688095978,121,-0.44557364183555753,-0.5627286145509786,-0.39113063250051505,0.3238841394254783,-0.290547207103511,-0.28762272156856056,-0.4708785813794407,1.0277246454736373,-0.7477385638086383,0.6550148943210802,-0.4571521961088674,-0.7021948262050537,-1.0232472400555874,-0.6279391940994828,-0.9432970794836295,-0.5109239727446377,0.5448267041446089,0.29030469091026473
1,90.0,0.2305650340010152,0.07619070553037137,-0.3855116203941377,-0.337665907394465,-0.1478247799308137,-0.3927967601518206,-0.44939872492017563,-0.27693970985603283,-0.49449337220077444,-0.22973083591359306,,,-0.3632819665256611,123,-0.45931972470737276,-0.5774860086889864,-0.4364788322197766,0.4491754473423746,-0.39042087730439334,-0.3918693054307516,-0.5964552732642208,0.9751774295957808,-0.5722777204597755,0.719936102101844,-0.30928712028128424,-0.5953491577930417,-0.6970098643832878,-0.6292608284404837,-0.9402431531788424,-0.49449337220077444,0.33534653498495626,0.10248512258695644
1,100.0,0.16251913359261944,-0.0070678822020288365,-0.4274406329232542,-0.337665907394465,-0.20444129288514223,-0.39626610666924544,-0.4569981360648634,-0.3266081541023244,-0.4690490633146319,-0.23072363704722615,,,-0.2951001966425757,122,-0.3814252551004193,-0.5020593275391692,-0.3572629896722056,0.49093921664800694,-0.27057247306333443,-0.2686687972299801,-0.4708785813794407,0.8400560173384399,-0.45948146402121953,0.6874754982114644,-0.26307928408516384,-0.5953491577930417,-0.6970098643832878,-0.6322476421401697,-0.9377609936768416,-0.4690490633146319,0.425478405218903,0.22354231228342286
1,110.0,0.09850645630994358,-0.10003172172156029,-0.4749508991810842,-0.337665907394465,-0.24515820711425176,-0.39825180723566994,-0.4598758558609133,-0.36195866788728176,-0.47064151094352835,-0.23169998288179403,,,-0.22988224314513814,125,-0.26687456450195807,-0.3932918670405197,-0.3520967390712771,0.11506529289731632,-0.24489067215453594,-0.2378686701797873,-0.1569368516674905,0.7574818209589514,-0.5597448030777128,0.3953300631980293,-0.3554949564774046,-0.48850348938102967,-0.6970098643832878,-0.6292802522793826,-0.9322098106280838,-0.47064151094352835,0.2064165914266083,0.2967122808757823
1,120.0,0.04155389421419048,-0.19711006115143115,-0.4931275190371844,-0.337665907394465,-0.26349198689870545,-0.3990750399235353,-0.46384084856351987,-0.37808609424689416,-0.4301011032847536,-0.23250132751926278,,,-0.1709579746815313,127,-0.34018700648497296,-0.4627062765044819,-0.3836682705213961,0.36564790873110975,-0.207794737508494,-0.20706854312959452,0.2825815699292398,0.9301369588433338,-0.6976068942803926,0.7978415514387579,-0.5865341374580031,-0.48850348938102967,-0.6970098643832878,-0.6339126340646255,-0.928666979487086,-0.4301011032847536,0.4702997776062506,0.5680622699521155
1,130.0,-0.012994466454982471,-0.31156225558576844,-0.5343728768921036,-0.337665907394465,-0.2715147120970113,-0.3987981924632646,-0.4673891544438388,-0.3851168840866324,-0.36039948628714014,-0.23329175463445834,,,-0.11370915792744447,126,-0.358515116980727,-0.47910338110226836,-0.4284424423961101,0.11506529289731632,-0.25915833932609056,-0.25445335397604507,0.65931164558358,0.7800020563351759,-0.5722777204597755,0.6809833774333848,-0.5865341374580031,-0.3816578209690177,-0.6970098643832878,-0.6404378945918452,-0.9222966284811893,-0.36039948628714014,0.3915195267738712,0.5710847240598631
1,140.0,-0.06790172044488195,-0.4488903478701565,-0.5701264361149152,-0.337665907394465,-0.27861363918978715,-0.3971233805131976,-0.4680911362477727,-0.3907171580321534,-0.30354702929678423,-0.23422616763603699,,,-0.05526399630065988,127,-0.13399576340774275,-0.26539445117778615,-0.2539379776536345,-0.17728109224211044,-0.25345127245746907,-0.24971487289139996,0.59652329964119,0.2845568780582554,-0.258954785908233,0.226534922968047,-0.2723208513243892,-0.3816578209690177,-0.3707724887109882,-0.640673849785291,-0.9060380706970244,-0.30354702929678423,-0.10601125299167886,-0.11918873299589834
1,150.0,-0.12253746939441382,-0.5853479593145835,-0.6144147178294499,-0.337665907394465,-0.28807940577602253,-0.39467470988032044,-0.4705726881148615,-0.3982561169825594,-0.17715819750959247,-0.2351455498382453,,,0.0037259796867675785,127,0.035539258677979704,-0.10196997535318221,-0.1265037961640636,-0.051989784325213256,0.020487937236379993,0.02037854893336796,0.65931164558358,0.8700829978400698,-0.6725410595162687,0.7588888267703032,-0.8822642891131679,-0.27481215255700614,-0.3707724887109882,-0.6448454861885808,-0.8816805143420032,-0.17715819750959247,0.11518968373852424,0.33409020912506887
1,160.0,-0.18000255969517046,-0.7168234545822433,-0.6443533862056043,-0.337665907394465,-0.32051910891343915,-0.39205588206028846,-0.47123820519343323,-0.42507368312528065,-0.08436469826565653,-0.23590047972237632,,,0.0666880202418775,130,-0.10192157004017378,-0.2375193733615493,-0.1322440746095399,0.36564790873110975,0.05473033844811118,0.0582863976105286,0.65931164558358,0.9751774295957808,-0.7477385638086383,0.8627627592195217,-0.7159160788071373,-0.27481215255700614,-0.3707724887109882,-0.6391502941009377,-0.835824358606184,-0.08436469826565653,0.48979839337278497,0.4681952095627949
1,170.0,-0.22982502409995673,-0.8082940870314316,-0.6514045883656424,-0.337665907394465,-0.34934679158948695,-0.38907807641800385,-0.4732753973210744,-0.4488431930684367,0.07501039727963821,-0.2363435278902747,,,0.12205382534063249,131,-0.0011169623135277654,-0.14022988608135004,-0.002513781741778538,0.5327029859536393,0.19169994329503548,0.19570234906523512,0.5337349536988,1.0952853516023067,-0.6725410595162687,0.8627627592195217,-0.5495678685011065,-0.16796648414499413,-0.3707724887109882,-0.6374252894278082,-0.7807039958232032,0.07501039727963821,0.5449097824399944,0.43009165475408034
1,180.0,-0.27774278906220407,-0.8784722378341974,-0.6622753881694305,-0.337665907394465,-0.38604293930462463,-0.38688451762108883,-0.4735222280836308,-0.4793566274725443,0.15189838910434664,-0.23589228772066706,,,0.1759983358483665,136,0.008047092934348939,-0.12711220240312093,0.039964278754745265,0.4491754473423746,0.28301301319298516,0.2857334896734911,1.0360417212379203,1.2003797833580176,-0.6976068942803926,1.0705106241179634,-0.568051002979554,-0.06112081573298211,-0.044535113038688574,-0.6265093122502013,-0.7094807071611104,0.15189838910434664,0.6992709034855656,0.5600157850604353
1,190.0,-0.3234691737019744,-0.9075614013885834,-0.6636406613864978,-0.337665907394465,-0.4208079676523702,-0.38499968935641654,-0.47350633708650325,-0.5082982562859281,0.20873845938858493,-0.23708882171907605,,,0.2281238295903946,137,0.13634386640462573,-0.011239329912097504,0.08703456200764975,0.5327029859536393,0.31154834753609445,0.31416437618136145,1.1616184131227003,1.1553393126055707,-0.6976068942803926,0.8627627592195217,-0.7159160788071373,-0.06112081573298211,-0.044535113038688574,-0.6118661436113068,-0.6228244014087196,0.20873845938858493,0.4922510959773878,0.4817416931977203
1,200.0,-0.365286546302857,-0.9230149599219104,-0.6675761790968494,-0.337665907394465,-0.44702302090264706,-0.3843827515223664,-0.47400390753279287,-0.5303970258226706,0.25071585949446223,-0.2332071495055028,,,0.2763573967587173,141,0.06761345204554899,-0.07409489753694531,0.15763998688700673,0.6162305245649041,0.3372301484448925,0.34259526268923185,0.72209999152597,1.222900018734242,-0.660008142134206,0.9406682085564403,-0.5957757046972268,0.045724852679029426,-0.044535113038688574,-0.5995149698167578,-0.5476120408520454,0.25071585949446223,0.6833105429768345,0.3204896028411198
1,210.0,-0.40432050634688316,-0.9196458466124269,-0.67430956278715,-0.337665907394465,-0.46304147041671523,-0.38502687139258435,-0.4754939553710009,-0.54429580734771,0.30427154888351016,-0.22743355957411476,,,0.32187516976577146,142,0.16841805977219468,0.018822028517177323,0.2029881866062683,0.5744667552592717,0.3600584159193798,0.36628766811245717,0.4709466077564099,0.9751774295957808,-0.396816877110911,0.6874754982114644,-0.36473652371662835,0.045724852679029426,-0.044535113038688574,-0.595683338566944,-0.5047346770369641,0.30427154888351016,0.5198831810642821,0.23981713471874502
1,220.0,-0.44559852038719777,-0.9289715580981522,-0.6811111808501703,-0.337665907394465,-0.4804814267210337,-0.38672923068379356,-0.47630364914547796,-0.5596453162648577,0.2901279236733752,-0.1939809517969063,,,0.3705380602635563,144,0.14092589402856423,-0.0019476373066855317,0.1806011006689114,0.6162305245649041,0.394300817131111,0.3970877951626499,0.8476766834107502,1.0502448808498597,-0.5722777204597755,0.8497785176633718,-0.1799051789321485,0.1525705210910419,-0.044535113038688574,-0.5859586151704067,-0.4639603998866369,0.2901279236733752,0.630707876998121,0.4098129674841409
1,230.0,-0.4900011915258087,-0.9656850307202177,-0.6896548050027336,-0.337665907394465,-0.5000132834624397,-0.39023825142021895,-0.47752287916891745,-0.5773230699521817,0.23315861480680783,-0.18828691045614393,,,0.423501316288371,142,0.19132819789188693,0.047790246639933184,0.2408740243464109,0.5327029859536393,0.4428108855143968,0.4468418465514229,0.7848883374683602,1.0952853516023067,-0.522146050931528,0.8238100345510672,-0.34625338923818083,0.1525705210910419,0.28170226263361103,-0.5734229217570886,-0.4340326795442446,0.23315861480680783,0.6134595982943528,0.3529136795763392
1,240.0,-0.5316944230880154,-1.020530653511544,-0.6940044007024314,-0.337665907394465,-0.5177483798075346,-0.3938684526328766,-0.4785855640043544,-0.5934982778300512,0.15699774962101845,-0.1318563234047636,,,0.4738248824559806,142,0.20049225313976396,0.054895658632307213,0.28392611268748225,0.6579942938705365,0.3971543505654222,0.40182627624729506,0.8476766834107502,1.0427381357244523,-0.45948146402121953,0.7069518605456894,-0.4109443599127471,0.25941618950305345,0.28170226263361103,-0.5577418975541171,-0.40700441403040266,0.15699774962101845,0.5126216869392058,0.09296909595739299
1,250.0,-0.5687324314467724,-1.0685650572200749,-0.6989777173399736,-0.337665907394465,-0.5280386604896323,-0.39803042817815787,-0.48044861625778584,-0.6035813038299022,0.09440537600391084,-0.12643258260669715,,,0.5190188534566635,144,0.20507428076370246,0.054895658632307213,0.20126610307262538,0.36564790873110975,0.2972806803645398,0.3023181734697488,1.0360417212379203,0.8625762527146623,-0.3090864554364788,0.6744912566553098,-0.4017027926735233,0.25941618950305345,0.28170226263361103,-0.5548970583078208,-0.433001997351278,0.09440537600391084,0.32567902511300695,0.0667385141314439
1,260.0,-0.6032978223559168,-1.1337204349472392,-0.7031349584202785,-0.337665907394465,-0.5352351791148533,-0.4023988844808442,-0.48219322986377866,-0.6110895789525289,0.003415715778582021,-0.14004851989163838,,,0.5616175385750947,146,0.5578904078069629,0.393222583499966,0.4004537651306486,0.07330152359168393,0.6054622912701196,0.6103194439716774,1.0988300671803104,0.9451504490941488,-0.396816877110911,0.5251724787595571,-0.37397809095585205,0.36626185791506594,0.28170226263361103,-0.5554915608378385,-0.49113874234527827,0.003415715778582021,0.22405034850382294,0.3047632420124073
1,270.0,-0.6346727894002732,-1.2010059889868656,-0.7064143926748179,-0.337665907394465,-0.5368663330846085,-0.4058405785711887,-0.4828669970416747,-0.6135193487234453,-0.11781897491874163,-0.1486946970344616,,,0.6006420109413916,146,0.4570858000803172,0.2975728066795452,0.42111876753436256,0.36564790873110975,0.6140228915730523,0.6197964061409676,1.0988300671803104,0.9376437039687413,-0.35921812496472627,0.6939676189895394,-0.4201859271519708,0.4731075263270775,0.6079396383059107,-0.5567008676468203,-0.5693764292044194,-0.11781897491874163,0.413160320490598,0.26631609014471047
1,280.0,-0.667541279723084,-1.246789722654844,-0.7033585881994174,-0.337665907394465,-0.530119513188999,-0.40937327896828174,-0.4846665777032488,-0.6089670494181486,-0.19939573503427535,-0.01117192881405581,,,0.6418943024370466,148,0.677023126029363,0.5112817366040274,0.7242054694555045,0.6162305245649041,0.9107903687413886,0.9206899550159283,1.2871951050074804,1.2003797833580176,-0.4970802161674043,1.0445421410056588,-0.5495678685011065,0.4731075263270775,0.6079396383059107,-0.5808765828723021,-0.6927048210792484,-0.19939573503427535,0.5062439622167195,0.16515236282749285
1,290.0,-0.6978083363603913,-1.2653829374381782,-0.7063135902467513,-0.337665907394465,-0.5232332654380744,-0.41166231507397877,-0.485454295795128,-0.6038520750611458,-0.28131648985648383,0.049022824013107626,,,0.6802210766611446,150,0.7778277337560083,0.6074780835777075,0.8481954838777893,0.699758063176169,1.2018507790411026,1.2097373011792771,1.1616184131227003,1.4255821371202544,-0.7477385638086383,0.9926051747810495,-0.6604666753717947,0.579953194739089,0.6079396383059107,-0.5951208293639931,-0.7742682940518046,-0.28131648985648383,0.7843413730337903,0.511263291063247
1,300.0,-0.7250210781745232,-1.2447467011715998,-0.7069957953936045,-0.337665907394465,-0.5241943321172793,-0.4127595391727748,-0.48569619559052934,-0.6050030864506849,-0.3298736585467926,-0.0034636938562177754,,,0.714961648975224,153,0.8236480099953929,0.6446448539993568,0.8114577018267418,0.5327029859536393,1.1162447760117749,1.1244446416556655,1.4127717968922606,1.1253123321039387,-0.6725410595162687,0.8367942761072171,-0.531084734022659,0.579953194739089,0.6079396383059107,-0.5955095945945074,-0.7978459479261081,-0.3298736585467926,0.5882649471850036,0.4130783936081106
1,310.0,-0.7535704642841085,-1.2181435464124557,-0.7098645492358097,-0.337665907394465,-0.5227143671643504,-0.41338776964356394,-0.4858725812063905,-0.6039435398346414,-0.35670145634849393,-0.0832587718525875,,,0.7516985726737567,155,0.7411715127645009,0.5681250325430202,0.5278879466202192,0.11506529289731632,0.7224571620768674,0.7311507116301261,0.7848883374683602,0.749975075833544,-0.24642186852617026,0.38234582164187475,-0.34625338923818083,0.6867988631511015,0.6079396383059107,-0.5984005675270633,-0.8174193370916555,-0.35670145634849393,0.1151096952084006,0.23792695157704338
1,320.0,-0.785872483522209,-1.2194417362485577,-0.7088998250496821,-0.337665907394465,-0.5198547107109195,-0.4134426970714914,-0.48658563598881654,-0.6015955735881647,-0.3266822345528885,-0.09500389130275523,,,0.7936268542375385,154,1.5063701259622222,1.3005290379108105,1.0399207839566935,-0.38609993877027243,0.9906893049020945,0.9965056523702496,0.8476766834107502,0.059354524296018576,-0.09602685994142948,-0.39670867172727775,0.2821731830290486,0.6867988631511015,0.9341770139782103,-0.6071306802913042,-0.8263488369192925,-0.3266822345528885,-0.5041862042212804,-0.4062157930778292
1,330.0,-0.8164288206371861,-1.2329141690109167,-0.710961395710986,-0.337665907394465,-0.514199687664831,-0.4129840635958185,-0.4861655346995191,-0.5966316051686662,-0.3205181497176139,-0.10991033532488997,,,0.8336481319717138,164,1.5567724298255448,1.34972035170417,1.2402565017038119,-0.010226015019580864,1.5642495251985906,1.5769695852392687,1.5383484887770407,0.6749076245794651,-0.5472118856956518,0.3563773385295701,-0.39246122543429957,0.7936445315631131,0.9341770139782103,-0.6096874941031881,-0.8304118726402859,-0.3205181497176139,0.14324272442440025,0.3293111794059616
1,340.0,-0.8474840209436916,-1.267124052484947,-0.7140620590069859,-0.337665907394465,-0.5082568985660009,-0.41235359922703313,-0.48615121328500666,-0.5914092613361474,-0.2854402927807079,-0.043840807644278446,,,0.8746851829488842,153,1.5201162088340374,1.3114604409760018,1.3303788732977877,0.19859283150858112,1.5442747911584136,1.5532771798160434,1.3499834509498705,0.8550695075892549,-0.37175104234678724,0.4602512709787932,-0.24459614960671636,0.7936445315631131,0.9341770139782103,-0.6151737317666984,-0.8309874507634858,-0.2854402927807079,0.168411551800989,0.09199743246130196
1,350.0,-0.8756965729560413,-1.285911343566083,-0.7173823635626387,-0.337665907394465,-0.5058347968204165,-0.4118093579373124,-0.4854803935129601,-0.5891409143134995,-0.28803693772580646,0.17928470872076332,,,0.9122867143908786,155,1.5292802640819143,1.3223918440411924,1.3648205439706445,0.19859283150858112,1.561395991764279,1.569861863612301,1.4127717968922606,0.5998401733253861,-0.146158529469677,0.3304088554172655,-0.2723208513243892,0.9004901999751256,0.9341770139782103,-0.6127333421621431,-0.8253561755369063,-0.28803693772580646,0.17524856511649897,0.05217651901691094
1,360.0,-0.9036468884660807,-1.2944671347115762,-0.4798737250187402,-0.2721372624921777,-0.5056799632937382,-0.41089608655765136,-0.4851101827830135,-0.5887154158704824,-0.25690513883055716,0.3622918993187753,,,0.9498437562892755,155,1.492624043090407,1.2863182139260625,1.2930670634021924,0.07330152359168393,1.2189719796469685,1.2286912255178568,0.09421653210206968,0.2545298975566234,0.22982899199217405,0.04475554118191004,0.06961713652689754,1.0073358683871372,1.26041438965051,-0.6105824211644216,-0.8068063915934922,-0.25690513883055716,-0.20365194470109726,-0.4676419861207673
1,370.0,-0.9302752350863032,-1.32117158386783,-0.4777587396108038,-0.27237269474931164,-0.5103225718208789,-0.41036685640073073,-0.48468404496930495,-0.5924640729015547,-0.24975893523689,0.44062069789385705,,,0.9859102753324717,155,1.7217254242873294,1.5082256961494382,1.5955797374787866,0.19859283150858112,1.8638705358012377,1.8778631341142296,1.4127717968922606,0.8850964880908869,-0.44694854663915856,0.5771094449841663,-0.2723208513243892,1.0073358683871372,1.26041438965051,-0.6034808836582993,-0.7835463044018659,-0.24975893523689,0.2990297679560892,0.14420203942073545
1,380.0,-0.954141424391762,-1.3261067949410486,-0.4758688878927966,-0.2725287119838281,-0.5145928657345135,-0.41012172513378975,-0.4851403700665132,-0.5960547010164838,-0.21433442755337184,0.3596497402784534,,,1.0184753458497968,160,1.6621590651761295,1.4497426897506667,1.3935219361980253,0.03153775428605153,1.2846032486361196,1.295029960702888,-0.1569368516674905,0.1944759365533594,0.34262524843073006,-0.1175474782699973,0.3653472881820639,1.1141815367991486,1.26041438965051,-0.60265214660202,-0.765688212883621,-0.21433442755337184,-0.31603407145363416,-0.5374103948033081
1,390.0,-0.9781127862786042,-1.3406103386084975,-0.46813683003423545,-0.27283852028542455,-0.5201724257323822,-0.40993746163543154,-0.4830760471948102,-0.6005556667040712,-0.29943226579870713,0.2634551733343268,,,1.05141454298652,160,1.7400535347830828,1.520250239521148,1.5209561176875963,0.03153775428605153,1.5328606574211698,1.5414309771044308,0.9104650293531402,0.3446108390615173,0.004236479115063772,0.09669250740651929,0.0049261658523296736,1.1141815367991486,1.26041438965051,-0.580828738823724,-0.7443752268811329,-0.29943226579870713,-0.10400429172385488,-0.3154919509833041
1,400.0,-0.999656991445263,-1.356250675149153,-0.4562653813396871,-0.2729923219155765,-0.5280977285703459,-0.4101832319927838,-0.48328702407362273,-0.6073658901996987,-0.3024278564839226,0.09333588699764017,,,1.0812178008054423,160,1.7308894795352063,1.5136913976820334,1.4922547254602152,0.11506529289731632,1.5271535905525484,1.5366924960197854,0.65931164558358,0.3746378195631493,0.15463148769980453,0.04475554118191004,0.15279124167991287,1.221027205211161,1.26041438965051,-0.5717572258754149,-0.7217069446241069,-0.3024278564839226,-0.10300606939063141,-0.27061311695791224
1,410.0,-1.021352225829225,-1.38189743883852,-0.43990556652498336,-0.2731453954906744,-0.5351020600425367,-0.41055794081175495,-0.4816588074608281,-0.613273341923048,-0.3797387889718445,0.09713433561590223,,,1.1114224811332514,160,1.7171433966633904,1.5011202841570637,1.4549429155646203,-0.010226015019580864,1.2931638489390527,1.3021376823298552,0.21979322398684975,0.21699617192958393,0.22982899199217405,-0.3188032223903639,0.4023135571389589,1.221027205211161,1.5866517653228096,-0.5462342415996622,-0.7035213509295022,-0.3797387889718445,-0.36362741470813253,-0.6376132812696451
1,420.0,-1.0459745420576319,-1.4177017858242236,-0.42540200582052373,-0.27344937905677,-0.5417492125903679,-0.41111166550742284,-0.47989948526234394,-0.6189179585187966,-0.4557129491606014,0.29224430306800564,,,1.1459387056803474,160,1.767545700526714,1.546485606877606,1.4095947158453588,-0.21904486154774283,1.230386113384212,1.238168187687147,0.2825815699292398,-0.10579386846295637,0.5556848439257775,-0.5135668457326509,0.5409370657273184,1.3278728736231726,1.5866517653228096,-0.5161621770396911,-0.6894112562446835,-0.4557129491606014,-0.4864573092978592,-0.6715197300359715
1,430.0,-1.0725228895678791,-1.4466686571529628,-0.21361621837705755,-0.20983511593208976,-0.5436473199103101,-0.4115527591046664,-0.47612719526697744,-0.6203288549237923,-0.557024609992596,0.5431025329732335,,,1.1834395387514531,157.5,1.616338788936745,1.4049239371833842,1.2282019169683114,-0.34433616946464,1.1390730434862626,1.1481370470788907,0.21979322398684975,-0.18836806484244278,0.6810140177463946,-0.6174407781818716,0.6703190070764541,1.3278728736231726,1.5866517653228096,-0.4748503848307823,-0.6948554175918884,-0.557024609992596,-0.4400864521861511,-0.49566138583944164
1,440.0,-1.0989344714981029,-1.497962323982134,-0.20645302728676523,-0.2101341353273234,-0.5459830421089358,-0.41269507734926947,-0.4755969410025147,-0.6225920237220814,-0.6045378493444746,0.7429902028046516,,,1.2210436774629154,160,2.2898968496556966,2.0438644463437923,1.898666439399928,-0.051989784325213256,1.9723048063050523,1.9821097179764209,1.6639251806618207,0.5247727220713071,0.17969732246392653,0.031771299625757726,0.023409300330777164,1.4347185420351851,1.5866517653228096,-0.4617445867970087,-0.7178129469006497,-0.6045378493444746,-0.19088431559997343,-0.23592484047675175
1,450.0,-1.1220994776088498,-1.5442224395137887,-0.19324611037481368,-0.2105800506142714,-0.5445208465540406,-0.4139390990265673,-0.4721836629176909,-0.6214145824453581,-0.6905034694666223,1.253132748921934,,,1.2542716494574793,162,1.9416627502363748,1.713736073775027,1.7367905872375,0.2821203701198459,1.8239210677208846,1.8304783232677788,0.9104650293531402,0.6298671538270181,0.27996066152042154,0.3174246138611155,-0.08748950653990942,1.5415642104471967,1.9128891409951092,-0.43149781236659435,-0.7630334766387498,-0.6905034694666223,0.004935916732907845,-0.19831279490835615
1,460.0,-1.140754364237062,-1.5723289995415328,-0.17590941517647365,-0.21102285847761704,-0.5451072641070803,-0.4146808025758079,-0.467952860693479,-0.6217597831236826,-0.7520171310611586,1.7176469927309346,,,1.281199275261124,165,2.129525882817851,1.8946507945039366,1.9084249127572375,0.3238841394254783,2.029375474991271,2.0389714909921617,1.4755601428346505,0.5247727220713071,0.19223023984598928,0.08370826585036698,0.23596534683292822,1.5415642104471967,1.9128891409951092,-0.3873125144666567,-0.7846002482956784,-0.7520171310611586,0.026605471524809583,-0.15740693087963162
1,470.0,-1.1588717671901354,-1.5933700669268802,-0.04047729516705035,-0.14814157636768735,-0.5486067116374198,-0.4166223138213681,-0.4633727689646097,-0.6248898915330825,-0.8283246656301517,2.087430672763604,,,1.307496681989686,164,2.1341079104417897,1.8984767855767533,1.9135911633581657,0.1568290622029487,1.9922795403452294,2.003432882857324,1.4755601428346505,0.4497052708172282,0.16716440508186553,0.04475554118191004,0.2544484813113757,1.6484098788592083,1.9128891409951092,-0.32401299046170723,-0.8332351149767045,-0.8283246656301517,-0.017220293983349025,-0.22870543210898817
1,480.0,-1.1758326833464552,-1.6190850059611688,-0.0334639406705783,-0.14879812716801102,-0.5534414867995183,-0.417155284927037,-0.4619680234820578,-0.6290220718134447,-0.8467870674523498,2.2785905908439372,,,1.3322465523660059,164,2.441103761245666,2.1936246683369083,2.2379168955275697,0.36564790873110975,2.3033146846851196,2.311434153359252,0.8476766834107502,0.4346917805664133,0.34262524843073006,0.2395191645241993,0.17127437615836036,1.6484098788592083,1.9128891409951092,-0.28340565590693745,-0.8338836967165647,-0.8467870674523498,-0.006879921361300844,-0.2748219965869701
1,490.0,-1.1913673398821718,-1.630942613381342,-0.019398468716352986,-0.14923330638512267,-0.5620185753888676,-0.41839573786629125,-0.45859702104431843,-0.6363615672138799,-0.8853262415198042,2.293787746619264,,,1.3550272774141525,166,2.3952834850062814,2.1482593456163657,2.399792747689998,0.5327029859536393,2.348971219634095,2.3635574452903474,1.1616184131227003,0.7800020563351759,0.3300923310486673,0.36936158008572473,0.15279124167991287,1.7552555472712208,1.9128891409951092,-0.1861050209909871,-0.8467597094835,-0.8853262415198042,0.08596154808486921,-0.4597592569227948
1,500.0,-1.20732192345677,-1.6435015288671424,-0.0037027120767650886,-0.14966648477824757,-0.5734893538193477,-0.41984104701844976,-0.45214729777067986,-0.6459483332143637,-0.9282943715428527,2.3896875395408386,,,1.378536186794861,169,2.4365217336217273,2.184879545884755,2.285561206625022,0.36564790873110975,2.27477935034201,2.2853725073937037,0.65931164558358,0.5397862123221242,0.4052898353410386,0.18758219829958778,0.30065631750749605,1.7552555472712208,2.239126516667409,0.015737245423333268,-0.8611930169706442,-0.9282943715428527,-0.026512536391704315,-0.39514956157914227
1,510.0,-1.2215092138239818,-1.6508140717171218,0.008971277410704193,-0.15009767611452332,-0.58143114463364,-0.42051779858088945,-0.45109172202509695,-0.652786990032659,-0.9416526752737756,2.4646715940240367,,,1.399537335764063,169,2.8580682750240647,2.584968898070742,2.706897644522972,0.36564790873110975,2.725637632963137,2.7402666915196296,1.6639251806618207,0.6298671538270181,0.07943398340743327,0.2525034060803516,0.18975751063680785,1.8621012156832322,2.239126516667409,0.15346104508103373,-0.8562367198738705,-0.9416526752737756,0.014070016140589496,-0.36943282965775454
1,520.0,-1.2339838533001606,-1.657687179099292,0.020545360541662932,-0.1505268940350724,-0.5875528432047362,-0.42051024294272815,-0.44812817738857674,-0.6577208814716469,-0.9460908077887088,2.518003827323671,,,1.4180786928007159,171,2.766427722545296,2.5018902347752916,2.604720688193497,0.36564790873110975,2.742758833569002,2.7592206158582093,2.103443602258551,0.6824143697048725,0.11703273555361801,0.3498852177514951,0.060375569287673785,1.8621012156832322,2.239126516667409,0.32794421819190944,-0.8210191654486665,-0.9460908077887088,0.10990093459466202,-0.19363741751767577
1,530.0,-1.246841870391477,-1.6602778763245198,0.03235171426722955,-0.15074076719319743,-0.5930240006488061,-0.42090768393059474,-0.44606904962406285,-0.662297389208139,-0.9550293910310523,2.4632240082641355,,,1.4372641727902873,171,2.885560440767695,2.6188562475728334,2.9296204482074475,0.7832856017874337,3.0509404444745822,3.0672218863601377,1.7895018725466008,0.8700829978400698,-0.146158529469677,0.6679991358772348,-0.161422044453701,1.9689468840952447,2.239126516667409,0.5211808179782553,-0.8072328708499095,-0.9550293910310523,0.2798274495751195,-0.24044849103910454
1,540.0,-1.2605299119895061,-1.6702802382641784,0.04072288945376238,-0.15116705029513874,-0.5985185370947446,-0.4214486475009951,-0.448681623689111,-0.6673380961441833,-0.9602958916444008,2.789237708691507,,,1.4577715162769573,171,3.0138572142379725,2.7401948215964533,2.853848772727162,0.5327029859536393,3.0623545782118264,3.0814373296140736,1.9150785644313808,0.9151234685925189,-0.0709610251773075,0.49920399564725243,-0.050523237583014434,2.0757925525072563,2.5653638923397084,0.6772270723818247,-0.795332767671769,-0.9602958916444008,0.17260501192636568,-0.11628350225580047
1,550.0,-1.2745785564389758,-1.687279501050974,0.05135694456941295,-0.15159139354223614,-0.6016626083904257,-0.4206289174340975,-0.438532779014363,-0.6688933760972622,-0.9594838714070525,3.720528071812228,,,1.4789090890580403,169,2.9267986893831415,2.6543833075347045,2.891734610467305,0.7415218324818014,2.637178096499498,2.6502355509113733,1.7267135266042108,0.5247727220713071,0.5807506786899013,0.2070585606338174,0.5686617674449896,2.0757925525072563,2.5653638923397084,1.048345506236446,-0.7040615826760986,-0.9594838714070525,-0.13093130975383216,-0.7476513713065029
1,560.0,-1.2900294602083133,-1.7203308035779514,0.059922812082778665,-0.15201381014575996,-0.605498245511882,-0.42050973891723425,-0.43941790079077,-0.672188542348469,-0.9569524646714556,5.811802371783586,,,1.5022624482537652,169,2.8489042197761876,2.5805963368446654,2.697139171165663,0.5327029859536393,2.7313446998317583,2.7450051726042743,1.4755601428346505,0.6148536635762032,0.3175594136666063,0.27847188919265625,0.23596534683292822,2.1826382209192676,2.5653638923397084,1.2747637343517106,-0.6322229751993894,-0.9569524646714556,0.023463659936282903,-0.3472180638619631
1,570.0,-1.3061470393931796,-1.7681804953405293,0.06437682489823036,-0.1524343131972859,-0.6089068068704291,-0.42091678821901374,-0.4457253754659112,-0.6757405467943598,-0.9555894593615665,9.171106543625324,,,1.5267425650790316,169,3.1238258772124947,2.838577449183171,3.0604987967643047,0.6162305245649041,3.010990976394229,3.0293140376829775,1.4127717968922606,0.764988566084361,0.2548948267562978,0.2914561307488109,0.31913945198594357,2.1826382209192676,2.5653638923397084,1.399654437060206,-0.591040894400414,-0.9555894593615665,0.03619901606710027,-0.47313718296989415
1,580.0,-1.3184647268588292,-1.7956108096254477,0.07225087614418675,-0.15285291567004788,-0.6088176375260448,-0.42143728070174336,-0.4462727161983034,-0.6758616105066525,-0.9628784638535468,10.989088647285994,,,1.5455337827137676,171,2.899306523639511,2.629787650638025,2.8647553017735667,0.6579942938705365,2.8226577697297084,2.8350363132125307,1.0988300671803104,0.48723899644426766,0.49302025701546903,0.1161688697407489,0.494729229531198,2.2894838893312803,2.5653638923397084,1.3918691184691185,-0.6500490331099347,-0.9628784638535468,0.06066649577429444,-0.458901644538156
1,590.0,-1.3295998483172542,-1.8178902795118828,0.08354577957702072,-0.15306150821149758,-0.610536274264734,-0.42134812672657573,-0.4464204681174508,-0.6773063368749501,-0.9613483655062872,11.96920929944554,,,1.5625828673814142,172,2.972618965622526,2.7013883407150248,3.129382138110018,0.7415218324818014,3.302051386693943,3.318361383846326,1.6011368347194306,0.7124413502065045,0.1295656529356808,0.5056961164253274,0.27293161578982483,2.2894838893312803,2.8916012680120082,1.5578505213767153,-0.600276935578271,-0.9613483655062872,0.4253212538190879,-0.18654274028743315
1,600.0,-1.3386357811637017,-1.8273203059448053,0.09043734484896351,-0.15326963042027206,-0.6110808095781557,-0.4216062278783618,-0.44500670149947297,-0.6777202620479472,-0.966761781196303,13.10769184443452,,,1.5764613052298801,173,3.2841968440503404,2.9954430831686603,3.3618634151518028,0.8668131403986985,3.7443490690121366,3.7614093652606386,1.977866910373771,1.1253123321039387,0.01676939649712476,0.7783651891045329,-0.1336973427360298,2.3963295577432917,2.8916012680120082,1.672887787127344,-0.6221069619198087,-0.966761781196303,0.5226071614874102,0.0578014709955271
2,0.0,3.077606147857693,0.8664297762557495,0.6245410509234482,-0.23282007555080528,0.003519588714594556,1.4973112562786786,0.8934821596067906,0.51002712335053,0.12908803585283876,-0.1855508294966567,,,-2.4488869542794456,93,-1.3436510561274935,-1.4071795013369761,-1.2068241996026783,1.451505910677552,-1.0410265003272843,-1.036302732942479,-0.4708785813794407,1.6132507652554517,-1.3117198460014148,2.0183602577171027,-1.3166179493566939,-4.067833381183429,-2.0019593670724865,0.13758415408009003,2.5446664499386293,0.12908803585283876,1.5348329062782924,1.4072182904448733
2,10.0,2.9811032203348873,0.7217973907732927,0.5608438071629531,-0.2338186072826497,0.07969922020792809,1.2859789625776763,0.8013842151257088,0.5060054457010984,0.0749866645612616,-0.18710603419217042,,,-2.3962916312204627,88,-1.623154741187739,-1.6771851570471912,-1.475469230850963,2.620891451235257,-1.2122385063859398,-1.211626533074346,1.9150785644313808,1.921027315397175,-1.1989235895628605,2.4598244706262906,-2.0097354922984896,-1.1295774998531014,-1.349484615727887,0.08358582033770569,2.1528833480104623,0.0749866645612616,2.7815991206294184,2.9732488590369077
2,20.0,2.895470853822621,0.7314035710867423,0.42696489127953113,-0.337665907394465,0.10043479768963622,1.1543561391212374,0.7419939413918776,0.48067198345360745,0.03897654528182818,-0.18983187300373888,,,-2.3488233672634355,96,-1.3436510561274935,-1.4104589222565331,-1.1121096052523216,1.9944349116507722,-1.0410265003272843,-1.0386719734848016,0.9732533752955302,1.1853662931072027,-0.409349794492972,1.5963724071421446,-0.8730227218739441,-1.0761546656470955,-1.349484615727887,0.06344893636014336,1.9663100630878276,0.03897654528182818,1.5555584060685812,0.6615599596842652
2,30.0,2.7781547465294283,0.7083624578561297,0.3544958321899937,-0.337665907394465,0.09505499371348843,0.9983178664255217,0.6713298641833861,0.4252065434781225,-0.008216709475976587,-0.19188915195406997,,,-2.2825399115203058,100,-1.1374598130502633,-1.2131470969298375,-0.7826176224819896,1.9526711423451388,-0.5730470171002925,-0.5671931055626187,-0.40809023543705064,1.6657979811333083,-0.9607981593036876,1.9664232914924935,-1.094820335615319,-1.0227318314410894,-1.349484615727887,0.05548446906764908,1.7992219749662512,-0.008216709475976587,2.32873489038278,1.04050983747985
2,40.0,2.6858877810324,0.8835445448086114,0.3399425562962483,-0.337665907394465,0.1968951400747981,0.8537393008820612,0.5551955449896435,0.46004081743168246,-0.011009836575467577,-0.193040968764308,,,-2.229363540995879,97,-1.2428464484008477,-1.3126228648230747,-1.138514886101512,1.0338682176212282,-1.0438800337615952,-1.0410412140271241,0.4709466077564099,0.5998401733253861,-0.3090864554364788,1.4795142331367714,-1.0024046632230799,-0.9158861630290772,-1.349484615727887,-0.04248835642890543,1.423790856987975,-0.011009836575467577,0.979157341424999,0.8387737320142962
2,50.0,2.581852481230443,1.0059026579168036,0.7215153010064582,-0.04082471378991122,0.3483808190570211,0.7319177412167874,0.46282675946599355,0.5455647949291232,-0.019631828700710067,-0.19473728068905943,,,-2.1682669219832627,100,-1.1557879235460171,-1.227904491067845,-1.199935865468107,-0.3025724001590076,-1.1951173057800741,-1.192672608735766,-1.0987620408033412,-0.5561985759874299,0.22982899199217405,0.09669250740651929,-0.4017027926735233,-0.9158861630290772,-1.0232472400555874,-0.14445487289025047,1.0230067034084735,-0.019631828700710067,-0.026341308772024494,0.3255919505824851
2,60.0,2.4768838370831068,1.0615599044292843,0.6948778551262709,-0.04349414898419676,0.5269633604726406,0.6118301144478238,0.3743430336359783,0.6549027650612403,-0.03283339125573842,-0.19612285670391666,,,-2.10536394486988,96,-1.2291003655290322,-1.2945860497655097,-1.4111781122616298,-1.2213753248829193,-1.4119858467877044,-1.4059042575447933,0.9104650293531402,-1.3369000690298491,0.4052898353410386,-0.07210263282346306,-0.6235004064148981,-0.8090404946170657,-1.0232472400555874,-0.23973150991644004,0.6452371550545095,-0.03283339125573842,-0.6474252894456481,0.5070817981912594
2,70.0,2.367443036091066,1.1226134056515553,0.675993294589706,-0.04663477273946655,0.7179779315105622,0.5084636333714306,0.2902681696842836,0.7799661011530963,-0.03677545493240749,-0.19775294602850582,,,-2.0383929318759577,97.5,-0.5738704153058339,-0.6709495048963687,-0.8578152701177273,-1.1378477862716545,-0.7899155581079229,-0.7827939949139686,0.4081582618140199,-0.6913199882447708,-0.19629019899792452,-0.2538820146096,-0.4756353305873149,-0.8090404946170657,-1.0232472400555874,-0.32277675119548455,0.33472339960439323,-0.03677545493240749,-0.4548178037246114,0.4186930364565328
2,80.0,2.2463976695725036,1.1608784991948888,0.6516581922192453,-0.050215120617471784,0.8935234307995319,0.4095130476206222,0.21968061100135267,0.8943420313286571,-0.0549000680059591,-0.19961119032449734,,,-1.962614955620386,99,-0.9129404594772793,-0.9945190356260192,-1.0311716791711076,-0.26080863085337525,-1.0010770322469313,-0.9960256437229961,0.4709466077564099,-0.6537862626177313,0.029302313879187532,0.7523967059922236,-0.7251576460463609,-0.7021948262050537,-1.0232472400555874,-0.3843426172610167,0.08714409505753386,-0.0549000680059591,-0.16798255948873267,0.34464086854635867
2,90.0,2.1297079651297004,1.218358376077389,0.6294372598649721,-0.05370844615121993,1.0912554356404893,0.32121927116667137,0.15196562471090494,1.030842209599021,-0.06748690626926396,-0.20142419027299666,,,-1.8878082081489518,100,-0.583034470553711,-0.675322066122445,-0.7872098452383706,-0.5949187852984343,-0.7699408240677463,-0.7662093111177108,0.2825815699292398,-0.7889076748750743,0.3802240005769148,0.04475554118191004,-0.30928712028128424,-0.5953491577930417,-0.6970098643832878,-0.4400350341388151,-0.12573008309510275,-0.06748690626926396,-0.3907910949831183,0.12915796622665127
2,100.0,2.0184680028848563,1.237338751367507,0.5947671693602108,-0.0566358426588823,1.2300265766316132,0.23347522696362258,0.09435551153803587,1.1183675858017748,-0.0981697147446252,-0.2029434190413568,,,-1.8148333738453883,102,-0.9083584318533409,-0.9906930445532026,-1.0426522360620598,-0.6366825546040668,-1.2464809075976708,-1.2447959006668614,-0.973185348918561,-1.5470889325412711,1.0319357044441235,-1.4224637546633334,1.2617793103867851,-0.5953491577930417,-0.6970098643832878,-0.47713772877529925,-0.28478311094604714,-0.0981697147446252,-0.9815604025471536,-0.9971361608200604
2,110.0,1.9079996507099533,1.231348503063745,0.5635035127472597,-0.059975758538592064,1.312421004676296,0.1520893195550014,0.04279327409195092,1.1604274826581398,-0.13552989544386912,-0.20467666603346182,,,-1.7407033520306952,103.5,-0.7754796307591257,-0.8606093480774308,-0.9502337530898936,-0.6784463239096992,-0.8555468270970741,-0.8491327300989993,0.9104650293531402,-0.924029087132415,0.5055531743975318,0.07072402429421466,-0.5403263012618827,-0.541926323587036,-0.6970098643832878,-0.5032664788443743,-0.40441655693683354,-0.13552989544386912,-0.12761508265882712,0.6334292118724771
2,120.0,1.8083789690512104,1.27839173668553,0.5489925803768356,-0.06277599533377737,1.3318016893425992,0.0750751080036184,-5.801382891273061e-05,1.1510524721755901,-0.18807346006678685,-0.20612979220642233,,,-1.6723853071417936,103,-0.5143040561946343,-0.6048145163519637,-0.7257888658717755,-0.7202100932153307,-0.6871883544727295,-0.6809166515941,1.4127717968922606,-0.9315358322578247,0.48048733963340806,-0.2279135314972954,-0.2538377168459401,-0.48850348938102967,-0.6970098643832878,-0.5193782717628329,-0.4965831963671936,-0.18807346006678685,-0.34810693609071186,0.1981049654620201
2,130.0,1.7002011191066566,1.2930818752997435,0.5296002068293368,-0.06597238966006443,1.3206407599805614,0.0031952329748283687,-0.02456248359768307,1.1188326990580482,-0.27119397816178753,-0.20778843528952193,,,-1.5965698590024269,104,-0.7617335478873105,-0.8474916643992018,-0.9370311126652986,-0.6366825546040668,-1.080975968407637,-1.076579822161962,0.03142818615967963,-1.3068730885282194,0.8439419437131981,-0.6628856236284059,0.7627346794686932,-0.3816578209690177,-0.6970098643832878,-0.5258237628039067,-0.5765237778883168,-0.27119397816178753,-0.8342255049829569,-0.6457434635350865
2,140.0,1.5915629265213835,1.2853878289237624,0.506718579830389,-0.06909530365701158,1.2842135781334953,-0.06430942749813473,-0.06422779692365829,1.0651325631437785,-0.3320638956526239,-0.20940888582867956,,,-1.5186670609658817,105,-0.4043353932201115,-0.5031524678456881,-0.5070842570991336,-0.26080863085337525,-0.5930217511404688,-0.5837777893588765,-0.03136015978271041,-0.9765763030102717,0.7436786046567031,-0.2993268600561343,0.29141475026827235,-0.3816578209690177,-0.533891176547138,-0.5365952761273143,-0.6480378924971362,-0.3320638956526239,-0.3531232487361744,-0.39779284625211625
2,150.0,1.4838821537206224,1.287459599165518,0.49142438760865176,-0.07214724233584625,1.1936519914673174,-0.12556362379570013,-0.06488145949772459,0.9706824539785925,-0.44839013472326217,-0.21099244796421715,,,-1.439644410543858,107.5,-0.5005579733228187,-0.5971625342063299,-0.5208609253682764,0.3238841394254783,-0.550218749625805,-0.5435007001393934,-0.2825135435522706,-0.2559287709711142,0.3802240005769148,0.1421373528530535,0.14354967444068914,-0.27481215255700614,-0.3707724887109882,-0.5264538486156284,-0.7057730327979927,-0.44839013472326217,-0.01723696969009264,-0.1682177024492634
2,160.0,1.3864733682131902,1.2876635857175565,0.4612780636298882,-0.07513059812302177,1.0796523636015871,-0.177719554638021,-0.10427250931774255,0.8556240391551575,-0.5011962639290177,-0.2125403671289257,,,-1.3665575829622831,108.5,-0.41808147609192675,-0.514083870910879,-0.5633389858648,-0.21904486154774283,-0.6072894183120235,-0.5979932326128116,0.4081582618140199,-0.5186648503603906,0.8063431915670116,-0.09807111593576769,0.2544484813113757,-0.27481215255700614,-0.3707724887109882,-0.5308898571352413,-0.7523430691984685,-0.5011962639290177,-0.36270819243529184,-0.21813536623294177
2,170.0,1.2887491718647588,1.277671245118431,0.43679497531426154,-0.07804765711492671,0.9747098978932822,-0.2245046336986491,-0.10888574769728744,0.752790450569045,-0.5947598732806229,-0.214053833314775,,,-1.2916534037966965,109,-0.5188860838185728,-0.6124664984975973,-0.5575987074193239,0.19859283150858112,-0.5901682177061581,-0.5814085488165538,0.5337349536988,-0.30847598684896865,0.5682177613078403,0.09020038662844428,0.19899907787603324,-0.16796648414499413,-0.3707724887109882,-0.5197799195706576,-0.8004997164883727,-0.5947598732806229,-0.07989665745140032,-0.17248564026443217
2,180.0,1.195693804123428,1.272594376996968,0.41332663133179826,-0.08009189530610417,0.8410763241777999,-0.2653821769413437,-0.08748387159278467,0.629565290282504,-0.6995216549608155,-0.2151144190763828,,,-1.2188088777125887,112,-0.5143040561946343,-0.6097336477312996,-0.5088063406327765,-0.09375355363084566,-0.6072894183120235,-0.6003624731551339,-0.1569368516674905,-0.8940021066307853,1.1697977956468015,-0.39670867172727775,0.5594202002057659,-0.11454364993898788,-0.2076538008748384,-0.4891164886366113,-0.8417297568124307,-0.6995216549608155,-0.13092734327610914,-0.44784197631246886
2,190.0,1.1038956368101775,1.253940269987596,0.39299317584191173,-0.08290033469024514,0.7633269503985759,-0.2975893058844619,-0.12900871444506284,0.5507946327244274,-0.7357744818681461,-0.21657144213078516,,,-1.1454503574078276,112,-0.37684322747648075,-0.47691710048923014,-0.38940854896687216,0.36564790873110975,-0.42466327851612456,-0.420300191938622,1.1616184131227003,-0.4210771637300871,0.5306190091616556,0.27847188919265625,0.13430810720146538,-0.06112081573298211,-0.044535113038688574,-0.4992018712261099,-0.8835591386867926,-0.7357744818681461,-0.00993821502611969,-0.21948142429253473
2,200.0,1.0154957457845202,1.251143012867811,0.36839775629780735,-0.08603591096968172,0.711222043625479,-0.3211636149643873,-0.07618580764273661,0.5043939185230047,-0.8178421636162678,-0.21819812505216346,,,-1.0733573710105353,111,-0.4043353932201115,-0.5064318887652455,-0.3383200708021343,-0.09375355363084566,-0.3533249426583514,-0.34685373512662376,1.852290218488991,-0.466117634482534,0.8314090263311353,0.29794825152688587,0.07885870376612128,0.045724852679029426,-0.044535113038688574,-0.457974848016067,-0.9195817694112721,-0.8178421636162678,0.23639443089705617,-0.15529692610254897
2,210.0,0.9263092621472573,1.239512501508949,0.349677000981418,-0.08833740483942056,0.6440698217981831,-0.3445943563625607,-0.1376773267477349,0.4354076492048768,-0.8370358841428733,-0.21939206058533928,,,-0.9991363685904121,114,-0.1110856252880505,-0.2227619792235415,-0.13454018598773038,0.3238841394254783,-0.1992341372055613,-0.1928530998756595,1.4755601428346505,-0.3535164576014156,0.7687444394208268,0.07072402429421466,0.18975751063680785,0.045724852679029426,-0.044535113038688574,-0.482292380763204,-0.9550044014649195,-0.8370358841428733,-0.08150325566466034,-0.3600678863648949
2,220.0,0.8313864637573255,1.195810363043306,0.3138729796449346,-0.09096983246820689,0.5744827669352194,-0.36089232245968894,-0.13074824906822913,0.3723090857611763,-0.8772966513035313,-0.220757631803051,,,-0.9184493468271326,115,-0.05610129380078929,-0.1664652534378082,-0.11961546202949219,0.1568290622029487,-0.15072406882227551,-0.14072980794456383,1.2871951050074804,-0.5186648503603906,0.8940736132414439,-0.2473898938315227,0.5963864691626625,0.1525705210910419,-0.044535113038688574,-0.46339054616699304,-0.9803700052146648,-0.8772966513035313,-0.09807688490311373,-0.25170740515831513
2,230.0,0.7394148491941167,1.1590051265090306,0.2955934499970686,-0.09318235331956343,0.5025990185628008,-0.37270056804870866,-0.15502481624228906,0.30585887153358193,-0.8956058642450058,-0.22190534237717616,,,-0.8385524179559771,114,-0.10192157004017378,-0.20800458508553393,-0.01055017156544505,0.6579942938705365,-0.030875664581216575,-0.022267780828437462,0.72209999152597,0.036834288919794046,0.4428885874872233,0.42779066708840896,0.2267237795937045,0.1525705210910419,0.11858357479746125,-0.4643042856707605,-0.9982538393075052,-0.8956058642450058,0.24041437962554757,-0.23417959066155292
2,240.0,0.6458972019723552,1.0972113559844894,0.26140083586743174,-0.0953555404668959,0.40600372950359603,-0.38039345039600975,-0.15745742425603987,0.22151758879205238,-0.913417731813689,-0.22303261888975576,,,-0.7555203518590168,114,-0.03777318330503556,-0.15006814884002223,-0.10698684944944474,0.36564790873110975,-0.16213820255951936,-0.15020677011385372,1.0360417212379203,-0.2559287709711142,0.8314090263311353,0.14862947363113083,0.31913945198594357,0.25941618950305345,0.28170226263361103,-0.44268999975778894,-1.0064114820168513,-0.913417731813689,-0.1549240603794977,-0.3318655242928173
2,250.0,0.550310885298936,1.0011491825995535,0.21170941575900423,-0.09713723434136332,0.27352188591052956,-0.38527462303870696,-0.1697572595166481,0.10669675715919491,-0.9216696980594467,-0.22395679744068037,,,-0.6687210089113962,114,-0.10192157004017378,-0.21019086569857187,-0.04843600930558791,0.19859283150858112,-0.04799686518708237,-0.04122170516701761,1.5383484887770407,-0.5712120662382449,0.9316723653876285,0.04475554118191004,0.2821731830290486,0.25941618950305345,0.28170226263361103,-0.414269642659112,-1.004260129208736,-0.9216696980594467,0.20941199178626874,-0.16245335276825237
2,260.0,0.4250906657317618,0.7302025017887395,0.13528810691887852,-0.09607137611513095,-0.004316094951401006,-0.391381821982181,-0.20810896687653044,-0.13400083497850207,-0.9258503030132237,-0.22340393086735683,,,-0.5519454984273362,112,0.053867369173733436,-0.05824436309241855,0.0698137266712211,0.5327029859536393,0.08897273965984195,0.10093272737233402,1.7895018725466008,0.20948942680417645,0.4052898353410386,0.38234582164187475,0.15279124167991287,0.36626185791506594,0.28170226263361103,-0.333553033255423,-0.9800083013797519,-0.9258503030132237,0.159689030729496,-0.1275328259354752
2,270.0,0.36058000963440084,0.6467603919248863,0.11486684004072689,-0.1019893977747112,-0.0820160186895583,-0.39139469873732974,-0.22771195026081814,-0.20159351517484408,-0.918933790258298,-0.22647355019286444,,,-0.4903802680328653,115,-0.08359345954442006,-0.19379376110078586,-0.036381424570087764,0.5744667552592717,-0.07082513266156969,-0.06254487004792049,1.4127717968922606,-0.10579386846295637,0.8188761089490744,0.38234582164187475,0.24520691407215198,0.41968469212107173,0.4448209504697609,-0.31000090994048274,-0.9610217331383056,-0.918933790258298,0.12536740374267707,-0.2745967128276484
2,280.0,0.2878807573772658,0.5427643097122251,0.09706203999758393,-0.10664966773894362,-0.1767657273055733,-0.39146274319048785,-0.23877162690464818,-0.2829246781917691,-0.914768822098339,-0.2288906293652301,,,-0.419817863113317,117,-0.010281017561404794,-0.12437935163682327,-0.016290450010921352,0.11506529289731632,-0.18211293659969593,-0.173899175537079,0.59652329964119,-0.7738941846242572,1.0570015392082457,-0.17597656527268385,0.6518358725980049,0.4731075263270775,0.6079396383059107,-0.24887505186147982,-0.9302131353281694,-0.914768822098339,-0.24656027210037423,-0.6874104329615353
2,290.0,0.20387900529241593,0.39011620427178845,0.07954674878818647,-0.10923085477420086,-0.29133387240283476,-0.39152490403900486,-0.2540680422991409,-0.38142778421603546,-0.9082850568095058,-0.23022931928406626,,,-0.33668147202133,118,0.5212341868154554,0.38666374166085127,0.29598069742298216,-0.21904486154774283,0.26589181258711936,0.28099500858884596,1.5383484887770407,-0.7363604589972177,0.7562115220387658,-0.3447717055026685,0.41155512437818265,0.579953194739089,0.6079396383059107,-0.1368877557857297,-0.8713544108840591,-0.9082850568095058,-0.3241720738019469,-0.3026847918710691
2,300.0,0.11775607733822688,0.20541108319162,0.06814548024568685,-0.11144253578158926,-0.3971701982691889,-0.3912426857934461,-0.28058019818085367,-0.47339445400747443,-0.8934357893592387,-0.23137633731313,,,-0.24960570922001585,123,0.768663678508132,0.629887459861349,0.6059557334786952,-0.051989784325213256,0.508442154503548,0.5226575439057438,0.9732533752955302,-0.7438672041226273,0.9943369522979371,-0.2279135314972954,0.48548766229197426,0.579953194739089,0.6079396383059107,0.01659342239281094,-0.7656512264014815,-0.8934357893592387,-0.30743731623118353,-0.49750523773178834
2,310.0,0.037481853988084166,0.03206898691244075,0.06052813355224275,-0.11361180098883604,-0.46882767885548526,-0.3898836351755618,-0.30411619487633224,-0.5358080198993633,-0.8721941807791653,-0.23250132751926278,,,-0.16671200000018763,126,0.667859070781486,0.5320514024278903,0.5956232322768382,0.2403566008142135,0.43425028521146414,0.4468418465514229,0.5337349536988,-0.8564683810037458,1.2449952999391711,-0.3382795847245912,0.8736334863393798,0.6867988631511015,0.6079396383059107,0.19592445381686002,-0.6075245932053823,-0.8721941807791653,-0.2772155468577169,-0.6536638636226548
2,320.0,-0.03582443979019465,-0.10853330987958339,-0.28044416869637656,-0.18971520845632922,-0.5081899960786894,-0.38893705284739555,-0.32429985085084584,-0.5706612038235259,-0.8505034845591701,-0.2336049184152821,,,-0.08950903337337626,129.5,1.0115111425768697,0.865459195916213,0.7781640868429801,-0.09375355363084566,0.5940481575328758,0.607950203429355,1.4127717968922606,-0.9015088517561927,1.1572648782647406,-0.5200589665107281,0.8828750535786035,0.6867988631511015,0.7710583261420605,0.33240006933017596,-0.4467008783536949,-0.8505034845591701,-0.5036199661370131,-0.7016579601172962
2,330.0,-0.10044306040292784,-0.21739655356543933,-0.283975269817694,-0.1907121808211414,-0.5232529343044077,-0.3888958749855537,-0.3451050829108683,-0.5852197113605982,-0.8272732437706207,-0.2343804319480488,,,-0.020230566088469626,123,0.7136793470208704,0.5757770146886539,0.640397404151552,0.03153775428605153,0.3229624812733379,0.3331183005199416,1.2871951050074804,-1.3669270495314814,1.8340424168960714,-0.773251676855704,1.1693636379945462,0.7936445315631131,0.9341770139782103,0.3314842936960667,-0.35670305077206427,-0.8272732437706207,-0.513941722199739,-1.0289872122666672
2,340.0,-0.16320255746208415,-0.2762536620311667,-0.29609073787217466,-0.19208558013491084,-0.5306494249315306,-0.3881075783208367,-0.36797734269033733,-0.5932401621253036,-0.7886716638216474,-0.2354487329115199,,,0.04818248214083122,126,1.048167363568377,0.8971602648052666,0.8430292332768611,0.11506529289731632,0.6197299584416742,0.6363810899372251,0.8476766834107502,-0.9390425773832322,1.3327257216136035,-0.623932898959949,1.354194982779026,0.7936445315631131,0.9341770139782103,0.2477320621741466,-0.2788535536073232,-0.7886716638216474,-0.5081505045521107,-0.7874565406072911
2,350.0,-0.2239412121946442,-0.3288989108328891,-0.5265642831121312,-0.337665907394465,-0.5352596528222912,-0.38908535165444463,-0.3845373294412243,-0.5988599522826933,-0.7623693918211668,-0.23649722428562595,,,0.11547726176644971,132.5,1.291014827637115,1.1332785710133901,1.1174145429706217,0.1568290622029487,0.8794015009639683,0.8946283090503807,0.7848883374683602,-0.8264414005021138,1.3201928042315423,-0.591472295069567,1.0861895328415307,0.9004901999751256,0.9341770139782103,0.17660877419543822,-0.25310334876805907,-0.7623693918211668,-0.45044823280469565,-0.8011138094290072
2,360.0,-0.28723591913988705,-0.41185274292353746,-0.5214086725683845,-0.337665907394465,-0.5443027678904845,-0.38952475539783143,-0.4054820130021369,-0.6084630781176824,-0.7090429667885144,-0.2373805787336429,,,0.18676751662483285,137,1.4376397116031454,1.2721073899413144,1.229349972657407,0.03153775428605153,0.933618636215876,0.949120841523799,0.5337349536988,-0.9165223420070077,1.3577915563777272,-0.8251886430803133,1.3357118483005768,1.0073358683871372,1.26041438965051,0.09669669140202201,-0.1687000122421049,-0.7090429667885144,-0.5431199810365919,-0.9097000045139959
2,370.0,-0.34543496064673673,-0.4599362102270023,-0.5161217761556041,-0.337665907394465,-0.5454653027356684,-0.3893056113554843,-0.4242335701077987,-0.6110043288869775,-0.6298973061130766,-0.23839371417640742,,,0.25339210056430056,137,1.4834599878425299,1.3191124231216356,1.3361191517432638,0.11506529289731632,0.9792751711648506,0.9965056523702496,0.65931164558358,-0.8714818712545607,1.5583182344907136,-0.8251886430803133,1.4650937896497125,1.0073358683871372,1.26041438965051,-0.04409262309816656,-0.13397028502904149,-0.6298973061130766,-0.5392196171970767,-1.018737359555953
2,380.0,-0.3992546075234001,-0.49265735459121707,-0.49797944296206365,-0.337665907394465,-0.5451401007283861,-0.3903597457776897,-0.43855766817616937,-0.612267355336025,-0.5537253952441444,-0.23910614815482636,,,0.3159405392590461,139,1.3368351038764994,1.1748179026611154,1.187445940005431,0.1568290622029487,0.8080631651061951,0.8211818522383825,0.7848883374683602,-1.0816707347659826,1.746311995221639,-0.8706334885268475,1.4650937896497125,1.0607587025931429,1.26041438965051,-0.16212662955264873,-0.14818409767681795,-0.5537253952441444,-0.5914161115409172,-1.083376838760403
3,0.0,0.009990544706617617,-0.2271103870155505,-0.6649023713527413,-0.337665907394465,-0.42766018383653565,-0.3299882224312356,-0.3636066099790031,-0.4888295206660538,-0.44244349829730734,-0.23234193919193263,,,-0.13793001505538338,101,-1.4765298572217087,-1.467302218195526,-1.0868523800922263,2.7461827591521555,-1.0239052997214186,-1.0315642518578338,-0.40809023543705064,2.116202688657782,-0.9482652419216265,1.9729154122705685,-0.7436407805248101,-4.334947552213459,-2.6544341184170857,-0.22685039834057685,-0.05706559564871024,-0.44244349829730734,2.0226830442610533,0.5858258306733366
3,10.0,-0.05445821100893317,-0.45751455060514057,-0.7079239482095502,-0.337665907394465,-0.45460461411519665,-0.32478723205080334,-0.3725801077294717,-0.5109620748983883,-0.3679893655713636,-0.23170686784177397,,,-0.06965070072798102,116,-1.357397138999309,-1.348149924784945,-0.8922569407905844,4.959662532350669,-0.778501424370679,-0.7851632354562913,-0.4708785813794407,2.821836730446122,-0.8981335723933791,2.693540818637037,-0.8452980201562729,-1.1295774998531014,-1.349484615727887,-0.2036406241607342,0.1355091801114383,-0.3679893655713636,2.333715291918417,0.6794836737593518
3,20.0,-0.12123795755116845,-0.7032529937823898,-0.710459054022803,-0.337665907394465,-0.4295365081212075,-0.3210154785487614,-0.38352949327181374,-0.48956372212219246,-0.2800438358377395,-0.234839097941815,,,0.0023131094433480963,125,-0.857956127990018,-0.8267219985753389,0.1915076297153157,5.043190070961934,0.8080631651061951,0.7951202062728348,-0.7848203110913909,3.1145997903370306,-1.762904871755637,3.0051626159847014,-1.4552414579450532,-1.0227318314410894,-1.349484615727887,-0.29699952596206813,0.047007100198834084,-0.2800438358377395,4.637855349469984,1.5557736145174836
3,30.0,-0.17203421025452073,-0.7593183409224076,-0.7133496697175938,-0.337665907394465,-0.43032924257506056,-0.31664550284109716,-0.39644688758458335,-0.49009600165618594,-0.1532172344954962,-0.23575029900552613,,,0.05790051206080827,133,-1.0458192605714942,-1.0213009731357372,-0.07713740153296865,4.542024839294346,0.3514978156164471,0.33785678160458676,-0.847608657033781,3.077066064709991,-1.8506352934300676,2.784430509530105,-1.270410113160575,-1.0227318314410894,-1.349484615727887,-0.342646918602066,0.09900066085487907,-0.1532172344954962,4.434780287448177,1.2169720222843665
3,40.0,-0.21529797100279702,-0.7969816580999337,-0.7155068499149945,-0.337665907394465,-0.43578731671887916,-0.31586638569596515,-0.4076426296582856,-0.49546745265489234,-0.04181990005290971,-0.23634863172466736,,,0.1058349722651481,137,-0.9129404594772793,-0.8802858735947745,-0.1999793602661586,2.3285450660958316,0.2972806803645398,0.2881027302158138,-1.035973694860951,2.559100651056846,-1.762904871755637,2.258568726505924,-1.5106908613803964,-0.9158861630290772,-1.349484615727887,-0.3740820468661193,0.1407502499640684,-0.04181990005290971,3.4214067289592576,1.5580776390725526
3,50.0,-0.25308810344646027,-0.8100133472071366,-0.718670247931214,-0.337665907394465,-0.44450758467938795,-0.3181180692566365,-0.41755856415496784,-0.5043653838421391,0.05234905062394153,-0.23694064957556796,,,0.14815678572620333,141,-0.6517648849127877,-0.6124664984975973,-0.07484129015477818,2.203253758178933,0.4485179523830187,0.4421033654667781,-0.973185348918561,2.3864455131724656,-1.800503623901822,2.083281465497867,-1.1964775752467833,-0.8090404946170657,-1.0232472400555874,-0.3964828981460643,0.17242367060535085,0.05234905062394153,2.5920423710143283,1.5186818563834925
3,60.0,-0.2891310493920773,-0.8180765054205402,-0.7205780267865174,-0.337665907394465,-0.44915953135615005,-0.31899656415164834,-0.4294906681236544,-0.5095926699317221,0.22177094760038718,-0.2375264520051949,,,0.1889206630372705,143,-0.6242727191691569,-0.5780325788422458,-0.00882808803180239,2.3703088354014628,0.5626592897554558,0.5534576709559366,-1.2243387326881212,2.4314859839249126,-1.8506352934300676,2.3429662966209177,-1.6031065337726365,-0.8090404946170657,-1.0232472400555874,-0.4350688850112932,0.19795006084908498,0.22177094760038718,2.7421283851523226,1.606559266029805
3,70.0,-0.31915165634424436,-0.8122679316124518,-0.7189087692832852,-0.337665907394465,-0.4446859525763319,-0.3231391600446646,-0.43890720552163937,-0.5078007616628248,0.3550386456510427,-0.23796178360776726,,,0.22317472459562043,146,-0.6471828572888493,-0.6075473671182614,-0.07254517877658771,2.7461827591521555,0.4313967517771529,0.4231494411281976,-0.6592436192066108,2.61915461206011,-2.1138265584533644,2.4663165914043654,-1.519932428619621,-0.7556176604110595,-1.0232472400555874,-0.47510190709180633,0.13453925133785175,0.3550386456510427,2.528085166080466,1.4542976278424702
3,80.0,-0.35082291108000063,-0.8261277547524575,-0.7175473762237542,-0.337665907394465,-0.43462364615126786,-0.3289483001653606,-0.4474249384802694,-0.5016700195575651,0.483807160463488,-0.23839371417640742,,,0.25961298512889186,144,-0.491393918074942,-0.4430297509871382,-0.2941199267719678,0.36564790873110975,-0.04799686518708237,-0.05780638896327537,-0.40809023543705064,1.4405956273710714,-1.4621148545861555,1.2847506097944799,-1.1595113062898867,-0.7021948262050537,-1.0232472400555874,-0.5155554891694448,0.025806402150088656,0.483807160463488,0.7936876313706812,0.765857768430984
3,90.0,-0.3861474781040827,-0.8538561351039541,-0.7182917779569759,-0.337665907394465,-0.43102676088092334,-0.33744949449344935,-0.4528149328772765,-0.5015256727313103,0.5050066139234477,-0.2389643996339323,,,0.30062354582944795,142,0.08594156254130271,0.1538248563722849,0.32296000611672,0.6579942938705365,0.8622803003581029,0.8519819792885749,-0.2825135435522706,1.6808114713841231,-1.6877073674632659,1.4275772669121622,-1.4275167562273812,-0.5953491577930417,-0.6970098643832878,-0.536366758829203,-0.07592861426927847,0.5050066139234477,1.1475613751872342,1.2373299395975168
3,100.0,-0.4215965448081864,-0.8857533506721459,-0.715956392184459,-0.337665907394465,-0.4339145960843356,-0.3448047540829189,-0.45926579487301517,-0.5066435238622076,0.5941914645497023,-0.2393885477868732,,,0.3421754032675721,142,-0.5051400009467573,-0.4539611540523291,-0.27460298005734873,0.9503406790099633,-0.042289798318460435,-0.05069866733630786,-1.2243387326881212,1.5757170396284124,-1.4245161024399708,1.3042269721287096,-0.7713654822424814,-0.5953491577930417,-0.6970098643832878,-0.556758328478297,-0.13724453225046002,0.5941914645497023,0.8380450728073771,0.7038136272702303
3,110.0,-0.4593048405316043,-0.9281952330434132,-0.6700670970239645,-0.337665907394465,-0.43716052633362507,-0.3523983962458989,-0.46331816213843996,-0.5119265377773443,0.5997591509040996,-0.225234911863518,,,0.38681816868158203,142,-0.02860912805715853,0.03904512418778045,0.23628180159002996,-0.3025724001590076,0.711043028339624,0.7027198251222561,-0.7220319651490009,1.5306765688759654,-1.7253061196094506,1.0055894163371994,-1.122545037332992,-0.48850348938102967,-0.6970098643832878,-0.5684454917089318,-0.20414723158977496,0.5997591509040996,1.1378536918933142,1.1196826385956957
3,120.0,-0.5019643300806998,-0.9961396234058147,-0.6390058418071317,-0.337665907394465,-0.46883204603495937,-0.36011076339391784,-0.46767974004574936,-0.5413780582699118,0.6188626366168127,-0.1721892677973465,,,0.4378816542498308,141,-0.34018700648497296,-0.28343126623535114,-0.06795295602020678,0.8668131403986985,0.19740701016365741,0.19096386798058998,-0.847608657033781,1.7408654323873873,-1.7253061196094506,1.5639118032517605,-1.2334438442036784,-0.48850348938102967,-0.6970098643832878,-0.5603375125795341,-0.14404211322555374,0.6188626366168127,0.9122399638048265,0.6877300203825024
3,130.0,-0.5447801464038213,-1.0711125419057141,-0.6487209904358179,-0.337665907394465,-0.49441601790817025,-0.3668877331603893,-0.4706811433916103,-0.565280762001583,0.5945564021148823,-0.15100628411205755,,,0.489739164907839,141,0.4204295790888094,0.5080023156844705,0.33271847947402966,-0.38609993877027243,0.8308914325806824,0.8211818522383825,-0.7220319651490009,1.785905903139834,-1.7253061196094506,0.7459045852141487,-1.2149607097252308,-0.3816578209690177,-0.6970098643832878,-0.547973608470097,-0.08436349223358708,0.5945564021148823,0.38589845291405495,1.1193839057435904
3,140.0,-0.5860413923967996,-1.1297291012660369,-0.6523601947537304,-0.337665907394465,-0.5093471267855278,-0.37276679257259804,-0.47367571276863457,-0.5798903620697269,0.5920598230473865,-0.12847666599719676,,,0.5402992743834589,144,-0.156905901527435,-0.0986905544336248,0.11229178716774466,0.699758063176169,0.5569522228868338,0.5463499493289691,-0.7220319651490009,1.770892412889017,-1.800503623901822,1.5379433201394557,-1.30737638211747,-0.3816578209690177,-0.3707724887109882,-0.5453613581293647,-0.070325874258147,0.5920598230473865,1.1796283249483361,1.1201025567030904
3,150.0,-0.623989944797088,-1.174072688685516,-0.6490201869744142,-0.337665907394465,-0.5281765446460487,-0.3787951745722745,-0.47651264540015215,-0.5978353890007853,0.5733991399756492,-0.097612444011505,,,0.5873160768254369,146,-0.13857779103168125,-0.07901402891628093,0.2029881866062683,1.535033449288817,0.5455380891495899,0.5368729871596791,-1.0987620408033412,1.6657979811333083,-1.5247794414964642,1.6288330110325242,-0.808331751199378,-0.27481215255700614,-0.3707724887109882,-0.5346585145715029,-0.019126434046355657,0.5733991399756492,1.1071706854281256,0.7669905534948027
3,160.0,-0.6597548481086698,-1.1970795897439412,-0.6477301697376223,-0.337665907394465,-0.5334598575839591,-0.3827845877925956,-0.4776373089732759,-0.6035587364365997,0.507248245583463,-0.09022957594723759,,,0.6320872691577242,148,-0.42266350371586525,-0.3708824907568782,-0.07024906739839724,1.0338682176212282,0.3686190162223129,0.361549187027812,-0.7220319651490009,1.90601382514636,-1.800503623901822,1.5379433201394557,-1.1779944407683343,-0.27481215255700614,-0.3707724887109882,-0.5321443199051189,-0.05045331923502498,0.507248245583463,1.542098371298293,1.2440198226386705
3,170.0,-0.6952640829160532,-1.22031413450546,-0.6458618631482974,-0.337665907394465,-0.540694632176776,-0.38669923720341837,-0.4786207904875005,-0.6109034663858033,0.42793288367558047,-0.09924821831885541,,,0.6769866847009917,150,-0.358515116980727,-0.3096666335918093,-0.2057196387116349,0.2821203701198459,0.0775586059225985,0.06302487869517372,-0.4708785813794407,1.0052044100974127,-1.3493185981475997,1.0185736578933542,-0.937713692548512,-0.16796648414499413,-0.3707724887109882,-0.5243633352623747,-0.06401117754373618,0.42793288367558047,0.7191628150044751,0.8343325006883456
3,180.0,-0.7328177242528291,-1.2584767802580752,-0.6491784545617515,-0.337665907394465,-0.55331483039859,-0.3891824048534694,-0.477913460671751,-0.6222586238448801,0.29292549787587147,-0.08955232432062553,,,0.724964640357324,149,-0.0011169623135277654,0.06692020200401734,-0.1075608772939923,-0.26080863085337525,0.09753333996277505,0.08671728411839899,-0.5964552732642208,0.749975075833544,-1.1237260852704893,0.5186803579814775,-0.8175733184386017,-0.06112081573298211,-0.044535113038688574,-0.48653848845638115,0.02225611094260969,0.29292549787587147,-0.07087298513392402,0.5150718564109102
3,190.0,-0.7642079199195565,-1.2878719040578959,-0.6434972050561011,-0.337665907394465,-0.5588309798445957,-0.3918922637307087,-0.4774938733713575,-0.627678763790109,0.1725155071133487,0.015324277094172306,,,0.7654633342810655,151,-0.065265349048666,0.004064634379169531,0.023891499107411982,-0.21904486154774283,0.39144728369680026,0.3805031113663922,-0.847608657033781,1.1553393126055707,-1.4746477719682165,0.6550148943210802,-0.9192305580700645,-0.06112081573298211,-0.044535113038688574,-0.4630843940603813,0.0217129463292675,0.1725155071133487,0.6119221248670093,0.9498237033080391
3,200.0,-0.794527681442464,-1.316410185779872,-0.6440258842444898,-0.337665907394465,-0.5649284245262509,-0.3945510825127583,-0.47898145834973854,-0.6337418304113266,0.15228594793726988,0.12556737531738874,,,0.8049274032450062,151,0.2738046951227792,0.35714895338483565,0.33157042378493456,-0.21904486154774283,0.5683663566240776,0.5558269114982594,-0.21972519760988055,0.6148536635762032,-0.7978702333368858,0.4732355125349432,-0.6050172719364506,0.045724852679029426,-0.044535113038688574,-0.4556128592519284,0.034946491645498415,0.15228594793726988,0.2266373840903477,0.4142457771429285
3,210.0,-0.8243389724098972,-1.3363190730209051,-0.6427519065272953,-0.337665907394465,-0.5672165055051223,-0.3961073366687728,-0.4762314545707701,-0.6358918908157303,-0.031567180130706744,0.1496352013126882,,,0.8440659199042266,153,0.11801575590887199,0.19044505664067454,0.45498641036267207,1.1591595255381244,0.9735681042962286,0.963336284777734,-0.973185348918561,1.5757170396284124,-1.411983185057908,1.5509275616956104,-1.1687528735291106,0.045724852679029426,-0.044535113038688574,-0.41149368314950385,0.016474619457842354,-0.031567180130706744,1.2622822519050005,1.095132323501598
3,220.0,-0.8533785924212179,-1.3160764104027862,-0.6427271259334557,-0.337665907394465,-0.5669479782189398,-0.39818203222506565,-0.4741408746236056,-0.6360794645705926,-0.1738873798320248,0.08550584738717794,,,0.8825160587104998,157,-0.07442940429654303,-0.012332470218616474,0.34879125912136266,0.5327029859536393,0.7395783626827331,0.7311507116301261,-0.3453018894946606,1.3655281761169926,-1.3994502676758471,1.1224475903425726,-1.030129364940751,0.1525705210910419,-0.044535113038688574,-0.3842099875333061,-0.06072343751254202,-0.1738873798320248,1.318413162221799,0.8207754251277474
3,230.0,-0.8850073837146326,-1.3058490911557394,-0.6455714510000229,-0.337665907394465,-0.5678055183637367,-0.39971472188099144,-0.47354594454986826,-0.6371954970567874,-0.2392076410465953,0.05059912117763617,,,0.9247638126129923,155,0.09968764541311793,0.1735013818896288,0.5267398909311242,0.9503406790099633,0.9678610374276072,0.9585978036930887,-0.973185348918561,1.5907305298792294,-1.5247794414964642,1.3431796967971688,-0.9746799615054086,0.1525705210910419,0.28170226263361103,-0.37009052506448087,-0.10115340094949234,-0.2392076410465953,1.2913509481860608,0.8573276959599174
3,240.0,-0.9165112382453573,-1.2905759471389477,-0.6414635984435243,-0.337665907394465,-0.5696381110127441,-0.4016396835245248,-0.47059012538647516,-0.6390473666319949,-0.36876604637134447,-0.03283231745319072,,,0.9672327269845679,157,-0.5509602771861417,-0.5097113096848026,-0.5191388418346335,-0.21904486154774283,-0.321936074880931,-0.330269051330366,-0.7220319651490009,1.2304067638596496,-1.2991869286193538,0.7459045852141487,-1.0116462304623035,0.25941618950305345,0.28170226263361103,-0.31934062001086083,-0.14643738837813958,-0.36876604637134447,0.32130696650433443,0.7438964639189583
3,250.0,-0.944995425060521,-1.2711753083462891,-0.6421267226900103,-0.337665907394465,-0.5752061336801917,-0.4028876660824866,-0.47150957274770366,-0.6442072955394199,-0.38378812358043757,-0.09797085407399818,,,1.0059688176808728,157,0.13634386640462573,0.21176129261779664,0.0445565015111262,-0.38609993877027243,0.4000078839997329,0.3899800735356824,-0.5336669273218307,0.6824143697048725,-1.136259002652552,0.49920399564725243,-0.9192305580700645,0.31283902370905925,0.28170226263361103,-0.2920227106121569,-0.10407937087283223,-0.38378812358043757,0.2046281927876333,0.8992596159146152
3,260.0,-0.9755203738173243,-1.2554856696497254,-0.6408777620921348,-0.337665907394465,-0.5813107487183548,-0.40390341097437993,-0.46912124975454916,-0.6494701683804579,-0.4585622233896452,-0.1089909573925468,,,1.0478410724527474,160,-0.05610129380078929,0.008983765758505624,-0.5363596771710619,-1.5554854793279786,-0.34761787578972947,-0.35633069729591366,0.4081582618140199,-0.27844900634733666,-0.4845472987853433,-0.6563935028503309,-0.8822642891131679,0.36626185791506594,0.28170226263361103,-0.20364462821996646,-0.03803416840256154,-0.4585622233896452,-0.8087162204058078,0.7227882750818938
3,270.0,-1.0068791820213228,-1.2507039691761102,-0.6420353327267188,-0.337665907394465,-0.5852742484759049,-0.40634920862795604,-0.4651476530942266,-0.6531909790427192,-0.578488793065388,-0.07439939943878478,,,1.091251185699656,157,0.31504294373822517,0.39540886411300397,0.09507095183131652,-0.38609993877027243,0.29157361349591787,0.2833642491311687,-0.5964552732642208,0.4722255061934527,-1.010929828831935,0.29794825152688587,-0.6789498098502422,0.4731075263270775,0.6079396383059107,-0.08724352772484972,-0.0761298526566635,-0.578488793065388,-0.29564616232068053,0.3948230710079872
3,280.0,-1.0384574562774642,-1.2552428449927868,-0.6441295659998133,-0.337665907394465,-0.5879702649221403,-0.40612937692811235,-0.46522034770227344,-0.6554206208064408,-0.5724330831403341,0.007614754151209728,,,1.135374247607793,157,0.2279844188833947,0.3057713589784387,0.5542932274694098,-0.4696274773815372,0.9792751711648506,0.9680747658623788,-0.847608657033781,0.8400560173384399,-0.9733310766857486,0.6290464112087756,-0.8637811546347204,0.4731075263270775,0.6079396383059107,-0.052956389785351964,-0.004684400320669649,-0.5724330831403341,1.017849982905243,0.8030705353283505
3,290.0,-1.0658797578120862,-1.2481178433753815,-0.6469851546401046,-0.337665907394465,-0.5925943530879909,-0.4079651381163604,-0.4634961185173007,-0.6597206280618557,-0.63422729108548,-0.029907615902949002,,,1.174027900772458,162,-0.3356049788610348,-0.2828846960820914,-0.3721877136304438,0.1568290622029487,-0.16499173599383013,-0.1715299349947566,-0.910397002976171,0.9076167234671093,-0.8981335723933791,0.9666366916687449,-0.9192305580700645,0.579953194739089,0.6079396383059107,0.06455370160923109,0.011636691585321969,-0.63422729108548,0.12399238798447117,0.6773254639198325
3,300.0,-1.0940443662397148,-1.228842367902952,-0.5154678169711766,-0.27390002136089425,-0.5960359007610555,-0.408754394304531,-0.46219444425684647,-0.6627536968942593,-0.6643450775310296,-0.023863843317960244,,,1.2140588009818671,164,0.6861871812772393,0.7829271027740218,-0.031215173969159273,-1.3466666327998165,0.11180100713432968,0.10093272737233402,-0.09414850572510046,0.3446108390615173,-0.660008142134206,-0.2344056522753704,-0.8637811546347204,0.579953194739089,0.6079396383059107,0.16823459813775543,0.06173320139014194,-0.6643450775310296,-1.0908168222602346,0.2822989753419909
3,310.0,-1.124878211016389,-1.2253450101522068,-0.5153537224291722,-0.2741969521456838,-0.5976396184441327,-0.40885461988728244,-0.4618627349346374,-0.6641139619019528,-0.6695383611929729,0.016205066127996527,,,1.2582730532448585,162,0.6312028497899784,0.7222578157622119,0.3614198717014104,-0.553155015992802,0.5911946240985649,0.5795193169214846,-0.847608657033781,0.749975075833544,-0.7477385638086383,1.0575263825618133,-0.937713692548512,0.6867988631511015,0.6079396383059107,0.21529398972984604,0.10623727639144948,-0.6695383611929729,-0.3155387996652227,0.38412450796395975
3,320.0,-1.1523511808787623,-1.220902754452102,-0.5134640095631012,-0.27441784178112044,-0.5979859941247734,-0.40994148584492485,-0.46185047476879454,-0.664718746256683,-0.6929126556698864,0.0572484577547124,,,1.298015448460719,164,0.667859070781486,0.7643437175631969,0.42685904597983865,-0.761973862520963,0.6111693581387415,0.6032117223447099,-0.21972519760988055,0.29206362318366286,-0.6349423073700841,-0.18246868605076116,-0.8360564529170492,0.6867988631511015,0.9341770139782103,0.23426499198733336,0.04835310720128027,-0.6929126556698864,-0.3448070210281816,0.24211599756220217
3,330.0,-1.1771738117910218,-1.2207408224278191,-0.5145844013160534,-0.2747099806523137,-0.5964343135462151,-0.4099606683702319,-0.4628447777526938,-0.6634940813895761,-0.6847103952985159,0.08031404904112266,,,1.3342090053210451,164,0.6953512365251164,0.7954982162989912,0.289092363288411,-0.7202100932153307,0.3400836818792037,0.3283798194352965,0.1570048780444597,0.20948942680417645,-0.3466852075826635,-0.5784880535134147,-0.19838831341059765,0.7936445315631131,0.9341770139782103,0.1738067069887933,0.0016261380620075276,-0.6847103952985159,-0.7768737168570985,-0.07929547711708342
3,340.0,-1.2020535387750961,-1.2401335487363772,-0.5099516544900555,-0.27492731987006563,-0.5944576487801222,-0.41059401756955305,-0.46467605613732277,-0.6621575683017422,-0.682223712300979,0.14311538238495364,,,1.3707606337571623,193,0.15467197690037945,0.2292515375221021,0.3028690315575538,0.2821203701198459,0.45422501925164066,0.4468418465514229,-0.7220319651490009,0.764988566084361,-0.647475224752145,0.36936158008572473,-0.21687144788904514,0.7936445315631131,0.9341770139782103,0.09613378085385091,-0.08817151808738202,-0.682223712300979,0.2667543243757865,0.19209583312699408
3,350.0,-1.226290244228152,-1.2653979596669263,-0.5032452272044071,-0.2752147818976688,-0.5898423515612181,-0.4122982501310781,-0.46498200423941016,-0.6587590904874736,-0.7189808089568774,0.18946629909357987,,,1.4066351323486632,187,0.576218518302717,0.6697870810492955,0.687467687404457,0.4491754473423746,0.9963963717707164,0.9870286902009594,-0.847608657033781,0.9601639393449658,-0.8480019028651316,0.6420306527649302,-0.4386690616304199,0.9004901999751256,0.9341770139782103,0.013361311856280596,-0.2926379528467283,-0.7189808089568774,0.3656429240850233,0.46486933235525685
3,360.0,-1.249931940557493,-1.3003347663870326,-0.503661355519957,-0.27535752732737584,-0.5823577212396988,-0.41297426225904504,-0.46745975038615784,-0.6528193132387997,-0.7133545555705432,0.1726918491316237,,,1.4418861644897811,166.5,1.1443899436710843,1.2600828465696043,0.9193749366016941,-0.5949187852984343,1.0563205738912458,1.0438904632167,-0.1569368516674905,0.07436801454683352,-0.3216193728185415,-0.292834739278057,-0.14293890997525352,1.0073358683871372,1.26041438965051,-0.1334411075484896,-0.4456926126378608,-0.7133545555705432,-0.37552925884398713,0.010001072582040627
3,370.0,-1.2736906318720593,-1.3402831453306732,-0.5042344713649957,-0.2756410694437221,-0.5706346364014523,-0.4143985794532082,-0.46578103088107076,-0.6431410751763013,-0.7620546431649047,0.16477189022982164,,,1.4775704093800563,188,0.6128747392942244,0.7069538514709449,0.9486503566736226,-0.26080863085337525,0.9050833018727668,0.8946283090503807,-0.1569368516674905,-0.07576688796132436,-0.020829355649059987,-0.02016566659885382,-0.161422044453701,1.0073358683871372,1.26041438965051,-0.21895399942030067,-0.6343064816863617,-0.7620546431649047,0.1700835592535569,-0.3888776789525299
3,380.0,-1.2976127840165816,-1.3910976953673864,-0.5049722477829999,-0.2758520382802892,-0.5575382533596211,-0.414895288288396,-0.46839668184161626,-0.6324023886242514,-0.7538336048944365,0.1891545908803794,,,1.5137651436063775,176,1.5751005403212988,1.7093635125489506,0.9985907791492651,-0.6366825546040668,0.933618636215876,0.9206899550159283,-0.09414850572510046,-0.496144614984166,0.17969732246392653,-1.0848734742033663,0.3561057209428402,1.1141815367991486,1.26041438965051,-0.3359370564581407,-0.7356321952282487,-0.7538336048944365,-0.9848356188210746,-0.43777337597294347
3,390.0,-1.3204595267565578,-1.4444450309354249,-0.49837895609839156,-0.2760615768196593,-0.5417351536515653,-0.4159733519969494,-0.469408050172282,-0.6193966190999212,-0.7738067902913164,0.3952785571434,,,1.5485837054800073,164,1.414729573483453,1.5399267650384918,1.1553003807107642,-0.13551732293647806,1.0249317061138257,1.0130903361665071,-0.5964552732642208,-0.1508343392154033,0.3300923310486673,-0.42267715483958235,0.5132123640096471,1.1141815367991486,1.26041438965051,-0.4119940233297201,-0.8342909525505574,-0.7738067902913164,-0.7188987059669386,-0.5782684690890659
3,400.0,-1.3407768548274523,-1.4979140505970825,-0.4988808651895787,-0.2762696995580877,-0.5254470964832434,-0.41706128794773667,-0.469970844339056,-0.6059436807892797,-0.7986774707131062,0.6893418793072211,,,1.5797555388130462,166,0.9886010044571775,1.0982980812047793,1.154726352866217,0.2821203701198459,1.2760426483331866,1.2618605931103724,-0.7220319651490009,-0.0607533977105073,0.27996066152042154,0.27847188919265625,0.2267237795937045,1.221027205211161,1.26041438965051,-0.4632773971104411,-0.9053327984793058,-0.7986774707131062,0.11269708549390617,-0.06286391757213998
3,410.0,-1.361468507236081,-1.5485560788178558,-0.5286361091966352,-0.27647642079659396,-0.5149819770018017,-0.4183439973038366,-0.4697472538582088,-0.5974172369416786,-0.8347064383078263,1.0243619246748696,,,1.6117050529624182,166,1.4559678220988994,1.5841989474525147,1.494550836838406,0.07330152359168393,1.5585424583299683,1.5461694581890757,-0.5336669273218307,0.09688824992305804,0.19223023984598928,-0.12403959904807461,0.2267237795937045,1.221027205211161,1.5866517653228096,-0.4840533191770412,-0.9541745641603673,-0.8347064383078263,-0.14809538163325872,-0.21663304726494928
3,420.0,-1.3812211551026998,-1.5862711129672706,-0.5481025712963356,-0.2766817546442379,-0.5095684615510385,-0.4191412901332952,-0.469600635706344,-0.5930423172676532,-0.8568818241318373,0.8501926436486816,,,1.6423979660248211,181,1.4468037668510223,1.5705346936210263,1.6300214081516433,0.2821203701198459,1.549981858027036,1.5414309771044308,-0.3453018894946606,0.10439499504846551,0.20476315722805027,0.12266099051882622,0.18975751063680785,1.3278728736231726,1.5866517653228096,-0.4931330659804852,-0.9791977892578076,-0.8568818241318373,-0.14234749014811732,-0.4881812822869139
3,430.0,-1.3991106722236875,-1.6186489037721623,-0.5463529894456636,-0.27681787998519825,-0.5070939907497485,-0.4194208077064402,-0.47069360965999896,-0.5911183017867929,-0.8586103445052851,0.6476766293068109,,,1.6703602558034518,214,1.7858738110224672,1.9279915738527689,1.7092372506992144,0.11506529289731632,1.8296281345895062,1.8162628800138438,0.1570048780444597,0.14943546580091246,0.10449981817155703,0.09669250740651929,0.13430810720146538,1.3278728736231726,1.5866517653228096,-0.5051451004908967,-0.9879639503970236,-0.8586103445052851,-0.22166559005189648,-0.1370759403807049
3,440.0,-1.4172103114853634,-1.6485104314233046,-0.5417167884398415,-0.276953398977201,-0.5111867537001755,-0.42028420417656204,-0.47354763934478794,-0.5950835853676744,-0.8678563233664477,0.594086137813472,,,1.6988114280237974,190,1.8408581425097288,1.9892074310178378,1.7999336501377379,0.19859283150858112,1.9095270707502123,1.89681705845281,0.03142818615967963,0.2845568780582554,0.07943398340743327,0.018787058069605417,-0.03204010310456531,1.4347185420351851,1.5866517653228096,-0.5177759879988799,-1.0025994497389261,-0.8678563233664477,-0.20047032091494987,-0.1656089255260904
3,450.0,-1.4351908071948485,-1.676429440837886,-0.5398487891605839,-0.2771555493936847,-0.5185612581905376,-0.4207759955708616,-0.47356404670117497,-0.6014805281136526,-0.8828036825572095,0.729390458220131,,,1.7272364759700995,171,1.410147545859515,1.5366473441189343,1.5932836261005958,0.5327029859536393,1.5956383929760107,1.5793388257815912,-0.4708785813794407,-0.2859557514727441,0.8063431915670116,0.27847188919265625,0.24520691407215198,1.5415642104471967,1.9128891409951092,-0.5040386234814141,-1.0067079464538726,-0.8828036825572095,-0.049902065009904926,-0.33781590317828114
3,460.0,-1.452795132024175,-1.6993916056107332,-0.5355053175336179,-0.2773563581038643,-0.5289349937015401,-0.4214128634917989,-0.47557850516412103,-0.6106352033361788,-0.8926865315816775,0.9428731929974111,,,1.7552237880127153,173,1.8133659767660983,1.9585995024353033,1.9262197759382136,0.11506529289731632,2.109274411151977,2.0958332640079016,0.09421653210206968,0.29957036830907036,-0.020829355649059987,0.07721614507229196,-0.004315401386894071,1.5415642104471967,1.9128891409951092,-0.4982524950760432,-1.0118498663999111,-0.8926865315816775,0.04149882265570123,-0.055526606641478786
3,470.0,-1.4697655126467208,-1.7210391980218878,-0.5370969625120378,-0.27748949176675747,-0.5394237288291901,-0.4215147215076185,-0.4753097606176791,-0.6195367507677267,-0.8973816941108086,1.2981114177120805,,,1.7823514843556727,121,1.8775143635012363,2.0252810611329672,2.0054356184857847,0.19859283150858112,2.1035673442833547,2.091094782923257,0.1570048780444597,0.10439499504846551,0.3300923310486673,0.14862947363113083,0.15279124167991287,1.6484098788592083,1.9128891409951092,-0.4693982912660926,-1.0023081794904398,-0.8973816941108086,-0.035788360808077735,-0.2044542683935488
3,480.0,-1.4852592544500953,-1.739161888680499,-0.5295760650516419,-0.27762203893774356,-0.5498301122283938,-0.42177960075568055,-0.47611262897888534,-0.6285077439617476,-0.9022509129626881,1.6104816125439427,,,1.8072468082711877,79,2.0882876342024055,2.2395365612107097,1.9606614466110708,0.19859283150858112,2.0636178762030024,2.048448453161451,-0.21972519760988055,-0.030726417208877428,0.3802240005769148,-0.2279135314972954,0.30065631750749605,1.6484098788592083,1.9128891409951092,-0.4444768786584454,-0.9957082691753167,-0.9022509129626881,-0.2904545107844265,-0.1924597620078585
3,490.0,-1.5021761734050263,-1.7698955640711242,-0.5300835729760123,-0.2778197684716296,-0.5633280097370169,-0.4221096942956285,-0.47836066511098146,-0.6402440903746943,-0.9024637648618813,2.543921544466795,,,1.8345696092152226,96,2.418193623125974,2.5882483189902996,2.4416967803419736,0.03153775428605153,2.714223499225893,2.697620361757824,0.4081582618140199,0.4046648000647813,-0.17122436423380075,-0.2149292899411431,0.2821731830290486,1.7552555472712208,1.9128891409951092,-0.4157634670208186,-0.9831217188881047,-0.9024637648618813,0.0004703768816285187,0.01969437596120612
3,500.0,-1.5199174515296716,-1.8065425779764859,-0.5201054858906026,-0.27801619999982274,-0.5746225715945549,-0.4221744823671315,-0.4776661868017546,-0.6497816747738164,-0.9083949956190187,3.6508054683171416,,,1.8633829229826409,160,2.1890922419290515,2.3493971620158773,2.404958998290926,0.2821203701198459,2.505915558521196,2.491496434575764,0.4081582618140199,0.29206362318366286,0.1295656529356808,0.1421373528530535,0.08810027100534502,1.8086783814772265,2.239126516667409,-0.34013519544831067,-0.9577597444915688,-0.9083949956190187,0.035219098524853866,-0.23255184946418742
3,510.0,-1.5366578127669175,-1.8368686667147678,-0.5127561001238873,-0.27814643953561885,-0.5819271827937607,-0.4223525657307786,-0.4795610333233945,-0.6561913696942275,-0.9052061537121175,4.608696252751445,,,1.890721234240856,179,2.363209291638712,2.533591303664345,2.6150531893953546,0.2821203701198459,2.891142572153171,2.872944161889691,0.5337349536988,0.5397862123221242,-0.19629019899792452,0.3953300631980293,-0.23535458236749263,1.8621012156832322,2.239126516667409,-0.3135346597433143,-0.9416714597281826,-0.9052061537121175,0.2171026702650679,0.0033919032872577973
3,520.0,-1.550845434250768,-1.8496526158528437,-0.506335233062209,-0.2782761115788844,-0.5850352874143767,-0.422560310554187,-0.47905962290225695,-0.65884373269073,-0.9158617408839402,5.285565916551526,,,1.9140060779106123,179,2.2349125181684357,2.3991350459624967,2.525504845645926,0.36564790873110975,2.691395231751406,2.6739279563345986,0.5337349536988,0.6448806440778331,-0.12109269470555324,0.3174246138611155,0.0049261658523296736,1.8621012156832322,2.239126516667409,-0.27342597849115546,-0.9418529236584621,-0.9158617408839402,0.16363160682607633,-0.14654405275361684
3,530.0,-1.564072540599678,-1.8536528078486114,-0.4998369571214364,-0.27840521983065736,-0.5866272744273477,-0.4225224617750543,-0.48046393828979816,-0.6603042186517869,-0.9069581384176216,5.355187076678142,,,1.9358105237806889,179,2.509834175604743,2.685537806270498,2.8733657194417814,0.5327029859536393,3.2392736511391034,3.223591762153425,1.2244067590650904,0.8550695075892549,-0.37175104234678724,0.5641252034280116,-0.29080398580283673,1.9689468840952447,2.239126516667409,-0.28461144172304165,-0.931898480848967,-0.9069581384176216,0.38461055035540304,0.09615853917416874
3,540.0,-1.5763345980404087,-1.8503036088954825,-0.4923167726301319,-0.2784695636825182,-0.5879707803772796,-0.4226482584939046,-0.48068669826512994,-0.6614989904866984,-0.910884705209423,5.359256006376363,,,1.9561074008508443,179,2.619802838579265,2.7926655563093696,2.982431009905828,0.5327029859536393,3.2906372529567003,3.2757150540845204,0.7848883374683602,0.764988566084361,-0.24642186852617026,0.49920399564725243,-0.21687144788904514,2.0757925525072563,2.5653638923397084,-0.27400517955121445,-0.9338445865899265,-0.910884705209423,0.3252378624892278,0.005150496803924505
3,550.0,-1.5880220994650458,-1.8483422978158544,-0.48865639689552703,-0.2786617596036608,-0.5902568446520844,-0.4227149688348039,-0.4815122301426846,-0.6635281979680656,-0.9089924573190855,5.344635024264239,,,1.9755282733926807,179,1.9324986949884977,2.0777517958458835,2.6781962522955918,1.2844508334550224,2.6057892287220783,2.5933737778956325,0.2825815699292398,0.3746378195631493,0.30502649628454354,0.6290464112087756,0.208240645115257,2.0757925525072563,2.5653638923397084,-0.2646754786558386,-0.926777885218412,-0.9089924573190855,0.4245594496625246,-0.49715636111269373
3,560.0,-1.6001048713144779,-1.8433774022005318,-0.48876317835084815,-0.27872554787154274,-0.5932084145152219,-0.4228230198691171,-0.4824752212659562,-0.6661455535192551,-0.9079429258762571,4.513845439968842,,,1.9956833998053443,179,2.5556544518441275,2.7287168483780024,3.0220389311796145,0.5327029859536393,3.3077584535625655,3.2899304973384558,0.9732533752955302,0.8325492722130303,-0.258954785908233,0.5056961164253274,-0.20762988064982138,2.1826382209192676,2.5653638923397084,-0.24809204523190906,-0.9179460422894798,-0.9079429258762571,0.40314920363381773,-0.028993847576094633
3,570.0,-1.6112114998672153,-1.8333789261886977,-0.48809760213960995,-0.2788527115382589,-0.5977618732471913,-0.4229457529028891,-0.48285257573902096,-0.6700751466535122,-0.9112266096600928,4.7272575525565745,,,2.0142800725753274,179,2.5556544518441275,2.73090312899104,2.96291406319121,0.6162305245649041,3.10515757972649,3.0885450512410406,0.4081582618140199,0.4722255061934527,0.19223023984598928,0.38883794241995434,0.07885870376612128,2.1826382209192676,2.5653638923397084,-0.1849131459939986,-0.8975746252454578,-0.9112266096600928,0.21971343337668348,-0.214638090011721
3,580.0,-1.622600431315875,-1.8202270066497241,-0.4735990718815866,-0.2789793276757319,-0.6024811447071476,-0.4230429347696083,-0.4827447232137773,-0.6740961561624005,-0.9163668722166792,4.484622662001234,,,2.033419289422065,202.5,2.4823420098611115,2.6500107463086278,2.8423682158362102,0.6162305245649041,3.147960581241154,3.133560621545169,0.5337349536988,0.6373738989524256,0.05436814864330951,0.48621975409109786,-0.1059726410183569,2.2894838893312803,2.5653638923397084,-0.07821629593376896,-0.8656980270360204,-0.9163668722166792,0.33733527632395366,0.01769637919712765
3,590.0,-1.6344894249461221,-1.8094343946330402,-0.488345844838793,-0.27910539981261423,-0.6073399719905118,-0.4230908257727357,-0.48350078394879115,-0.6782959239642391,-0.9140392772050989,4.215760780720051,,,2.0534747561608966,225,2.587728645211696,2.760417917267056,3.1001067180380897,0.7832856017874337,3.35341498851154,3.3373153081849063,0.7848883374683602,0.8100290368368079,-0.15869144685173797,0.5771094449841663,-0.161422044453701,2.3429067235372862,2.8916012680120082,0.04946539636553383,-0.8086963481036018,-0.9140392772050989,0.41244934307345565,-0.07929043342820259
4,0.0,1.9892503310436804,1.1907164257530993,0.5806880654118757,-0.24235151480931982,2.0329738016981573,10.873248491333019,2.77190307234309,5.085505924822391,1.8611332174253017,-0.2003936334012648,,,-1.7953901475129284,85,-1.3940533599908165,-1.4039000804174186,-1.1281823848996548,1.4932696799831835,-0.9953699653783094,-1.0078718464346086,-0.03136015978271041,1.785905903139834,-1.010929828831935,1.57040392402984,-0.9192305580700645,-4.067833381183429,-2.0019593670724865,-0.30067424479176935,3.369267578953921,1.8611332174253017,1.725443490239484,1.0629212137739406
4,10.0,1.9084568709469931,1.3067662767030483,0.5323303345805162,-0.24510252444250735,1.9250124837730105,10.399045074594593,2.600333466781891,4.842975618392815,1.8929467473631714,-0.20467666603346182,,,-1.7410136607001025,80,-1.2382644207769091,-1.2453947359721504,-0.9266986114634413,1.7856160651226112,-0.8013296918451666,-0.8135941219641614,0.1570048780444597,2.041135237403703,-1.0735944157422437,1.8106123928186613,-1.030129364940751,-1.1295774998531014,-1.349484615727887,-0.30526182016974684,3.369203154740716,1.8929467473631714,1.6151010573065643,0.7734619597964103
4,20.0,1.832737030818687,1.403542680585041,0.5136830982086024,-0.24557159563989905,1.5012507554141468,9.169726959683581,2.050798827775169,4.083174639286809,2.1184327939478207,-0.20540691726799487,,,-1.689220640824874,97,-1.2840846970162936,-1.2880272079263952,-0.9795091731618222,0.699758063176169,-0.9554204972979564,-0.9652255166728032,-0.21972519760988055,0.8850964880908869,-0.0709610251773075,0.7848573098826079,-0.161422044453701,-1.1295774998531014,-1.349484615727887,-0.3245174533144906,3.4921164295015745,2.1184327939478207,1.2196240177515387,0.27405355172855095
4,30.0,1.7407206615521869,1.388665289814269,0.4418803725331486,-0.2464956188347609,1.2730631764687204,8.029462827701552,1.5981096235262275,3.523168479272899,2.3420930242933684,-0.20684540204960045,,,-1.6251697771109046,114,-0.990834929084233,-0.9928793251662408,-0.8698698548532274,0.3238841394254783,-0.8270114927539648,-0.8396557679297094,0.03142818615967963,0.8850964880908869,-0.3216193728185415,0.7394124644360737,-0.44791062886964367,-1.0227318314410894,-1.349484615727887,-0.35152968913438076,3.483558619104772,2.3420930242933684,0.39595372955476466,0.30093991236349865
4,40.0,1.6498067704465078,1.4634274769431004,0.40526475779973753,-0.24740128395290367,1.0006963429399598,6.92924976821007,1.2034477904549827,2.942201795730149,2.58201839359361,-0.20825526018885823,,,-1.560656446251144,101,-0.7800616583830642,-0.7753444041689417,-0.663793858660633,0.2821203701198459,-0.6415318195237547,-0.6572242461708747,-0.5964552732642208,0.4346917805664133,-0.09602685994142948,0.17459795674343545,-0.14293890997525352,-0.9158861630290772,-1.349484615727887,-0.37305647558849964,3.524125459079658,2.58201839359361,0.23816160353742213,0.09584943674018355
4,50.0,1.5520672654574206,1.5228797914503513,0.35772669617903585,-0.2481423728153139,0.7234282340473189,5.752273293901381,0.8386447737955025,2.337613362725041,2.8297485074966158,-0.20940888582867956,,,-1.4898949257279401,111.5,-0.5692883876818955,-0.5627286145509786,-0.6557574688369663,-0.4696274773815372,-0.6928954213413513,-0.7069782975596477,-0.09414850572510046,0.014314053543571643,-0.0709610251773075,-0.42916927561765966,-0.08748950653990942,-0.9158861630290772,-1.1863659278917373,-0.3929895890884284,3.5585929616129905,2.8297485074966158,-0.462092620710108,-0.16730660260374108
4,60.0,1.4491560062396922,1.5290281223518267,0.295995136021381,-0.24887139182654475,0.5581242567228967,4.685932787019564,0.5637707534233151,1.8675102700036408,2.9877159956469335,-0.21054369207640727,,,-1.4137663124728215,109,-0.399753365596173,-0.39110558642748156,-0.5730974592221094,-0.8037376318265954,-0.5701934836659815,-0.5861470299011989,0.4081582618140199,-0.21839504534407478,-0.04589519041318375,-0.5525195704011101,0.060375569287673785,-0.8090404946170657,-1.0232472400555874,-0.4124472152660687,3.461168059255812,2.9877159956469335,-0.5433185017622477,-0.021235434031457355
4,70.0,1.349690002751426,1.5748137610979167,0.24454312827649333,-0.24958863347087365,0.37372660948037184,3.6574654369059796,0.35179015105173767,1.3975162969136672,2.9771669084724164,-0.21166013571501388,,,-1.33855221576242,109.5,-0.5738704153058339,-0.5676477459303146,-0.5311934265701335,0.07330152359168393,-0.6729206873011749,-0.6903936137633903,-0.7220319651490009,-0.0607533977105073,0.029302313879187532,-0.40320079250535507,0.6425943053587813,-0.7556176604110595,-1.0232472400555874,-0.41837118536887663,3.3612960089450894,2.9771669084724164,-0.4005909799255315,-0.6215031279584456
4,80.0,1.2445572194837013,1.5492552054863375,0.130075105331858,-0.337665907394465,0.2720130901925529,2.7662352337431564,0.19642735868823083,1.0419388294408651,2.80069250842013,-0.2125403671289257,,,-1.2572472356987348,114,-0.23938239875832729,-0.22658797029635838,-0.5466921783729192,-1.1378477862716545,-0.5673399502316706,-0.5814085488165538,0.1570048780444597,-0.6763064979939559,0.05436814864330951,-1.2406843728771964,0.26369004855059947,-0.7021948262050537,-1.0232472400555874,-0.4228428366115884,3.1002581769758426,2.80069250842013,-0.8518174511955514,-0.12630770117847265
4,90.0,1.147467249553738,1.481201845579733,0.03434732175919375,-0.337665907394465,0.29496185898516997,2.159488086104219,0.10400383541522701,0.8792050636749789,2.546966317208445,-0.21448008458630863,,,-1.1804581268359098,103,-0.5143040561946343,-0.5031524678456881,-0.4387749435979671,-0.13551732293647806,-0.5901682177061581,-0.605100954239779,-0.5964552732642208,-0.16584782946621823,0.1295656529356808,-0.3577559470588208,0.3561057209428402,-0.5953491577930417,-0.6970098643832878,-0.4356075295045973,2.6513773928285045,2.546966317208445,-0.3462068176644006,-0.6566500784016377
4,100.0,1.0293507866566596,1.3570898601632024,-0.04404085697894893,-0.337665907394465,0.29177242300489237,1.5498845666494578,0.014346632921087954,0.6937220505602456,2.1797755615948704,-0.21532453196715656,,,-1.084752408236593,106.5,-0.5509602771861417,-0.5419589487271159,-0.7022537242453232,-0.8455014011322278,-0.8127438255824102,-0.825440324675774,-0.6592436192066108,-0.6838132431193633,0.5932835960719641,-0.6953462275187878,0.5132123640096471,-0.5953491577930417,-0.6970098643832878,-0.4454273298942488,2.1469846884802997,2.1797755615948704,-0.8060403630106959,-0.48526471243351427
4,110.0,0.915056527081311,1.2372283295095332,-0.09971793988404723,-0.337665907394465,0.30821066508922074,1.0119840026966014,-0.0888469192365639,0.5443057930620407,1.8913064295450162,-0.21574277865850455,,,-0.9896634549146133,110,0.09968764541311793,0.118844366563674,-0.2315508917162776,-1.0960840169660222,-0.3333502086181749,-0.34922297566894617,0.2825815699292398,-0.5937323016144694,0.15463148769980453,-1.117334078093746,0.3653472881820639,-0.541926323587036,-0.6970098643832878,-0.47400869114906086,1.5440999227908203,1.8913064295450162,-0.9522726224763396,-0.4776049971170661
4,120.0,0.7966043857726434,1.107365607000503,-0.17475972504499934,-0.337665907394465,0.2887086916186801,0.6380560915268583,-0.187861413840266,0.4118521968521042,1.815182027438857,-0.21574277865850455,,,-0.888435590736055,111,-0.2852026749977118,-0.2779655647027555,-0.4663282801362527,-0.4696274773815372,-0.6301176857865111,-0.6477472840015844,-1.0987620408033412,-0.6462795174923238,0.5556848439257775,-1.2017316482087395,0.8181840829040373,-0.48850348938102967,-0.6970098643832878,-0.5108468400161267,1.087047903880579,1.815182027438857,-0.8946723032021487,-0.7062663091189819
4,130.0,0.7041539235929035,1.0072791154431757,-0.23941393431137686,-0.337665907394465,0.29952756329379193,0.43890454567555365,-0.24008884708464623,0.3593364109415683,1.745608391301892,-0.21738982758165043,,,-0.8074604996551749,109,-0.17065198439925053,-0.15334756975957914,-0.3721877136304438,-0.8037376318265954,-0.4845874806366538,-0.5008543703775881,0.34536991587162985,-0.9915897932610865,0.718612769892581,-1.33806618454834,0.7165268432725728,-0.3816578209690177,-0.6970098643832878,-0.5371380055655267,0.7632000551296751,1.745608391301892,-0.8079080986638075,-0.5092063655285128
4,140.0,0.6291949787798351,0.9576004598519063,-0.2585202914772407,-0.337665907394465,0.2961928854962869,0.3408908000242576,-0.2639616610830044,0.3263045434487135,1.678970266087611,-0.220564320990691,,,-0.7404960818911476,109,-0.06984737667260452,-0.05277866155982322,-0.33487590373484843,-1.0125564783547574,-0.4275168119504353,-0.44399259736184726,0.5337349536988,-0.5787188113636524,0.21729607461011305,-1.1368104404279755,0.4207966916174064,-0.3816578209690177,-0.533891176547138,-0.5485407210038158,0.6037091990271375,1.678970266087611,-0.8628219390959357,-0.4386800036573
4,150.0,0.5431978070624686,0.8557323531184108,-0.27134900296195397,-0.337665907394465,0.2509721925880633,0.22796634874931512,-0.3036409306920814,0.2521036489461747,1.744225118989312,-0.2220946259800773,,,-0.6621819513091982,109,0.012629120558287453,0.028660291275849025,-0.22925478033808713,-0.8455014011322278,-0.3333502086181749,-0.35159221621126857,0.03142818615967963,-0.8864953615053757,0.5431519265437166,-1.2731449767675784,0.5594202002057659,-0.27481215255700614,-0.3707724887109882,-0.5661336745282334,0.46489368440984413,1.744225118989312,-0.8132242053707601,-0.485644342877658
4,160.0,0.45589917466748614,0.7566021632610714,-0.3023819408729816,-0.337665907394465,0.1855602099538533,0.13836100803731333,-0.34198080215007665,0.16758993690937019,1.9407900787573973,-0.2232185499250698,,,-0.5810063575763095,119,0.19132819789188693,0.2112147224645374,-0.15922338330327798,-1.0960840169660222,-0.28769367366919985,-0.30657664590714073,0.09421653210206968,-1.209285401897916,0.6183494308360861,-1.8769122091286734,0.9290828897747239,-0.2213893183509999,-0.3707724887109882,-0.583965535790205,0.3815489806857926,1.9407900787573973,-1.0043830421803845,-0.5701213351166031
4,170.0,0.3870230575498383,0.667139520836131,-0.352788099851958,-0.337665907394465,0.12358484340807162,0.09911230127214368,-0.3608177716520109,0.10213322733947901,2.1052743342924622,-0.2255864680340274,,,-0.5157338545696922,112.5,-0.27145659212589623,-0.2588356093386716,-0.5225830089019193,-1.05432024766039,-0.7356984228560152,-0.7519938678637758,-0.21972519760988055,-1.7647845411781005,1.1447319608826778,-2.2469630934790223,1.446610655171265,-0.16796648414499413,-0.3707724887109882,-0.5902731091162827,0.3917072333659532,2.1052743342924622,-1.1552965510076179,-0.9094074458537782
4,180.0,0.3124289550124781,0.5165022431043388,-0.37743823996677434,-0.337665907394465,0.020787100049281942,0.066588930591506,-0.37724236316668136,0.004194364350246978,2.30107632644544,-0.22734792341197788,,,-0.44378658901529927,112,0.29213280561853294,0.3134233411240725,-0.024326839834587864,-0.9707927090491251,-0.1678452694281413,-0.18811461879101438,0.1570048780444597,-0.7063334784955879,0.27996066152042154,-1.3315740637702649,0.41155512437818265,-0.16796648414499413,-0.3707724887109882,-0.5894424693842577,0.49650685011880547,2.30107632644544,-0.940517485642883,-0.6179277097145476
4,190.0,0.24349429363460473,0.43405866827123735,-0.4046826071020047,-0.337665907394465,-0.04919169714685085,0.047417838439194775,-0.38624384169594533,-0.061436203536125056,2.422373006580427,-0.2293961733644765,,,-0.37610601650327663,114,0.46166782770425574,0.48777922001386737,0.1679724880888637,-0.8037376318265954,0.023341470670690756,0.0014246245947878097,0.2825815699292398,-0.8039211651258892,0.7436786046567031,-1.5068613247783245,0.9105997552962763,-0.06112081573298211,-0.044535113038688574,-0.5863952626503386,0.5943727688983435,2.422373006580427,-0.8631153081193246,-0.6182120119010434
4,200.0,0.16679550045524458,0.3271835012266496,0.022842989769294546,-0.11018399129417412,-0.13837326663805066,0.027857309869730083,-0.3964947265031706,-0.14357227941783682,2.60416100420041,-0.23072363704722615,,,-0.2994195610919848,118.5,0.34253510948185595,0.36917349675654576,0.05890719762481631,-0.9290289397434927,-0.13074933478209894,-0.15257601065617646,0.5337349536988,-0.999096538386494,0.7812773568028896,-1.5393219286687065,0.9105997552962763,-0.007697981526976341,-0.044535113038688574,-0.5801956024584192,0.7681243793778758,2.60416100420041,-0.9545820020097244,-0.7559185905594212
4,210.0,0.09486763124494532,0.25332940341679533,0.014558337482261385,-0.11206660025500413,-0.19113209598267902,0.013497504695584918,-0.40414532054685154,-0.19310051306605186,2.767006805050052,-0.23169998288179403,,,-0.2261429851466203,123,0.5212341868154554,0.5462622264126383,0.2179129105645062,-0.8037376318265954,0.10609394026570775,0.08671728411839899,0.4081582618140199,-0.6763064979939559,0.5556848439257775,-1.3315740637702649,0.6518358725980049,0.045724852679029426,-0.044535113038688574,-0.577647586514054,0.8886468268493836,2.767006805050052,-0.8101705751346127,-0.5247672771456137
4,220.0,0.020716318586140366,0.13205283542532195,0.3847552893962661,0.1092179660375272,-0.2605912537648221,0.0052705932896821225,-0.41293177742727877,-0.255129320832204,3.0674875412744576,-0.23281879592253943,,,-0.14918353548609986,122,0.3975194409691172,0.4221908016227219,0.18806346264803037,-0.6784463239096992,-0.08509279983312432,-0.10282195926740319,0.03142818615967963,-0.9390425773832322,1.0570015392082457,-1.4094795131071811,1.0584648311238596,0.1525705210910419,-0.044535113038688574,-0.572306727244653,1.1287986578689249,3.0674875412744576,-0.9505459151734462,-0.9854391266418439
4,230.0,-0.056939712166773696,-0.022991368467666137,0.6136514988360474,0.3254131372384099,-0.33066612738484347,-0.001880556654942401,-0.4151241613041237,-0.3168023659721159,3.1023969507176647,-0.23407148582850767,,,-0.0669988754637232,121,0.7320074575166239,0.7659834280229756,0.4371915471816961,-0.7202100932153307,0.22594234450676667,0.20517931123452535,0.9104650293531402,-0.6612930077431388,0.7311456872746421,-1.3964952715510264,0.9290828897747239,0.1525705210910419,-0.044535113038688574,-0.5524284945393348,1.451909849997225,3.1023969507176647,-0.9059355040060715,-0.7873438860086368
4,240.0,-0.12647965549683282,-0.13085105510051506,0.6106988088788,0.3191995451200296,-0.35546635033273144,-0.008964522688984632,-0.41640880743659975,-0.3399803695824385,3.095077403014354,-0.23483869371091495,,,0.008014990704064192,127,0.6861871812772393,0.7124195530035402,0.5037787771492195,-0.4696274773815372,0.3229624812733379,0.29994893292742647,0.9104650293531402,-0.39105018322845503,0.6308823482181488,-1.0589049910910595,0.707285276033349,0.25941618950305345,0.28170226263361103,-0.5441348469200806,1.5739279826230765,3.095077403014354,-0.6975410806476234,-0.7053086066048272
4,250.0,-0.19051586034875714,-0.22380303599875667,1.0818251611665248,0.7483865340139622,-0.41397664756428465,-0.020382412746779894,-0.42508570720392064,-0.3936302517965199,3.4406525194444515,-0.225200085868204,,,0.07831040202714766,126,0.7136793470208704,0.7430274815860748,0.51812947326291,-0.38609993877027243,0.22594234450676667,0.20517931123452535,-0.09414850572510046,-0.7438672041226273,1.0068698696799998,-1.33806618454834,1.1046726673199783,0.31283902370905925,0.28170226263361103,-0.5340784101153899,1.9662904236818317,3.4406525194444515,-0.8782588789411533,-0.9851734994398189
4,260.0,-0.2565151807222807,-0.3547253181569162,1.2931168278680694,0.9552945485431567,-0.46205586287806527,-0.03417919458755722,-0.415301835055974,-0.43752347350156623,2.795677211665459,-0.21779385871257473,,,0.15201590262072864,130,0.768663678508132,0.7987776372185486,0.5267398909311242,-0.553155015992802,0.31154834753609445,0.2904719707581362,0.65931164558358,-0.6763064979939559,0.9567382001517524,-0.9939837833102979,0.7627346794686932,0.36626185791506594,0.28170226263361103,-0.4741096790097823,2.3691650275089153,2.795677211665459,-0.8218641266086553,-0.7905942492979485
4,270.0,-0.3136478888379593,-0.4145115336271409,1.4022834395096453,1.087689192179471,-0.4957222300396253,-0.05225483899225019,-0.41675119542362493,-0.47139120174504023,2.6819762041332225,-0.20360479071475765,,,0.21687415680334343,131,1.2406125237737922,1.2792128019336886,1.002034946216551,-0.5949187852984343,0.5969016909671869,0.5747808358368395,0.03142818615967963,-0.8264414005021138,1.1321990435006168,-1.5523061702248588,1.3264702810613531,0.41968469212107173,0.4448209504697609,-0.4415911367755749,2.711815245480961,2.6819762041332225,-0.9714077436221814,-1.1672144313142778
4,280.0,-0.363464740724881,-0.446679155123767,1.5632376895097737,1.2908485716317297,-0.5183924875975385,-0.07460547462569692,-0.39689832480817383,-0.4953222998007696,1.7950691832721408,-0.17973632001968307,,,0.27424470656574723,134,1.1856281922865306,1.2256489269142532,0.9176528530680511,-0.4278637080759048,0.7395783626827331,0.7121967872915463,1.4127717968922606,-0.47362437960794146,0.8815406958593829,-0.8576492469706951,0.6610774398372303,0.4731075263270775,0.6079396383059107,-0.33443311341015663,2.9138734530846837,1.7950691832721408,-0.735690104126112,-0.6830548697180148
4,290.0,-0.4091753221858809,-0.45802585413752533,1.8204658814542674,1.7024310528666808,-0.5348084333771888,-0.10078751279741738,-0.3805960588800591,-0.5153556740945316,1.2313235821056772,-0.17375912322519912,,,0.3275701921710632,139,1.029839253072623,1.0698764332352828,0.8493435395668849,-0.4278637080759048,0.5255633551094138,0.5037036195671637,0.2825815699292398,-0.7063334784955879,1.1447319608826778,-1.3056055806579603,1.1046726673199783,0.5265303605330832,0.6079396383059107,-0.22408768753309902,3.0289209585269203,1.2313235821056772,-0.8412029166184768,-1.0130743265418682
4,300.0,-0.45860302218556986,-0.4871030036463332,1.9356595934207672,1.8961812653052756,-0.544745746918655,-0.128064255336015,-0.3339223561824632,-0.5275878472074544,0.46469605180643625,-0.1614925251123533,,,0.38598307793951364,139,1.0894056121838234,1.1278128694807945,1.121432737882455,-0.051989784325213256,0.7966490313689517,0.773797041391932,1.1616184131227003,-0.30096924172356115,0.6810140177463946,-0.812204401524161,1.0399816966454105,0.579953194739089,0.6079396383059107,0.018912251350503357,2.9578727874623016,0.46469605180643625,-0.5515967084119903,-0.9802964096022245
4,310.0,-0.5059881249192687,-0.5176978174550796,1.9310593088912835,1.8847986045526655,-0.5671311338906142,-0.15837123305005202,-0.29403435441115633,-0.5518329199534407,0.05545230768452245,-0.16047489891097805,,,0.4427291282804724,141,1.4742959325946527,1.51751738875485,1.4457584700518584,-0.09375355363084566,1.2446537805557665,1.2192142633485665,1.2244067590650904,-0.2559287709711142,0.86900777847732,-0.6174407781818716,0.7257684105117965,0.6867988631511015,0.6079396383059107,0.3507021757612919,3.162143401806403,0.05545230768452245,-0.43861590161679237,-0.7119441625745744
4,320.0,-0.5553267711410366,-0.5846184017759495,1.9196956648358026,1.8679404666617894,-0.574661314573139,-0.19563020374048123,-0.2609357939657502,-0.5660614024729046,-0.22300005976521686,-0.12083619356696176,,,0.5026075626463857,142,1.4559678220988994,1.4994805736972854,1.3831894349961682,-0.13551732293647806,1.0991235754059097,1.0723213497245703,0.5337349536988,-0.1808613197170353,0.9066065306235066,-0.6693777444064832,0.8366672173824847,0.6867988631511015,0.6079396383059107,0.6592239986470007,2.9710735717894687,-0.22300005976521686,-0.5902987931595287,-0.8734034872367253
4,330.0,-0.6044130653011273,-0.6482810680120268,1.9081256215424114,1.8513361526789323,-0.5778634326431282,-0.2234584663749076,-0.20967720469692935,-0.572344153071745,-0.4436111432633282,-0.07140303601753545,,,0.5629988243275116,141,1.135225888423208,1.1770041832741533,1.154726352866217,0.03153775428605153,0.7338712958141113,0.7121967872915463,-0.21972519760988055,-0.6162525369906918,1.4831207301983442,-0.9420468170856864,1.2432961759083379,0.7936445315631131,0.9341770139782103,1.0397421572989674,2.659679711652837,-0.4436111432633282,-0.6891754492565387,-1.1731301306830006
4,340.0,-0.6512798371636201,-0.6819373615844679,1.8984835751922073,1.837689007666006,-0.5793390495006496,-0.25154181550480037,-0.14646930689082177,-0.5762046971572545,-0.6130982570760849,-0.05986738113917047,,,0.6214373762370963,143,2.0012291093475745,2.059714980788319,1.8481519890797375,-0.26080863085337525,1.4415475875232207,1.4134919878190142,0.72209999152597,-0.5712120662382449,1.2199294651750492,-1.1562868027622053,1.271020877626009,0.8470673657691188,0.9341770139782103,1.4914398901407995,2.239749779824382,-0.6130982570760849,-0.7532910985896113,-1.0487305549843038
4,350.0,-0.694667146936616,-0.7164451909608323,1.8895905065913552,1.826893201635929,-0.5812203836553518,-0.2794529339288714,-0.09402298422385802,-0.5812885829830493,-0.723216412797256,-0.044231439259107226,,,0.6762281647905524,148,1.767545700526714,1.8186775432008597,1.6679072458917859,-0.051989784325213256,1.4244263869173552,1.3992765445650792,1.2871951050074804,-0.24091528072029716,0.856474861095259,-0.7083304690749401,0.7997009484255881,0.9004901999751256,0.9341770139782103,1.9322782812355719,1.8263996756581704,-0.723216412797256,-0.5467671714359483,-0.7799424499753597
4,360.0,-0.7342496926782475,-0.7466102709545981,1.8816243684505842,1.8135482009637316,-0.5766500400380649,-0.30362056994054415,-0.032091341175182586,-0.5790073362084516,-0.8058577332309135,-0.03009767948831444,,,0.7268042487169668,155,1.850022197757606,1.9028493468028296,1.8561883789034044,-0.051989784325213256,1.5556889248956576,1.5272155338504951,1.4127717968922606,-0.3159827319743761,0.8314090263311353,-0.7342989521872447,0.8736334863393798,1.0073358683871372,1.26041438965051,2.275998058237899,1.2901806430928664,-0.8058577332309135,-0.4878353436498912,-0.8676472344205063
4,370.0,-0.7699119959010912,-0.7681312821475705,1.8754862713122111,1.8029900949104396,-0.5726419139760937,-0.3233651155211633,0.012033306775382238,-0.5774695813055682,-0.8566763385124243,-0.005578296577686142,,,0.7728616001773837,150,1.9370807226124367,1.9924868519373953,1.801655733671381,-0.09375355363084566,1.698365596611204,1.6693699663898467,1.4127717968922606,-0.05324665258509983,0.7938102741849505,-0.5655038119572624,0.707285276033349,1.0073358683871372,1.26041438965051,2.5151662156726364,0.8730101541027718,-0.8566763385124243,-0.4245413441678853,-0.5321308409889477
4,380.0,-0.8091122345216768,-0.7948264687948567,1.914862094440282,1.856424915089926,-0.5696758573176197,-0.3446081994050905,0.05968586442722499,-0.5769414403374669,-0.9024532978409898,0.04437617942011554,,,0.8240331791105014,151,1.7858738110224672,1.833981507492127,1.9331081100727852,0.36564790873110975,1.5442747911584136,1.5177385716812055,-0.4708785813794407,-0.21088830021866517,1.2575282173212339,-0.5525195704011101,1.076947965602307,1.0073358683871372,1.26041438965051,2.799970649668549,0.45102951059683766,-0.9024532978409898,-0.43179251267402774,-1.0096145820977436
4,390.0,-0.8497636245372266,-0.8313035752862925,1.9068258534124287,1.8431273949536569,-0.5773544288204197,-0.3554201809803149,0.0301459801763133,-0.5891074184786722,-0.9127682027776045,0.15144357715922355,,,0.877712028558159,151,1.6850692032958219,1.7323194589858513,1.8378194878778806,0.36564790873110975,1.4929111893408176,1.4656152797501096,-0.09414850572510046,-0.1508343392154033,1.1071332087364931,-0.5655038119572624,1.076947965602307,1.1141815367991486,1.26041438965051,2.997490192336522,0.3969736347146604,-0.9127682027776045,-0.3839944164490123,-0.9446803736300697
4,400.0,-0.8849625544766013,-0.8435381307871338,1.900209412529232,1.8326048699724835,-0.5818696602849697,-0.36239114144849455,0.015360704506174345,-0.5962143635109081,-0.9208975978774575,0.17930955983011765,,,0.924703657555735,152,1.8591862530054828,1.9165136006343184,1.8647987965716184,0.11506529289731632,1.5357141908554814,1.5058923689695929,0.4081582618140199,-0.1733545745916257,0.9066065306235066,-0.6758698651845582,0.9752907259708442,1.221027205211161,1.26041438965051,3.1539227567807075,0.344017505623761,-0.9208975978774575,-0.5223973978101877,-0.9154843995968274
4,410.0,-0.9238837397025393,-0.8745455263850135,1.8950903391068363,1.822183401653795,-0.5893084448613227,-0.3715051716283669,0.02226306005273738,-0.6045445223645575,-0.9367952839141026,0.2775428487003797,,,0.9772277570265088,159.5,1.8133659767660983,1.8678688569942186,1.8228947639196427,-0.34433616946464,1.415865786614422,1.3874303418534666,0.03142818615967963,-0.5036513601095735,1.1447319608826778,-0.9874916625322205,1.1693636379945462,1.221027205211161,1.4235330774866597,3.5671726047728805,0.24742100630441452,-0.9367952839141026,-0.6037800311088555,-1.0523566461291831
4,420.0,-0.9567575008815492,-0.8799800777132405,1.8866769435945954,1.8092964726021943,-0.5895854367987976,-0.38040648198494237,0.0031617274965261874,-0.6089837652459468,-0.94828917387933,0.30304886362954286,,,1.0220588335985648,164.5,1.9691549159800052,2.024734490979708,2.08120729396607,0.11506529289731632,1.7440221315601785,1.7143855366939749,0.2825815699292398,-0.01571292695806036,0.6434152656002098,-0.5784880535134147,0.8459087846217085,1.3278728736231726,1.5866517653228096,3.623741126459485,0.08037847969848813,-0.94828917387933,-0.40828450196187,-0.911821782619803
4,430.0,-0.9922300802069163,-0.9081173954250804,1.8789909526793633,1.7990971263789326,-0.5952846683671944,-0.38388224959461625,-0.02408888076547593,-0.6171669938710606,-0.9501214144788221,0.4126868676427575,,,1.0709223328063606,176,1.4742959325946527,1.520250239521148,1.4842183356365488,0.03153775428605153,1.0534670404569348,1.0296750199627644,-0.09414850572510046,-0.6763064979939559,1.4329890606700966,-1.1497946819841278,1.5020600586066075,1.3278728736231726,1.5866517653228096,3.8207444376984268,0.10392947307911556,-0.9501214144788221,-0.6655211781338016,-1.1393804233489981
4,440.0,-1.023666558969067,-0.908920029179953,1.9747550685314692,1.917882720920673,-0.5935273464445321,-0.3900187288388794,-0.1052675377129642,-0.6244442221898717,-0.9481695628930185,0.4711148565016039,,,1.1146560362942735,240,2.042467357963021,2.1007077422827853,2.0134720083094515,-0.051989784325213256,1.7383150646915568,1.7072778150670078,0.2825815699292398,-0.2559287709711142,0.8314090263311353,-0.591472295069567,1.0030154276885155,1.4347185420351851,1.5866517653228096,3.4360004689574506,0.030387613880336516,-0.9481695628930185,-0.4864524659469065,-0.8156346684516173
4,450.0,-1.0573419452426458,-0.9325498341047919,1.9687315157705918,1.9046303788036627,-0.5941570997298293,-0.39382885748064117,-0.14225742212470044,-0.6292645205549492,-0.9493490567557643,0.5584022348886478,,,1.161959363710587,247.5,2.106615744698159,2.1662961606739306,2.100724240680689,0.19859283150858112,1.7953857333777754,1.764139588082748,0.03142818615967963,-0.2033815550932577,0.9442052827696914,-0.6174407781818716,0.864391919100156,1.4881413762411908,1.7497704531589595,3.323516124069765,-0.018397515698631402,-0.9493490567557643,-0.4895077116173292,-0.8593014595519944
4,460.0,-1.0907487466862786,-0.9541533564180664,1.9645886517893962,1.8967534597654958,-0.5953693812254327,-0.3995048144695548,-0.20098513241871574,-0.6369905529345063,-0.9507796511094133,0.6440625296101228,,,1.2093572142779827,260,1.6575770375521908,1.7071772319359126,1.7034969722537383,-0.21904486154774283,1.264628514595943,1.238168187687147,0.03142818615967963,-0.4210771637300871,0.9818040349158761,-0.8251886430803133,1.2432961759083379,1.5415642104471967,1.9128891409951092,3.1114107881563444,-0.0964431276968187,-0.9507796511094133,-0.6128128441576713,-1.122737523357686
4,470.0,-1.1235477991237655,-0.9821647780894958,1.9586363716379014,1.883747526312877,-0.5949895129344432,-0.4026180550369072,-0.21117477890605027,-0.6384416693138951,-0.9572242327679445,0.7462156563050778,,,1.2563568289458351,162,2.349463208766897,2.413345869947245,2.1747738326273316,-0.26080863085337525,1.8353352014581286,1.8044166773022312,0.4081582618140199,-0.3535164576014156,0.9191394480055676,-0.779743797633779,0.8089425156648119,1.5949870446532024,1.9128891409951092,3.0761301585144905,-0.19654624860120565,-0.9572242327679445,-0.6671927392436077,-0.9083811635012328
5,0.0,0.8495628576150696,0.32353130258074125,-0.10990808899919306,-0.337665907394465,-0.23345440117352226,1.9296032944578878,0.4784737517268717,0.39736277798561687,0.9859351394913691,-0.21859854890546163,,,-0.9340374686728647,120,-1.3665611942471858,-1.274909524248166,-1.2148605894263451,-0.13551732293647806,-1.2293597069918052,-1.2400574195822165,-1.3499154245729013,0.32959734881070235,-0.3216193728185415,0.2914561307488109,-0.36473652371662835,-4.334947552213459,-1.349484615727887,-0.05567031752481191,3.8312326060628608,0.9859351394913691,0.029129340322285525,0.20858055861729502
5,10.0,0.7775410792455255,0.29615818598715704,-0.23020518788135777,-0.337665907394465,-0.21016089629607543,1.7318848864017427,0.4238744308830582,0.35563354292135974,0.9259278823921114,-0.22171549120597775,,,-0.8718819854820139,108,-1.32532294563174,-1.2333701926004406,-0.9720468111827032,1.2426870641493892,-0.9839558316410657,-0.9983948842653186,-1.4754921164576813,1.252926999235874,-0.509613133549467,0.9731288124468198,-0.09673107377913316,-1.1295774998531014,-1.349484615727887,-0.0678034576526776,3.5957174896226207,0.9259278823921114,0.829039916832531,0.07270438098051867
5,20.0,0.701184215305466,0.3615509929965702,-0.2444366059943929,-0.337665907394465,-0.20001283466226738,1.4377403049916675,0.30008155178826945,0.2690966778085205,0.9203334265254187,-0.22265909671693382,,,-0.8048300813488879,110,-1.4582017467259547,-1.384223554900075,-1.0644652941548696,1.869143603733876,-1.1437537039624774,-1.1547647600586055,-1.0987620408033412,1.2454202541104646,-0.4970802161674043,1.3172112136848642,-0.14293890997525352,-1.1295774998531014,-1.349484615727887,-0.10444047023106981,3.3183265141692435,0.9203334265254187,0.9275679918501674,-0.27251738672338255
5,30.0,0.6216403908899485,0.3686852920433813,-0.28102213282354954,-0.337665907394465,-0.19479780939499305,1.1720221244570537,0.2002317821546615,0.18860467992843094,0.8804661750136867,-0.22395679744068037,,,-0.7336807894160444,120,-1.3803072771190013,-1.2962257602252882,-1.2946504598184636,-0.553155015992802,-1.4034252464847716,-1.417750460256406,-1.161550386745731,-0.21839504534407478,0.19223023984598928,-0.6628856236284059,0.494729229531198,-1.0227318314410894,-1.349484615727887,-0.1321216488889786,3.03201751470404,0.8804661750136867,-0.6056744421879063,-0.41331285844134147
5,40.0,0.5403569835961041,0.40916099773479575,-0.3041076051243141,-0.337665907394465,-0.2046288275696996,0.9098827555804457,0.11331925139089279,0.09749621726969593,0.7932544928344075,-0.2250480026753853,,,-0.6595672496329446,121,-1.26575658652054,-1.1688749145158142,-1.1379408582569643,-0.3025724001590076,-1.132339570225234,-1.1452877978893155,-2.354528959651142,-0.541185085736613,0.1295656529356808,0.21355068141189237,-0.34625338923818083,-0.9158861630290772,-1.349484615727887,-0.14580676328727987,2.7496918652968523,0.7932544928344075,-0.016030453077631634,0.27996718456980046
5,50.0,0.46501103779381436,0.447415217085014,-0.32477759367691655,-0.337665907394465,-0.2261291287909637,0.684919204982688,0.03618186796382874,0.008009237091923175,0.7041737111062032,-0.22629715929174907,,,-0.5895596377256489,121,-0.9541787080927253,-0.815790595510148,-1.1000550205168216,-1.722540556550508,-1.2179455732545617,-1.2258419763282813,-1.6010688083424613,-1.8923992083100338,0.355158165812791,-1.902880692240978,0.5039707967704233,-0.9158861630290772,-1.349484615727887,-0.1540208308676791,2.507344967738834,0.7041737111062032,-1.3092995019645914,-0.496962960744321
5,60.0,0.384747321471895,0.4358729675012659,-0.34713775014259124,-0.337665907394465,-0.24896835847755938,0.4854873921768282,-0.03562066625169091,-0.07482174802233274,0.6126158392769014,-0.2275212969828106,,,-0.5135583516360539,121,-1.0137450672039252,-0.8884844258936675,-1.1723825289298215,-1.806068095161772,-1.27501624194078,-1.287442230428667,-1.4754921164576813,-1.592129403293718,0.16716440508186553,-1.9418334169094373,0.43927982609585553,-0.8090404946170657,-1.0232472400555874,-0.16421779225627386,2.253276841221218,0.6126158392769014,-1.3199259167570132,-0.3926268604158385
5,70.0,0.3046686366334795,0.43585812167979954,-0.3585372878939566,-0.337665907394465,-0.2837291826995281,0.3097183540237018,-0.10884310776652187,-0.1610914698049981,0.5435327389435781,-0.2285512097486519,,,-0.4362252240102649,122,-0.5601243324340187,-0.3829070341285883,-0.8382983234031084,-1.9313594030786692,-0.8840821614401833,-0.89651754094545,-0.21972519760988055,-1.8173317570559548,0.09196690078949604,-1.7925146390136824,0.07885870376612128,-0.8090404946170657,-1.0232472400555874,-0.1760333066286681,2.04222861648576,0.5435327389435781,-1.2755595083313918,-0.15650254427481242
5,80.0,0.22017902878264795,0.40219085657953385,-0.4014432888279435,-0.337665907394465,-0.31681052741540006,0.1656496761144745,-0.17304138445473674,-0.2360556532999164,0.48315259072793143,-0.22989746312811005,,,-0.35295038910682025,120,-0.725077326895803,-0.5599957637846809,-0.9358830569762032,-1.722540556550508,-0.9896628985096876,-1.0031333653499637,-1.3499154245729013,-1.637169874046165,0.5807506786899013,-1.0589049910910595,-0.29080398580283673,-0.7021948262050537,-1.0232472400555874,-0.19083069251718163,1.8377716183702564,0.48315259072793143,-1.2099739009603174,-0.1673937846231005
5,90.0,0.15038260609832507,0.32556929370731086,-0.41717770545863875,-0.337665907394465,-0.3362090995313915,0.047810144052900794,-0.23146549947305264,-0.2913857779117557,0.4443429055110765,-0.23105089371007673,,,-0.2828162144549973,123,-0.715913271647926,-0.5578094831716427,-0.8451866575376799,-1.3049028634941842,-0.8355720930568975,-0.851501970641322,-1.3499154245729013,-1.0816707347659826,0.10449981817155703,-0.9160783339733817,-0.161422044453701,-0.5953491577930417,-0.6970098643832878,-0.22556307898606104,1.5727067612912307,0.4443429055110765,-0.8295176399588652,0.1204808693572976
5,100.0,0.08536431407049593,0.2923256299911234,-0.4253999885449737,-0.337665907394465,-0.3639928885789233,-0.05345562034984627,-0.28836926124646284,-0.34893722720899956,0.43912564796267306,-0.23186113605332392,,,-0.2163610199715392,127,-1.3024128075120476,-1.2049485446309443,-1.1471253037697262,-0.21904486154774283,-1.2921374425466454,-1.3063961547672471,-0.973185348918561,-0.5712120662382449,-0.396816877110911,-0.5395353288449578,-0.03204010310456531,-0.5953491577930417,-0.6970098643832878,-0.2651885141721446,1.3484299047843114,0.43912564796267306,-0.4900609625456481,-0.6647876397685568
5,110.0,0.01679498342996405,0.26131842462597166,-0.4331720494061524,-0.337665907394465,-0.3814891408750561,-0.1300715673136252,-0.33145721886646073,-0.38949362099267637,0.4331553910026655,-0.23281879592253943,,,-0.14507285511048482,131,-0.37684322747648075,-0.17302409527692303,-0.6511652460805853,-1.806068095161772,-0.7727943575020573,-0.7851632354562913,-0.5964552732642208,-1.637169874046165,0.27996066152042154,-2.0586915909148105,0.707285276033349,-0.5953491577930417,-0.6970098643832878,-0.30933175701747745,1.10014605091677,0.4331553910026655,-1.3683280922358507,-0.5368968741367416
5,120.0,-0.04327212091421683,0.2515321318839126,-0.423527431238968,-0.337665907394465,-0.3779956426118917,-0.19022598065092952,-0.3691160958233157,-0.40705335032015727,0.46790127118244107,-0.23376086292911893,,,-0.08158341195473608,130,-0.2531284816301425,-0.036928127115295965,-0.5202868975237289,-1.5137217100223461,-0.5416581493228723,-0.5577161433933285,-0.2825135435522706,-0.9765763030102717,-0.04589519041318375,-1.0848734742033663,0.01416773309155342,-0.48850348938102967,-0.6970098643832878,-0.38124179475137004,0.7558036620062789,0.46790127118244107,-1.1105085159156085,-0.13616560615750292
5,130.0,-0.11008424749346979,0.18319538780060124,-0.41884463046947973,-0.337665907394465,-0.35335169863468335,-0.2399009939966329,-0.39701350340947694,-0.4028239535194086,0.4687634027855699,-0.2348407367455125,,,-0.009793822241184382,127,-0.665510967784603,-0.49823333646635226,-0.8612594371850131,-1.4719579407167138,-1.0667083012360825,-1.0789490627042846,-1.161550386745731,-2.290256699956653,0.9567382001517524,-2.3962818713747773,1.3726781172574736,-0.3816578209690177,-0.6970098643832878,-0.45696010504518286,0.3383018006274242,0.4687634027855699,-1.5095182432731729,-0.9509513251137158
5,140.0,-0.17399883524726284,0.10434265028787772,-0.432508187697638,-0.337665907394465,-0.3095198691294249,-0.2746569276585408,-0.41683514424472823,-0.3773405466860245,0.47508234263836524,-0.23590047972237632,,,0.060065389522413595,131,-0.3951713379722345,-0.19160748048774745,-0.5570246795747761,-1.388430402105449,-0.5616328833630488,-0.5766700677319087,-0.5964552732642208,-0.9015088517561927,0.004236479115063772,-1.2017316482087395,0.023409300330777164,-0.3816578209690177,-0.6970098643832878,-0.524380265345092,-0.029815429781256418,0.47508234263836524,-0.9008593034648423,-0.057483929998884256
5,150.0,-0.23437788269725382,0.028766887356084708,-0.43638398055013783,-0.337665907394465,-0.25926851254554184,-0.2992235986214504,-0.434862296518538,-0.343332147912761,0.5732419100928143,-0.23664542374388467,,,0.12714978576341712,128.5,-0.5784524429297725,-0.3971178581133364,-0.6930692787325613,-1.3466666327998165,-0.7756478909363682,-0.7899017165409361,-0.7220319651490009,-1.0516437542643506,0.16716440508186553,-1.33806618454834,0.31913945198594357,-0.27481215255700614,-0.3707724887109882,-0.5813676100800508,-0.29553954608448724,0.5732419100928143,-1.0024013237961427,-0.3608547426131452
5,160.0,-0.2974171560160726,-0.06425968276443876,-0.4235668523551264,-0.337665907394465,-0.20290604745494903,-0.3197979015757549,-0.44622162001110693,-0.3024191336445758,0.5904903075290044,-0.23767194290841726,,,0.19834773658858562,130,-0.4043353932201115,-0.20144574324641915,-0.5202868975237289,-1.2213753248829193,-0.7556731568961916,-0.7662093111177108,-0.3453018894946606,-1.1417246957692444,0.1295656529356808,-1.3575425468825695,0.09734183824456877,-0.16796648414499413,-0.3707724887109882,-0.617332747792842,-0.5016885145521556,0.5904903075290044,-1.2895087666192535,-0.998732291822684
5,170.0,-0.35591208978572897,-0.1490090221189178,-0.424998445443706,-0.337665907394465,-0.1566995105227065,-0.3317825459135206,-0.4556204716444584,-0.26748374891610627,0.7043122291083997,-0.23853694212702603,,,0.2654972217445912,134,-0.27603861974983473,-0.05933750339893752,-0.49388161667453834,-1.1378477862716545,-0.6187035520492674,-0.6335318407476495,0.03142818615967963,-0.7063334784955879,0.05436814864330951,-0.8381728846364656,0.07885870376612128,-0.16796648414499413,-0.3707724887109882,-0.6420732544720643,-0.6165011226149608,0.7043122291083997,-1.2274384598546024,-0.553535128204332
5,180.0,-0.42077049253596727,-0.3037348984481377,-0.4393026485810622,-0.337665907394465,-0.14972101408159713,-0.3409209734063753,-0.4621882665435584,-0.26475607560297937,0.8001834072718557,-0.2393885477868732,,,0.3412025746170833,130.5,-0.1110856252880505,0.12103064717671243,-0.3951488274123482,-1.5554854793279786,-0.5958752845747799,-0.6122086758667465,-0.847608657033781,-1.4945417166634167,0.4052898353410386,-2.0586915909148105,0.5963864691626625,-0.11454364993898788,-0.2076538008748384,-0.6538917194791398,-0.6684567146150749,0.8001834072718557,-1.4339973778450044,-0.8402961568698938
5,190.0,-0.47241034143643595,-0.4019643228960248,-0.4390479465014897,-0.337665907394465,-0.13448286087533234,-0.34622518167847444,-0.4665547207616918,-0.2537324654332056,0.9029965335897122,-0.2402270685750124,,,0.4024418836130166,133,0.035539258677979704,0.2839085528480569,-0.12994796323134944,-1.3049028634941842,-0.15643113569089742,-0.173899175537079,0.03142818615967963,-0.5862255564890598,-0.19629019899792452,-1.292621339101808,0.13430810720146538,-0.06112081573298211,-0.044535113038688574,-0.6628959812406858,-0.7073127520515873,0.9029965335897122,-0.8796778340890098,-0.23489143038577592
5,200.0,-0.5196729021802995,-0.4525483622725311,-0.43839430025084397,-0.337665907394465,-0.12228062711477776,-0.34969289442186835,-0.46940346179873477,-0.24462531212979113,0.9852594692485777,-0.2409160566960716,,,0.45925551414773136,139,-0.03777318330503556,0.20082988955260597,-0.2281067246489918,-1.3466666327998165,-0.18782000346831745,-0.20469930258727212,-0.40809023543705064,-1.119204460393022,0.21729607461011305,-1.2406843728771964,0.18051594339758412,-0.007697981526976341,-0.044535113038688574,-0.6687532251439537,-0.7333172974557127,0.9852594692485777,-0.8132071558120798,0.012144610878941734
5,210.0,-0.5702221697761827,-0.5241340267113436,-0.4446520856811663,-0.337665907394465,-0.14902116283929956,-0.35179299295812155,-0.46955730280113145,-0.2679202461955663,0.9391113530811996,-0.24159633446024364,,,0.5208463770140626,140.5,-0.541796221938265,-0.3621373683047254,-0.636814549966895,-1.2213753248829193,-0.8213044258853429,-0.8349172868450643,-1.6010688083424613,-2.2226959938279816,1.3703244737597882,-1.7600540351233003,0.9383244570139476,0.045724852679029426,-0.044535113038688574,-0.6661936182924199,-0.723569974500077,0.9391113530811996,-1.168827049380015,-0.8089410269601846
5,220.0,-0.6247974724751377,-0.6116850099518721,-0.37712299332028426,-0.337665907394465,-0.20289308054114852,-0.3520482370468189,-0.46854593025737357,-0.31359500976773086,0.8711485707206565,-0.24106293185700464,,,0.5883220048704225,137,0.2371484741312714,0.5101885962975085,0.018151220661935683,-1.3049028634941842,-0.08794633326743508,-0.10282195926740319,-0.09414850572510046,-0.7964144200004818,0.05436814864330951,-1.1887474066525872,0.17127437615836036,0.1525705210910419,-0.044535113038688574,-0.6577145162151258,-0.6777502193796822,0.8711485707206565,-1.0682947117265764,-0.5022151607786542
5,230.0,-0.675522301073034,-0.7160575919435946,-0.37398532227982767,-0.337665907394465,-0.2707311801525715,-0.35351949926474846,-0.4678815498001858,-0.3714935976943122,0.7957685440498794,-0.23792413869663231,,,0.65196878538012,139,-0.38600728272435747,-0.18832805956819004,-0.5696532921548239,-1.4719579407167138,-0.892642761743116,-0.9083637436570626,-1.0987620408033412,-1.637169874046165,0.7562115220387658,-1.9548176584655896,1.3911612517359209,0.1525705210910419,0.28170226263361103,-0.6449412404347863,-0.6092199244535359,0.7957685440498794,-1.5943502852230087,-1.3744437153984845
5,240.0,-0.7207772252153873,-0.7829568271080919,-0.3580425882806734,-0.337665907394465,-0.325118710432808,-0.3551347807109216,-0.4647210427250556,-0.41781070453047536,0.599492490454749,-0.23655819442172343,,,0.7095261525681826,144,0.14092589402856423,0.402514276105378,-0.04613989792739744,-1.2213753248829193,0.03190207097362345,0.010901586764078054,0.5337349536988,-0.7663874394988498,0.06690106602537228,-0.8316807638583905,-0.24459614960671636,0.25941618950305345,0.28170226263361103,-0.6238482028234378,-0.5374192659983685,0.599492490454749,-0.7324676722841954,0.08260286949432746
5,250.0,-0.7643033967459154,-0.8769223370970809,-0.35477782473191355,-0.337665907394465,-0.39003510426307847,-0.3574152777614338,-0.4610739377993386,-0.47320635307668246,0.40299236958266516,-0.1959678216338353,,,0.7655870698125318,144,0.29213280561853294,0.5768701549951729,0.15132568059698287,-1.05432024766039,0.20311407703227896,0.18622538689594487,0.5337349536988,-0.4511041442317191,-0.09602685994142948,-0.8251886430803133,0.0049261658523296736,0.36626185791506594,0.28170226263361103,-0.587497682678122,-0.4157784564486987,0.40299236958266516,-0.7004125407317903,-0.048193699822168756
5,260.0,-0.8081378401822487,-0.9946919124169482,-0.3518830387854808,-0.337665907394465,-0.4622200667947396,-0.36109942797761907,-0.45724218440917413,-0.5351535802881475,0.20726617919451287,-0.1531312802823319,,,0.8227542237825602,142,0.12259778353281017,0.3790117595152175,0.05948122546936412,-0.8455014011322278,0.23450294480969935,0.21465627340381527,0.4709466077564099,-0.0682601428359169,-0.271487703290294,-0.46162987950804163,-0.20762988064982138,0.36626185791506594,0.28170226263361103,-0.5181577770801107,-0.1962012758969594,0.20726617919451287,-0.36402112417195964,0.3450139898173755
5,270.0,-0.8461873691951779,-1.0855514976479046,-0.3493738527946415,-0.337665907394465,-0.5089669676606263,-0.36720742674423856,-0.45427983793596693,-0.5762978062846689,0.01957460285502014,-0.07827311400621487,,,0.8729643858034577,148,0.4204295790888094,0.7167921142296165,0.1180320656132212,-1.388430402105449,0.23735647824401013,0.21939475448846038,0.1570048780444597,-0.5561985759874299,-0.24642186852617026,-0.9939837833102979,-0.06900637206146193,0.4731075263270775,0.6079396383059107,-0.42951003336257443,0.0054588493943612485,0.01957460285502014,-0.829307502620782,0.15813562443193135
5,280.0,-0.8828667875986334,-1.150109368124906,-0.3398405115559149,-0.337665907394465,-0.5419909524559043,-0.3727166816849256,-0.45234955854480047,-0.6057207756051195,-0.11671996020110946,0.016713379012416055,,,0.9218922836143343,150,0.15467197690037945,0.4161785299368668,0.025039554796507088,-1.05432024766039,-0.04799686518708237,-0.069652591674888,-0.09414850572510046,-0.526171595485798,0.029302313879187532,-1.1368104404279755,0.5039707967704233,0.4731075263270775,0.6079396383059107,-0.3175905571367339,0.2342686956280308,-0.11671996020110946,-0.88203660868288,-0.40113866457805447
5,290.0,-0.9206157473773441,-1.205506423607866,-0.3437797954426475,-0.337665907394465,-0.5647370759898491,-0.3800267819891784,-0.44833559617482543,-0.62676436853254,-0.3021576509821861,-0.030511265782897257,,,0.9727946245431686,151,0.5487263525590862,0.8616332048433959,0.2425961078800538,-1.6390130179392433,0.2687453460214306,0.24782564099633078,0.72209999152597,-0.4511041442317191,-0.24642186852617026,-0.7992201599680087,-0.37397809095585205,0.5265303605330832,0.6079396383059107,-0.14976327063051925,0.40554129478898576,-0.3021576509821861,-0.9567817851137977,-0.1394201750628152
5,300.0,-0.9565801074724151,-1.2570765974723561,-0.3409873532002087,-0.337665907394465,-0.5753742596650497,-0.3838616644880034,-0.4407834780100047,-0.6362351672184865,-0.44602504391366465,0.11264074653461538,,,1.021815753980274,153,0.37002727522548673,0.6572159675243262,0.2144687434972204,-1.1378477862716545,0.22879587794107745,0.20991779231917015,0.09421653210206968,-0.5036513601095735,0.1295656529356808,-0.8771256093049248,0.15279124167991287,0.579953194739089,0.6079396383059107,0.0374403837385061,0.501345419372859,-0.44602504391366465,-0.7668273751447965,-0.1678238524688286
5,310.0,-0.9894144661242303,-1.3103236375556564,-0.31436679826573094,-0.337665907394465,-0.5867897486397284,-0.3922688094382123,-0.44152391617522313,-0.6483945546258897,-0.5571526761470819,0.2819042000168113,,,1.0670251231634755,159.5,0.2554765846270255,0.5276788412018139,0.1277905389705304,-0.9290289397434927,0.21738174420383358,0.19570234906523512,0.21979322398684975,-0.30096924172356115,0.06690106602537228,-0.623932898959949,-0.059764804822238185,0.6867988631511015,0.6079396383059107,0.22329328690896635,0.5098739982976036,-0.5571526761470819,-0.6108909268662325,0.06792173848299349
5,320.0,-1.016767164489082,-1.3430962721566482,-0.2922189248648206,-0.337665907394465,-0.5886650652032595,-0.3959603712722025,-0.43589677112411174,-0.650559386401617,-0.6449300742543213,0.3480168325609273,,,1.1050228468153238,157,0.30129686086641,0.5856152774473257,0.24661430279188695,-0.8037376318265954,0.28301301319298516,0.2620410842502658,0.1570048780444597,-0.4511041442317191,0.15463148769980453,-0.591472295069567,0.09734183824456877,0.6867988631511015,0.9341770139782103,0.3630779386524697,0.398559997005514,-0.6449300742543213,-0.5891873565489195,-0.11150875738964598
5,330.0,-1.0436982715712375,-1.377325876166045,-0.2726315334395356,-0.337665907394465,-0.5866228034646997,-0.40037114640751104,-0.43216982579575347,-0.6497722197680331,-0.719051805645422,0.6181451205550813,,,1.1427371563744901,169,0.2783867227467177,0.5588333399376082,0.23341166236729194,-0.8037376318265954,0.27730594632436323,0.2549333626232983,0.1570048780444597,-0.496144614984166,0.3300923310486673,-0.7992201599680087,0.29141475026827235,0.7936445315631131,0.9341770139782103,0.4053020518083371,0.14838769306676614,-0.719051805645422,-0.5608733876693046,-0.08796925237530906
5,340.0,-1.0713535262028855,-1.3752563300731389,-0.2204506125460765,-0.337665907394465,-0.5880898840823425,-0.4031487137959882,-0.4314766358728756,-0.6517541762303262,-0.7555178019744466,0.6094555517028989,,,1.181781491333298,157.5,0.48915999344788613,0.7933119356859527,0.551997116091219,-0.7202100932153307,0.7024824280366908,0.6790274196990308,0.7848883374683602,0.04434103404520151,-0.10855977732349224,-0.15650020293845654,-0.28156241856361297,0.8470673657691188,0.9341770139782103,0.4687407013302497,0.05905805818017426,-0.7555178019744466,-0.25294051111375676,0.1211885793096739
5,350.0,-1.098836669392936,-1.348753434439524,0.19098019668452637,-0.14636824929375256,-0.5871895732384536,-0.4066546391929816,-0.43376157076855154,-0.6521944962102937,-0.7900550176039792,0.5549245002432553,,,1.2209038794724485,134,0.19591022551582543,0.46919583480304244,0.2248012446990779,-0.6366825546040668,0.3771796165252456,0.3544414654008445,0.72209999152597,0.11190174017387298,-0.12109269470555324,-0.09157899515769269,-0.161422044453701,0.9004901999751256,0.9341770139782103,0.44140649705477375,-0.11676159329647653,-0.7900550176039792,-0.2717690746698411,0.21936443115170137
5,360.0,-1.1254190288589183,-1.3508578886656344,0.1913441272203591,-0.1472590416481214,-0.5862001004942285,-0.40779458389276707,-0.4341007097245287,-0.6517119141809711,-0.8031332800837323,0.6085648875306526,,,1.2590522258148122,40,0.4066834962169942,0.6971155887122732,0.5623296172930765,-0.26080863085337525,0.7310177623798001,0.7074583062069009,0.8476766834107502,0.2545298975566234,-0.05842810779524473,0.031771299625757726,-0.1799051789321485,0.9539130341811313,1.09729570181436,0.42265635827242354,-0.18835073412985223,-0.8031332800837323,-0.0726080602196686,0.16373533450693778
5,370.0,-1.1499367394144528,-1.3368812344762953,0.2122745131513659,-0.14792171055443118,-0.5863378975113949,-0.4067134730792959,-0.43064938564262434,-0.6512205071109158,-0.8010679679948889,0.6513530648057946,,,1.2945094825916783,54,0.5303982420633324,0.8392238285597547,0.7287976922118854,-0.13551732293647806,0.8651338337924136,0.8401357765769623,0.5337349536988,0.2245029170549914,-0.04589519041318375,0.04475554118191004,-0.08748950653990942,1.0073358683871372,1.26041438965051,0.4682575932757394,-0.1421268202328726,-0.8010679679948889,-0.085289773116298,0.04639051124382843
5,380.0,-1.1728559728800292,-1.3148077418789064,0.21092352744442625,-0.14857978291341395,-0.5820748695973021,-0.40873734767133857,-0.4351538500218405,-0.6485748957754931,-0.8115962845650099,0.5112827510066882,,,1.3278936309442224,32,0.1821641426440102,0.4522521600519967,0.4004537651306486,-0.051989784325213256,0.5854875572299431,0.5653038736675492,0.9104650293531402,0.2245029170549914,0.15463148769980453,0.3304088554172655,-0.4941184650657624,1.0073358683871372,1.26041438965051,0.32864885105915964,-0.29779265360541785,-0.8115962845650099,0.09001952594114919,0.2522197688373998
5,390.0,-1.2037642637206616,-1.336216471269222,0.20878350073931357,-0.14945014482126692,-0.5852155466095651,-0.4079182573343759,-0.4382073826394732,-0.6512668253099153,-0.7903889066523919,0.6300596079528744,,,1.373284105071072,93,0.768663678508132,1.1026706424308557,0.8378629826759323,-0.553155015992802,1.2018507790411026,1.1765679335867616,1.2871951050074804,-0.045739907459692364,-0.24642186852617026,-0.47461412106419393,-0.29080398580283673,1.1141815367991486,1.26041438965051,0.34143884423429616,-0.2043044159694763,-0.7903889066523919,0.009418776968534853,0.5382482433106344
5,400.0,-1.232005587386897,-1.3454278393383619,0.22580796247519927,-0.1503125309040765,-0.5863531898140544,-0.4087212764008546,-0.43740365079311777,-0.6523928771452229,-0.8038995998946021,0.7011509972402101,,,1.4151336228201252,163,0.8648862586108391,1.2114381029295052,1.0726403710959074,-0.21904486154774283,1.156194244092128,1.1315523632826334,1.1616184131227003,0.26203664268203086,-0.020829355649059987,-0.18896080682883618,0.06961713652689754,1.221027205211161,1.26041438965051,0.38346444690672726,-0.22339232511235066,-0.8038995998946021,-0.19034553082982586,-0.12930162757980268
5,410.0,-1.2573091507878886,-1.3298542923308518,0.22368488990190036,-0.15116705029513874,-0.5862196787826934,-0.4084468545575054,-0.43646532410711614,-0.6521198732217882,-0.8035291818755732,0.6162030131480922,,,1.4529384269279295,107.5,0.9794369492093004,1.3409752292520174,1.254607197817502,-0.13551732293647806,1.3901839857056235,1.3613686958879183,1.4755601428346505,0.171955701177137,0.17969732246392653,-0.07210263282346306,-0.03204010310456531,1.221027205211161,1.4235330774866597,0.3926576344063328,-0.2144059673037919,-0.8035291818755732,-0.05911219870561177,-0.04926288371352572
5,420.0,-1.2848362664836401,-1.330116681811209,0.21540369827600853,-0.15180284185343187,-0.588581925706419,-0.4070354782573569,-0.4326396233613592,-0.6533878811413547,-0.7985434681750447,0.5926987577084002,,,1.4944007360572376,93,0.8419761204911469,1.1813767445002297,1.1340613504625026,-0.3025724001590076,1.2189719796469685,1.1907833768406966,1.0360417212379203,-0.030726417208877428,0.3300923310486673,0.1096767489626716,0.30065631750749605,1.3278728736231726,1.5866517653228096,0.494685039010403,-0.10903925509959787,-0.7985434681750447,-0.07203120379046642,-0.13470653813200034
6,0.0,1.3026564423783247,0.9039646850667562,-0.31786774020961706,-0.337665907394465,-0.376082718584114,-0.09417203368138591,-0.20580722873427673,-0.36375689172364695,-0.08519094591082597,-0.20963733779652322,,,-1.302411681442314,95.5,-1.5040220229653394,-1.5077484095367322,-1.2567646220783208,1.3679783720662873,-1.160874904568343,-1.1595032411432507,-1.035973694860951,1.448102372496479,-0.9231994071575028,1.5639118032517605,-0.9099889908308407,-2.73226252603328,-2.0019593670724865,-0.05997698018249125,1.176580662646892,-0.08519094591082597,1.6208193649302995,1.0165610047637492
6,10.0,1.2450397767247647,0.9056229170763591,-0.35922578450404535,-0.337665907394465,-0.4049756754852229,-0.09634747951475453,-0.2137241627301026,-0.3895688713245265,-0.06566992672237927,-0.214053833314775,,,-1.2576247593844432,91.5,-1.4352916086062626,-1.4339614388466937,-1.156309749282488,1.535033449288817,-1.1551678376997212,-1.152395519516283,-1.2243387326881212,1.1403258223547557,-0.5973435552238975,1.2977348513506346,-0.4201859271519708,-1.1295774998531014,-1.349484615727887,-0.023377484126157286,1.3542097301369802,-0.06566992672237927,1.1637220413519513,0.26600347113934375
6,20.0,1.1441736311903552,0.8233922842140221,-0.395416269602645,-0.337665907394465,-0.4624618893457004,-0.14106361451665408,-0.25179470056139874,-0.4544480695378261,-0.0693491730675344,-0.21532453196715656,,,-1.1778238238345868,100,-1.3207409180078014,-1.3208214171219677,-1.0288755677929171,1.2009232948437576,-1.0980971690135026,-1.0979029870428647,-1.0987620408033412,0.9001099783417018,-0.396816877110911,0.8108257929949125,-0.34625338923818083,-1.0227318314410894,-1.349484615727887,0.0472779755378911,1.5943818129187144,-0.0693491730675344,0.7910008002466202,-0.22404364067452118
6,30.0,1.0570984477247043,0.8193540398155268,-0.4454346319741927,-0.337665907394465,-0.47701863761671026,-0.14544024271661818,-0.25098021181597946,-0.4679800525576791,-0.08708688327126683,-0.216365247355095,,,-1.1074657457549368,100,-1.2107722550332787,-1.2082279655505015,-1.105795298962298,0.19859283150858112,-1.132339570225234,-1.1310723546353803,-0.7220319651490009,0.04434103404520151,0.004236479115063772,0.3563773385295701,-0.14293890997525352,-1.0227318314410894,-1.349484615727887,0.09570159861871647,1.7118349673388584,-0.08708688327126683,0.13889866551885885,0.05994935503264865
6,40.0,0.9697332626824818,0.8279220700463211,-0.4536050702523664,-0.337665907394465,-0.4751638471606033,-0.12804114975945197,-0.23189006806884696,-0.4597636024728943,-0.09945909999942484,-0.2175928403773788,,,-1.0354632027476038,107,-1.4490376914780778,-1.4465325523716632,-1.373292274521487,-0.13551732293647806,-1.4918847829484103,-1.4911969170684043,-0.973185348918561,-1.2167921470233234,0.6058165134540251,-1.0589049910910595,1.3726781172574736,-0.9158861630290772,-1.349484615727887,0.12737353379301083,1.7827900949356688,-0.09945909999942484,-0.3863029941081402,-0.47631494000201413
6,50.0,0.8689362281701337,0.7151326347968118,-0.5292218896358198,-0.337665907394465,-0.4660172418205759,-0.10181571347254433,-0.21348467901899765,-0.44288767524867273,-0.08236187478889972,-0.21859854890546163,,,-0.9505798442216155,107,-0.7342413821436797,-0.7119422663908345,-0.8210774880666798,-0.8037376318265954,-0.9268851629548471,-0.9249484274533202,-1.3499154245729013,-1.592129403293718,0.7562115220387658,-1.2471764936552736,0.8551503518609322,-0.8624633288230715,-1.0232472400555874,0.12475801893094059,1.8274073013385832,-0.08236187478889972,-0.7248589628989847,-0.45444924904472045
6,60.0,0.7929548435870882,0.6547227156495744,-0.5812731196350843,-0.337665907394465,-0.4354158974186189,-0.06977468025311949,-0.1872449466292415,-0.4054700172560378,-0.07569956467186628,-0.22133407591680984,,,-0.8852722232947919,99,-0.5784524429297725,-0.5556232025586045,-0.8991452749251557,-1.05432024766039,-1.0638547678017716,-1.0647336194503494,-0.973185348918561,-2.3277904255836925,0.9066065306235066,-1.0589049910910595,0.8736334863393798,-0.8090404946170657,-1.0232472400555874,0.08273032933181772,1.700754561820769,-0.07569956467186628,-1.4032002249860862,-0.7510869779569435
6,70.0,0.7016396577497093,0.5573362997453729,-0.597247795577466,-0.337665907394465,-0.39786846111185215,-0.04234516361664227,-0.17550666726791378,-0.3647369791315919,-0.039444232646860776,-0.22265909671693382,,,-0.8052336091967615,90,-0.6151086639212799,-0.5911502625204749,-0.7372694227627278,-0.9707927090491251,-0.8555468270970741,-0.851501970641322,-0.847608657033781,-1.2768461080265874,0.041835231261248516,-0.9680153001979933,0.5224539312488709,-0.7556176604110595,-1.0232472400555874,0.010021280164721445,1.5437044916731135,-0.039444232646860776,-0.8089602662102491,-0.5189322998014405
6,80.0,0.6163025007818375,0.4840577516205809,-0.6082006281184964,-0.337665907394465,-0.34947828752756005,-0.02256473806535513,-0.16842483316357604,-0.31740641385455887,-0.01068839834224415,-0.22414000224400205,,,-0.728857858329304,122,-0.5234681114425109,-0.50096618723265,-0.6821627496861565,-0.9707927090491251,-0.778501424370679,-0.775686273287001,-0.5964552732642208,-1.1267112055184294,0.30502649628454354,-0.9939837833102979,0.3376225864643911,-0.7021948262050537,-1.0232472400555874,-0.0676414701718618,1.3302448490448278,-0.01068839834224415,-0.8071771706084465,-0.42356996322794443
6,90.0,0.5347781759606628,0.4359426673792331,-0.5997050282269283,-0.337665907394465,-0.3392496944607772,-0.01375579556418729,-0.1725803027808448,-0.30656076999053894,0.02453678545847665,-0.22522801441932747,,,-0.6544272896056982,101.5,-0.4364095865876805,-0.40640955071874885,-0.6488691347023948,-1.1378477862716545,-0.7328448894217043,-0.7283014624405505,-0.09414850572510046,-1.5020484617888241,0.5932835960719641,-1.1562868027622053,0.38383042266051143,-0.5953491577930417,-0.6970098643832878,-0.09380420498773731,1.3139340946685012,0.02453678545847665,-0.8864753064630179,-0.37301796756706274
6,100.0,0.4584701031496385,0.3989383807014132,-0.6067433194590555,-0.337665907394465,-0.317866779916669,-0.01664268086281182,-0.18717970885677584,-0.2905147708188406,0.06559083758038264,-0.22629715929174907,,,-0.5834216009264751,66.5,-0.4043353932201115,-0.37252220121665686,-0.5398038442383477,-0.8455014011322278,-0.6187035520492674,-0.6169471569513917,-0.40809023543705064,-0.9390425773832322,0.24236190937423502,-0.7537753145214744,0.30065631750749605,-0.5953491577930417,-0.6970098643832878,-0.14543365317653384,1.2010373413242197,0.06559083758038264,-0.6913967166456231,-0.36559676646812483
6,110.0,0.3836857446511801,0.380593491673865,-0.6123625157555258,-0.337665907394465,-0.28197905108084037,-0.031260337797968864,-0.20679688202746582,-0.2659686284243525,0.09666972044306507,-0.2275212969828106,,,-0.5125431154646607,85,-0.44557364183555753,-0.41679438363068,-0.6264820487650378,-0.8455014011322278,-0.6529459532609984,-0.6501165245439072,0.21979322398684975,-0.9465493225086397,0.30502649628454354,-0.7602674352995517,0.13430810720146538,-0.48850348938102967,-0.6970098643832878,-0.21224628612183305,0.9900768927146906,0.09666972044306507,-0.6813059924755293,-0.12893333970859022
6,120.0,0.3060181867332274,0.35427500758226477,-0.6204483157517785,-0.337665907394465,-0.2853190306641617,-0.05563493306996578,-0.23478975814205855,-0.27821589560622456,0.13791541108539979,-0.2287211599395932,,,-0.43754122006711516,103,-0.34935106173285,-0.3129460545113665,-0.5306193987255858,-0.8872651704378602,-0.6586530201296202,-0.6524857650862296,-0.7220319651490009,-0.7063334784955879,0.20476315722805027,-0.9680153001979933,0.5409370657273184,-0.48850348938102967,-0.6970098643832878,-0.24711881788882942,0.9177666443867493,0.13791541108539979,-0.8937703182001782,-0.5659671922448045
6,130.0,0.22603125349926867,0.30915254218656313,-0.6221764763569767,-0.337665907394465,-0.3246922718043295,-0.09160166544825658,-0.26666147557291486,-0.32468624767584553,0.16758075311899728,-0.22973083591359306,,,-0.3587752490711013,93,-0.20272617776681948,-0.1664652534378082,-0.4686243915144432,-0.8872651704378602,-0.4874410140709646,-0.48190044603900756,0.1570048780444597,-1.1267112055184294,0.355158165812791,-0.9809995417541456,0.46700452781352675,-0.3816578209690177,-0.6970098643832878,-0.2515362749560016,0.950334705470389,0.16758075311899728,-0.790934353200514,-0.1390704699099152
6,140.0,0.15072703642426913,0.24988088283019477,-0.6262509845348055,-0.337665907394465,-0.35233491857803295,-0.12866253213510176,-0.29879651892727077,-0.3615447800556471,0.20367039959447264,-0.2308874929567412,,,-0.28316534896690065,93,-0.49597594569888054,-0.4676254078838177,-0.5455441226838238,-0.38609993877027243,-0.5958752845747799,-0.590885510985844,-0.1569368516674905,-0.3234894770997836,-0.04589519041318375,-0.40969291328343005,0.19899907787603324,-0.3282349867630119,-0.3707724887109882,-0.2711619935937853,0.9238627600096394,0.20367039959447264,-0.4398325860485154,-0.24802240203685086
6,150.0,0.07409824589266405,0.17689661784592162,-0.6319829714401306,-0.337665907394465,-0.38966606862803926,-0.17077128508475797,-0.3305994451144475,-0.40804091081954025,0.22615511260943597,-0.23202184527588082,,,-0.20473388531579592,99,-0.08359345954442006,-0.046219819720708426,-0.23786519800630146,-0.6366825546040668,-0.39042087730439334,-0.38239234326146165,-0.3453018894946606,-1.0666572445151654,0.5556848439257775,-1.0718892326472118,0.7627346794686932,-0.27481215255700614,-0.3707724887109882,-0.28053744194386565,0.9179167949108824,0.22615511260943597,-0.8010820475844079,-0.6531413982376001
6,160.0,-0.0006912724291609554,0.1209085495131391,-0.62787052029103,-0.337665907394465,-0.42901492819513876,-0.2100797072465778,-0.35944090999510847,-0.4551886073558804,0.24866942864083003,-0.233134531889276,,,-0.12669170484462208,114.5,-0.36309714460466525,-0.3315294397221911,-0.3951488274123482,-0.34433616946464,-0.4417844791219899,-0.4368848757348797,-0.5336669273218307,-0.3835434381030476,0.16716440508186553,-0.39021655094920277,0.26369004855059947,-0.2213893183509999,-0.3707724887109882,-0.28322038220836665,0.9419935890472342,0.24866942864083003,-0.37765313351191465,-0.2611381391631193
6,170.0,-0.06870224479477283,0.05562189560045698,-0.6285862017612311,-0.337665907394465,-0.4628138222454639,-0.2474629008044941,-0.3817123443897054,-0.49650958916623383,0.22423735860610375,-0.23407148582850767,,,-0.05440572128785093,101,-0.2439644263822658,-0.2090977253920529,-0.29584201030561075,-0.5113912466871696,-0.41610267821319147,-0.4084539892270093,-0.21972519760988055,-0.6012390467398769,0.20476315722805027,-0.5849801742914897,0.3653472881820639,-0.16796648414499413,-0.3707724887109882,-0.27539075574950717,0.9385764796545911,0.22423735860610375,-0.5652536479230161,-0.5400612956539562
6,180.0,-0.1361174921825581,-0.02535257133815749,-0.6326579611827908,-0.337665907394465,-0.4972724464317597,-0.27913196400024876,-0.4024745408158215,-0.5366190948685946,0.21850286247159512,-0.2351455498382453,,,0.01851941392181073,105,-0.34935106173285,-0.3178651858907023,-0.47723480918265754,-0.6784463239096992,-0.5759005505346035,-0.5695623461049412,-0.2825135435522706,-0.8940021066307853,0.5431519265437166,-0.9420468170856864,0.494729229531198,-0.06112081573298211,-0.044535113038688574,-0.25987511297168664,1.0004963232422144,0.21850286247159512,-0.7020945897979672,-0.4509340330753478
6,190.0,-0.2034531142607602,-0.11287710039266484,-0.6300911419585744,-0.337665907394465,-0.5260719008700148,-0.3066157424353749,-0.4141935343538095,-0.5699468892131976,0.1214584773971057,-0.23619964449485803,,,0.09265681490599477,129,-0.12941373578380455,-0.08775915136843365,-0.3836682705213961,-1.1378477862716545,-0.5730470171002925,-0.5671931055626187,-0.7220319651490009,-1.4570079910363773,0.8063431915670116,-1.5523061702248588,0.9290828897747239,-0.06112081573298211,-0.044535113038688574,-0.2066093050786436,1.0606870162813793,0.1214584773971057,-1.0940528896003014,-0.7963138136729004
6,200.0,-0.2723104796570552,-0.19222936488750672,-0.6347626972402836,-0.337665907394465,-0.5472120609836726,-0.32885462619795136,-0.4264919467517934,-0.5953228295236987,0.06089402713400725,-0.23723432158438648,,,0.1698481037206835,100,0.04928534154979525,0.09315556936047553,-0.15979741114782553,-0.6366825546040668,-0.2734260064976452,-0.2662995566876577,-0.21972519760988055,-0.9015088517561927,0.30502649628454354,-0.8316807638583905,0.46700452781352675,0.045724852679029426,-0.044535113038688574,-0.16728249381282012,1.103269448909865,0.06089402713400725,-0.8032502946774317,-0.5206148779115645
6,210.0,-0.33307108924308204,-0.2465141911768745,-0.6260243489141275,-0.337665907394465,-0.5527652893527752,-0.346409520582884,-0.43200118491946987,-0.6055486490421825,-0.06533683756903697,-0.23810613638330208,,,0.23915098082023772,112,-0.12024968053592752,-0.08010716922280038,-0.15290907701325412,-0.553155015992802,-0.32764314174955295,-0.32079208916107577,0.5337349536988,-0.7513739492480348,0.4303556701051605,-0.812204401524161,0.6888021415549016,0.045724852679029426,-0.044535113038688574,-0.14971571033827732,0.9067424168038327,-0.06533683756903697,-0.6198075074271514,-0.7239573541887845
6,220.0,-0.3945121274018768,-0.2897054622256143,-0.6320795783824562,-0.337665907394465,-0.5532633671729481,-0.36106373466661174,-0.4376231994362636,-0.6106640320782472,-0.1737670861350897,-0.2389643996339323,,,0.3103921848387588,108.5,0.026375203430102998,0.06910648261705576,-0.06910101170930213,-0.38609993877027243,-0.2334765384172925,-0.2283917080104974,0.5337349536988,-0.5787188113636524,0.30502649628454354,-0.747283193743397,0.6703190070764541,0.1525705210910419,-0.044535113038688574,-0.1645247312912505,0.6307214428460293,-0.1737670861350897,-0.6909791721284368,-0.6853572750958625
6,230.0,-0.45250214191163296,-0.3315162460903991,-0.6285586129885959,-0.337665907394465,-0.5499862286035017,-0.3715527291331491,-0.44434115611338093,-0.6114762377783296,-0.22786337068321155,-0.23994899685688117,,,0.3787304210752556,118,0.035539258677979704,0.07730503491594877,-0.06565684464201631,-0.21904486154774283,-0.4646127465964773,-0.4582080406157823,-0.973185348918561,-1.5020484617888241,1.382857391141851,-1.0589049910910595,1.2432961759083379,0.25941618950305345,0.28170226263361103,-0.2187488885481777,0.3594737930550205,-0.22786337068321155,-1.1329554385714375,-1.4339046636426673
6,240.0,-0.5152090482389571,-0.4492560299347353,-0.6341115407775058,-0.337665907394465,-0.5492743186924024,-0.38036040297681967,-0.447746966016111,-0.613695407568949,-0.31538655400635945,-0.24077896122650108,,,0.45385789400463267,96,-0.06984737667260452,-0.028729574816402967,-0.14659477072323027,-0.4278637080759048,-0.27913307336626714,-0.2734072783146252,0.5337349536988,-0.7138402236209953,0.5431519265437166,-0.7083304690749401,0.5132123640096471,0.25941618950305345,0.28170226263361103,-0.23611228571774084,0.15115854949559654,-0.31538655400635945,-0.6141522325756679,-0.5836710080407399
6,250.0,-0.5683101434163883,-0.5021454773169772,-0.6272525276825498,-0.337665907394465,-0.5419440825409967,-0.3865266853135258,-0.4532891565031664,-0.6097274979104766,-0.34124445210205967,-0.24159633446024364,,,0.5185009529570369,117,0.14550792165250243,0.18771220587437687,0.013558997905554744,-0.7202100932153307,-0.20208767063987207,-0.19759158096030427,-0.5964552732642208,-1.2468191275249554,1.0068698696799998,-1.3445583053264172,1.4096443862143684,0.25941618950305345,0.28170226263361103,-0.3068314755185353,-0.07391044729605355,-0.34124445210205967,-0.81885399898901,-0.8394694719974996
6,260.0,-0.6210444843170476,-0.5558329826274147,-0.6181877063109928,-0.337665907394465,-0.5379192090904843,-0.391343756660145,-0.454306245246087,-0.6077849451566045,-0.41276344875582355,-0.24240140092564547,,,0.5836488783115426,107,0.33795308185791745,0.39212944319344656,0.30459111509119624,-0.17728109224211044,0.0689980056196658,0.07724032194910875,-0.03136015978271041,-0.6162525369906918,0.6183494308360861,-0.812204401524161,0.9013581880570526,0.36626185791506594,0.28170226263361103,-0.3246893134962314,-0.22396099669911673,-0.41276344875582355,-0.6566894769651975,-0.8644837642396085
6,270.0,-0.6680354726869373,-0.5856902858829439,-0.6158388066510764,-0.337665907394465,-0.5296423074877347,-0.39449377729933155,-0.4550632652717444,-0.6017351306002083,-0.46011893357863026,-0.24319443649107758,,,0.6425174663829503,121,0.1317618387806872,0.17623423265592647,0.08359039494036391,-0.26080863085337525,-0.17069880286245206,-0.1644222133677891,-0.1569368516674905,-0.9765763030102717,0.9692711175338151,-0.8511571261926179,1.0677063983630832,0.4731075263270775,0.6079396383059107,-0.3563783511922185,-0.35953187021353433,-0.46011893357863026,-0.745595799150109,-0.9471678036125635
6,280.0,-0.7161141979643035,-0.6297113700374353,-0.6136448015496836,-0.337665907394465,-0.5281957524412653,-0.39671846181907067,-0.45605921673736155,-0.6012330499473478,-0.4890802923105057,-0.24384630255151746,,,0.7035613296454981,128,0.12259778353281017,0.17022196097007142,-0.0036618374308736447,-0.38609993877027243,-0.2420371387202252,-0.2378686701797873,-0.09414850572510046,-0.9315358322578247,0.9943369522979371,-1.00696802486645,0.8828750535786035,0.4731075263270775,0.6079396383059107,-0.36620260584731995,-0.41805915023415363,-0.4890802923105057,-0.8638812022635647,-0.9119907876127175
6,290.0,-0.7621830726750557,-0.6706146436810891,-0.6116195959337491,-0.337665907394465,-0.5267732812896602,-0.3982420932029184,-0.45518953086023284,-0.6003890937390094,-0.5270966338469523,-0.2446179710069902,,,0.762839978691418,123,0.5487263525590862,0.6107575044972648,0.11918012130231631,0.11506529289731632,-0.2477442055888471,-0.24497639180675482,-0.7220319651490009,-1.832345247306772,1.733779077839578,-1.2406843728771964,1.5759925965203991,0.579953194739089,0.6079396383059107,-0.3625475369324406,-0.46127695881919645,-0.5270966338469523,-1.433248456352965,-1.2731265674615495
6,300.0,-0.8088629708534513,-0.7154033527305381,-0.5960059055864873,-0.337665907394465,-0.530275547447045,-0.3996370279794983,-0.45317022303876714,-0.603585641014434,-0.5725018451555774,-0.24525239113243524,,,0.8237059703754436,137,0.31046091611428667,0.3582420936913551,0.26153902675012536,-0.21904486154774283,0.009073803499136132,0.02037854893336796,-0.4708785813794407,-0.9615628127594545,1.0570015392082457,-0.9160783339733817,1.0584648311238596,0.579953194739089,0.6079396383059107,-0.3336554354408291,-0.47331196834844536,-0.5725018451555774,-0.7068661614523291,-0.9161760921574971
6,310.0,-0.8566669744216074,-0.7883836656238502,-0.5809143154364885,-0.337665907394465,-0.5413852022104003,-0.4009524395463047,-0.45234671813045885,-0.6133143734175976,-0.6027839649583017,-0.24587911197310441,,,0.8868904481337202,124.5,0.35169916472973267,0.4057936970249354,0.3384587579195057,-0.3025724001590076,0.11180100713432968,0.12225589225323691,-0.21972519760988055,-0.7738941846242572,1.0319357044441235,-0.7602674352995517,0.864391919100156,0.6867988631511015,0.6079396383059107,-0.2801174517168709,-0.4333988310495661,-0.6027839649583017,-0.6062808205334141,-0.8367100096632661
6,320.0,-0.9000674317652411,-0.8385445310649171,-0.5735608155055385,-0.337665907394465,-0.5479740242987606,-0.40259346919628763,-0.4470370128914475,-0.6189153348080946,-0.6696635715653259,-0.24525990604426307,,,0.9450169341645944,106.5,0.4708318829521324,0.5238528501289973,0.637527264928814,0.36564790873110975,0.3400836818792037,0.3497029843161994,-0.09414850572510046,-0.6387727723669164,0.9818040349158761,-0.7342989521872447,1.1878467724729938,0.7402216973571073,0.9341770139782103,-0.19597140769988766,-0.432452561347908,-0.6696635715653259,-0.4127682400739076,-0.9811620604676912
6,330.0,-0.9416802812152509,-0.8960753741077422,-0.5710269195296401,-0.337665907394465,-0.5539984610619652,-0.40431566084364295,-0.44368347844016687,-0.6242297604603422,-0.7155212946303483,-0.24711000970656863,,,1.001443866804092,127,0.38377335809730195,0.4407741868335463,0.42858112951348154,0.11506529289731632,0.11465454056864044,0.11988665171091417,-0.3453018894946606,-0.5937323016144694,1.0444686218261845,-0.8511571261926179,1.2525377431475615,0.7936445315631131,0.9341770139782103,-0.12146679150446588,-0.43677126038503333,-0.7155212946303483,-0.6520306330372955,-1.0552633389454877
6,340.0,-0.9812392529416661,-0.9330317104649436,-0.5565705516429083,-0.337665907394465,-0.5564245845185787,-0.40596351725313984,-0.4430638261921936,-0.6267070432083497,-0.7426241850246049,-0.2475904235483078,,,1.055727806481177,140,0.1775821150200717,0.22378583598950677,0.2735936114856253,0.03153775428605153,0.05187680501380001,0.0582863976105286,-0.40809023543705064,-0.8639751261291532,1.2199294651750492,-0.623932898959949,0.9105997552962763,0.8470673657691188,0.9341770139782103,-0.09301871545307729,-0.4674148771084533,-0.7426241850246049,-0.4274517894987395,-0.8296271099210093
6,350.0,-1.0189661048609597,-0.9724396213871772,-0.5526289719830101,-0.337665907394465,-0.559552257733838,-0.4077925993953954,-0.4381166508729458,-0.6294578884711115,-0.7890523575330394,-0.2236417238276233,,,1.1080909486628954,148.5,0.7640816508841931,0.8277458553413044,0.7161690796318377,-0.17728109224211044,0.25162414541556477,0.2620410842502658,-0.40809023543705064,-1.1417246957692444,1.3201928042315423,-1.1887474066525872,1.4004028189751447,0.9004901999751256,0.9341770139782103,-0.010740051765375737,-0.5041292663750545,-0.7890523575330394,-0.941897198712944,-1.3633380726431497
6,360.0,-1.0580211526971501,-1.0372995726332421,-0.5407318023655083,-0.337665907394465,-0.5658023728654495,-0.40972213971652044,-0.43699057637703526,-0.6352154760177245,-0.8184014670777241,-0.2032440747944086,,,1.1629183251165924,105,0.9152885624741618,0.9818786385604962,0.9894063336365032,0.1568290622029487,0.5854875572299431,0.5961040007177424,-0.21972519760988055,-0.7138402236209953,1.2073965477929864,-0.7602674352995517,1.234054608669114,1.0073358683871372,1.26041438965051,0.07154556426305905,-0.5190131905344506,-0.8184014670777241,-0.6595472259479118,-1.166884909117962
6,370.0,-1.0955222647178056,-1.0881691411210601,-0.5329326667563966,-0.337665907394465,-0.5711247012776381,-0.41201140884068543,-0.4342847040055967,-0.6401531659747316,-0.8554226921361858,-0.10476519045832389,,,1.2161687055142762,155,0.8144839547475164,0.8851357214335563,0.9744816096782654,-0.3025724001590076,0.6140228915730523,0.62216564668329,0.2825815699292398,-1.2768461080265874,1.6084499040189613,-1.5523061702248588,1.6684082689126398,1.0073358683871372,1.26041438965051,0.1793828546811812,-0.5608140097127998,-0.8554226921361858,-0.5008020737231974,-1.0756232487790975
6,380.0,-1.1302539403711354,-1.1344230869726288,-0.5190629775701032,-0.337665907394465,-0.5755490657885235,-0.413614598210253,-0.4328075343841734,-0.6442383281539875,-0.8787285793095748,-0.07809078450508931,,,1.2660236743800553,139,1.135225888423208,1.2087052521632073,1.2408305295483593,-0.13551732293647806,0.8308914325806824,0.8448742576616077,-0.7220319651490009,-1.637169874046165,1.9092399211884428,-1.6302116195617748,1.9271721516109097,1.1141815367991486,1.26041438965051,0.27333047174628794,-0.588393615187743,-0.8787285793095748,-0.6009001438470125,-1.136727833756484
6,390.0,-1.1643018935456997,-1.1801179777376174,-0.49288481298769,-0.337665907394465,-0.5803664488870316,-0.41463867801605525,-0.43142152164161146,-0.6484983911636764,-0.8939197349034154,-0.07897831271490988,,,1.3154066363079537,97,1.0206751978247468,1.093925519978703,0.9044502126434562,-0.34433616946464,0.38859375026248905,0.3947185546203275,-0.3453018894946606,-1.7197440704256535,1.9468386733346275,-1.6886407065644615,1.8347564792186706,1.1141815367991486,1.26041438965051,0.3864087666988357,-0.5903481104215328,-0.8939197349034154,-1.0477630426843265,-1.430070042063881
6,400.0,-1.1977767264111818,-1.2295735719342384,-0.4884831439098768,-0.337665907394465,-0.5869023342754038,-0.4163389774485721,-0.4292187305188594,-0.6543395974539222,-0.9177017476919574,0.03500414547259975,,,1.364457709165838,133,1.4559678220988994,1.5459390367243468,1.350469847856954,-0.21904486154774283,0.850866166620859,0.8614589414578652,-0.09414850572510046,-1.4044607751585207,1.771377829985763,-1.383511029994874,1.5759925965203991,1.221027205211161,1.26041438965051,0.5854542711569155,-0.6104033786146957,-0.9177017476919574,-0.9275112204131803,-1.29344693040562
6,410.0,-1.2303133349432458,-1.27255496746093,-0.4854444048652205,-0.337665907394465,-0.593412087714998,-0.4171349186642207,-0.4276736661627016,-0.659955725778392,-0.9290022292369761,0.164238680926637,,,1.4126157603180594,98,1.391819435363761,1.4765246272603842,1.3079917873604303,-0.010226015019580864,0.7937954979346405,0.8045971684421244,0.2825815699292398,-1.2543258726503628,1.6836474083113306,-1.0394286287568322,1.6314419999557432,1.274450039417167,1.5866517653228096,0.8272269387942189,-0.581070661064364,-0.9290022292369761,-0.9276654369572678,-1.3305456522525305
6,420.0,-1.2604451551157796,-1.294933108657035,-0.48066974456273875,-0.337665907394465,-0.5980635565935029,-0.41813207156220605,-0.42566713362152997,-0.6640137953516648,-0.9425792944576034,0.19881415171230482,,,1.4576442683751707,122,1.598010678440991,1.6875007064185688,1.6920164153627861,0.11506529289731632,1.2332396468185232,1.2476451498564374,0.34536991587162985,-0.9390425773832322,1.4956536475804052,-1.00696802486645,1.5575094620419516,1.3278728736231726,1.5866517653228096,1.0776919818670692,-0.5845069712314614,-0.9425792944576034,-0.6284249822243898,-1.1595270468041288
6,430.0,-1.288900978170454,-1.313019227807153,-0.47381898510239906,-0.337665907394465,-0.6018258889283018,-0.4192644276662932,-0.42399215664428336,-0.6673852233636749,-0.9566293734433639,0.2094488445064897,,,1.5005530240177292,137,1.8408581425097288,1.942202397837517,2.024952565200404,-0.051989784325213256,1.3331133170194052,1.3424147715493384,-0.4708785813794407,-1.682210344798614,2.410556616470911,-1.513353445556402,1.9086890171324622,1.4347185420351851,1.5866517653228096,1.341906979016925,-0.6133714131992166,-0.9566293734433639,-0.7613007512063324,-1.4946108541231349
6,440.0,-1.3167114027381948,-1.3435013266551652,-0.46461931276439783,-0.337665907394465,-0.6052589175766225,-0.4200024717500216,-0.42057414608833305,-0.6702137257127132,-0.9671224097861055,0.2557495133621836,,,1.542854619835866,114,1.4834599878425299,1.5705346936210263,1.6943125267409764,0.6162305245649041,1.0078105055079598,1.0201980577934748,0.1570048780444597,-1.3894472849077057,1.9844374254808121,-1.2017316482087395,2.1859360343091794,1.4347185420351851,1.5866517653228096,1.6790918468157938,-0.6240262959482813,-0.9671224097861055,-0.7693444623630369,-1.5617403119842144
6,450.0,-1.343246244913388,-1.3801136048840126,-0.45736543545318814,-0.337665907394465,-0.6087604623198252,-0.4207011169356317,-0.41872229280574425,-0.6732241805178899,-0.9754807580763705,0.3576467530925035,,,1.5835576452697777,126,1.8775143635012363,1.9771828876461277,1.9021106064672137,0.11506529289731632,1.2018507790411026,1.2144757822639218,-0.09414850572510046,-1.0516437542643506,1.9092399211884428,-1.1757631650964326,1.6684082689126398,1.5415642104471967,1.9128891409951092,2.0733117291444114,-0.6292554881189545,-0.9754807580763705,-0.930410084572857,-1.5357732579105212
6,460.0,-1.3662968222257343,-1.408220340471381,-0.45619475036251744,-0.337665907394465,-0.6097084144085072,-0.421492730882274,-0.41651244428438383,-0.6740647348610086,-0.9845579537529109,0.44927983883149647,,,1.6191900892577389,83,1.3185069933807458,1.4021910864170866,1.4245194398035967,0.11506529289731632,0.6710935602592708,0.6790274196990308,-0.5964552732642208,-1.697223835049429,2.7113466336403906,-1.6431958611179274,2.3892505135721067,1.5415642104471967,1.9128891409951092,2.263472187222942,-0.6963122306633259,-0.9845579537529109,-1.0022165675238284,-1.7607155999383635
6,470.0,-1.3891740557430259,-1.450239099663993,-0.44266946885496045,-0.337665907394465,-0.6110365122260579,-0.42205927314547353,-0.41439653689895845,-0.6751711708302537,-0.9909655505537568,0.6794126444757297,,,1.6548094032165022,105.5,1.767545700526714,1.8624031554616234,1.8797235205298568,0.19859283150858112,1.0591741073255565,1.0699521091822477,-0.40809023543705064,-1.6446766191715747,2.5860174598197734,-1.513353445556402,2.259868572222971,1.6484098788592083,1.9128891409951092,2.508711237858227,-0.7382622706427144,-0.9909655505537568,-0.9827564228051161,-1.7440378619099892
6,480.0,-1.4128334768968092,-1.4980583537941665,-0.43685018502108836,-0.337665907394465,-0.6120007696824805,-0.42268355590717666,-0.414374532228266,-0.6761663140005306,-0.9970022778103863,0.9389965063550737,,,1.6919165290859985,119,2.1890922419290515,2.29856613776274,2.3389457961679496,0.3238841394254783,1.6612696619651615,1.6764776880168146,0.72209999152597,-0.8039211651258892,1.646048656165146,-1.0848734742033663,1.6961329706303112,1.6484098788592083,1.9128891409951092,2.6799067734454813,-0.7941589349885104,-0.9970022778103863,-0.7389083727305019,-1.410595027542792
6,490.0,-1.4350593914855465,-1.5370971351587468,-0.42973887983010567,-0.337665907394465,-0.611286816135195,-0.42301000463295413,-0.41372362471269447,-0.6755983740343582,-1.000323736081144,1.2184778982749815,,,1.7270281371803902,88.5,2.0837056065784667,2.190345247417351,2.4652319219684258,0.6162305245649041,1.6213201938848092,1.6385698393396544,0.65931164558358,-0.6913199882447708,1.733779077839578,-0.9095862131953044,1.7146161051087585,1.7552555472712208,1.9128891409951092,2.605374572092915,-0.8422242419658101,-1.000323736081144,-0.6856263445899984,-1.6341973665346508
6,500.0,-1.4546555454024777,-1.5655645770487034,-0.4154174833461252,-0.337665907394465,-0.6087788653317163,-0.42317232666082816,-0.4150258995685858,-0.673630375138586,-1.0015625185848414,1.404569960154525,,,1.7581905948905783,104,2.262404683912066,2.371806538299519,2.5547802657178544,0.36564790873110975,1.8895523367100355,1.9062940206220995,0.9732533752955302,-0.7213469687464028,1.6836474083113306,-1.0004759040883728,1.640683567194967,1.8086783814772265,2.239126516667409,2.25442468680872,-0.8850940040120676,-1.0015625185848414,-0.5799809191114417,-1.3552749680944849
6,510.0,-1.4733769879683256,-1.5973057449382333,-0.4093985400439127,-0.337665907394465,-0.6053781169901069,-0.42328769305543,-0.41627124596569975,-0.6708867993712316,-1.0023892676894324,1.6922430766604504,,,1.7881434351085852,104,2.308224960151451,2.41881157147984,2.8676254409963056,0.6162305245649041,2.05791080933438,2.076879339669322,0.9104650293531402,-0.6462795174923238,1.733779077839578,-0.9030940924172294,1.816273344740223,1.8621012156832322,2.239126516667409,1.8781460726376145,-0.9226480259948916,-1.0023892676894324,-0.45971543985866276,-1.5048126913847226
7,0.0,2.4427933218305125,1.0739678213817436,3.7344196437570276,5.302316771092057,0.8602998980267761,0.5091218955967285,4.129228328688424,1.2321545971733523,-0.8541828250742404,-0.19473728068905943,,,-2.084656677355864,102,-1.8614201776325383,-1.8028962922968865,-1.6499736955934385,2.1197262195676685,-1.6973391902187969,-1.6996900847927867,-1.4754921164576813,0.5848266830745712,0.15463148769980453,1.771659668150202,-0.4941184650657624,-4.334947552213459,-2.6544341184170857,1.0612710382171,-0.0056008132766357105,-0.8541828250742404,0.611680602947478,0.3991864897639442
7,10.0,2.3584053263403426,0.9711016507378889,3.772072547353277,5.482956785705504,0.8348447774695466,0.38377513999742047,4.084113895636984,1.1706809063418204,-0.8753614212121354,-0.19775294602850582,,,-2.0327976717779954,105,-1.5773344649483543,-1.4782336212607168,-1.4720250637836771,-0.6366825546040668,-1.5232736507258304,-1.5291047657455648,-1.2871270786305113,-0.7213469687464028,0.7311456872746421,-0.20194504838498847,-0.22611301512826887,-1.1295774998531014,-1.349484615727887,1.1020476462473188,-0.12318849930979406,-0.8753614212121354,-0.3945229112420721,0.14027980733876877
7,20.0,2.2730127721580953,0.8923970355689225,3.7282193530263132,5.133514472616228,0.789379842672814,0.23647962519366098,3.9344198575930314,1.0769095040288912,-0.8981281655579084,-0.1993485359996616,,,-1.9794335721832217,122,-1.2795026693923552,-1.129521863481127,-1.0610211270875836,-0.26080863085337525,-1.1123648361850573,-1.1192261519237676,-0.973185348918561,-0.30096924172356115,0.48048733963340806,-0.14351596138230194,0.060375569287673785,-1.0761546656470955,-1.349484615727887,1.1358458249161276,-0.2613703098276167,-0.8981281655579084,-0.08895500186787572,-0.10957812594942037
7,30.0,2.187207405520304,0.8388251714081433,3.7842215708417113,5.47651204029939,0.6767123020492197,0.11202748130630576,3.7308257949892276,0.9280513254665615,-0.9166984886855014,-0.2003936334012648,,,-1.9248888888966071,108,-1.641482851683493,-1.5569397233300915,-1.2906322649066302,0.19859283150858112,-1.3891575793132172,-1.3916888142908581,-0.4708785813794407,-0.6162525369906918,0.8063431915670116,1.0575263825618133,0.17127437615836036,-1.0227318314410894,-1.349484615727887,1.2130733829859546,-0.35878100174181893,-0.9166984886855014,0.7423149913785909,-0.3395497509880314
7,40.0,2.099778120870759,0.7819053142948647,3.725964315723351,5.227507312265534,0.5292364743654295,0.019532180303385816,3.510712053160768,0.7574226763709236,-0.9301387839487554,-0.2019341105113838,,,-1.8683357192866439,120.5,-1.0504012881954328,-0.8633421988437285,-0.7068459470017041,0.6162305245649041,-0.861253893965696,-0.8680866544375798,-1.5382804624000714,-0.6763064979939559,0.8439419437131981,-0.1305317198261496,0.7812178139471406,-0.9158861630290772,-1.349484615727887,1.327835838685289,-0.4157000698767127,-0.9301387839487554,-0.1365622166226396,-0.6833795368086027
7,50.0,2.009635476283287,0.7948028834524659,3.7095927441917906,5.179778553949411,0.3982430690041757,-0.04315324716477286,3.3078435976572025,0.6108205737834761,-0.9389530152571843,-0.2031935784085591,,,-1.8089679310127602,107,-0.6700929954085415,-0.41570124332416103,-0.4881413382290623,-0.38609993877027243,-0.6871883544727295,-0.695132094848035,-1.4127037705152914,-1.08917747989139,1.0820673739723694,-1.00696802486645,1.0399816966454105,-0.9158861630290772,-1.1863659278917373,1.4425829175949314,-0.4469680023394292,-0.9389530152571843,-0.7628501811895823,-0.847325146685469
7,60.0,1.9162695792535915,0.7463264980441442,3.671741200803813,4.947419901867565,0.24720332971845,-0.08019999006257068,3.131723426435898,0.45688737740926677,-0.9434081547148372,-0.20443159023103905,,,-1.7463115008568564,126,-0.5601243324340187,-0.2932695289940228,-0.5524324568183951,-0.13551732293647806,-0.7727943575020573,-0.775686273287001,-1.6010688083424613,-1.4119675202839281,1.5332523997265917,-1.1368104404279755,1.1693636379945462,-0.8090404946170657,-1.0232472400555874,1.6182561057005673,-0.43100704540450197,-0.9434081547148372,-1.178336559092178,-0.9449370578228501
7,70.0,1.8283605103081781,0.6949644184174023,3.70648453566693,5.00380417437036,0.10248545645796563,-0.1016122851562908,2.8984024247182525,0.30786866610342134,-0.9432221782473171,-0.20540691726799487,,,-1.6862020638669195,117.5,-0.7846436860070027,-0.5512506413325281,-0.516842730456443,0.03153775428605153,-0.7528196234618807,-0.7591015894907434,-1.5382804624000714,-1.2843528531519948,1.2449952999391711,-0.8381728846364656,1.1601220707553224,-0.7556176604110595,-1.0232472400555874,1.7932340933128073,-0.37779887796213313,-0.9432221782473171,-0.6374389938253137,-1.000278437846438
7,80.0,1.7381427932650566,0.6628539773606014,3.7271156703004924,4.9502108290683715,-0.013834529369860536,-0.11012352101427643,2.6496025296169377,0.18530278168498698,-0.9391960940694623,-0.20684540204960045,,,-1.6233575059510166,122,-0.9129404594772793,-0.6999177230191246,-0.91981027732887,-1.2213753248829193,-1.1009507024478136,-1.1050107086698324,-0.847608657033781,-1.8623722278084018,1.4956536475804052,-1.818483122125987,1.021498562166963,-0.7021948262050537,-1.0232472400555874,1.9336158806758965,-0.296798014309873,-0.9391960940694623,-1.2238443952303286,-0.8398334671168286
7,90.0,1.6437452419384266,0.5711837301504942,3.749336655359438,5.069259635617407,-0.10489687564918918,-0.1084008449104745,2.468165488629172,0.09290975352415909,-0.9336036084065431,-0.2084875133019839,,,-1.556310786494123,108,-0.725077326895803,-0.48784850355442083,-0.5535805125074905,-0.38609993877027243,-0.7670872906334354,-0.775686273287001,-1.4754921164576813,-1.2768461080265874,1.2575282173212339,-1.0978577157595186,1.0399816966454105,-0.7021948262050537,-1.0232472400555874,2.074063566821099,-0.19536142200672302,-0.9336036084065431,-0.8064328792506229,-0.9170121715443282
7,100.0,1.5581962341748026,0.5314810545173605,3.7297271474383207,5.0161638037711365,-0.15062349250431695,-0.10915871557407368,2.27803751278715,0.03750366513995336,-0.9277301328753258,-0.20986504073949722,,,-1.4943757920132434,112,-0.7892257136309412,-0.562182044397719,-0.590318294558538,-0.7202100932153307,-0.8641074274000068,-0.8751943760645473,-0.7220319651490009,-1.4119675202839281,1.1321990435006168,-1.1757631650964326,1.0030154276885155,-0.5953491577930417,-0.6970098643832878,2.0929432475241003,-0.1278730041687917,-0.9277301328753258,-0.8917016532500333,-1.1776562213821482
7,110.0,1.4731629161843738,0.44775833163640844,3.670494754318872,4.5301762853468786,-0.17951673073774638,-0.10654583890451978,2.1402345182559626,0.0018573951968486055,-0.9219443524128602,-0.21099244796421715,,,-1.4316771443902145,83,-0.14774184627955828,0.18771220587437687,0.17543485006798268,-0.13551732293647806,0.0604374053167327,0.04880943544123836,-0.5964552732642208,-0.7814009297496668,0.7562115220387658,-0.8901098508610771,0.6703190070764541,-0.48850348938102967,-0.6970098643832878,2.09020065287482,-0.06856420682957116,-0.9219443524128602,-0.35272810773122754,-0.5329163455056158
7,120.0,1.4001439743080597,0.4225073371249769,3.7300887171838566,4.7461770000087125,-0.21582953310785166,-0.10740998232835665,1.9852679781163083,-0.04256097862367823,-0.9159493993543079,-0.2123213723596272,,,-1.3769085190521944,104,-0.4364095865876805,-0.14678872792046482,-0.2625483953218488,-0.5113912466871696,-0.45034507942492263,-0.46057728115810503,-0.2825135435522706,-1.014110028637311,1.1697977956468015,-0.8966019716391521,0.707285276033349,-0.48850348938102967,-0.6970098643832878,2.1054011599421107,-9.139913932276902e-05,-0.9159493993543079,-0.7493873394851777,-0.777654847867117
7,130.0,1.331456078616416,0.3951686666789009,3.72673377516325,4.618682507033085,-0.23325240858178106,-0.11489634862560892,1.9565327168347302,-0.06196674663332644,-0.9172450753865186,-0.21340934955018756,,,-1.324585658638473,151,-0.532632166690388,-0.26484788102452644,-0.25508603334272983,-0.4696274773815372,-0.44749154599061186,-0.4582080406157823,-0.7220319651490009,-1.1417246957692444,1.3327257216136035,-0.9939837833102979,1.0030154276885155,-0.3816578209690177,-0.6970098643832878,2.1583633321168083,0.007053798228804567,-0.9172450753865186,-0.5248984391051926,-0.7930265151400014
7,140.0,1.2633145762121156,0.3502113302255692,3.7235648900852194,4.328056688754448,-0.2576510039043843,-0.12909643866752857,1.8357276091105572,-0.09716187430376659,-0.916865470446044,-0.21426729724605242,,,-1.2718921495528608,148,-0.5967805534255263,-0.3359020009482675,-0.4295904980852052,-0.4696274773815372,-0.6358247526551327,-0.6477472840015844,-0.09414850572510046,-1.2918595982774024,1.5833840692548373,-1.110841957315671,1.021498562166963,-0.3816578209690177,-0.3707724887109882,2.1779804806278458,0.01880522879939014,-0.916865470446044,-0.800620744450056,-0.8662907790274857
7,150.0,1.2017383842301423,0.3251924117992339,3.6689608279942156,4.119930465329683,-0.2611479712544294,-0.14231481909287294,1.8849912488974896,-0.09967178455746717,-0.9236805451750698,-0.21532453196715656,,,-1.2235865525444272,114,-0.3951713379722345,-0.09431799320754844,-0.14487268718958735,-0.13551732293647806,-0.3561784760926622,-0.3634384189228812,-0.09414850572510046,-0.541185085736613,0.9066065306235066,-0.5265510872888032,0.984532293210068,-0.27481215255700614,-0.3707724887109882,2.2515693879922276,-0.02738076838330466,-0.9236805451750698,-0.6515483566192468,-0.8445300758975177
7,160.0,1.1420820632142248,0.30235127176360155,3.6633826918016217,4.006883249627184,-0.27246622931631426,-0.15215107946117312,1.8368296032792155,-0.11625144112593261,-0.925153794182103,-0.21615840721076335,,,-1.1761499335386405,115,-0.34935106173285,-0.04184725849463206,-0.07369323446568307,-0.21904486154774283,-0.3961279441730153,-0.40608474868468697,-0.973185348918561,-1.4419945007855601,1.758844912603702,-1.1757631650964326,1.4650937896497125,-0.27481215255700614,-0.3707724887109882,2.2749939018596925,-0.035133976157774804,-0.925153794182103,-0.8194281963550065,-1.191918113236642
7,170.0,1.080079398405044,0.3026301942935707,3.611305933081048,3.8105822220720715,-0.27804892344587406,-0.17667764462541827,1.8746367217099884,-0.12476595314457585,-0.9353324414660277,-0.2169819076204996,,,-1.126169294048882,121,-0.17981603964712722,0.15273171606576594,0.21906096625360133,0.2403566008142135,-0.04799686518708237,-0.05543714842095264,-0.40809023543705064,-0.5862255564890598,1.3327257216136035,-0.5330432080668804,1.1508805035160987,-0.16796648414499413,-0.3707724887109882,2.368890029747382,-0.11771132939935433,-0.9353324414660277,-0.4883630650469351,-0.9631442313250086
7,180.0,1.023720188615797,0.3221274506853615,3.6163439291334933,3.694617548410999,-0.263600220860776,-0.20491959875998994,1.891708236814181,-0.11914812749539778,-0.9458169579330467,-0.21799698621625033,,,-1.080125874199621,116,0.06303142442161047,0.4358550554542102,0.4452279370053624,0.11506529289731632,0.16316460895192625,0.1577945003880748,0.03142818615967963,-0.8264414005021138,1.4580548954342203,-0.7213147106310924,1.1323973690376512,-0.16796648414499413,-0.3707724887109882,2.3607376136037166,-0.2400919354906427,-0.9458169579330467,-0.5664323920377791,-0.9699114946707589
7,190.0,0.9672914569536978,0.3145247204777784,3.5773575078033812,3.6699174966143353,-0.23533822855744954,-0.21749830343802776,1.8653558351298296,-0.10106514693586752,-0.9494005413959455,-0.21879783960941493,,,-1.033430072011166,120,-0.41349944846798825,-0.12273964117704457,-0.056472399129254426,0.19859283150858112,-0.47031981346509916,-0.48190044603900756,-1.4754921164576813,-0.6612930077431388,1.7087132430754544,-0.630425019738024,1.1323973690376512,-0.06112081573298211,-0.044535113038688574,2.2340238055804233,-0.3154808418560846,-0.9494005413959455,-0.8313949563703423,-1.477665184515761
7,200.0,0.9057102575516314,0.2834822503574451,3.6237223147130986,3.977450215973204,-0.19261414933462634,-0.24324686522792285,1.8452791987347017,-0.07395686314866806,-0.9579405227104434,-0.21958892647495767,,,-0.9817767685316601,117.5,-0.07901143192048155,0.2740702900893852,0.29827680880117285,0.11506529289731632,0.04331620471086731,0.0322247516449806,-0.40809023543705064,-0.7889076748750743,1.4831207301983442,-0.7342989521872447,1.234054608669114,-0.007697981526976341,-0.044535113038688574,2.0810887942684606,-0.44575414917433637,-0.9579405227104434,-0.5224483573336076,-0.9181742620203215
7,210.0,0.836373716488318,0.2611148946237551,3.600716039649051,3.7739353413765033,-0.18249205297389817,-0.2642340148221666,1.8285292819320436,-0.07284403213140499,-0.9650006002120927,-0.220757631803051,,,-0.9227329875301498,117,-0.26687456450195807,0.05106966755949058,0.2029881866062683,0.36564790873110975,-0.06511806579294775,-0.07439107275953313,-0.21972519760988055,-0.5561985759874299,1.382857391141851,-0.4486456379518893,1.0030154276885155,0.045724852679029426,-0.044535113038688574,2.056111620327301,-0.5244149808354795,-0.9650006002120927,-0.3458730488727329,-0.9686265483217578
7,220.0,0.7676689305265807,0.2167249351831007,3.605613894456504,3.824776398734061,-0.17827200628697268,-0.2880419141094895,1.7595047668044166,-0.0820578900239368,-0.9720348005210465,-0.22171549120597775,,,-0.863280436187457,116.5,-0.13857779103168125,0.19755046863304856,0.299424864490268,0.36564790873110975,0.057583871882421936,0.04644019489891596,-0.03136015978271041,-0.4135704186046796,1.2449952999391711,-0.49409048339842354,1.0861895328415307,0.09914768688503615,-0.044535113038688574,2.0143339871503514,-0.6046645829057749,-0.9720348005210465,-0.3742311933097709,-0.8821440347147661
7,230.0,0.6981479323438439,0.18230962854026453,3.622344179862018,3.631831559732503,-0.208177728205627,-0.31638298001602405,1.7308511637708814,-0.11803150023213588,-0.9819916509280251,-0.22265909671693382,,,-0.8021387854982376,117,0.008047092934348939,0.37026663706306473,0.603659622100505,0.36564790873110975,0.3286695481419598,0.3189028572660066,0.1570048780444597,-0.40606367347927214,1.3076598868494795,-0.5005826041764986,1.1139142345592021,0.1525705210910419,0.28170226263361103,2.148013936345137,-0.6853836690085214,-0.9819916509280251,-0.19418202244647587,-0.9310500681097242
7,240.0,0.6368705265523524,0.16728317098531426,3.5862889142953374,3.3613197824290455,-0.21498466068201716,-0.3303340562574913,1.6594935352008524,-0.13396840343267435,-0.9860389216422538,-0.22358876415425577,,,-0.7474079419130466,120,0.38377335809730195,0.8108021805902582,0.99744272346017,0.49093921664800694,0.6967753611680693,0.6885043818683211,0.4081582618140199,-0.23340853559488972,1.1321990435006168,-0.3252953431684389,0.9937738604492917,0.25941618950305345,0.28170226263361103,2.135169498472112,-0.7301635996285412,-0.9860389216422538,-0.28530779535667294,-0.9437564968880783
7,250.0,0.5740274774137115,0.1285958149016517,3.6023842772135644,3.334240824231216,-0.24790300593380357,-0.34347949250152965,1.5294040369745316,-0.17688752427076823,-0.9890934329305429,-0.2245048000747086,,,-0.6904430619853721,122,0.01721114818222597,0.38010489982173695,0.5422386427339099,0.4491754473423746,0.28586654662729594,0.27625652750420115,-0.09414850572510046,-0.48113112473335107,1.4705878128162833,-0.47461412106419393,1.0399816966454105,0.25941618950305345,0.28170226263361103,2.1855108666801093,-0.7562085056502281,-0.9890934329305429,-0.2808480422783939,-0.8922574620251934
7,260.0,0.5050919007902267,0.05351546649362371,3.5881341603997563,3.2231359288052985,-0.33138251374025973,-0.36139293602259165,1.540758671654518,-0.25185021924614526,-0.9966102959998101,-0.2255864680340274,,,-0.6269595759927168,120,0.0813595349173642,0.45443844066503514,0.6323610143278857,0.11506529289731632,0.08326567279122042,0.07250184086446362,-1.0987620408033412,-1.757277796052693,2.435622451235033,-1.487384962444095,2.056554092960045,0.36626185791506594,0.28170226263361103,2.696067014731986,-0.7876511397451721,-0.9966102959998101,-0.7219067167576295,-1.5905952534848435
7,270.0,0.43475205109566295,-0.02076121241455525,3.578432713712129,3.113949391286015,-0.4060723552521848,-0.3712220297692602,1.4756536052105849,-0.3236354247106424,-0.9999024488077681,-0.22664943276179417,,,-0.561082339458406,118,0.6953512365251164,1.170445341435039,1.1156924594369788,-0.051989784325213256,0.7167500952082454,0.7074583062069009,0.7848883374683602,-0.7964144200004818,1.5583182344907136,-0.9030940924172294,1.2802624448652344,0.36626185791506594,0.28170226263361103,3.226439067681761,-0.7843685337128041,-0.9999024488077681,-0.7038384635491668,-1.1346012543423332
7,280.0,0.37557919926256744,-0.03805584127046707,3.5775626193075687,2.8510832151545005,-0.43383437548719006,-0.3734122153450435,1.3426874326173828,-0.3592840440698172,-0.9992448162752967,-0.2276941751995801,,,-0.50478170877081,122,0.6632770431575471,1.136011421779688,1.2264798334346692,0.2821203701198459,0.7966490313689517,0.7856432441035446,0.4081582618140199,-0.4886378698587585,1.4455219780521593,-0.7602674352995517,1.4096443862143684,0.4731075263270775,0.6079396383059107,3.351800985521324,-0.7638124938193437,-0.9992448162752967,-0.5612038794899807,-1.1789147871603367
7,290.0,0.31426015963760007,-0.06389974697006379,3.593341788724567,2.751276447206274,-0.4763961817124226,-0.3816442313854605,1.3392504946662898,-0.39804102876872083,-1.002937938148379,-0.2285512097486519,,,-0.44556872775930645,125,0.8877963967305313,1.39781852519101,1.4279636068708825,0.19859283150858112,1.0078105055079598,0.9965056523702496,0.2825815699292398,-0.7513739492480348,1.5833840692548373,-0.7992201599680087,1.4096443862143684,0.579953194739089,0.6079396383059107,3.874657275751363,-0.7811029662904102,-1.002937938148379,-0.5908371975782215,-1.1278265418570699
7,300.0,0.2544294481124077,-0.07147520642233854,3.619689394374051,2.576192935405417,-0.49795718647252646,-0.38203137465800857,1.1969113140516976,-0.4287217219690043,-1.0014648776951804,-0.2293961733644765,,,-0.38691990307883434,126,0.9381987005938541,1.4519289703637046,1.5341587581121914,0.4491754473423746,1.2047043124754138,1.193152617383019,0.9732533752955302,-0.1508343392154033,1.1823307130288625,-0.442153517173812,0.9475660242531714,0.579953194739089,0.6079396383059107,4.007651357450054,-0.7455074405553439,-1.0014648776951804,-0.41376754612483946,-0.9453743065228688
7,310.0,0.193651295959443,-0.1024961862547346,3.580051751739483,2.323692725178208,-0.5211873928070221,-0.38232964048240137,1.2610019230843463,-0.4429779751691161,-1.002381671470995,-0.23039455213130744,,,-0.32643924583676415,127,0.4066834962169942,0.8392238285597547,0.7574990844392662,-0.09375355363084566,0.19169994329503548,0.1814869058113001,-0.7848203110913909,-1.4795282264125997,2.3228261947964786,-1.6756564650083092,2.2413854377445235,0.6333760289450957,0.6079396383059107,4.46366378812636,-0.7270970658872798,-1.002381671470995,-1.0401639724122749,-1.587323216067476
7,320.0,0.132164984790017,-0.15388444995823858,3.5837197195739354,2.2333109400339723,-0.533682670455931,-0.3820405111881699,1.191111608360529,-0.45952362040674277,-1.0013963246237119,-0.23105089371007673,,,-0.2643063625708029,127,0.8190659823714547,1.3169261425085972,1.1748173274253833,-0.13551732293647806,0.6254370253102962,0.6126886845139998,0.4081582618140199,-1.4269810105347454,2.2100299383579225,-1.5717825325590884,1.8717227481755656,0.6867988631511015,0.9341770139782103,4.607784633377443,-0.6967413470814853,-1.0013963246237119,-0.9739279267208573,-1.4313098942595956
7,330.0,0.07362547600944154,-0.1767895021843164,3.5451961402202907,1.9121208556881915,-0.535886367373994,-0.37855889406921384,1.127416985639923,-0.4658896144841595,-0.9987736701236622,-0.23202184527588082,,,-0.204245232726057,137,0.33795308185791745,0.7583314458773418,1.5071794494184536,2.036198680956404,0.711043028339624,0.6979813440376106,-0.847608657033781,-1.0816707347659826,2.009503260244936,-0.46162987950804163,2.53711558939969,0.7936445315631131,0.9341770139782103,4.549657765658286,-0.650118890037388,-0.9987736701236622,-0.19127876165666394,-1.8140269146616965
7,340.0,0.014547588771331006,-0.18715136979195618,3.5270056037175563,1.8937051386643227,-0.536567700359337,-0.37694145177697025,1.0765797036747802,-0.47039020060340614,-0.9971434632092437,-0.23297687957295649,,,-0.14271507434846936,130,0.48457796582394796,0.92886133369432,0.8309746485413612,0.03153775428605153,0.4941744873319934,0.4800112141439384,0.5337349536988,-0.7213469687464028,1.4831207301983442,-1.0589049910910595,1.2617793103867851,0.7936445315631131,0.9341770139782103,4.487404294225732,-0.6241906714000749,-0.9971434632092437,-0.7212543295800599,-1.0451129267240258
7,350.0,-0.03488893207829318,-0.1843579670765252,3.5252568761290215,1.8047123367822129,-0.5452970504405674,-0.3764154417407822,1.06674175194906,-0.4784915211465702,-0.9967022702606094,-0.23376086292911893,,,-0.09050349550349178,133,1.3459991591243763,1.9323641350788452,1.9009625507781187,0.8668131403986985,1.121951842880397,1.1102291984017305,-0.3453018894946606,-1.1867651665216914,2.2100299383579225,-1.3056055806579603,2.2413854377445235,0.9004901999751256,0.9341770139782103,4.648551779543168,-0.6000987809657926,-0.9967022702606094,-0.9761523548163404,-1.6683155843484097
7,360.0,-0.08773566081358207,-0.18326880183766395,3.6169089602264415,2.160547444352036,-0.5531419507814492,-0.3710042382986273,0.8961355844942994,-0.49831405841144094,-0.9902818684690862,-0.2343804319480488,,,-0.033946480531207524,135,0.4937420210718247,0.9419790173725492,1.0732143989404552,0.4491754473423746,0.6967753611680693,0.6837659007836756,-0.3453018894946606,-1.6146496386699427,2.510819955527404,-1.8379594844602165,2.4631830514858986,0.9004901999751256,0.9341770139782103,4.546365967713635,-0.4846414519183653,-0.9902818684690862,-0.45842608171298244,-1.0944617998225639
7,370.0,-0.13641595422185834,-0.2093839956205915,3.5584103355678276,1.99785570154596,-0.5563917739494282,-0.3586657605056869,0.8005344404985768,-0.5057776071409147,-0.9799746232835692,-0.2351455498382453,,,0.018845136012274652,134,1.0939876398077617,1.635576541858912,1.3900777691307393,-0.010226015019580864,0.7395783626827331,0.7287814710878038,0.4709466077564099,-1.4344877556601527,2.235095773122046,-1.5652904117810111,2.3892505135721067,1.0073358683871372,1.26041438965051,4.379430805881274,-0.30991630081919014,-0.9799746232835692,-1.1377954017477037,-1.574726995843955
7,380.0,-0.1829550085491838,-0.21523704361487905,3.507779462428772,1.9098271901052617,-0.5594939319918578,-0.3434221183434415,0.7235167816024517,-0.5106780101464284,-0.9668818335997906,-0.23590047972237632,,,0.06994867649584045,121,0.1821641426440102,0.5757770146886539,1.5370288973349293,2.7879465284577867,0.4085684843026656,0.3994570357049723,-0.973185348918561,-1.4269810105347454,2.510819955527404,-0.8771256093049248,3.498238582278979,1.1141815367991486,1.26041438965051,4.205154231457081,-0.09853651905695852,-0.9668818335997906,-0.3817966649675021,-2.4161549990046263
7,390.0,-0.22966548997121053,-0.21517630667197443,3.5055309620354023,1.8229615387892752,-0.5645480312968063,-0.3410685708312769,0.6028993942561462,-0.5246976877320143,-0.9589922077929842,-0.23664542374388467,,,0.12187537239096348,111,0.6861871812772393,1.1649796399024437,1.9388483885182612,2.036198680956404,0.9393257030844979,0.9301669171852186,-0.3453018894946606,-1.562102422792086,2.4606882859991566,-0.7862359184118562,2.7773963376195123,1.1141815367991486,1.26041438965051,4.085391479888705,0.017186405599602914,-0.9589922077929842,-0.411000844333717,-2.025529405148249
7,400.0,-0.2773608546810069,-0.19756779132546096,3.521912757807781,1.951880866724298,-0.5685705374719883,-0.334537946335754,0.6223272069216655,-0.5245573885594825,-0.9552385148503781,-0.2373805787336429,,,0.17556563407103393,100,0.5624724354309014,1.016859128369107,1.8952222723326426,1.743852295816978,0.9250580359129433,0.9135822333889612,0.09421653210206968,-1.1417246957692444,2.147365351447614,-0.6434092612941785,2.3615258118544356,1.221027205211161,1.26041438965051,4.165957482088199,0.10421819784430733,-0.9552385148503781,-0.24444454637387888,-1.991347248175877
7,410.0,-0.3275600990925117,-0.1939621954235016,3.525690311127614,1.7947916894257325,-0.5644218066619001,-0.31470626505949967,0.5033151460397695,-0.5256149632104931,-0.9307363521090087,-0.23810613638330208,,,0.23281849875330754,139,1.1947922475344077,1.7558219755760118,1.879149492685309,0.19859283150858112,0.9621539705589852,0.9514900820661214,-0.2825135435522706,-1.26933936290118,2.3102932774144156,-1.8834043299067484,3.128575892710023,1.221027205211161,1.5866517653228096,3.6754637248727575,0.3806527454548787,-0.9307363521090087,-0.9947722611921295,-1.9070563376530187
7,420.0,-0.3786041744992026,-0.20823594989443073,3.5454962616373065,1.8544414976895744,-0.5724818149060491,-0.31575342739050055,0.3239979451928594,-0.5482261289182434,-0.9117876861616293,-0.23867979805636413,,,0.29183309198372165,114,0.21423833601157918,0.6080246537309671,1.8447078220124522,2.9550016056803163,0.705335961471002,0.6932428629529659,-0.1569368516674905,-1.4645147361617847,2.510819955527404,-0.2798504977219046,2.8513288755333037,1.3278728736231726,1.5866517653228096,3.446641879120044,0.5952572879091098,-0.9117876861616293,0.0251331569523477,-2.2968657324946684
7,430.0,-0.42674026745426946,-0.23451287495875403,3.5080457900090134,1.7673469327098996,-0.5576275862910762,-0.292790116361529,0.32177108673821253,-0.5292267818409229,-0.8881690849003129,-0.23952920172641187,,,0.34823801323764025,131,1.291014827637115,1.8689619973007376,1.8808715762189518,0.07330152359168393,0.8251843657120609,0.8140741306114146,-0.1569368516674905,-1.3218865787790344,2.3228261947964786,-1.8509437260163688,2.8605704427725276,1.3278728736231726,1.5866517653228096,2.9591692455857297,0.7168433627152061,-0.8881690849003129,-1.2401196306588285,-2.140597838594575
7,440.0,-0.47762785856066614,-0.24151544546760229,3.572508228209459,2.0297342292541987,-0.5659599647732919,-0.2950719304263502,0.2280387493708391,-0.5450376206586615,-0.873474296130251,-0.2403655710475601,,,0.4086775875033687,86,1.135225888423208,1.6896869870316071,1.8871858825089758,0.6162305245649041,0.9050833018727668,0.8969975495927031,0.03142818615967963,-1.1267112055184294,1.9343057559525647,-1.5523061702248588,2.075037227438493,1.4347185420351851,1.5866517653228096,2.883583235617418,0.875430167689412,-0.873474296130251,-0.9990275919112259,-2.0142059153729295
8,0.0,0.8280254967044495,0.9911842065187354,-0.49048190550640386,-0.337665907394465,0.16596484605952866,-0.11827698361217792,-0.25651927265725494,0.08465560749016364,0.02698283903230299,-0.21595091866313804,,,-0.9155597467697442,103,-1.3940533599908165,-1.4416134209923273,-1.247580176565559,0.9085769097043299,-1.2464809075976708,-1.247165141209184,-0.7848203110913909,0.5698131928237541,0.3802240005769148,0.8173179137729876,-0.19838831341059765,-2.73226252603328,-1.349484615727887,-0.48814070063977777,-0.21466943238208458,0.02698283903230299,0.7715835692338199,0.34280988973214627
8,10.0,0.7475453404239097,0.9722303924255834,-0.5140064610070882,-0.337665907394465,0.17847976580252556,-0.12885072168602474,-0.27181827887274346,0.09091309613164077,0.05853537473033298,-0.21939206058533928,,,-0.8456850631700108,103,-1.2199363102811553,-1.272723243635128,-1.0116547324564886,1.2009232948437576,-1.0638547678017716,-1.0647336194503494,-1.0987620408033412,-0.24091528072029716,0.9066065306235066,0.9406682085564403,0.041892434809226296,-1.1295774998531014,-1.349484615727887,-0.5044282710457818,-0.25276308341480613,0.05853537473033298,0.6960798145207645,-0.1331917895952469
8,20.0,0.6643347811803342,0.9502179174190589,-0.5126038351359729,-0.337665907394465,0.1734241826293228,-0.1426679465937887,-0.2846237160417121,0.08155290835981134,0.06919103249839643,-0.22265909671693382,,,-0.7720364814603782,105,-1.0366552053236175,-1.0912619527529588,-1.0346158462383934,0.03153775428605153,-1.080975968407637,-1.0789490627042846,-0.09414850572510046,0.02932754379438658,0.5556848439257775,0.018787058069605417,0.18975751063680785,-1.0227318314410894,-1.349484615727887,-0.5140525009387922,-0.2831779723176854,0.06919103249839643,-0.1135410911158411,-0.09123720353116595
8,30.0,0.5713626081715675,0.9216245261996882,-0.5113006029743001,-0.337665907394465,0.14610231663483222,-0.17097859312210767,-0.3029507689016442,0.04867056514605298,0.050815582470369755,-0.22468639782179953,,,-0.6880084704870403,113,-1.613990685939862,-1.6618811927559238,-1.6419373057697717,-0.8872651704378602,-1.4576423817366793,-1.4580275494758888,1.1616184131227003,0.5698131928237541,-0.09602685994142948,0.9666366916687449,-1.3258595165959175,-1.0227318314410894,-1.349484615727887,-0.5231976459975216,-0.33363364310255395,0.050815582470369755,1.0912563888114635,3.0410743682254995
8,40.0,0.4635060432962408,0.831981206564532,-0.5076285837259255,-0.337665907394465,0.052931238777061476,-0.20316399290461942,-0.32030788040395886,-0.041087356969325146,0.005116456311403508,-0.2259428436523814,,,-0.5881482099938292,113,-0.8212999069985102,-0.8830187243610722,-0.9008673584587986,-0.4278637080759048,-1.0124911659841749,-1.0126103275192537,-0.2825135435522706,-0.9615628127594545,0.7938102741849505,-0.42267715483958235,0.2821731830290486,-0.9158861630290772,-1.349484615727887,-0.515790761342078,-0.33884761382903933,0.005116456311403508,-0.5359674903224377,-0.4770096941978921
8,50.0,0.3609105553182607,0.6981455914379369,-0.5292151388168946,-0.337665907394465,-0.0736394127469708,-0.22598191291565964,-0.33882015968337725,-0.15658136783966892,0.004915877975930876,-0.2276941751995801,,,-0.4906982138468354,112,-0.5280501390664495,-0.5922434028269941,-0.7814695667928943,-1.0960840169660222,-1.0239052997214186,-1.0197180491462212,-0.7220319651490009,-2.1401217974484954,1.4079232259059746,-1.5782746533371634,0.8459087846217085,-0.9158861630290772,-1.0232472400555874,-0.4973632970727061,-0.26880936245247306,0.004915877975930876,-1.2348392741912557,-1.1064424556296493
8,60.0,0.27360695664685764,0.6272717394728116,-0.5275174891070993,-0.337665907394465,-0.16944026399315235,-0.2467629060696099,-0.3514563493753326,-0.2448875448060068,-0.024353391405454373,-0.22905962006272712,,,-0.40581367690249276,119,-0.399753365596173,-0.46434598696426055,-0.6115573248067998,-0.8037376318265954,-0.7356984228560152,-0.735409184067518,0.09421653210206968,-1.149231440894652,0.86900777847732,-0.922570454751459,0.5224539312488709,-0.8090404946170657,-1.0232472400555874,-0.4743933963500721,-0.20802377977068834,-0.024353391405454373,-0.7791444716476444,-0.5486547639487824
8,70.0,0.19181161142100975,0.5914927789381719,-0.5300173547384582,-0.337665907394465,-0.2359914361696681,-0.264261172491158,-0.3538939577480643,-0.3065643604034293,-0.10724369209728737,-0.23039455213130744,,,-0.3245941553138647,122,-0.358515116980727,-0.42991206730890913,-0.5914663502476332,-0.7202100932153307,-0.7043095550785952,-0.6998705759326801,0.1570048780444597,-1.4269810105347454,1.0570015392082457,-0.9420468170856864,0.7257684105117965,-0.8090404946170657,-1.0232472400555874,-0.43996018745479604,-0.16681551023493432,-0.10724369209728737,-0.7744100663771852,-0.5015595989805987
8,80.0,0.10792553466699983,0.5234291497163227,-0.53049576416629,-0.337665907394465,-0.33775116891719764,-0.28000861377006525,-0.36443964299072873,-0.3982985275735401,-0.13289506584213165,-0.2315383839191681,,,-0.23954523370533815,122,-0.3539330893567885,-0.4195272343969777,-0.531767454414681,-0.761973862520963,-0.6700671538668639,-0.6714396894248097,0.21979322398684975,-1.2543258726503628,1.0194027870620608,-1.0459207495349072,0.6703190070764541,-0.7021948262050537,-1.0232472400555874,-0.37956528851894344,0.005701635735394925,-0.13289506584213165,-0.7155040584593672,-0.607609869491674
8,90.0,0.027442233255310318,0.4466159603429716,-0.5244936623181368,-0.337665907394465,-0.4087454109980344,-0.29173500061610286,-0.36952050648055407,-0.4623142877315024,-0.17304779471369403,-0.23281879592253943,,,-0.1562245806429536,123,-0.2118902330146965,-0.28343126623535114,-0.4249982753288243,-0.6366825546040668,-0.6129964851806454,-0.6098394353244242,0.03142818615967963,-1.2017786567725084,1.1321990435006168,-1.110841957315671,0.7997009484255881,-0.5953491577930417,-0.6970098643832878,-0.3019517173356445,0.19938891773541415,-0.17304779471369403,-0.8476695499676117,-0.7959115801576812
8,100.0,-0.049580911071220604,0.38443657462381514,-0.5135364510774404,-0.337665907394465,-0.4460611805831003,-0.30369753758469653,-0.37121333901573045,-0.4975427741855137,-0.23902217319409252,-0.2339163848283194,,,-0.07485779394011428,126,-0.41349944846798825,-0.474730819876192,-0.44910744479982434,-0.4696274773815372,-0.6472388863923766,-0.6430088029169396,0.1570048780444597,-1.0216167737627186,1.0319357044441235,-0.812204401524161,0.8181840829040373,-0.5953491577930417,-0.6970098643832878,-0.23363351471721025,0.2954804685082414,-0.23902217319409252,-0.5467636362442172,-0.8380130468692563
8,110.0,-0.1260944583379017,0.32968255230239574,-0.5189456833210857,-0.337665907394465,-0.4568714280886375,-0.313572905161264,-0.3786005172176373,-0.5101840434084162,-0.25913813621932236,-0.23499334786479567,,,0.007595709542712032,126,0.0813595349173642,0.006250914992207956,-0.133392130298635,-0.4696274773815372,-0.3847138104357714,-0.38239234326146165,-0.21972519760988055,-1.0966842250167974,1.1823307130288625,-0.9809995417541456,0.7812178139471406,-0.48850348938102967,-0.6970098643832878,-0.229971782218493,0.26953897824180584,-0.25913813621932236,-0.8751422218315231,-0.9749072394782089
8,120.0,-0.20679200184698474,0.21940923686133548,-0.5315758449370299,-0.337665907394465,-0.4448401787186925,-0.3219784014802185,-0.38954331116304813,-0.5033382349272391,-0.2471495929942209,-0.23619964449485803,,,0.09636735823311311,125,-0.27603861974983473,-0.34136770248086284,-0.4531256397116577,-0.4278637080759048,-0.6301176857865111,-0.626424119120682,-0.3453018894946606,-1.08917747989139,1.2825940520853576,-0.8901098508610771,0.864391919100156,-0.48850348938102967,-0.6970098643832878,-0.2898296492153585,0.11926112757737206,-0.2471495929942209,-0.7775285633420618,-0.7565708042503951
8,130.0,-0.28522433193530045,0.0957237874335627,-0.522192502968652,-0.337665907394465,-0.4049724562641435,-0.3285510560448127,-0.3994544999913876,-0.4722690184171315,-0.2254892927398074,-0.2373805787336429,,,0.1844832520506448,126,-0.07442940429654303,-0.14569558761394585,-0.2837874255701106,-0.4696274773815372,-0.47031981346509916,-0.4676850027850725,0.2825815699292398,-1.0816707347659826,1.2073965477929864,-0.9680153001979933,0.8921166208178288,-0.3816578209690177,-0.6970098643832878,-0.3829050090626962,-0.12120006150120247,-0.2254892927398074,-0.7920242362237285,-0.7752941186455121
8,140.0,-0.3569858692323499,0.022286482280883254,-0.5029724444280536,-0.337665907394465,-0.3664806491508508,-0.3333633162769876,-0.40688555767990464,-0.4416472063523596,-0.20522464729065718,-0.23853694212702603,,,0.266739785756664,130,-0.18898009489500425,-0.2615684601049693,-0.24130936507358705,0.03153775428605153,-0.41895621164750263,-0.41556171085397686,0.09421653210206968,-0.8940021066307853,1.1071332087364931,-0.5655038119572624,0.9290828897747239,-0.3816578209690177,-0.3707724887109882,-0.4454640564776284,-0.2854016206287555,-0.20522464729065718,-0.46996558020278145,-0.7403500303856398
8,150.0,-0.42751743242592516,-0.06327995123950642,-0.49128328964120027,-0.337665907394465,-0.3251671178301141,-0.33614551978192686,-0.4128780480654299,-0.4079252370422004,-0.17596295042507404,-0.23952920172641187,,,0.34915475225061143,132.5,-0.2531284816301425,-0.3244240277298169,-0.18046241355153975,0.36564790873110975,-0.3847138104357714,-0.38239234326146165,-0.5336669273218307,-0.466117634482534,1.2700611347032948,-0.2668662561657523,0.7904593811863644,-0.27481215255700614,-0.3707724887109882,-0.49325755913774555,-0.4055691900221265,-0.17596295042507404,-0.26605726488017006,-0.8252940357070531
8,160.0,-0.4892910368187751,-0.10863019061334643,-0.4788269805234251,-0.337665907394465,-0.30208709408143,-0.33765286102021375,-0.4151119630291336,-0.3889766770680997,-0.16858779692603618,-0.2403655710475601,,,0.422649159387752,137.5,-0.1065035976641123,-0.17739665650299938,-0.18562866415246823,0.2403566008142135,-0.43037034538474606,-0.4250386730232671,-0.1569368516674905,-0.8940021066307853,1.3327257216136035,-0.6044565366257193,1.1878467724729938,-0.2213893183509999,-0.3707724887109882,-0.5127450329138835,-0.46105161261203004,-0.16858779692603618,-0.6537067753394036,-0.9626469332297188
8,170.0,-0.5464618095713131,-0.13928231259176635,-0.47183553188182026,-0.337665907394465,-0.2764888716887359,-0.33668576918259946,-0.41197499592537284,-0.3667184294715744,-0.18964094122487768,-0.24132525799922355,,,0.49178851501270543,139,0.13634386640462573,0.062001070624681735,-0.0071060044981594754,-0.21904486154774283,-0.19067353690262862,-0.18337613770636926,0.65931164558358,-0.8414548907529287,1.1447319608826778,-0.7213147106310924,0.6795605743156778,-0.16796648414499413,-0.3707724887109882,-0.519749028969185,-0.49889698584499115,-0.18964094122487768,-0.5995303357807611,-0.7421341531105777
8,180.0,-0.6017922180535265,-0.18619561060300718,-0.4647663047078159,-0.337665907394465,-0.26654949593171706,-0.33588884589752355,-0.4056820149884233,-0.35751694667852274,-0.23772256773232112,-0.24213439565561465,,,0.5597534526815398,139,-0.16606995677531203,-0.2342399524419919,-0.1023946266930638,-0.21904486154774283,-0.4646127465964773,-0.4582080406157823,0.2825815699292398,-1.0966842250167974,1.382857391141851,-1.0459207495349072,1.0584648311238596,-0.06112081573298211,-0.044535113038688574,-0.5113959677908713,-0.5103819744624208,-0.23772256773232112,-0.6202192340860602,-1.3292276449064124
8,190.0,-0.6579036905183201,-0.23357460521996876,-0.4553037166701225,-0.337665907394465,-0.274435823431403,-0.3339567783759878,-0.38436913352130736,-0.36181129819039054,-0.3674790273378733,-0.2430630879167929,,,0.6297588934261454,141,0.09052359016524122,0.016089177750879657,-0.06106462188563536,-0.051989784325213256,-0.2420371387202252,-0.24023791072211004,0.4081582618140199,-0.8264414005021138,1.2324623825571102,-0.5655038119572624,0.9105997552962763,-0.06112081573298211,-0.044535113038688574,-0.46126353179590746,-0.48922359930199705,-0.3674790273378733,-0.6193462746502573,-0.7378364007415746
8,200.0,-0.7139347584276287,-0.3074231779283652,-0.44120114454904397,-0.337665907394465,-0.30637333895413854,-0.33415001663169697,-0.36054805408716467,-0.38689725716326284,-0.4798665192679832,-0.24371657555213178,,,0.7007761536239726,141,0.026375203430102998,-0.04840610033374685,0.0807202557176259,-0.051989784325213256,-0.14787053538796474,-0.14309904848688623,0.4709466077564099,-0.6537862626177313,1.1697977956468015,-0.630425019738024,0.8828750535786035,0.045724852679029426,-0.044535113038688574,-0.38281639869115675,-0.4393881216537126,-0.4798665192679832,-0.3234731175835854,-0.8707470216640024
8,210.0,-0.7654775546991317,-0.35086343884547605,-0.43295718700571934,-0.337665907394465,-0.33196855345566517,-0.334204960913977,-0.3329803038505125,-0.4062412716388565,-0.5692825711186151,-0.2446179710069902,,,0.767109024668661,144,0.2234023912594562,0.14562630407339192,0.03422400030926896,-0.17728109224211044,-0.22776947154867055,-0.22602246746817467,0.21979322398684975,-1.08917747989139,1.520719482344529,-0.9809995417541456,1.0954311000807546,0.045724852679029426,-0.044535113038688574,-0.289394019416187,-0.3942994395785452,-0.5692825711186151,-0.8010964277671623,-0.9785912874706365
8,220.0,-0.8234450606475704,-0.41929767083485503,-0.42039587740371653,-0.337665907394465,-0.3846115538705068,-0.33774454033345075,-0.28769352737876686,-0.4479959524395702,-0.6794885582567869,-0.24550399550539337,,,0.8428874344432128,142,0.677023126029363,0.588894698366883,0.5026307214601243,-0.5949187852984343,0.1745787426891697,0.1814869058113001,-0.3453018894946606,-1.4720214812871921,1.6585815735472087,-1.5847667741152407,1.3264702810613531,0.1525705210910419,-0.044535113038688574,-0.08055310711630657,-0.3047021301417247,-0.6794885582567869,-0.7603414289158488,-1.0782889011182877
8,230.0,-0.879807773423026,-0.5075274675534241,-0.4194618653670682,-0.337665907394465,-0.4378154937084108,-0.34085671987980204,-0.2450197168502561,-0.49032913758591107,-0.7469060267871785,-0.24625150691468167,,,0.9177918313256749,142,0.576218518302717,0.493791491699722,0.3614198717014104,-0.3025724001590076,0.0604374053167327,0.06302487869517372,0.7848883374683602,-0.9015088517561927,1.2575282173212339,-1.0589049910910595,1.0030154276885155,0.1525705210910419,0.28170226263361103,0.2064167525126993,-0.17120444085614314,-0.7469060267871785,-0.8121905664682743,-1.0328962517448839
8,240.0,-0.9310715061906528,-0.5842915444592206,-0.40346986234480997,-0.337665907394465,-0.47762959961982293,-0.34807021937188753,-0.20040214341148402,-0.522316313721825,-0.8079248463571505,-0.24698824983665674,,,0.9869931068001262,146,0.35628119235367117,0.2784428513154616,0.3281262567176487,0.19859283150858112,-0.13360286821641013,-0.13125284577527357,0.03142818615967963,-1.2017786567725084,1.758844912603702,-1.1238261988718232,1.6684082689126398,0.25941618950305345,0.28170226263361103,0.5696882438639514,-0.09156755195194657,-0.8079248463571505,-0.8327322184041485,-1.4734332833804469
8,250.0,-0.9779316111328417,-0.640419111522674,-0.3917573160420657,-0.337665907394465,-0.500195715371692,-0.3546527889708402,-0.13951061046755892,-0.5380898941986605,-0.859345291558337,-0.24771445530009095,,,1.0511647161795816,150,0.6220387945421014,0.5364239636539666,0.4245629346016484,-0.21904486154774283,0.11180100713432968,0.11988665171091417,0.7848883374683602,-1.0966842250167974,1.508186564962468,-1.00696802486645,1.1693636379945462,0.25941618950305345,0.28170226263361103,0.9871191016421738,-0.08461224977706124,-0.859345291558337,-0.7882240132513483,-1.05293948691267
8,260.0,-1.023216281823197,-0.7076229222302777,-0.39225103506820874,-0.337665907394465,-0.5194397628988419,-0.3637847954660179,-0.09733207228759944,-0.5533929742095758,-0.8953311728152962,-0.24843034777198295,,,1.1140267411143006,150,0.6495309602857319,0.5621127608571651,0.5772543412513145,0.11506529289731632,0.25162414541556477,0.2549333626232983,0.4709466077564099,-0.9015088517561927,1.4956536475804052,-0.8057122807460859,1.2432961759083379,0.36626185791506594,0.28170226263361103,1.3924785677830231,-0.12089897860360672,-0.8953311728152962,-0.6052783538849292,-1.0591971775321363
8,270.0,-1.0703284449745119,-0.8303637485402974,-0.3819072953540591,-0.337665907394465,-0.5418187339801902,-0.37416081721674166,-0.05008642324504147,-0.5712747028830949,-0.9279163606529899,-0.22480123197526347,,,1.1803284990179488,148,0.9336166729699159,0.8479689510119075,0.6771351862025995,-0.3025724001590076,0.23735647824401013,0.24308715991168567,0.4081582618140199,-1.1867651665216914,1.7087132430754544,-1.3575425468825695,1.4650937896497125,0.4731075263270775,0.6079396383059107,1.9809259625890587,-0.16920029734424766,-0.9279163606529899,-0.9854416999157326,-1.3147767254504068
8,280.0,-1.1144355605556282,-0.9336360692593613,-0.37436909278992525,-0.337665907394465,-0.554813157161539,-0.3830961325303265,-0.006896246570306283,-0.5811336983749824,-0.9513208625205837,-0.1721399840523906,,,1.2432528669492178,162,1.0160931702008078,0.9212093515486863,0.945780217450884,0.11506529289731632,0.5569522228868338,0.5605653925829045,0.5337349536988,-0.9765763030102717,1.6084499040189613,-0.9809995417541456,1.446610655171265,0.4731075263270775,0.6079396383059107,2.495999041712249,-0.26712457461966493,-0.9513208625205837,-0.625285039374587,-1.1419563674549245
8,290.0,-1.1549959059853379,-1.0088750494385996,-0.36709280267707844,-0.337665907394465,-0.5625418312667392,-0.39136969882625233,0.03383655303004866,-0.5865488681135382,-0.9696898278109267,-0.16948760544790195,,,1.3018587452418895,153,0.9061245072262855,0.8129884612032966,0.8126057575158374,0.2821203701198459,0.4599320861202622,0.46105728980535826,0.4081582618140199,-0.541185085736613,1.3577915563777272,-0.7992201599680087,1.4096443862143684,0.579953194739089,0.6079396383059107,2.9350321099546868,-0.3997262617317619,-0.9696898278109267,-0.6268795966669772,-1.0840319898533832
8,300.0,-1.1940327192331348,-1.0836224043289473,-0.36596226586068703,-0.337665907394465,-0.5701084464561195,-0.39914291666481516,0.06211715185278759,-0.5927575318460342,-0.9838904311149482,-0.07702936111694095,,,1.3589467401363,155,1.226866440901977,1.1278128694807945,1.1409496845970741,0.19859283150858112,0.773820763894464,0.7832740035612221,0.65931164558358,-0.5561985759874299,1.3076598868494795,-0.7602674352995517,1.1693636379945462,0.579953194739089,0.6079396383059107,3.362025725780967,-0.5305837699376044,-0.9838904311149482,-0.5813139710498818,-1.0650668040788949
8,310.0,-1.2283550050713488,-1.1387587434784863,-0.3544435794125476,-0.337665907394465,-0.5708338989224667,-0.4057316799918676,0.0860812177395002,-0.593196615372578,-0.9948553392069036,-0.030161365369114887,,,1.4097036352909642,160,1.208538330406223,1.1146951858025653,1.1030638468569312,0.19859283150858112,0.6482652927847835,0.6553350142758055,0.5337349536988,-0.6612930077431388,1.4079232259059746,-0.8641413677487725,1.3172287138221292,0.6867988631511015,0.6079396383059107,3.5541550094070353,-0.6766152314755309,-0.9948553392069036,-0.7300159696279971,-1.252830676513261
8,320.0,-1.2605511012079373,-1.1932255906818394,-0.35845385237769667,-0.337665907394465,-0.5741024623635149,-0.4104931509260267,0.09271787400030944,-0.596763152387317,-1.001868316864584,0.1587280927446581,,,1.4578033287707355,160,1.391819435363761,1.28959763484562,1.24312664092655,0.03153775428605153,0.8879621012669009,0.8922590685080583,0.9104650293531402,-0.511158105234981,1.1823307130288625,-0.7862359184118562,1.2063299069514428,0.6867988631511015,0.9341770139782103,3.7593868807138433,-0.7718199070450862,-1.001868316864584,-0.6196264075447734,-1.0270328695081306
8,330.0,-1.2899978205250084,-1.2323313878508295,-0.35528486958720934,-0.337665907394465,-0.5736383644865953,-0.4139515598699264,0.09926641540130902,-0.5967974653706553,-1.0069103739683478,0.34208691731185314,,,1.5022145123499588,173,1.3276710486286223,1.2300214881403295,1.1541523250216692,0.11506529289731632,0.7681136970258424,0.773797041391932,1.1616184131227003,-0.5486918308620204,1.3201928042315423,-0.7602674352995517,1.1323973690376512,0.7936445315631131,0.9341770139782103,3.810391854177657,-0.8525400849867375,-1.0069103739683478,-0.7043597015493117,-1.1019203401809978
8,340.0,-1.3169633774621183,-1.2503040885592351,-0.34832518121653566,-0.337665907394465,-0.5698823819214732,-0.4164532544974692,0.11157621353176973,-0.5932680349942425,-1.0106415485861395,0.35866934122435357,,,1.5432395595520951,166,1.2360304961498534,1.1387442725459855,1.0491052294694554,0.11506529289731632,0.7338712958141113,0.7406276737994164,0.7848883374683602,-0.526171595485798,1.2073965477929864,-0.8251886430803133,1.1508805035160987,0.7936445315631131,0.9341770139782103,3.742961403572015,-0.9182330663135448,-1.0106415485861395,-0.6458660608086987,-0.9688635943427265
9,0.0,1.73170183379318,1.7875753821521312,-0.20194168043893806,-0.337665907394465,-0.067406137859703,0.7888569986096838,0.5533332420351871,0.2170960684516496,-0.060635504844887375,-0.20467666603346182,,,-1.618825135912029,94,-1.7193773212904464,-1.7061533751699471,-1.5736279922686054,0.2403566008142135,-1.3691828452730406,-1.3585194466983428,-0.973185348918561,0.4797322513188602,-0.6850739768983298,1.1419239526768021,-1.030129364940751,-3.800719210153399,-1.349484615727887,0.13660687173902308,1.9377326658993252,-0.060635504844887375,2.0512442960029498,2.883086050202783
9,10.0,1.6107723494453516,1.8800453609951122,-0.25119401026589955,-0.337665907394465,-0.07753470567256067,0.7139496708531873,0.478140888145107,0.1805082564709825,-0.05065489007871054,-0.20917968113402824,,,-1.5325732642854337,90,-1.4398736362302011,-1.4115520625630524,-1.224045034939107,1.2009232948437576,-1.1894102389114523,-1.1784571654818308,-0.5964552732642208,0.7950155465859909,-0.7978702333368858,1.096479107230268,-0.6604666753717947,-1.1295774998531014,-1.349484615727887,0.10873326055287112,1.8690115816900874,-0.05065489007871054,0.8707622841844614,0.5494623443154484
9,20.0,1.4689197962267142,1.9177141401289017,-0.2518443304361092,-0.337665907394465,-0.10301002930341006,0.5606654428357782,0.3480692008359518,0.1036638226207356,-0.05254167971839587,-0.2112157331555119,,,-1.4285182576745477,95,-1.4490376914780778,-1.4126452028695713,-1.224045034939107,0.9503406790099633,-1.1437537039624774,-1.1310723546353803,-0.7220319651490009,0.7800020563351759,-0.44694854663915856,1.213337281235641,-0.6235004064148981,-1.0227318314410894,-1.349484615727887,0.06774059244954082,1.7158001107653935,-0.05254167971839587,1.0900258690329305,0.8596518733946255
9,30.0,1.3489209500810802,2.016791546344607,-0.2616672295701136,-0.337665907394465,-0.15287069803527148,0.4213656913916563,0.23753805065878364,0.011839989489834725,-0.06489796987456918,-0.2129762509431658,,,-1.3379642770240037,106,-1.3024128075120476,-1.2585124196503796,-1.077093906734917,0.7832856017874337,-1.0638547678017716,-1.045779695111769,-1.0987620408033412,0.5397862123221242,-0.647475224752145,0.8627627592195217,-0.4386690616304199,-1.0227318314410894,-1.349484615727887,0.0541741496501338,1.6315329991929237,-0.06489796987456918,0.6287572477050246,0.28070223864068217
9,40.0,1.2272632723381056,2.062671800750042,-0.28242581308866616,-0.337665907394465,-0.1978383798077183,0.300198708295504,0.13159706908554983,-0.07023135889010432,-0.06448572738329648,-0.2149036423201609,,,-1.2436907414554994,107,-0.9816708738363561,-0.9152663634033852,-0.841742490470394,0.19859283150858112,-0.7385519562903261,-0.7188245002712603,-0.3453018894946606,0.764988566084361,-1.0485285809781197,0.7588888267703032,-0.7713654822424814,-0.9158861630290772,-1.349484615727887,0.03018746111905407,1.5475211342465078,-0.06448572738329648,0.40338310936395505,0.5819791561963029
9,50.0,1.1034182367986387,2.0786830844125914,-0.28599694331252895,-0.337665907394465,-0.23242656657142002,0.18577065650783853,0.038791706133716096,-0.14043126993740251,-0.07681536465241369,-0.21657144213078516,,,-1.1450648830176984,106,-0.9999989843321098,-0.9404085904533244,-0.9576961150690128,-0.3025724001590076,-1.0010770322469313,-0.9841794410113834,-1.0987620408033412,-0.5862255564890598,-0.0709610251773075,-0.2668662561657523,-0.23535458236749263,-0.9158861630290772,-1.0232472400555874,0.0011105817367598881,1.4112662536897755,-0.07681536465241369,-0.33614655428727414,-0.10431856144579178
9,60.0,0.9820867886715863,2.00348627319318,-0.347402560571109,-0.337665907394465,-0.22339142279630594,0.08015754441463452,-0.05918583064965535,-0.17154949089049182,-0.06672201109225129,-0.21839864499789527,,,-1.045731767296579,106,-1.1282957578023864,-1.0726785675421344,-1.0920186306931552,-0.7202100932153307,-1.235066773860427,-1.2211034952436362,-1.0987620408033412,-1.0966842250167974,-0.0709610251773075,-0.8771256093049248,-0.29080398580283673,-0.8090404946170657,-1.0232472400555874,-0.09480115513188818,1.098401310804919,-0.06672201109225129,-0.7121374658898734,-0.6489867195339434
9,70.0,0.8302005860227455,1.8289779051282649,-0.4038837410552421,-0.337665907394465,-0.16159762244476542,-0.05611919493522898,-0.16637929698199283,-0.167523150362422,-0.10067475276816053,-0.21839864499789527,,,-0.9174300434717205,104,-0.715913271647926,-0.6299567434019027,-0.8796283282105368,-1.2213753248829193,-0.9440063635607128,-0.9225791869109978,-0.7220319651490009,-1.2918595982774024,-0.0709610251773075,-0.9030940924172294,0.041892434809226296,-0.8090404946170657,-1.0232472400555874,-0.25028766964138316,0.48825258580878605,-0.10067475276816053,-0.9534651831462927,-0.23828656653072783
9,80.0,0.7249052792461729,1.7918975516469051,-0.41210499270879575,-0.337665907394465,-0.07538934159637482,-0.10340876998079356,-0.2200693188079369,-0.11262197348900811,-0.06504928193833771,-0.2215250699098558,,,-0.8257896385702864,105,-0.807553824126695,-0.7348982128277355,-0.841742490470394,-0.8872651704378602,-0.9040568954803598,-0.8894098193184823,-1.2243387326881212,-0.9315358322578247,-0.09602685994142948,-0.6174407781818716,-0.14293890997525352,-0.7021948262050537,-1.0232472400555874,-0.36299055571958255,0.15028929752580544,-0.06504928193833771,-0.6069913293199503,-0.23729282127993515
9,90.0,0.6250925287661425,1.7582518400789622,-0.42591431693399195,-0.337665907394465,0.027402823927141346,-0.1561299215013236,-0.2824459322178395,-0.04596526556090041,0.0068208242112866024,-0.22377305220903831,,,-0.7367966226797499,107,-0.5509602771861417,-0.4583337152784055,-0.723492754493585,-0.9707927090491251,-0.8184508924510321,-0.7993786787102264,-0.7220319651490009,-1.3218865787790344,0.10449981817155703,-0.7862359184118562,0.3561057209428402,-0.5953491577930417,-0.6970098643832878,-0.47098861085150634,-0.16658554289581398,0.0068208242112866024,-0.9872179023457145,-0.4129997903668793
9,100.0,0.5221276302950721,1.700519684753435,-0.4035391614121446,-0.337665907394465,0.16919308338479228,-0.21071826033682636,-0.3339919699339769,0.05416423106781438,0.051586813380030155,-0.22540750211050126,,,-0.6427462327681851,111,-0.6196906915452185,-0.529934405355406,-0.6724042763288471,-0.7202100932153307,-0.6843348210384186,-0.6643319677978422,-0.5336669273218307,-0.5186648503603906,-0.3466852075826635,-0.46162987950804163,-0.03204010310456531,-0.5953491577930417,-0.6970098643832878,-0.5553739112808964,-0.46119515257277494,0.051586813380030155,-0.5153665502413873,-0.051551025254978323
9,110.0,0.4175456664179784,1.5804741820793393,-0.38669195993147853,-0.337665907394465,0.3629331026929834,-0.2587202548204222,-0.3771637295286058,0.20096618099811348,0.10237524931637074,-0.2268248091927889,,,-0.5447951304948536,112,-0.532632166690388,-0.4430297509871382,-0.561616902331157,-0.553155015992802,-0.5445116827571831,-0.5245467758008133,-0.7220319651490009,-0.2559287709711142,-0.4970802161674043,-0.2668662561657523,-0.1799051789321485,-0.48850348938102967,-0.6970098643832878,-0.6181770523973361,-0.6920002645666036,0.10237524931637074,-0.3727107674153637,0.03359564873348206
9,120.0,0.319727045490879,1.464779550462887,-0.40089615570141707,-0.337665907394465,0.5936434485674611,-0.3012794858198705,-0.41051354105851534,0.3815330978472725,0.12419087566855992,-0.2276941751995801,,,-0.4508843281198119,115,-0.633436774417034,-0.5457849397999328,-0.6121313526513473,-0.4696274773815372,-0.6871883544727295,-0.6619627272555199,-1.0987620408033412,-0.27094226122192916,-0.37175104234678724,-0.3317874639465162,0.041892434809226296,-0.48850348938102967,-0.6970098643832878,-0.6583279414428116,-0.8544052959647574,0.12419087566855992,-0.4866692316645752,-0.3397240904354341
9,130.0,0.08649946173899108,0.936090058177564,-0.3982971027242425,-0.337665907394465,0.6829267311048303,-0.361497270222088,-0.45809547416029606,0.43585711148227857,0.22403078694204212,-0.2201759393241759,,,-0.21753069711344536,116,-0.5097220285706957,-0.41406153286438235,-0.596632600848562,-0.9290289397434927,-0.6187035520492674,-0.5979932326128116,0.03142818615967963,-0.7063334784955879,-0.0709610251773075,-0.630425019738024,0.03265086757000091,-0.3816578209690177,-0.6970098643832878,-0.6925235486723069,-0.9893912743618711,0.22403078694204212,-0.6075696849570567,-0.11857295830964318
9,140.0,0.0040260447448231705,0.8266366961988301,-0.40924249432751947,-0.337665907394465,0.8037488996703243,-0.3658785098429238,-0.4657850569654816,0.5364047242833355,0.3929371168452068,-0.22265909671693382,,,-0.13165859251815323,116,-0.7525694926394334,-0.6731357855094069,-0.7395655341409183,-0.553155015992802,-0.7699408240677463,-0.7496246273214534,-0.5964552732642208,-0.5937323016144694,-0.03336227303112097,-0.4875983626203462,0.10658340548379251,-0.3816578209690177,-0.3707724887109882,-0.6994457221599683,-1.0081479053431095,0.3929371168452068,-0.3962483268914082,-0.11313761004070814
9,150.0,-0.07898140878868147,0.7077127202826268,-0.4023162085520789,-0.337665907394465,0.8456884663328795,-0.3906228420501848,-0.46869491027356974,0.5646174830876781,-0.12132619832513454,-0.22486746458018922,,,-0.04336911645114157,115,-0.6105266362973417,-0.52501527397607,-0.5989287122267524,-0.4696274773815372,-0.741405489724637,-0.7235629813559054,-0.910397002976171,-0.9465493225086397,0.3300923310486673,-0.8057122807460859,0.5686617674449896,-0.27481215255700614,-0.3707724887109882,-0.7016323786961852,-1.0557397809155797,-0.12132619832513454,-0.6662908396142978,-0.6263225481704159
9,160.0,-0.12312349674009765,0.6968044544615675,-0.375075206357357,-0.337665907394465,0.9379625895041636,-0.386233056788649,-0.46908637589931995,0.6441018264413905,0.005117779633197816,-0.22922813405772755,,,0.004363284344099486,118,-0.5509602771861417,-0.4561474346653673,-0.6040949628276808,-0.6366825546040668,-0.6358247526551327,-0.6145779164090692,-0.3453018894946606,-0.5862255564890598,-0.04589519041318375,-0.7992201599680087,0.26369004855059947,-0.27481215255700614,-0.3707724887109882,-0.7029739178892126,-1.051970218754018,0.005117779633197816,-0.5594699403397296,-0.15738691206424446
9,170.0,-0.19080576188613943,0.5983194643495551,-0.3646592503328653,-0.337665907394465,0.9150656419530179,-0.38342549034513973,-0.47079631286480744,0.6253415300537968,0.14150906890661114,-0.23169998288179403,,,0.07863134343045558,121,-0.5601243324340187,-0.4654391272707795,-0.5547285681965857,-0.4696274773815372,-0.7185772222501497,-0.6998705759326801,-0.847608657033781,-1.0666572445151654,0.4554215048692843,-0.9030940924172294,0.6980437087941254,-0.16796648414499413,-0.3707724887109882,-0.7036842207996294,-1.0461344066417368,0.14150906890661114,-0.7362418184782684,-0.7130321404912374
9,180.0,-0.22396694389568517,0.6089354212977123,-0.3696059218854953,-0.337665907394465,0.9904158092871591,-0.37326060434978947,-0.47017762801720614,0.6922181023447461,0.39462826314330346,-0.23619964449485803,,,0.1155060007325463,116,-0.38600728272435747,-0.27905870500927477,-0.42614633101791966,-0.553155015992802,-0.550218749625805,-0.5292852568854581,-0.973185348918561,-1.0216167737627186,0.48048733963340806,-0.812204401524161,0.61486960364111,-0.06112081573298211,-0.044535113038688574,-0.7041680453265572,-1.0328238248683517,0.39462826314330346,-0.7195583391451884,-0.5516958431260268
9,190.0,-0.2979217461141616,0.4469807580878696,-0.35810421384925883,-0.337665907394465,0.8304227344420765,-0.3767546714826479,-0.47262752231550453,0.5553133321719627,0.41422713756997925,-0.2375264520051949,,,0.19892248294362977,121,-0.3539330893567885,-0.2511836271930379,-0.3165070127093247,-0.5113912466871696,-0.45034507942492263,-0.42266943248094435,-0.5336669273218307,-0.7213469687464028,0.2548948267562978,-0.6693777444064832,0.29141475026827235,-0.06112081573298211,-0.044535113038688574,-0.7038240543521036,-1.0297994134566546,0.41422713756997925,-0.5575431909943879,-0.5885782910339237
9,200.0,-0.37425437378957055,0.28050970554110555,-0.35240517612875155,-0.337665907394465,0.6051023932302976,-0.3791469597746779,-0.4730687846190631,0.3634942373350204,0.3651680428340318,-0.23867979805636413,,,0.2867722888648791,125,-0.22563631588651173,-0.10634253657925857,-0.09263615333575438,-0.13551732293647806,-0.25915833932609056,-0.23076094855281978,-0.2825135435522706,-0.5186648503603906,0.10449981817155703,-0.41618503406150736,0.4762460950527505,0.045724852679029426,-0.044535113038688574,-0.7010965351104625,-1.0188154390869524,0.3651680428340318,-0.43594206091079624,-0.6934309553119606
9,210.0,-0.44432246762131067,0.12267267519002581,-0.34578011121811186,-0.337665907394465,0.37070952854257727,-0.38245169171361487,-0.47359708670828204,0.16371122947432487,0.29085457917354746,-0.23980942486893905,,,0.36902549172469207,126,-0.32185889598921924,-0.21237714631161006,-0.29641603815015827,-0.38609993877027243,-0.5216834152826958,-0.4961158892929429,-0.847608657033781,-0.8714818712545607,0.5055531743975318,-0.9160783339733817,0.9475660242531714,0.045724852679029426,-0.044535113038688574,-0.6970196902783328,-1.0043328923237165,0.29085457917354746,-0.7808787081160354,-0.9147798554521063
9,220.0,-0.5124432494427512,-0.043640845992340395,-0.3415775962914674,-0.337665907394465,0.13323693822348368,-0.3866615850829217,-0.4730359288635816,-0.038849580731311555,0.13807016345232773,-0.24077896122650108,,,0.45051686952184744,129,-0.1614879291513735,-0.0456732495674487,-0.16151949468146845,-0.38609993877027243,-0.3162290080123091,-0.28999196211088296,-0.5336669273218307,-0.6387727723669164,0.3175594136666063,-0.779743797633779,0.5779033346842134,0.1525705210910419,-0.044535113038688574,-0.6891119781125224,-0.9836522142670582,0.13807016345232773,-0.6571711031439893,-0.6577004303831424
9,230.0,-0.5775352990468396,-0.23691166301705258,-0.3065991707550961,-0.337665907394465,-0.09363912920995493,-0.390098174052394,-0.4721373490525372,-0.23217231926544205,0.0018931001819798194,-0.2417313592875464,,,0.5298286857603184,130,0.13634386640462573,0.2751634303959042,0.15706595904245893,-0.21904486154774283,-0.06511806579294775,-0.03174474299772737,0.03142818615967963,-0.3460097124760081,0.15463148769980453,-0.37074018861497315,0.3561057209428402,0.1525705210910419,0.28170226263361103,-0.6745282499697851,-0.9441493656840367,0.0018931001819798194,-0.7103797041254823,-0.8430068524790053
9,240.0,-0.6348585984767583,-0.3675719280993021,-0.30303288575948967,-0.337665907394465,-0.2390116381500984,-0.3953865108728213,-0.4711423526158644,-0.3568953086442078,-0.1809545764898374,-0.2426670694963689,,,0.6008741452735494,134.5,-0.07901143192048155,0.04942995709971188,0.04972275211205444,-0.051989784325213256,-0.039436264884149676,-0.010421578116824827,-0.09414850572510046,-0.1733545745916257,0.15463148769980453,-0.2279135314972954,0.3098978847467198,0.25941618950305345,0.28170226263361103,-0.6553589627377242,-0.9155494040247929,-0.1809545764898374,-0.2947812275492524,-0.4519478183647037
9,250.0,-0.6894685940641603,-0.4874114933261976,-0.26615416336874803,-0.337665907394465,-0.3452753236978057,-0.40067412173241473,-0.469664454700483,-0.44840823763069826,-0.3623205409708238,-0.2434561546425568,,,0.669627833801178,137,-0.156905901527435,-0.0341952763489983,0.06522150391484016,0.2821203701198459,-0.07082513266156969,-0.04122170516701761,-0.5964552732642208,-0.24091528072029716,0.4554215048692843,-0.16299232371653155,0.48548766229197426,0.25941618950305345,0.28170226263361103,-0.6267129840102195,-0.889269999643495,-0.3623205409708238,-0.200097211273176,-0.594005910407946
9,260.0,-0.7451032031270746,-0.632726905915625,-0.25379481139829696,-0.337665907394465,-0.42906663516592036,-0.4054041698466401,-0.4678407338726235,-0.5206724128442047,-0.5183772627880859,-0.24319828059993165,,,0.7407718485747987,137,0.43875768958456346,0.5976398208190358,0.40504598788702956,-0.21904486154774283,0.2887200800616067,0.32364133835065173,0.03142818615967963,-0.4210771637300871,0.3300923310486673,-0.6563935028503309,0.5409370657273184,0.36626185791506594,0.28170226263361103,-0.5800515784378242,-0.8563303430346855,-0.5183772627880859,-0.5969160766167083,-0.5405762488737824
9,270.0,-0.7998493257917905,-0.8124652800089347,-0.24240596611327977,-0.337665907394465,-0.48686497131860296,-0.4094720343995069,-0.46657348202523174,-0.5707498394072522,-0.6360662116503921,-0.18041879905532354,,,0.8118894874569069,137,0.209656308387641,0.3549626727717977,0.41308237771069584,0.19859283150858112,0.23735647824401013,0.27151804641955607,-0.7220319651490009,-0.01571292695806036,0.07943398340743327,-0.03314990815500613,0.26369004855059947,0.4731075263270775,0.6079396383059107,-0.5158655782579287,-0.8256312745835886,-0.6360662116503921,-0.3214385172046696,-0.6962093345847343
9,280.0,-0.8499325482701257,-0.9965487929658815,-0.21666594920845444,-0.337665907394465,-0.5168457850960688,-0.41304701787592674,-0.4650435416789222,-0.5970710409359318,-0.7359138167340784,-0.18766311047782522,,,0.8779364040430351,139,0.26464063987490216,0.4128991090173094,0.47622544061093386,0.19859283150858112,0.38574021682817833,0.4231494411281976,-0.21972519760988055,-0.07576688796132436,0.3300923310486673,-0.08508687437961537,0.37458885542128767,0.4731075263270775,0.6079396383059107,-0.4492779613107573,-0.8305927890674708,-0.7359138167340784,-0.1692226425782673,-0.4755507916443481
9,290.0,-0.8952237623130618,-1.106139091041821,-0.21176626216768704,-0.337665907394465,-0.5296086859519962,-0.415638559043351,-0.46516129521805993,-0.6086495460858234,-0.7955792732085404,-0.08414632872698562,,,0.9384933586857794,144,0.5303982420633324,0.6954758782524945,0.8263824257849802,0.3238841394254783,0.7338712958141113,0.773797041391932,0.4709466077564099,0.171955701177137,0.05436814864330951,0.03826342040383273,0.3468641537036148,0.579953194739089,0.6079396383059107,-0.41392454506033793,-0.8608186345252811,-0.7955792732085404,-0.06592441092134105,-0.4921610388741247
9,300.0,-0.9329011774145295,-1.1434333308167424,-0.2035582625123646,-0.337665907394465,-0.5373489211728242,-0.4174907176964111,-0.4656012404662151,-0.6157838297046796,-0.8366045280863766,0.040588650591597705,,,0.9894821928618532,151,0.4937420210718247,0.6599488182906238,0.8837852102397417,0.6162305245649041,0.819477298843439,0.8638281820001875,0.2825815699292398,0.4046648000647813,-0.020829355649059987,0.34339309697342013,0.17127437615836036,0.579953194739089,0.6079396383059107,-0.3904355446037972,-0.8912389835992539,-0.8366045280863766,0.11634528566229954,-0.43104334842768655
9,310.0,-0.9654054295768769,-1.1659742345310353,-0.18466221032227212,-0.337665907394465,-0.5427576805104297,-0.41857728043297593,-0.46508152896917054,-0.6206381403947309,-0.8646634735039641,0.08918930778970609,,,1.0339243503533868,155,0.7365894851405627,0.9190230709356484,1.2000745525854786,0.7832856017874337,1.1133912425774641,1.1623524903328266,0.34536991587162985,0.4797322513188602,-0.020829355649059987,0.27847188919265625,0.3653472881820639,0.6867988631511015,0.6079396383059107,-0.3637122584564084,-0.9099121907024111,-0.8646634735039641,0.14738501573908644,-0.49002219281606746
9,320.0,-0.9968976653731195,-1.18262431323694,-0.1823780644320396,-0.337665907394465,-0.5496185259101314,-0.41894600408016586,-0.4666155802667474,-0.6266950818511479,-0.8665739317329634,0.10957497946044041,,,1.0773900788387505,157,0.5487263525590862,0.7167921142296165,0.9038761847989083,0.6162305245649041,0.7138965617739347,0.752473876511029,-0.4708785813794407,0.02932754379438658,0.4303556701051605,0.07072402429421466,0.735009977751022,0.6867988631511015,0.9341770139782103,-0.348730981126378,-0.9037656039334608,-0.8665739317329634,-0.1270310203815157,-0.7098182359192057
9,330.0,-1.0306045283847818,-1.202601421282101,-0.12586823691189747,-0.337665907394465,-0.5597740048725044,-0.4188628768379828,-0.4674336503831142,-0.6353546688355395,-0.8606768210996529,0.1937000574485068,,,1.1243629961360788,157,1.0619134464401923,1.2655485481022002,1.5163638949312155,0.7832856017874337,1.549981858027036,1.6030312312048165,0.2825815699292398,0.4046648000647813,0.07943398340743327,0.26548764763650395,0.37458885542128767,0.7936445315631131,0.9341770139782103,-0.3049406506730029,-0.8693282593005278,-0.8606768210996529,0.23648752726743785,-0.27497197895301506
9,340.0,-1.0628009046860218,-1.2131996856486533,-0.10713814185219277,-0.337665907394465,-0.5709130923256646,-0.41895179396957555,-0.4658933355945457,-0.6446943294690829,-0.8699369358414417,0.25100778743233093,,,1.1696722737155727,157,1.0527493911923154,1.25352400473049,1.4859404191701917,0.8250493710930661,1.415865786614422,1.470353760834755,-0.09414850572510046,0.4046648000647813,-0.04589519041318375,0.29794825152688587,0.41155512437818265,0.7936445315631131,0.9341770139782103,-0.20513042383036542,-0.8270518041543896,-0.8699369358414417,0.08414728189049131,-0.46599852627796307
9,350.0,-1.092566467761624,-1.220861032411182,-0.08988663405547528,-0.337665907394465,-0.5790346828945092,-0.41857904121822265,-0.46591963146952,-0.6514774848957925,-0.8609148817094691,0.28024921612722803,,,1.2119498314089532,160,1.1443899436710843,1.34972035170417,1.5783589021423579,0.6162305245649041,1.510032389946683,1.5603849014430107,0.1570048780444597,0.32959734881070235,-0.0709610251773075,0.12266099051882622,0.3561057209428402,0.9004901999751256,0.9341770139782103,-0.12530434369895088,-0.7619253912315118,-0.8609148817094691,0.07684619741927115,-0.4655945228253211
9,360.0,-1.127733729224946,-1.2648057888583255,-0.08401529991964934,-0.337665907394465,-0.591374636708928,-0.41807072419059293,-0.4679566254560784,-0.6619728269516452,-0.8380017527952267,0.4257522040383495,,,1.2623885196177955,157,1.313924965756807,1.5339144933526367,1.6242811297061672,0.40741167803674216,1.6584161285308507,1.7167547772362974,0.5337349536988,0.45721201594263566,-0.24642186852617026,0.30444037230496085,0.041892434809226296,1.0073358683871372,1.26041438965051,0.017975349976371652,-0.6132457990120843,-0.8380017527952267,0.026601228004315216,-0.2825693691845979
9,370.0,-1.1570860705581791,-1.2750962740238732,-0.06194445098414627,-0.337665907394465,-0.5984675466385209,-0.4180109495266225,-0.4660649188160324,-0.6678079062195356,-0.8466079273403394,0.4447158559438942,,,1.3048983355361417,162,1.5292802640819143,1.7585548263423094,1.869965047172547,0.4491754473423746,2.0236684081226493,2.0816178207539666,1.2871951050074804,0.6148536635762032,-0.522146050931528,0.34339309697342013,-0.050523237583014434,1.0073358683871372,1.26041438965051,0.2278000420631726,-0.49979708601108025,-0.8466079273403394,0.17482613610672962,-0.0980226461520333
10,0.0,1.8023074150954308,1.7616162669578452,0.47352626514360174,-0.15222430005193763,0.45043266328159315,4.0740849046838745,1.702674716173187,1.6987774867513015,0.6829456712635734,-0.20443159023103905,,,-1.668175537940348,78,-1.7972717908974,-1.8466219045576502,-1.614383969231486,1.743852295816978,-1.7429957251677717,-1.7447056550969149,-1.9777988839968017,1.3355011956153606,0.5807506786899013,0.6939676189895394,0.6980437087941254,-4.334947552213459,-2.6544341184170857,-0.03786798229097712,3.1970915997689158,0.6829456712635734,0.6525148068988433,-0.546419344836574
10,10.0,1.7027618871066421,1.66934009760622,0.4507927069980509,-0.1565368955715313,0.47826963675585776,3.9417412019978526,1.3257342530298806,1.6518556370595252,0.974415347839788,-0.20778843528952193,,,-1.5983845747379302,77,-1.540678243956847,-1.5962927743647788,-1.3319622697140587,1.451505910677552,-1.4405211811308136,-1.4390736251373086,-1.3499154245729013,1.1102988418531237,0.3300923310486673,0.7069518605456894,0.11582497272301626,-1.1295774998531014,-1.349484615727887,-0.14333843952423486,3.1538946017036213,0.974415347839788,0.7150253873592765,-0.40485512874220775
10,20.0,1.596781938543536,1.6787953892426202,0.41936874281208697,-0.15773246660666618,0.36491110633754176,3.6502542648070664,0.871631974054107,1.4328308042833595,1.457787963579558,-0.20871899863412094,,,-1.5224508876461154,95,-1.5040220229653394,-1.5602191442496485,-1.226341146317297,3.53969437595917,-1.2636021082035362,-1.2590113439207966,-0.973185348918561,1.875986844644728,-0.44694854663915856,2.433855987513986,-1.0486124994192003,-1.1295774998531014,-1.349484615727887,-0.24219760493860018,3.279157194315304,1.457787963579558,1.453151611426943,0.06244391889461039
10,30.0,1.499014997130795,1.7714164762253877,0.44649084634420694,-0.06953558333526969,0.22670670265875115,3.3965877960006403,0.5038044200826609,1.2110392911367047,2.1550407522504664,-0.20963733779652322,,,-1.4508607735029817,110,-1.2382644207769091,-1.3011448916046242,-1.1804189187534877,2.203253758178933,-1.2864303756780238,-1.287442230428667,1.0360417212379203,0.20948942680417645,0.9316723653876285,1.8235966343748158,-0.9007474235916171,-1.0227318314410894,-1.349484615727887,-0.3296556806460584,3.485336502284676,2.1550407522504664,-0.09693891821852973,-0.41322350639433814
10,40.0,1.3921352897112205,1.8096212760367145,0.466866919531433,0.01578519509307503,0.2403959872696489,3.1958962763436576,0.28004385843359386,1.1457126736381353,2.8509113079054456,-0.2112157331555119,,,-1.3708483550914257,111,-1.3390690285035551,-1.3962480982717849,-1.1746786403080118,1.3679783720662873,-1.240773840729049,-1.2353189384975714,-1.0987620408033412,0.8700829978400698,-0.09602685994142948,1.1354318318987273,-0.30928712028128424,-0.9158861630290772,-1.349484615727887,-0.4059380007360001,3.398383969309409,2.8509113079054456,0.5498115306360454,-0.15537466859885649
10,50.0,1.2667511212411866,1.749743954959434,0.40140346569345337,0.014074947822974013,0.314999795085937,2.8937850239311755,0.08015569209500467,1.1049862580120453,3.7491936528006993,-0.21188126008752747,,,-1.274568656988705,107,-0.9450146528448484,-1.020207832829218,-0.9668805605817744,-0.051989784325213256,-1.0124911659841749,-1.0078718464346086,-0.847608657033781,0.10439499504846551,0.5055531743975318,-0.02016566659885382,0.17127437615836036,-0.9158861630290772,-1.349484615727887,-0.48117870407172264,3.11518863638782,3.7491936528006993,-0.12158224861162127,-0.11301980958330467
10,60.0,1.1488431647627675,1.6320824239637877,0.17192852777846745,-0.07597071111269037,0.4499807781220771,2.558878104008092,-0.04296577945429669,1.1126736417739742,4.421295297659385,-0.2129762509431658,,,-1.18155803519388,109,-0.6700929954085415,-0.7469227561994454,-0.6901991395098234,0.4491754473423746,-0.6757742207354859,-0.666701208340165,-0.973185348918561,0.6899211148302821,-0.271487703290294,0.5771094449841663,-0.21687144788904514,-0.8090404946170657,-1.0232472400555874,-0.5327106437014617,2.671756802738588,4.421295297659385,0.057927404788045284,0.07228060463100808
10,70.0,1.0324779660928776,1.5313788770748986,0.04580098455184116,-0.07804765711492671,0.594510013915262,2.2055925199001845,-0.14183480873879012,1.1252746168563819,5.098452639399665,-0.214053833314775,,,-1.0873193817217237,105,-0.42266350371586525,-0.5064318887652455,-0.3480785441594437,0.49093921664800694,-0.2563048058917798,-0.24734563234907755,-1.3499154245729013,0.21699617192958393,0.11703273555361801,0.538156720315707,-0.18914674617137225,-0.8090404946170657,-1.0232472400555874,-0.5742940235666015,2.199850234310588,5.098452639399665,0.47196134889369,0.23829001799567634
10,80.0,0.8892270047107307,1.3940385811161893,-0.029818244994274604,-0.07886923385631765,0.692928573834995,1.748557789785547,-0.21751912861711645,1.070979552066934,5.386044883662271,-0.21448008458630863,,,-0.967826139777908,107,-0.6792570506564185,-0.7578541592646363,-0.41122160705968147,1.451505910677552,-0.3390572754867968,-0.3255305702457209,-1.0987620408033412,0.7049346050810971,-0.12109269470555324,1.0575263825618133,-0.23535458236749263,-0.7021948262050537,-1.0232472400555874,-0.6015811031317883,1.7076194558436844,5.386044883662271,1.0327023762257375,0.1920763747162643
10,90.0,0.7885439988511973,1.3617509240457282,-0.061393494735372735,-0.08408529084235783,0.7419803423552485,1.4603856902361456,-0.24639407798211824,1.0273431062193603,5.1672754634963365,-0.2171861843098794,,,-0.881445366701374,109,-0.7708976031351875,-0.8474916643992018,-0.747601923964585,0.19859283150858112,-0.8127438255824102,-0.8088556408795166,-0.7220319651490009,-0.1808613197170353,0.5306190091616556,0.018787058069605417,0.2821731830290486,-0.7021948262050537,-1.0232472400555874,-0.610999853508405,1.3950386313731709,5.1672754634963365,-0.039451376866698196,-0.27195341493728875
10,100.0,0.6928282073117418,1.3215475836282278,-0.09218165869828072,-0.08984848667308754,0.7574459612403932,1.1805922426439546,-0.267615287184631,0.9582886008752489,4.72842274103505,-0.2201759393241759,,,-0.7974188360490903,104,-0.5967805534255263,-0.6786014870420022,-0.7407135898300137,-0.4696274773815372,-0.7927690915422336,-0.7875324759986138,-0.1569368516674905,-0.5787188113636524,0.4428885874872233,-0.3382795847245912,0.06961713652689754,-0.5953491577930417,-0.6970098643832878,-0.615942512198677,1.1114407320044726,4.72842274103505,-0.44356532877787064,-0.21291982905633888
10,110.0,0.6033386582460283,1.3044528271265825,0.38893852925732614,0.3104153117283052,0.7598606174326973,0.9194419811151252,-0.2738878139028307,0.8848088076759425,3.926274343885708,-0.22265909671693382,,,-0.7171190451181474,106,-0.45015566945949603,-0.5315741158151844,-0.5926144059367285,0.11506529289731632,-0.7043095550785952,-0.695132094848035,-0.3453018894946606,-0.7213469687464028,0.5807506786899013,-0.47461412106419393,0.5963864691626625,-0.5953491577930417,-0.6970098643832878,-0.6140203084493217,0.8356020682404653,3.926274343885708,-0.5608474046847537,-0.4966754719003358
10,120.0,0.49762004289114825,1.222067581586556,0.44046258840621116,0.38392011176484003,0.662911176370567,0.6057133604282559,-0.2929076825055941,0.7108610025526355,3.118726571541269,-0.22395679744068037,,,-0.6200150179214331,114,-0.7021671887761107,-0.77753068478198,-0.6391106613450854,0.3238841394254783,-0.741405489724637,-0.7330399435251956,0.03142818615967963,-0.05324665258509983,0.30502649628454354,0.42779066708840896,0.3468641537036148,-0.48850348938102967,-0.6970098643832878,-0.6108694085711908,0.5650231972030911,3.118726571541269,-0.038308803364517946,-0.45355654929990125
10,130.0,0.39422916495247684,1.1671106454661369,0.4279328841722487,0.37449445984548774,0.5240146414766204,0.35763298631052803,-0.29731194650809706,0.5214493407103595,2.1903010113271306,-0.2255864680340274,,,-0.522614566711278,114,0.2371484741312714,0.1308689099353841,0.4084901549543149,0.4491754473423746,0.8708409006610356,0.8922590685080583,-0.973185348918561,0.8700829978400698,-0.6976068942803926,1.0055894163371994,-0.7713654822424814,-0.3816578209690177,-0.6970098643832878,-0.5964719100433662,0.3589520549617466,2.1903010113271306,1.216146425632998,0.9769774465696522
10,140.0,0.3063904771546981,1.1027962755319431,0.4121260346694335,0.36230341218945433,0.37751048903190443,0.18331640154657694,-0.28430843877534295,0.3482683652403807,1.3249987117940185,-0.2276941751995801,,,-0.43790417671717885,114.5,-0.49597594569888054,-0.5829517102215819,-0.39801896663508646,0.6579942938705365,-0.41610267821319147,-0.40608474868468697,-0.7220319651490009,0.32209060368529485,0.19223023984598928,0.4537591502007182,0.060375569287673785,-0.3816578209690177,-0.6970098643832878,-0.5666266370267485,0.2206220260790985,1.3249987117940185,0.28551196361068154,-0.15316211694745133
10,150.0,0.2018893310635605,0.9758977317277383,0.6327068294382645,0.5850957156019194,0.14694706119964696,0.01248396036451902,-0.2853402822853975,0.10358595378371534,0.6741432590457846,-0.22905962006272712,,,-0.33469103458479826,113,-0.5143040561946343,-0.5971625342063299,-0.7074199748462517,0.4491754473423746,-0.7899155581079229,-0.7804247543716462,-0.4708785813794407,-0.01571292695806036,0.5556848439257775,-0.3058189808342093,0.3930719898997352,-0.27481215255700614,-0.3707724887109882,-0.5204158767096531,0.13987405463114472,0.6741432590457846,-0.6285906131917446,-0.3584305574815861
10,160.0,0.10882553636883087,0.8635565305254568,0.6543627144733493,0.5722617570066985,-0.05816965458044141,-0.12247978336208822,-0.28913118234584073,-0.10945392107948773,0.17207981681196247,-0.23072363704722615,,,-0.24046733106996687,115,-0.3035307854934655,-0.3960247178068174,-0.44795938911072897,-0.13551732293647806,-0.5787540839689143,-0.5671931055626187,0.4081582618140199,-0.0607533977105073,0.3300923310486673,0.36936158008572473,-0.03204010310456531,-0.27481215255700614,-0.3707724887109882,-0.4523948138671389,0.06863685524580838,0.17207981681196247,-0.5527543655814536,-0.5773455739780656
10,170.0,0.02031931020458751,0.6866495264059829,0.6477062061265478,0.5659777261751987,-0.22323348955051148,-0.20721295278376142,-0.30895218418342474,-0.2754851926822448,-0.07332414150162889,-0.2315383839191681,,,-0.14876754564646089,114,-0.14774184627955828,-0.24079879428110643,-0.245901587829968,0.03153775428605153,-0.3561784760926622,-0.344484494584301,0.03142818615967963,-0.1508343392154033,0.30502649628454354,-0.38372443017112545,0.61486960364111,-0.16796648414499413,-0.3707724887109882,-0.3813017509638728,0.07488447348122014,-0.07332414150162889,-0.37700967507080957,-0.5063545922925419
10,180.0,-0.06328263868179215,0.5477358755506336,0.7321263704564586,0.6359025311538038,-0.3084007649979828,-0.2563002337014985,-0.3078985631130842,-0.36171946007046735,-0.2909942454274045,-0.2321821123814497,,,-0.06021281759768094,121.5,-0.431827558963742,-0.5190030022902151,-0.3434863214030628,0.5327029859536393,-0.4646127465964773,-0.45110031898881475,-0.21972519760988055,0.05184777917061111,0.3175594136666063,-0.00718142504270151,0.5871449019234387,-0.16796648414499413,-0.3707724887109882,-0.29117951919391144,0.045600915867287414,-0.2909942454274045,-0.0026215700732766085,-0.5422003082573781
10,190.0,-0.1466047459006351,0.43465887750570087,0.7195271520366577,0.6240136357034177,-0.3409286324871902,-0.28521163876715244,-0.3004628595975672,-0.3969662265022135,-0.4386513764547382,-0.2336049184152821,,,0.02997983261238971,122,0.10885170066099496,0.007344055298726926,-0.009402115876349945,0.4491754473423746,-0.07653219953019162,-0.06491411059024288,0.9104650293531402,0.13442197555009752,0.5055531743975318,0.20056643985574008,0.2267237795937045,-0.06112081573298211,-0.044535113038688574,-0.2219004658584574,-0.03940963816732483,-0.4386513764547382,-0.28860975017679785,-0.37999388293050795
10,200.0,-0.2316969263043597,0.32438252631107567,0.9720077855425754,0.8332298254098958,-0.3484079946997521,-0.30621872979185555,-0.3193519448597136,-0.41097151869001897,-0.4745406265706358,-0.2348407367455125,,,0.12414827733897792,122.5,0.28296875037065594,0.17896708342222414,0.3103313935366728,0.6162305245649041,0.27730594632436323,0.2904719707581362,0.72209999152597,0.5623064476983466,-0.15869144685173797,0.18109007752151277,0.23596534683292822,-0.06112081573298211,-0.044535113038688574,-0.24663136775597586,-0.15599609170187187,-0.4745406265706358,0.04837337229524787,-0.31224187285667404
10,210.0,-0.2961075995607118,0.25181038598950506,0.9510964322795149,0.8056071213594652,-0.3237520284401084,-0.3125153299487585,-0.30421258670913515,-0.3905622977770359,-0.5434896526322684,-0.2375264520051949,,,0.19685646687728336,123,0.08594156254130271,-0.01561189113817387,0.2173388827199589,1.0756319869268596,0.34293721531351445,0.3591799464854896,0.21979322398684975,0.9001099783417018,-0.284020620672355,0.8367942761072171,-0.059764804822238185,0.045724852679029426,-0.044535113038688574,-0.24152316381910957,-0.2680397975395322,-0.5434896526322684,0.5622665624654494,0.14611313723386232
10,220.0,-0.3731578866300789,0.14111227173119595,0.9407193157161489,0.7937443661972974,-0.29868896270643813,-0.32617394207560896,-0.2888797204976316,-0.37190503523508334,-0.6319749044020666,-0.23867979805636413,,,0.28549751416718533,121,-0.17523401202318906,-0.2670341616375646,-0.11157907220582568,0.699758063176169,-0.13930993508503206,-0.12651436469062846,0.9104650293531402,0.29957036830907036,0.17969732246392653,0.5511409618718617,0.18975751063680785,0.1525705210910419,-0.044535113038688574,-0.23399100515269547,-0.41424099731900205,-0.6319749044020666,0.14348502786412298,-0.24193304237508603
10,230.0,-0.445765480562175,0.0358995801581008,0.9367025643271086,0.782125261975559,-0.2735524770177985,-0.3306018609647672,-0.27565032235943304,-0.3507165417931613,-0.6713528695319051,-0.23980942486893905,,,0.3707360054568592,127,0.026375203430102998,-0.0735483273836856,0.039964278754745265,-0.010226015019580864,-0.030875664581216575,-0.015160059201469948,1.1616184131227003,-0.18836806484244278,0.5556848439257775,-0.17597656527268385,0.37458885542128767,0.1525705210910419,-0.044535113038688574,-0.2354385327441975,-0.48714386082998123,-0.6713528695319051,-0.04508807281078485,-0.3956245122342478
10,240.0,-0.514310754612838,-0.027265535652085275,0.9280249200403564,0.7721525670829507,-0.2568430446560029,-0.33030468190497175,-0.2614348574493409,-0.3352331744615059,-0.6911798694896741,-0.24077896122650108,,,0.45277249537322467,134,0.2279844188833947,0.1221237874832314,0.18461929558074455,0.03153775428605153,-0.12218873447916626,-0.10756044035204831,0.9104650293531402,-0.0006994367072454255,0.7311456872746421,-0.1110553574919223,0.3376225864643911,0.25941618950305345,0.28170226263361103,-0.22701332041815803,-0.5124402621684562,-0.6911798694896741,-0.5724458908293474,-1.0823780796150535
10,250.0,-0.5776457926823655,-0.09077596956039294,0.9239761469723029,0.7609705169622715,-0.24222276746711524,-0.32597882980374254,-0.22721079186636708,-0.3186381197539314,-0.719444291132067,-0.2418660435724946,,,0.5299645391456366,134,0.667859070781486,0.5484485070256767,0.624324624504219,0.4491754473423746,0.6768006271278927,0.6932428629529659,1.4127717968922606,0.4196782903155962,0.029302313879187532,0.26548764763650395,0.060375569287673785,0.25941618950305345,0.28170226263361103,-0.18133837790366966,-0.5127944630021765,-0.719444291132067,0.07609356416613951,-0.13421817125483027
10,260.0,-0.6335762981040028,-0.13388695827536937,0.9179298563915818,0.7540954454706774,-0.23620555891089978,-0.32020130808766284,-0.2088635150247833,-0.3102926358515604,-0.7219752204850086,-0.24253440167027224,,,0.5992723927385306,137,0.30129686086641,0.19317790740697222,0.5715140628058384,1.1173957562324928,0.6596794265220269,0.6837659007836756,1.7895018725466008,0.7049346050810971,0.1295656529356808,0.719936102101844,0.09734183824456877,0.36626185791506594,0.28170226263361103,-0.1576673790139751,-0.49146222561509206,-0.7219752204850086,0.6998508077187328,-0.037664093455452144
10,270.0,-0.6889268379998454,-0.190003850027572,0.9164125453583182,0.7446136471207321,-0.23499345494078483,-0.30989194252686497,-0.18191900210387793,-0.30397916339516634,-0.7203856707088049,-0.2434561546425568,,,0.6689405525935775,139,0.6586950155336089,0.5397033845735241,0.9664452198545985,1.2009232948437576,1.0762953079314221,1.1007522362324402,1.5383484887770407,0.764988566084361,0.07943398340743327,0.7588888267703032,0.24520691407215198,0.36626185791506594,0.28170226263361103,-0.11565343924570079,-0.4410572730604276,-0.7203856707088049,0.7145496009232833,-0.05738328417483639
10,280.0,-0.7418880975963055,-0.2339123265952249,1.0075777762397502,0.8709018094240756,-0.25315417403846824,-0.30443372117677914,-0.13332702320399825,-0.3136205836293169,-0.7479583006744547,-0.24423356403503835,,,0.7366297634572769,142,0.7228434022687474,0.6009192417385931,0.9962946677710743,1.1173957562324928,1.1276589097490188,1.1528755281635363,1.7895018725466008,0.9151234685925189,-0.17122436423380075,0.8497785176633718,-0.06900637206146193,0.4731075263270775,0.6079396383059107,-0.005874459958722762,-0.3910576079590724,-0.7479583006744547,0.6827592878847116,-0.015991888281943936
10,290.0,-0.7925059868067019,-0.2803342844361638,1.0454910453479167,0.928687171597415,-0.27590523460950783,-0.29840708024832646,-0.10364559785850173,-0.3286238067487662,-0.7558193892791132,-0.24487205081105762,,,0.8022852913345734,144,0.5395622973112092,0.4221908016227219,0.5806985083186003,0.699758063176169,0.3400836818792037,0.3568107059431669,1.4755601428346505,0.02932754379438658,0.86900777847732,0.2070585606338174,0.3376225864643911,0.4731075263270775,0.6079396383059107,0.08346940910020137,-0.3234796790153825,-0.7558193892791132,-0.258449315522288,-0.8492207329740536
10,300.0,-0.845477029541644,-0.3795900328739225,1.0845074977097307,0.985630999370172,-0.32189628107903057,-0.29725700065903826,-0.10374642882489009,-0.36730726499706856,-0.7533324333129315,-0.24336585054193663,,,0.872021961748844,142,0.9198705900981007,0.7911256550729148,0.9641491084764078,0.5744667552592717,0.8851085678325902,0.9041052712196709,1.3499834509498705,-0.030726417208877428,0.9066065306235066,0.2200428021899697,0.30065631750749605,0.579953194739089,0.6079396383059107,0.1781481866082608,-0.22151526135337407,-0.7533324333129315,0.012961193824374854,-0.46675455708970376
10,310.0,-0.901216440022017,-0.4935500783757633,1.1236848300657378,1.0400915940890054,-0.3653146205109856,-0.2969382903957563,-0.06024938781538712,-0.40028510131799333,-0.7793269560768212,-0.24043908499351063,,,0.9465657988329834,141,1.3459991591243763,1.207612111856688,1.569174456629596,0.9503406790099633,1.8125069339836408,1.839955285437069,1.6639251806618207,1.0802718613514917,-0.29655353805441775,0.8627627592195217,-0.161422044453701,0.6867988631511015,0.6079396383059107,0.3881518244453612,-0.11861162658600087,-0.7793269560768212,0.6498809657129644,0.10365230314225285
10,320.0,-0.9508779307567925,-0.5878825498521434,1.1180584401693567,1.0302151962289088,-0.39049464305629106,-0.30077219432446917,-0.06099336719727454,-0.4228053354386147,-0.7861959564666395,-0.22906851910014586,,,1.0140088879477738,142,0.9886010044571775,0.8599934943836176,1.3389892909660017,1.1591595255381244,1.301724449241985,1.3281993282954034,1.7895018725466008,0.5397862123221242,0.3802240005769148,0.5511409618718617,0.3376225864643911,0.6867988631511015,0.6079396383059107,0.47784564021365566,-0.06818927522197213,-0.7861959564666395,0.5004335562816206,-0.3975446013418197
10,330.0,-0.9965004240823792,-0.6489680830650001,1.1987306503666129,1.1515931767506302,-0.3995704265114333,-0.31095282999419094,-0.06186055324122662,-0.4335005954886646,-0.8051003032645259,-0.21938986574526756,,,1.0768392849731983,149,0.9107065348502237,0.7889393744598764,1.3602283212142636,1.5767972185944483,1.4957647227751283,1.520107812223528,1.9150785644313808,0.9676706844703733,-0.05842810779524473,0.9796209332248949,-0.004315401386894071,0.7936445315631131,0.9341770139782103,0.5243956048619709,-0.11460215720195313,-0.8051003032645259,0.8957235010988783,-0.06490031916124306
10,340.0,-1.040079017997069,-0.7049033797344016,1.2783276941631017,1.3339327323770906,-0.4047341884271218,-0.322015419764018,-0.06073492244313468,-0.44095933774188706,-0.82665301530528,-0.17810216132002196,,,1.1376511802349318,150,1.1764641370386535,1.0425479255723056,1.4905326419265728,1.1591595255381244,1.447254654391842,1.4727230013770773,1.7267135266042108,0.6674008794540576,0.17969732246392653,0.5316645995376321,0.3283810192251673,0.7936445315631131,0.9341770139782103,0.564229686447911,-0.1850974945668278,-0.82665301530528,0.4189813731067163,-0.4161911679830772
10,350.0,-1.0821190499091229,-0.7696571406701496,1.3432625411428962,1.4519651730787886,-0.4104295984434946,-0.3338086625682654,-0.0489033496143863,-0.4481548632190159,-0.8535839511714776,-0.12265797274507456,,,1.1970679186073407,151,1.2681046895174226,1.129452579940573,1.4991430595947868,0.9921044483155947,1.6013454598446322,1.6267236366280418,2.103443602258551,0.6749076245794651,0.07943398340743327,0.603077928096471,0.10658340548379251,0.9004901999751256,0.9341770139782103,0.6372206785227444,-0.2675691093512619,-0.8535839511714776,0.49352448960456424,-0.14601848056653152
10,360.0,-1.1267927061789444,-0.8498232493933625,1.4366226268610003,1.5664027500689708,-0.42157442477832147,-0.34804826809016676,-0.05041124654025513,-0.4618256575264471,-0.8794239790331914,0.00436305008275422,,,1.261031895109758,151,1.2726867171413614,1.1343717113199092,1.3694127667270255,0.7832856017874337,1.3274062501507835,1.3518917337186287,1.9150785644313808,0.4196782903155962,0.355158165812791,0.3563773385295701,0.3376225864643911,0.9004901999751256,0.9341770139782103,0.7120205247306747,-0.3578658087998751,-0.8794239790331914,0.1303564887143046,-0.4082220021838805
10,370.0,-1.166443347089922,-0.9260385368550443,1.4374897436709257,1.5531953374160452,-0.43122582833232204,-0.36380176359063093,-0.04706973795342004,-0.47424608084000497,-0.9094782436777494,0.23682906598333717,,,1.3185296285765278,151,1.3551632143722534,1.218543514921879,1.6116525171261196,1.0756319869268596,1.6812443960053385,1.7096470556093302,1.6011368347194306,0.9151234685925189,-0.17122436423380075,0.6809833774333848,0.06961713652689754,1.0073358683871372,1.26041438965051,0.8038365099380265,-0.47888916647046825,-0.9094782436777494,0.46714539236584235,-0.21757439695837225
10,380.0,-1.2020692588693525,-0.9496047591008485,1.5924614214065123,1.7954460684351135,-0.45309318027169687,-0.37913071064092785,-0.05645970825158036,-0.4980036478307742,-0.9358977113229092,0.3941856574044582,,,1.3707838163022654,155,1.4559678220988994,1.3163795723553378,1.7006268330310002,0.9503406790099633,1.7326079978229345,1.759401106998103,1.977866910373771,0.9001099783417018,-0.29655353805441775,0.5446488410937821,0.10658340548379251,1.0073358683871372,1.26041438965051,0.9523030685344517,-0.5803514136454715,-0.9358977113229092,0.3946854341024042,-0.2921402536596353
12,0.0,0.9515988900711128,1.14257879406481,-0.4312099237752723,-0.337665907394465,0.6994763063507774,-0.20058892611775442,-0.4019844202185439,0.5009381131063525,0.8758055624587898,-0.21099244796421715,,,-1.0203367154883312,70.5,-0.6609289401606645,-0.6518195495322845,-0.4617360573798718,0.7415218324818014,0.23735647824401013,0.24308715991168567,1.0360417212379203,2.408965748548688,-2.978597857815622,2.128726310944401,-2.26849937499676,-4.334947552213459,-2.6544341184170857,-0.6592541293592644,-0.6874991267094795,0.8758055624587898,2.2009391250928796,2.657974672757699
12,10.0,0.8828477765036661,1.1406550499166053,-0.4284937467456064,-0.337665907394465,0.7104668031630207,-0.21045890155434416,-0.4070451144344055,0.506988367110039,0.8903330116360259,-0.21553398412393412,,,-0.9624127920920684,85,-2.191326166556107,-2.2161033281611027,-2.059829576600437,0.9503406790099633,-2.062591469810595,-2.069291609395101,-0.973185348918561,1.830946373892281,-1.8506352934300676,2.8363674757547144,-3.192656098919154,-1.1295774998531014,-1.349484615727887,-0.6626853163873129,-0.7085265028738449,0.8903330116360259,3.4865081567430045,4.139532421082731
12,20.0,0.8251978060414231,1.2066751648051535,-0.4221541632053302,-0.337665907394465,0.7325369614477927,-0.21180238091751788,-0.40422104786809443,0.5255640075784305,0.8228261866161064,-0.220564320990691,,,-0.9131268805671429,99,-1.4582017467259547,-1.4662090778890067,-1.5696097973567722,-0.8037376318265954,-1.4804706492111666,-1.4817199548991142,-0.21972519760988055,0.8250425270876229,-1.148791920034613,0.421298546310334,-1.5291739958588448,-1.0227318314410894,-1.349484615727887,-0.6618504496150726,-0.7173015396747618,0.8228261866161064,-0.23883125951954254,1.6816148940637539
12,30.0,0.724442550042553,1.1604158042101087,-0.4253823082817904,-0.337665907394465,0.605860221856876,-0.23833271336475997,-0.41799140282394887,0.4093232667655535,0.8620629803495601,-0.2220946259800773,,,-0.8253818987869692,105.5,-1.7606155699058923,-1.7788472055534665,-1.8141456591340566,-2.348997096134993,-1.6802179896129312,-1.6807361604542066,0.59652329964119,0.8100290368368079,-2.0010303020148084,1.5184669578052261,-3.506869385052768,-1.0227318314410894,-1.349484615727887,-0.664916457489629,-0.7301793792740215,0.8620629803495601,0.5322535075048443,3.6658467512681576
12,40.0,0.6340030146359855,1.137130285740717,-0.42725598764497935,-0.337665907394465,0.5013768506196735,-0.24828061734638132,-0.42961522188977846,0.3168514132968742,1.0528897641005412,-0.22340393086735683,,,-0.7448272150731144,105.5,-1.7606155699058923,-1.7788472055534665,-1.8141456591340566,-2.348997096134993,-1.6802179896129312,-1.6807361604542066,0.59652329964119,0.8100290368368079,-2.0010303020148084,1.5184669578052261,-3.506869385052768,-1.0227318314410894,-1.349484615727887,-0.6683491215654589,-0.7172170219521902,1.0528897641005412,0.5322535075048443,3.6658467512681576
12,50.0,0.5359564424902225,1.0285942378241237,-0.4243164893602371,-0.337665907394465,0.278689240295202,-0.25235667559440594,-0.43561929602421967,0.1263015989808165,1.1916819430718573,-0.2250480026753853,,,-0.6555134454032295,113,-1.1557879235460171,-1.1541175203778065,-1.4381574209553678,-2.432524634746258,-1.4091323133533935,-1.4106427386294382,-0.21972519760988055,-1.3894472849077057,-1.1111931678884284,-0.9745074209760682,-1.1040619028545426,-0.9158861630290772,-1.0232472400555874,-0.6616528130099985,-0.6353872509977985,1.1916819430718573,-1.0943325891558038,0.7993402873961041
12,60.0,0.4359977189825004,0.9214634768852238,-0.4308402474461881,-0.337665907394465,0.060592531542937124,-0.2546853228168555,-0.44212567778119144,-0.05989627244419266,1.4038050828116873,-0.22612025785150053,,,-0.5622588093016369,112,-1.306994835135986,-1.309890014056777,-1.4944121497210345,-2.2654695575237285,-1.5061524501199648,-1.507781600864662,-0.09414850572510046,-1.637169874046165,-0.647475224752145,-0.8316807638583905,-1.4090336217489337,-0.8090404946170657,-1.0232472400555874,-0.6519747497790933,-0.5020144750615113,1.4038050828116873,-0.9883065469832553,0.5260568132203511
12,70.0,0.335383999308661,0.7381160619011732,-0.4315567037084793,-0.337665907394465,-0.1805438752867932,-0.2586750842707563,-0.4431944703664449,-0.2656418178278306,1.3909874067648518,-0.2275212969828106,,,-0.4660682958405316,113,-0.5097220285706957,-0.4955004857000546,-1.0059144540110123,-2.2654695575237285,-0.861253893965696,-0.8586096922682895,0.03142818615967963,-1.239312382399548,-0.9733310766857486,-1.0459207495349072,-1.0855787683760951,-0.8090404946170657,-1.0232472400555874,-0.620947400518388,-0.2276938057677546,1.3909874067648518,-1.0181154129402243,0.9677818257016303
12,80.0,0.24529722232987003,0.5797299241081024,-0.4388685463652431,-0.337665907394465,-0.339486924644073,-0.2631096632703262,-0.4390700140982326,-0.40135876295405365,1.1699835374422825,-0.2293961733644765,,,-0.37789098440594515,111,-0.757151520263372,-0.7458296158929264,-1.0191170944356076,-1.7643043258561395,-0.8498397602284521,-0.8467634895566769,0.34536991587162985,-0.6237592821160993,-1.0735944157422437,-0.19545292760691346,-1.2149607097252308,-0.7021948262050537,-1.0232472400555874,-0.5644869375750672,0.14955806244505418,1.1699835374422825,-0.4291902401657033,1.123801033559779
12,90.0,0.15448318136133943,0.389654986745778,-0.43227355862005856,-0.337665907394465,-0.44877264254144206,-0.27170723269310787,-0.4373085400267953,-0.49636062152966026,0.99624512486035,-0.23072363704722615,,,-0.28697082289223086,113,-0.899194376605464,-0.8890309960469273,-1.1764007238416547,-1.806068095161772,-1.2150920398202507,-1.2163650141589912,-1.4127037705152914,-1.7647845411781005,-0.18375728161586175,-1.5912588948933157,-0.04128167034379069,-0.6487719919990474,-0.8601285522194376,-0.4832693960607825,0.6568133125037658,0.99624512486035,-1.136250963420986,0.0232302016171883
12,100.0,0.07313992856180793,0.2533326215064723,-0.43373556136392033,-0.337665907394465,-0.4874245259816773,-0.2813583901685155,-0.4320181250621519,-0.5314559357051705,0.7240473925891955,-0.23202184527588082,,,-0.2037433119337518,116,-0.725077326895803,-0.7130354066973537,-1.1184239115423453,-1.8895956337730369,-0.9268851629548471,-0.9225791869109978,1.5383484887770407,-0.7213469687464028,-1.023462746213996,-0.591472295069567,-0.937713692548512,-0.5953491577930417,-0.6970098643832878,-0.4083675767250253,0.9023403311087251,0.7240473925891955,-0.7222827013214407,1.4105056922766133
12,110.0,0.0019031816018036198,0.1420208565185097,-0.42433428969292175,-0.337665907394465,-0.4825044569661815,-0.29314821880858155,-0.4266964040332294,-0.5302092871629741,0.4659682447374193,-0.233134531889276,,,-0.12942416576803553,122,-0.6013625810494647,-0.5889639819074367,-0.8463347132267749,-1.388430402105449,-0.7271378225530825,-0.721193740813583,0.59652329964119,-0.4210771637300871,-0.9482652419216265,-0.27335837694382964,-0.8545395873954966,-0.48850348938102967,-0.6970098643832878,-0.3867828103406526,0.7227980085479696,0.4659682447374193,-0.48763266088088475,0.6652761576562323
12,120.0,-0.07058452679903808,0.05452543629797222,-0.42445185982355044,-0.337665907394465,-0.4572370999497871,-0.3062838733682273,-0.4198578648328524,-0.5119616510730916,0.20487625628679987,-0.23422616763603699,,,-0.05238694565746949,125,-0.6975851611521723,-0.6900794602604526,-0.9037374976815367,-1.1378477862716545,-0.7556731568961916,-0.7567323489484209,1.2871951050074804,-0.1208073587137713,-1.023462746213996,0.2395191645241993,-1.0486124994192003,-0.48850348938102967,-0.6970098643832878,-0.3923498620673089,0.3744494520738817,0.20487625628679987,-0.31521588613125917,0.8678826057838743
12,130.0,-0.13886088232583507,-0.03831846369598763,-0.4186434606160675,-0.337665907394465,-0.4162004781053542,-0.32002190960931975,-0.41916680415267593,-0.4810435923806392,0.05404611879601904,-0.2352973443090307,,,0.02151433192328365,126,-1.3024128075120476,-1.3033311722176621,-1.0185430665910602,-1.1378477862716545,-1.0010770322469313,-1.0031333653499637,0.7848883374683602,-0.36102320272682303,-0.6976068942803926,-0.07210263282346306,-0.4386690616304199,-0.3816578209690177,-0.6970098643832878,-0.4373789466152129,0.011241608820661185,0.05404611879601904,1.1106885009497447,0.2636644662298
12,140.0,-0.20530120702066296,-0.11558045946071331,-0.40715160751514035,-0.337665907394465,-0.3765345168437077,-0.33427219485488285,-0.41879589783579085,-0.45146270575705455,-0.0958457699125128,-0.23619964449485803,,,0.09471021604401798,129,-0.27603861974983473,-0.25719589887889294,-0.49158550529634787,-1.2213753248829193,-0.3847138104357714,-0.37765386217681657,0.65931164558358,-0.19587480996785023,-0.7226727290445145,-0.16299232371653155,-0.6789498098502422,-0.3816578209690177,-0.3707724887109882,-0.470643646323339,-0.2603754501699026,-0.0958457699125128,-0.4051449940981054,0.3650089102481308
12,150.0,-0.2705281938746921,-0.18813756782187516,-0.40800471004887884,-0.337665907394465,-0.35135434496409657,-0.3457432284229813,-0.4168147386389543,-0.43323021852349186,-0.23168125263067677,-0.23723432158438648,,,0.16783221778346125,130,-0.46848377995524976,-0.4539611540523291,-0.6155755197186332,-0.8872651704378602,-0.4646127465964773,-0.4582080406157823,0.5337349536988,0.04434103404520151,-0.9231994071575028,-0.1110553574919223,-0.531084734022659,-0.27481215255700614,-0.3707724887109882,-0.4824374172378339,-0.42078865190005377,-0.23168125263067677,-0.1596501092960115,0.624831429330474
12,160.0,-0.33271983932139876,-0.23606953638865938,-0.39654293104247273,-0.337665907394465,-0.3350394775431184,-0.35787923876281674,-0.41986405993057613,-0.42314145584768403,-0.3270423430304712,-0.23810613638330208,,,0.23874709179337505,131,-0.46390175233131126,-0.44794888236647407,-0.6345184385887045,-0.8872651704378602,-0.6072894183120235,-0.6003624731551339,0.09421653210206968,-0.4511041442317191,-0.396816877110911,-0.2538820146096,-0.4017027926735233,-0.27481215255700614,-0.3707724887109882,-0.4995918161390171,-0.549194336407999,-0.3270423430304712,-0.5096543327481402,0.10501804880932986
12,170.0,-0.3898851303046773,-0.2742598839976519,-0.3830904682880426,-0.337665907394465,-0.3293259357362695,-0.3669667610465643,-0.42293413760680737,-0.4211701256795028,-0.39703310692857946,-0.2389643996339323,,,0.3049858161866125,136,-0.03319115568109704,-0.0057736283795021695,-0.32282131899934857,-0.8872651704378602,-0.3133754745779983,-0.30657664590714073,-0.1569368516674905,-0.511158105234981,-0.3216193728185415,-0.37074018861497315,-0.2723208513243892,-0.16796648414499413,-0.3707724887109882,-0.5094967558779444,-0.6294935610763789,-0.39703310692857946,-0.7190264985794674,-0.07027010076858953
12,180.0,-0.44369040410175997,-0.2970187052082676,-0.35633555192884014,-0.337665907394465,-0.3250934042975765,-0.3737686003825811,-0.4254825086918262,-0.41975350929206523,-0.4512448737712014,-0.23980942486893905,,,0.36827647085424464,139,-0.3951713379722345,-0.3741619116764356,-0.48469717116177646,-0.7202100932153307,-0.3618855429612841,-0.35396145675359125,0.1570048780444597,-0.10579386846295637,-0.522146050931528,-0.02016566659885382,-0.4756353305873149,-0.16796648414499413,-0.3707724887109882,-0.5174488529576061,-0.6887515957146452,-0.4512448737712014,-0.10539980485936107,0.4242671881542658
12,190.0,-0.4948990197318037,-0.3327789620071313,-0.35063609448659283,-0.337665907394465,-0.3279816250282454,-0.3786989068189091,-0.4240217108419657,-0.4234926255217685,-0.5156955864867498,-0.24064151602301861,,,0.4293830467331933,139,-0.19814415014288128,-0.17739665650299938,-0.280343258502825,-0.5113912466871696,-0.207794737508494,-0.199960821502627,-0.1569368516674905,-0.1808613197170353,-0.396816877110911,0.12266099051882622,-0.568051002979554,-0.06112081573298211,-0.044535113038688574,-0.5106618299640215,-0.7245196888181642,-0.5156955864867498,-0.1934590225307428,0.14206744270577756
12,200.0,-0.5452633287066767,-0.39170315251459303,-0.35008373666841314,-0.337665907394465,-0.3443270823306367,-0.38332745762001247,-0.43482738531245757,-0.43961675069959105,-0.4912770173544844,-0.24118920375939104,,,0.4903278947426058,139,-0.3035307854934655,-0.28343126623535114,-0.479530920560848,-0.8037376318265954,-0.5017086812425192,-0.4961158892929429,0.4081582618140199,-0.5937323016144694,-0.0834939425593685,-0.46162987950804163,0.023409300330777164,0.045724852679029426,-0.044535113038688574,-0.5287865917986022,-0.7412258629438612,-0.4912770173544844,-0.6059918350481566,-0.14958268882291187
12,210.0,-0.5963952005197648,-0.4632222065940132,-0.338249924484333,-0.337665907394465,-0.3797661622224151,-0.3862601940954984,-0.43752217838997043,-0.47074727957552825,-0.5073385770539265,-0.24200038860177786,,,0.5530778513196367,139,0.26464063987490216,0.298119376832805,-0.022030728456397395,-0.8037376318265954,0.1574575420833043,0.16727146255736472,0.9104650293531402,-0.10579386846295637,-0.4218827118750348,-0.046134149711158444,-0.6050172719364506,0.045724852679029426,-0.044535113038688574,-0.5110767846467936,-0.7188103451838801,-0.5073385770539265,-0.3652999849331525,0.39286936914468157
12,220.0,-0.6470403730107066,-0.5509561066759787,-0.3276436552111362,-0.337665907394465,-0.4219177843405898,-0.389432541057327,-0.44878027735233755,-0.508378514368272,-0.44682163063844954,-0.24279940565237393,,,0.6161194874198814,139,0.0721954796694875,0.10681982319196436,0.046852612889316414,-0.13551732293647806,0.20882114390090087,0.21939475448846038,0.5337349536988,0.059354524296018576,-0.4218827118750348,0.3174246138611155,-0.5495678685011065,0.1525705210910419,-0.044535113038688574,-0.5135720608003204,-0.6771455721721709,-0.44682163063844954,0.05946044750470352,0.31048386717067766
12,230.0,-0.6972260798361392,-0.6333635515851409,-0.32587293225037545,-0.337665907394465,-0.464987486872779,-0.392061486042964,-0.4517544014503105,-0.5459174469441774,-0.4566568349419756,-0.2434561546425568,,,0.6794806752800716,141,0.3287890266100404,0.36480093553046944,0.14673345784060193,-0.553155015992802,0.25162414541556477,0.2620410842502658,0.9732533752955302,-0.30096924172356115,-0.18375728161586175,-0.14351596138230194,-0.06900637206146193,0.1525705210910419,0.28170226263361103,-0.47625119674173183,-0.6063828065918639,-0.4566568349419756,-0.3133010408464912,0.10729742112912771
12,240.0,-0.7478964432495746,-0.7342748413102105,-0.3251729763388945,-0.337665907394465,-0.5062130010021171,-0.3945106987196686,-0.4580042433658965,-0.5821234052702312,-0.42185280133031255,-0.24436201529790408,,,0.7443735182097767,141,0.21423833601157918,0.24838149288618624,0.0698137266712211,-0.4696274773815372,0.29157361349591787,0.29994893292742647,1.9150785644313808,0.02932754379438658,-0.5597448030777128,0.18758219829958778,-0.6419835408933456,0.25941618950305345,0.28170226263361103,-0.43895629732469654,-0.4917997861350067,-0.42185280133031255,-0.05127829998775165,0.4813541782942292
12,250.0,-0.7958111168011239,-0.8234523876875695,-0.3015918131554924,-0.337665907394465,-0.5354530512030005,-0.3969802605260786,-0.4593838172185756,-0.6077500426623859,-0.4515902944853441,-0.24472463727688465,,,0.8066054947089286,143,0.3746093028494249,0.4128991090173094,0.35682764894502944,-0.13551732293647806,0.5141492213721699,0.5226575439057438,0.65931164558358,0.32209060368529485,-0.509613133549467,0.2914561307488109,-0.39246122543429957,0.25941618950305345,0.28170226263361103,-0.3679926122040579,-0.37260714910486975,-0.4515902944853441,0.040491408934316936,0.1920477911591582
12,260.0,-0.8411022392944835,-0.8974564090338336,-0.2878337237465809,-0.337665907394465,-0.5511406520693911,-0.40064730785080815,-0.45925912463792345,-0.6220968815262934,-0.5269042489103198,-0.2166800567847174,,,0.8662220903634967,144,0.6861871812772393,0.7310029382143647,0.5537191996248619,-0.34433616946464,0.6796541605622035,0.6885043818683211,1.4127717968922606,0.02182079866897911,-0.18375728161586175,0.18109007752151277,-0.37397809095585205,0.36626185791506594,0.28170226263361103,-0.29736913701228646,-0.34123048320649346,-0.5269042489103198,-0.19800414445757417,0.05970736701830298
12,270.0,-0.8844644172830719,-0.9878689986353678,-0.2890473290547542,-0.337665907394465,-0.5609556761825908,-0.40358165571190807,-0.46302864926611775,-0.6315888687573049,-0.5422813741480609,-0.1996634354300254,,,0.9240352744356922,146,0.5945466287984703,0.6348065912406846,0.5083709999056004,-0.553155015992802,0.48276035359474995,0.4894881763132286,0.4081582618140199,-0.541185085736613,0.27996066152042154,-0.47461412106419393,0.18975751063680785,0.36626185791506594,0.28170226263361103,-0.2781172678448579,-0.33106499632253367,-0.5422813741480609,-0.3534226613366837,-0.3128045223336433
12,280.0,-0.9226568483859126,-1.0328165177083373,-0.28924723905470434,-0.337665907394465,-0.5607515273534558,-0.4055058845277037,-0.4633811737739184,-0.6319986731354601,-0.580631631453187,-0.09576589387312219,,,0.9755629444486715,150.5,0.5716364906787781,0.6129437851103028,0.5192775289520052,-0.17728109224211044,0.4941744873319934,0.506072860109486,-0.21972519760988055,-0.7138402236209953,0.29249357890248256,-0.7342989521872447,0.3376225864643911,0.4731075263270775,0.6079396383059107,-0.2793884671808312,-0.3960400663689796,-0.580631631453187,-0.3045071721909726,-0.31258328658897083
12,290.0,-0.9586312187655371,-1.085560348251009,-0.28545314059613397,-0.337665907394465,-0.5594797984519437,-0.4079561206360631,-0.46872146851440105,-0.6320845371179724,-0.5708555741383149,-0.10918264210571539,,,1.0246271360399606,151,1.0206751978247468,1.0747955646146188,0.9905543893255984,-0.051989784325213256,1.3473809841909596,1.3613686958879183,0.5337349536988,0.3371040939361098,-0.7101398116624535,0.15512159440920584,-0.5772925702187794,0.579953194739089,0.6079396383059107,-0.3417059007609305,-0.48443557724365205,-0.5708555741383149,0.23950780871961472,0.4701019520457224
12,300.0,-0.9948075726866549,-1.1530370428370498,-0.26598768380673743,-0.337665907394465,-0.5597913242344602,-0.40977469777136644,-0.4623402501172461,-0.632320236733869,-0.6851051414852334,-0.025684400869228713,,,1.074492791191168,151,1.0802415569359465,1.135464851626428,1.0026089740610982,-0.17728109224211044,1.1362195100519514,1.1457678065365684,0.5337349536988,-0.22590179046948225,0.16716440508186553,-0.2214214107192181,0.023409300330777164,0.579953194739089,0.6079396383059107,-0.26481599651079957,-0.5486393226394081,-0.6851051414852334,-0.11947849841590501,-0.01227381518096832
12,310.0,-1.0290688097942018,-1.2146347368636432,-0.25758461989966963,-0.337665907394465,-0.5623510001919999,-0.41160117435507687,-0.4697929046037737,-0.635658701564383,-0.6532318018170347,0.1506493494679336,,,1.1222126381251911,153,1.213120358030161,1.2737471004010932,1.1059339860796695,-0.09375355363084566,1.4586687881290858,1.4727230013770773,0.4709466077564099,0.26203664268203086,-0.43441562925709576,0.2070585606338174,-0.3554949564774046,0.6867988631511015,0.6079396383059107,-0.33228227895405676,-0.5872051212820272,-0.6532318018170347,0.11133884624174285,0.42546213043970876
12,320.0,-1.058357311699114,-1.2432899365917116,-0.2628900461947503,-0.337665907394465,-0.5644453157596063,-0.41312877619772703,-0.46231825675780724,-0.63722847298998,-0.7579594903177896,0.14942703385655726,,,1.1633930141494526,157,1.5017880983382839,1.5650689920884309,1.5278444518221674,-0.051989784325213256,1.6698302622680945,1.6883238907284273,0.5337349536988,0.3746378195631493,-0.29655353805441775,0.3953300631980293,-0.36473652371662835,0.6867988631511015,0.9341770139782103,-0.22583447052435773,-0.6334460512310545,-0.7579594903177896,0.0027188256076261987,-0.07590038790855841
12,330.0,-1.0884313896712001,-1.2730364133465193,-0.22833918027786074,-0.337665907394465,-0.5703201767601978,-0.41402620248081284,-0.4653927697202908,-0.6427339518920049,-0.7561413175047682,0.29012126493539875,,,1.2060540137134577,160,0.9519447834656699,1.0075674357636946,1.0468091180912646,0.19859283150858112,1.2988709158076743,1.3092454039568229,1.2871951050074804,0.5848266830745712,-0.5973435552238975,0.6290464112087756,-0.6050172719364506,0.7936445315631131,0.9341770139782103,-0.21735295476736766,-0.6217300928953144,-0.7561413175047682,0.2715084618605013,0.23060543720402749
12,340.0,-1.1170640164859698,-1.3020754034536253,-0.21691052222825052,-0.337665907394465,-0.5769540927898139,-0.41522595615210783,-0.467068237900343,-0.6488492595930843,-0.7725706478983903,0.42716161659306945,,,1.2470290612200006,160,1.2360304961498534,1.2928770557651774,1.3877816577525492,0.11506529289731632,1.8296281345895062,1.8494322476063594,1.0360417212379203,0.5397862123221242,-0.5973435552238975,0.603077928096471,-0.4756353305873149,0.7936445315631131,0.9341770139782103,-0.17762550715676348,-0.6155312645940602,-0.7725706478983903,0.5477306238007625,0.5182745441567695
12,350.0,-1.145329858856553,-1.3377156781703228,-0.21652261069317286,-0.337665907394465,-0.5850988642870613,-0.41464296403973244,-0.46601527968961576,-0.6554985689492187,-0.7661585113885935,0.5515471035084542,,,1.287827014156181,160,1.1168977779274538,1.1770041832741533,1.1466899630425502,0.2821203701198459,1.6812443960053385,1.6930623718130722,1.1616184131227003,0.6148536635762032,-0.6976068942803926,0.6679991358772348,-0.5865341374580031,0.9004901999751256,0.9341770139782103,-0.06655279513166863,-0.49698252708796586,-0.7661585113885935,0.5271090077507754,0.7865990420066394
13,0.0,1.6009173670108445,1.37336927133669,0.01906597331952469,-0.337665907394465,-0.12086137845755314,1.2454176774796981,6.3540343059926725,0.8034484097560168,-0.8191748566399157,-0.20778843528952193,,,-1.5254461120970182,71,-1.646064879307431,-1.6591483419896262,-1.4697289524054868,0.9085769097043299,-1.3691828452730406,-1.3656271683253103,-0.3453018894946606,1.4405956273710714,-1.3743844329117234,1.6093566486982946,-1.3535842183135895,-2.73226252603328,-1.349484615727887,2.6721954593621673,1.441259954026524,-0.8191748566399157,1.620863148935571,1.4940008643883473
13,10.0,1.5034082169215908,1.3509540946707714,-0.024472384991753332,-0.337665907394465,-0.10666786141137663,1.1275862725821646,6.094995723260546,0.7592973410062265,-0.8261019403052197,-0.21076843545766902,,,-1.4541101372274434,94,-1.4398736362302011,-1.4498119732912205,-1.1402369696351549,1.2844508334550224,-1.0010770322469313,-0.9983948842653186,-0.21972519760988055,1.5456900591267804,-1.27412109385523,1.7197227019255927,-1.1964775752467833,-1.1295774998531014,-1.349484615727887,2.6430935502017467,1.3329386441755249,-0.8261019403052197,2.0092497497893005,1.120642520340899
13,20.0,1.3997408349724718,1.3830839421613632,-0.043128808298090814,-0.337665907394465,-0.17122790712987612,0.9864954069124025,5.528760525624192,0.6151661246223233,-0.8271792319456801,-0.2123213723596272,,,-1.376603717118677,107,-1.5315141887089698,-1.539449478425786,-1.3922351933915584,0.699758063176169,-1.312112176586822,-1.3087653953095697,-0.40809023543705064,0.9376437039687413,-0.5973435552238975,1.213337281235641,-1.0116462304623035,-1.0227318314410894,-1.349484615727887,2.6925949130930533,1.3553949893780448,-0.8271792319456801,1.0441548261776026,1.14066387570005
13,30.0,1.3074590293299995,1.4764589491912357,-0.051701588413271236,-0.337665907394465,-0.2718484383323623,0.8444500447037974,4.935155865798805,0.4378160093251749,-0.8276482379795262,-0.21362486272998493,,,-1.306119165678011,113,-1.0274911500757407,-1.0251269642085539,-1.0535587651084648,-0.3025724001590076,-0.9554204972979564,-0.951010073418868,0.03142818615967963,0.3070771134344778,-0.6224093899880213,0.2200428021899697,-0.48487689782653864,-1.0227318314410894,-1.349484615727887,2.8383111080439285,1.4548482325992662,-0.8276482379795262,0.0858397605422547,0.7583939605747146
13,40.0,1.2102465660055903,1.521407922172036,-0.07994533491960934,-0.337665907394465,-0.2959077839844113,0.6932728883701559,4.326744967185457,0.32149755943243197,-0.8292156999134073,-0.2151144190763828,,,-1.230300567297613,111,-0.9816708738363561,-0.9819479221010499,-0.9289947228416319,-0.7202100932153307,-0.8869356948744943,-0.8799328571491922,-0.21972519760988055,0.3446108390615173,-0.5722777204597755,0.8627627592195217,-0.8822642891131679,-0.9158861630290772,-1.349484615727887,2.801648094296349,1.4078697376456912,-0.8292156999134073,0.16217493721680193,0.33619019959343804
13,50.0,1.106680492744575,1.5281148284678778,-0.10301540905196307,-0.337665907394465,-0.273299079455819,0.5321269277404881,3.626319941253557,0.23395515970530825,-0.8289825280296479,-0.216365247355095,,,-1.147698149159333,112,-0.9358505975969715,-0.9322100381544312,-0.9881195908300364,-0.8037376318265954,-0.9582740307322674,-0.9557485545035131,-0.03136015978271041,-0.05324665258509983,-0.647475224752145,-0.00718142504270151,-0.4663937633480912,-0.9158861630290772,-1.0232472400555874,2.57437645083309,1.247667883320524,-0.8289825280296479,-0.2263719629871432,0.3116891633449682
13,60.0,1.008594212284366,1.4664643892465767,-0.12507805085346327,-0.337665907394465,-0.19807884117805222,0.3904561638033573,3.074412944341631,0.2094415393377235,-0.8321677140542096,-0.21819812505216346,,,-1.0676677933626328,107,-0.6105266362973417,-0.5938831132867728,-0.799838457818418,-0.8455014011322278,-0.667213620432553,-0.6595934867131971,0.4081582618140199,-0.07576688796132436,-0.7978702333368858,-0.07210263282346306,-0.9284721253092882,-0.8090404946170657,-1.0232472400555874,2.2111203876340375,0.9521363868139427,-0.8321677140542096,-0.3235983139121875,0.6898731268937797
13,70.0,0.8993830556472648,1.3927435991210526,-0.146470953413034,-0.337665907394465,-0.1240891111448165,0.2316902661882436,2.4129493461125766,0.16952108660201365,-0.8344134349460008,-0.2191945926579587,,,-0.9764280090830922,111,-0.5188860838185728,-0.5075250290717644,-0.6092612134286094,-0.6784463239096992,-0.6301176857865111,-0.6240548785783592,-0.4708785813794407,-0.23340853559488972,-0.284020620672355,-0.27335837694382964,0.03265086757000091,-0.7556176604110595,-1.0232472400555874,1.7790524932262364,0.6260836181036822,-0.8344134349460008,-0.4332008626794977,-0.1098531486971524
13,80.0,0.7911064015138014,1.337091238159682,-0.18173736276286204,-0.337665907394465,-0.058418233058230795,0.09334207603295223,1.8296324258800079,0.1351520696514704,-0.8368563253050618,-0.2201759393241759,,,-0.8836689921286758,113,-0.4776478352031265,-0.4572405749718865,-0.4669023079808003,-0.13551732293647806,-0.47888041376803187,-0.47242348386971766,-1.5382804624000714,0.07436801454683352,-0.29655353805441775,-0.039642028933081136,0.03265086757000091,-0.7021948262050537,-1.0232472400555874,1.3614194541818931,0.31565959413734596,-0.8368563253050618,-0.18574795738505612,-0.11276035284364964
13,90.0,0.6804419565147358,1.2259369668629287,-0.21658625460869105,-0.337665907394465,0.003731346410265066,-0.026538237362867242,1.3400734532665581,0.11119064797965993,-0.8418117277221332,-0.2215250699098558,,,-0.7864060344968702,110,-0.807553824126695,-0.7961140699928043,-0.6844588610643471,0.2821203701198459,-0.892642761743116,-0.8894098193184823,-1.8522221921120217,-0.496144614984166,0.4554215048692843,-0.5005826041764986,0.9660491587316204,-0.5953491577930417,-0.6970098643832878,0.972943536920412,0.016855918414513508,-0.8418117277221332,-0.41798074557395043,-0.9213795374307756
13,100.0,0.5827804866337345,1.1706650772505578,-0.1696498566379861,-0.337665907394465,0.046509391584672266,-0.1194831336056607,0.9338196294791951,0.08572354122108307,-0.8446857955320237,-0.22284613530928962,,,-0.6984287622716026,113.5,-0.6884211059042952,-0.675322066122445,-0.6505912182360378,-0.09375355363084566,-0.741405489724637,-0.7330399435251956,-1.9150105380544116,-0.27844900634733666,0.15463148769980453,-0.2473898938315227,0.3376225864643911,-0.5953491577930417,-0.6970098643832878,0.6422733458152516,-0.21945388568255253,-0.8446857955320237,-0.31470375983700655,-0.4026008079753359
13,110.0,0.4750583854949842,1.0728825797566808,-0.18629258731670517,-0.337665907394465,0.04531120511427997,-0.20724614327868143,0.5882482008597069,0.029684925483071067,-0.8554921352503057,-0.22432266899974765,,,-0.5989691196146267,112.5,-0.7388234097676182,-0.731618791908178,-0.6965134457998472,-0.09375355363084566,-0.7956226249765446,-0.7875324759986138,-1.9150105380544116,-0.2859557514727441,0.27996066152042154,-0.27335837694382964,0.3930719898997352,-0.48850348938102967,-0.6970098643832878,0.3940058379103719,-0.42797276987597793,-0.8554921352503057,-0.3161235235151601,-0.4345471892184624
13,120.0,0.3861434055720535,0.9939292424804558,-0.219810998378747,-0.337665907394465,0.026920647021982165,-0.2534462878265824,0.3630873388387642,-0.018608981842051273,-0.8565651832122917,-0.22664943276179417,,,-0.5148930902891877,110.5,-0.6242727191691569,-0.6124664984975973,-0.6833108053752519,-0.4696274773815372,-0.898349828611738,-0.8941483004031274,-1.9150105380544116,-0.9090155968816002,0.6434152656002098,-1.1692710443183576,1.1323973690376512,-0.48850348938102967,-0.6970098643832878,0.22670698268695288,-0.5354706904766934,-0.8565651832122917,-0.8726697757873859,-0.9516334124784273
13,130.0,0.2921132484825341,0.8947781618188153,-0.24008411853715064,-0.337665907394465,-0.010660505680889063,-0.29462695941607653,0.12955163223707833,-0.08245987615390382,-0.8495597832459045,-0.22786656018219598,,,-0.42396086720076687,115,-0.440991614211619,-0.42553950608283275,-0.5070842570991336,-0.4696274773815372,-0.7214307556844605,-0.7140860191866155,-1.6638571542848515,-0.8339481456275212,0.5055531743975318,-1.1562868027622053,1.0861895328415307,-0.3816578209690177,-0.6970098643832878,0.042698247496080755,-0.6290117403541094,-0.8495597832459045,-0.8229646251834495,-0.9114133909860352
13,140.0,0.20507654262049532,0.8133954691876348,-0.2599213230930003,-0.337665907394465,-0.05855122956960906,-0.3239614293553729,-0.025096917244226823,-0.1448449719614203,-0.8447604949626071,-0.22956373998587984,,,-0.3378789895013115,117,-0.4364095865876805,-0.42226008516327557,-0.44336716635434803,-0.21904486154774283,-0.6301176857865111,-0.6240548785783592,-1.6638571542848515,-0.5486918308620204,0.5306190091616556,-0.7537753145214744,0.8551503518609322,-0.3816578209690177,-0.3707724887109882,-0.07922246166054056,-0.6958786327405475,-0.8447604949626071,-0.6171393247895229,-0.7932799405517525
13,150.0,0.1090096262994905,0.6950183957183542,-0.19160734310849373,-0.337665907394465,-0.15242130094395756,-0.34818104075658163,-0.15870332603738452,-0.24294055704798495,-0.8343785219592765,-0.2305593240771044,,,-0.2406559145606701,118,-0.706749216400049,-0.6966383020995671,-0.5943364894703714,0.2403566008142135,-0.8155973590167211,-0.8135941219641614,-1.035973694860951,-0.8114279102512967,0.7687444394208268,-0.5655038119572624,1.1786052052337699,-0.27481215255700614,-0.3707724887109882,-0.15924148850060685,-0.7270756741414757,-0.8343785219592765,-0.46011429541209026,-0.9579270574172826
13,160.0,0.02709815141151176,0.6013512453053792,-0.213073318071167,-0.337665907394465,-0.2355110694113617,-0.3626024206038613,-0.22770213360509392,-0.3235043843412401,-0.8308920158537209,-0.23250132751926278,,,-0.15586467256321257,118,-0.34018700648497296,-0.3173186157374428,-0.44795938911072897,0.03153775428605153,-0.6529459532609984,-0.6477472840015844,-1.7266455002272416,-0.7663874394988498,0.6810140177463946,-0.630425019738024,1.0584648311238596,-0.16796648414499413,-0.3707724887109882,-0.17525623394646378,-0.7312117047797314,-0.8308920158537209,-0.873187201303474,-0.8643696748505344
13,170.0,-0.05473475894354548,0.5173565758901552,-0.2285624544877525,-0.337665907394465,-0.3095740166321584,-0.3739107270601107,-0.2851956304854523,-0.394525793656813,-0.8235395416252653,-0.2339163848283194,,,-0.06935525576458706,119.5,-0.37684322747648075,-0.3588579473851683,-0.322247291154801,0.03153775428605153,-0.5017086812425192,-0.4937466487506202,-0.847608657033781,-0.6462795174923238,0.7562115220387658,-0.5070747249545758,0.8736334863393798,-0.16796648414499413,-0.3707724887109882,-0.1882703683902687,-0.7259614774301647,-0.8235395416252653,-0.45474243891148014,-0.7535945546910605
13,180.0,-0.13922104245915215,0.4084999670510287,-0.23119284552967012,-0.337665907394465,-0.38910080989416,-0.38313516811189585,-0.3263931190306196,-0.4681764101580817,-0.8206597888774954,-0.2352973443090307,,,0.02190767341843492,123,-0.358515116980727,-0.33808828156130566,-0.18735074768611115,-0.051989784325213256,-0.49885514780820844,-0.4913774082082978,-1.7266455002272416,-0.6763064979939559,0.9818040349158761,-0.8771256093049248,1.2063299069514428,-0.06112081573298211,-0.044535113038688574,-0.15013826785988083,-0.6917139174046069,-0.8206597888774954,-0.49113581646699106,-1.1886217636363434
13,190.0,-0.2180306518580276,0.33497064488623224,-0.2533432029686358,-0.337665907394465,-0.4351752428153419,-0.39003714465172995,-0.35540756418608443,-0.5117378453828539,-0.8199808331792511,-0.23649722428562595,,,0.10888112792441174,126,-0.3310229512370963,-0.3129460545113665,-0.18907283121975382,0.36564790873110975,-0.4646127465964773,-0.4534695595311375,-1.7894338461696315,-0.5862255564890598,0.9818040349158761,-0.5979644158476444,1.1786052052337699,-0.007697981526976341,-0.044535113038688574,-0.13196824777392205,-0.6766209505509319,-0.8199808331792511,-0.4664111220866002,-1.0674686000292983
13,200.0,-0.30043272802796095,0.22868757802797346,-0.27372962336107975,-0.337665907394465,-0.4871812175001522,-0.39547312041135163,-0.3776745658862799,-0.5593265794831045,-0.8201859339178038,-0.23767194290841726,,,0.20178373784641637,126,-0.32644092361315774,-0.30584064251899246,-0.27976923065827747,0.03153775428605153,-0.5930217511404688,-0.5837777893588765,-1.6638571542848515,-0.8789886163799682,1.2449952999391711,-1.078381353425289,1.5667510292811755,0.045724852679029426,-0.044535113038688574,-0.04725003881900482,-0.6134544750686185,-0.8201859339178038,-0.7626219209315211,-1.2232961138384466
13,210.0,-0.3835755888084967,0.10240622774774621,-0.28675745483272747,-0.337665907394465,-0.5255819216413636,-0.39926917829216707,-0.39192557601984623,-0.5942140372875796,-0.822791702638558,-0.2389643996339323,,,0.29762442152329405,126,0.021793175806164484,0.051616237712750306,0.08416442278491172,0.11506529289731632,-0.1735523362967628,-0.1644222133677891,-1.161550386745731,-0.3985569283538625,0.7060798525105183,-0.6823619859626355,1.0954311000807546,0.045724852679029426,-0.044535113038688574,0.08091431385083299,-0.5249581281756853,-0.822791702638558,-0.5500816391251688,-0.9573155172033841
13,220.0,-0.45745689201005785,0.02115797268807243,-0.2902670673088661,-0.337665907394465,-0.5423024040947857,-0.4025965460531728,-0.40209353244466234,-0.6102275670424774,-0.8303442542058168,-0.23994899685688117,,,0.3846196473685007,131,-0.08359345954442006,-0.06043064370545649,0.09966317458769745,0.4491754473423746,-0.18496647003400668,-0.173899175537079,-1.3499154245729013,-0.24091528072029716,0.8063431915670116,-0.46162987950804163,1.1323973690376512,0.1525705210910419,-0.044535113038688574,0.14333484478911845,-0.5028733048338937,-0.8303442542058168,-0.3738531137743284,-1.0346901279292284
13,230.0,-0.5278981423033925,-0.04759849103432216,-0.2983774697431223,-0.337665907394465,-0.5477402711846042,-0.4046931201559123,-0.4119446704774795,-0.61629156552971,-0.8287215159632729,-0.24105280376490165,,,0.469218785335871,134,0.09968764541311793,0.12868262932234617,0.20987652074083946,0.2821203701198459,0.037609137842245385,0.04880943544123836,-0.5964552732642208,-0.030726417208877428,0.6810140177463946,-0.2798504977219046,0.8366672173824847,0.1525705210910419,0.28170226263361103,0.11707928587235758,-0.5165616926377814,-0.8287215159632729,-0.2927804579432402,-0.695909533662202
13,240.0,-0.5969602786644601,-0.13522836120567266,-0.30312281334646013,-0.337665907394465,-0.552729741939202,-0.4072773967129489,-0.41877271352781625,-0.621854429130901,-0.8388762428418031,-0.24213439565561465,,,0.5537763283584728,134,0.09968764541311793,0.12649634870930776,0.29770278095662506,0.5744667552592717,0.11180100713432968,0.12225589225323691,-0.5336669273218307,0.02932754379438658,0.6559481829822725,-0.16299232371653155,0.6333527381195575,0.25941618950305345,0.28170226263361103,0.11155456452196585,-0.5518545599173926,-0.8388762428418031,-0.15403976138413736,-0.7292658633198895
13,250.0,-0.660830833458063,-0.18734437928545275,-0.13255657786789607,-0.2697707236351835,-0.5534745361998613,-0.40951177156683377,-0.4265005191392531,-0.6237945619842568,-0.8448637006494083,-0.2430630879167929,,,0.6334411953508283,137,0.053867369173733436,0.0827707364485441,0.3648640387686962,0.9503406790099633,0.2601847457184974,0.27151804641955607,-1.0987620408033412,0.4046648000647813,0.30502649628454354,0.26548764763650395,0.61486960364111,0.36626185791506594,0.28170226263361103,0.0537636210193765,-0.608429788804657,-0.8448637006494083,0.20060921276967145,-0.5088994268732729
13,260.0,-0.7235644043209818,-0.22515707906324592,-0.1351397989532254,-0.27035747213680694,-0.5531038123846573,-0.41174082326885586,-0.4332546521558669,-0.6247030694700653,-0.8546293384518951,-0.243975708840895,,,0.7130952128443404,141,0.04470331392585673,0.07183933338335344,0.315497644137601,0.6162305245649041,0.10609394026570775,0.11514817062626904,-0.09414850572510046,0.07436801454683352,0.6559481829822725,0.0058028165134508015,0.6888021415549016,0.36626185791506594,0.28170226263361103,-0.007458651852849711,-0.6746126928284266,-0.8546293384518951,-0.06416842594008275,-0.7921073689519921
13,270.0,-0.7835185374995396,-0.2598361954014305,-0.13899838103052606,-0.27093416619654204,-0.5550292109952714,-0.41380497149381285,-0.43963407171688673,-0.6274792301537842,-0.8652687166752759,-0.2448726720293435,,,0.7905583025261178,142,-0.10192157004017378,-0.08010716922280038,0.2661312495065063,1.1173957562324928,0.014780870367758063,0.025117030018013083,-1.0987620408033412,0.1944759365533594,0.6810140177463946,-0.046134149711158444,1.2063299069514428,0.4731075263270775,0.6079396383059107,-0.048190754748994195,-0.7265127662267784,-0.8652687166752759,0.058512163124728206,-0.9124756232561666
13,280.0,-0.8446877632599397,-0.3034689202242735,-0.1383712365944848,-0.27150106205623314,-0.5579085666646919,-0.4157783045026971,-0.44545505928931306,-0.6309901730820852,-0.8784683874572158,-0.24575437701203523,,,0.8709750508916252,141.5,0.21423833601157918,0.24892806303944598,0.4239889067571006,0.5327029859536393,0.15460400864899354,0.16727146255736472,-0.5336669273218307,-0.0006994367072454255,0.7562115220387658,-0.2993268600561343,1.0030154276885155,0.4731075263270775,0.6079396383059107,-0.07874000967189339,-0.7757479496453562,-0.8784683874572158,-0.2898031650174865,-0.9399417411013502
13,290.0,-0.9020773284242367,-0.3393372082811326,-0.017462388926124034,-0.20645090725318213,-0.55916406737983,-0.41737934942332716,-0.4518036677796847,-0.6330625597752074,-0.8870526234025579,-0.24662120984071695,,,0.9477266175193412,146,0.29213280561853294,0.3287273054153395,0.5829946196967905,0.7832856017874337,0.41427555117128756,0.4278879222128427,-0.09414850572510046,0.2545298975566234,0.5306190091616556,0.09669250740651929,0.5963864691626625,0.579953194739089,0.6079396383059107,-0.13325556203364497,-0.8235933607423037,-0.8870526234025579,0.018498924131499467,-0.6720660321515379
13,300.0,-0.960227759447752,-0.38255343554725335,-0.02298646737935044,-0.20754697527345534,-0.5609681247190215,-0.4191833439577798,-0.45863206365910275,-0.6356998567302515,-0.9007859189289305,-0.24747354365258178,,,1.0268166284520521,146,0.21423833601157918,0.24728835257966728,0.47909557983367185,0.49093921664800694,0.24306354511263206,0.2573026031656207,-0.3453018894946606,0.036834288919794046,0.7562115220387658,-0.12403959904807461,0.7904593811863644,0.579953194739089,0.6079396383059107,-0.1925037568678497,-0.8802780044041644,-0.9007859189289305,-0.13354980770991984,-0.8474913668885274
13,310.0,-1.0153927456221323,-0.4286822032464459,0.01868197245116103,-0.20862488358688386,-0.5629515838820945,-0.42012530753189514,-0.4640983803286682,-0.6381242365213375,-0.9040490829006443,-0.24831173920584942,,,1.103106185530722,147,0.35169916472973267,0.3855706013543323,0.7196132466991235,0.9085769097043299,0.5341239554123465,0.5510884304136142,-0.5336669273218307,0.4497052708172282,0.5055531743975318,0.19407431907766506,0.6518358725980049,0.6867988631511015,0.6079396383059107,-0.24124627177786345,-0.908114515388756,-0.9040490829006443,0.1199182244958353,-0.7072578829632495
13,320.0,-1.0671796252450834,-0.47743841254130454,0.021959360523433263,-0.2095346910402863,-0.5610514698757098,-0.42114425999831034,-0.4689780347578427,-0.6372264378348257,-0.9125701109023725,-0.24901920441212674,,,1.1758680146375298,150,0.5349802696872706,0.5752304445353942,0.9251152150471701,0.9921044483155947,0.8308914325806824,0.8448742576616077,0.21979322398684975,0.5472929574475317,0.3300923310486673,0.36286945930764974,0.37458885542128767,0.6867988631511015,0.9341770139782103,-0.3112967238408177,-0.9518670456419099,-0.9125701109023725,0.2710315255931257,-0.4986889331749819
13,330.0,-1.1140344224728935,-0.5325704164524693,0.05813089398611945,-0.21043175906610315,-0.5537729810587644,-0.42161011468260307,-0.47058980772036824,-0.6313264126418613,-0.9195536400996244,-0.24971675186823722,,,1.2426768309991716,151,0.33795308185791745,0.37299948782936293,0.8464734003441463,1.2426870641493892,0.6796541605622035,0.6956121034952882,-0.7220319651490009,0.35211758418692685,0.5180860917795928,0.19407431907766506,0.7442515449902457,0.7936445315631131,0.9341770139782103,-0.36796537762613196,-0.9841419504448246,-0.9195536400996244,0.3828601216853588,-0.6600540230923825
13,340.0,-1.1586776380725652,-0.5922500022832876,0.05737842630471102,-0.2114625912863561,-0.5442368588592678,-0.422278710127005,-0.47399482027741535,-0.6237246579377774,-0.9272545708872395,-0.25051829827186,,,1.3072141388879672,155,0.4754139105760709,0.5156542978301037,0.8941177114415987,0.7832856017874337,0.5683663566240776,0.5842577980061298,-0.847608657033781,-0.030726417208877428,0.7060798525105183,-0.02016566659885382,1.0954311000807546,0.9004901999751256,0.9341770139782103,-0.4409701314143521,-1.0200540483612133,-0.9272545708872395,-0.04105793046097582,-1.0112955120904719
13,350.0,-1.2030906657733456,-0.6662610504704202,0.05670431449392039,-0.21218873234566626,-0.535274240730756,-0.42274786174039425,-0.47620712112843727,-0.6164490946106935,-0.9345739086186684,-0.24712899569378588,,,1.3722903311461134,154,0.8373940928672087,0.8834960109737777,1.1208587100379075,0.6579942938705365,0.8908156347012122,0.9064745117619933,-0.3453018894946606,0.04434103404520151,0.5932835960719641,-0.03314990815500613,0.6888021415549016,0.9004901999751256,0.9341770139782103,-0.48773665400328214,-1.0429285330655915,-0.9345739086186684,-0.11153700382692511,-0.784404126517769
13,360.0,-1.246523306456836,-0.7508250294575204,0.054937579997688835,-0.21304914726028662,-0.5254832768116471,-0.42255901687702585,-0.47252968447023314,-0.6077738000975194,-0.9404513558560912,-0.24238666425774993,,,1.436787928050348,153,0.8786323414826543,0.9310476143073585,1.090435234276884,0.36564790873110975,0.7481389629856658,0.7619508386803192,-0.09414850572510046,-0.30096924172356115,0.9567382001517524,-0.5590116911791851,1.1231558017984273,1.0073358683871372,1.26041438965051,-0.47962969270117706,-1.0455270496687914,-0.9404513558560912,-0.3737020745409201,-1.020552363628217
14,0.0,2.3104697351416976,1.9718918806166488,0.3019588846559823,-0.337665907394465,0.97503358440657,1.5622209867905985,6.23379605948393,1.8134666372041541,-0.7762438241171401,-0.1969422833408339,,,-2.0029528241438084,90,-1.5590063544526007,-1.687023419805863,-1.4031417224379632,1.869143603733876,-1.3549151781014859,-1.3537809656136977,-1.7266455002272416,1.5006495883743334,-0.7728043985727621,1.576896044807915,-0.6789498098502422,-3.800719210153399,-1.349484615727887,1.2705838243835326,0.7003837710227819,-0.7762438241171401,1.9615756832841673,0.9003169640970791
14,10.0,2.185122358067132,2.065780648266634,0.23538844408728415,-0.337665907394465,0.9818166295928876,1.416617115115496,5.510539889728664,1.7149949452581534,-0.7668155750069168,-0.20065262387796537,,,-1.9235517575842649,86.5,-1.3757252494950627,-1.5241455141345184,-1.4146222793289156,0.1568290622029487,-1.463349448605301,-1.462766030560534,-1.4127037705152914,0.29957036830907036,0.27996066152042154,0.34339309697342013,-0.161422044453701,-1.1295774998531014,-1.349484615727887,1.1293669393460304,0.6359918491506759,-0.7668155750069168,0.1472809732107518,0.11176702323497534
14,20.0,2.0646267941691554,2.1999779301683096,0.19406528802831227,-0.337665907394465,0.8648504498291357,1.2282700274753808,4.549779621650079,1.4788021165690377,-0.7492767079701743,-0.20244050797419466,,,-1.8453146599895922,86,-1.2565925312726631,-1.4181109044021667,-1.33885060384863,-0.051989784325213256,-1.3377939774956202,-1.3395655223597625,-0.847608657033781,-0.16584782946621823,0.7060798525105183,0.16161371518728315,0.2821731830290486,-1.1295774998531014,-1.349484615727887,1.0025805268225814,0.627724645713819,-0.7492767079701743,0.21170314912520316,0.4349969387484477
14,30.0,1.9223241568768523,2.2740195360460502,0.12427112778992588,-0.337665907394465,0.794439374770072,1.0330253568780396,3.602229040675742,1.2812520667699439,-0.725865527260347,-0.20393892502089833,,,-1.7504112645203695,100.5,-0.9999989843321098,-1.1951102818722723,-0.8842205509669178,1.535033449288817,-0.8441326933598304,-0.8420250084720318,-1.8522221921120217,1.0352313905990447,-0.09602685994142948,1.2587821266821753,-0.37397809095585205,-1.0227318314410894,-1.349484615727887,0.8192317428561346,0.5754734103309794,-0.725865527260347,1.1874078370618641,0.2960648687220917
14,40.0,1.7811601308834621,2.390200500623101,0.07276123446264406,-0.337665907394465,0.7044759615602393,0.8633623237588842,2.7545524434321216,1.0830841342579862,-0.6920888242114526,-0.20516432533482437,,,-1.6534710521049822,101,-1.2520105036487246,-1.4170177640956476,-1.1735305846189166,1.3262146027606538,-1.2236526401231833,-1.2234727357859587,-1.8522221921120217,0.23200966218039887,0.4052898353410386,0.8757470007756764,0.0049261658523296736,-0.9158861630290772,-1.349484615727887,0.6372718110313198,0.5452191531198461,-0.6920888242114526,0.7413034382087368,-0.052397935987432455
14,50.0,1.6186698699466182,2.35105388886184,-0.03465863840067106,-0.337665907394465,0.6215672654530019,0.7215500589541856,1.977640287503124,0.9050031997074021,-0.6362273525031562,-0.20612979220642233,,,-1.538273966469786,100,-0.9221045147251562,-1.1267890127148292,-1.154587665748845,-0.5949187852984343,-1.2835768422437128,-1.2850729898863444,-1.8522221921120217,-1.4495012459109677,1.1321990435006168,-0.8836177300829998,0.6425943053587813,-0.8624633288230715,-1.0232472400555874,0.4282785764680626,0.5269272519896162,-0.6362273525031562,-0.7178584550661674,-0.5633974309449759
14,60.0,1.4804532868187645,2.2986356877518666,-0.08991475679143829,-0.337665907394465,0.5411489303763826,0.5849917923957878,1.5893276764588355,0.7640785007345252,-0.6189908504075581,-0.20778843528952193,,,-1.4370978536313608,100,-0.6426008296649107,-0.8813790139012935,-1.0105066767673934,-0.9707927090491251,-1.0524406340645278,-1.0505181761964142,-1.7266455002272416,-0.8864953615053757,0.355158165812791,-0.7213147106310924,0.023409300330777164,-0.8090404946170657,-1.0232472400555874,0.34186085082442796,0.4709899340915482,-0.6189908504075581,-0.6614862106502305,-0.07587112993236557
14,70.0,1.3469541239113496,2.1867503049463877,-0.15530417456100468,-0.337665907394465,0.42809078131618794,0.49724102430447953,1.1745761900755658,0.6072048770061146,-0.5627860208589067,-0.20917968113402824,,,-1.3364601920292887,100,-0.6609289401606645,-0.9026952498784158,-0.9955819528091554,-0.8037376318265954,-1.0524406340645278,-1.0528874167387368,-1.9150105380544116,-1.014110028637311,0.6935469351284573,-0.6563935028503309,0.14354967444068914,-0.8090404946170657,-1.0232472400555874,0.2336353676961566,0.5077989010502756,-0.5627860208589067,-0.6039610061524494,-0.1648178670305288
14,80.0,1.2377893695337865,2.1351438788112262,-0.17679550486228232,-0.337665907394465,0.33902014897182275,0.4549487541541171,0.9402674642946188,0.49929988118326907,-0.5125126062249532,-0.2125403671289257,,,-1.2519482128645476,99.5,-0.67467502303248,-0.9087075215642706,-1.0501145980411788,-1.05432024766039,-1.1466072373967884,-1.1452877978893155,-1.8522221921120217,-1.5545956776666785,1.0194027870620608,-1.1303183196499007,0.4023135571389589,-0.7021948262050537,-1.0232472400555874,0.17434486743364178,0.5734671937150132,-0.5125126062249532,-0.877943055584597,-0.37615522640701177
14,90.0,1.1307840983615833,2.0542674224635054,-0.19823890246567605,-0.337665907394465,0.24779636549405035,0.3899769945251197,0.7702051870913988,0.3886010073911181,-0.48694201252721997,-0.2151144190763828,,,-1.16709451404942,99,-0.8625381556139565,-1.0748648481551726,-1.1827150301316784,-1.05432024766039,-1.3577687115357968,-1.3608886872406654,-1.7894338461696315,-2.1176015620722706,1.2199294651750492,-1.6561801026740797,1.049223263884636,-0.6487719919990474,-0.8601285522194376,0.14937240237298996,0.6086872712429575,-0.48694201252721997,-1.1317198647604465,-0.8637761593400451
14,100.0,1.00089296765377,1.908581309331114,-0.27040057079262814,-0.337665907394465,0.12716222230097915,0.30281861187809,0.5440450407908415,0.241747421385476,-0.44064533726551836,-0.21657144213078516,,,-1.061308360343964,99.5,-0.47306580757918826,-0.7348982128277355,-0.9140699988833939,-0.9707927090491251,-1.0181982328527968,-1.0173488086038989,-1.8522221921120217,-1.8773857180592188,1.2073965477929864,-1.2212080105429668,0.6795605743156778,-0.5953491577930417,-0.6970098643832878,0.10669640883260495,0.6658867919211532,-0.44064533726551836,-0.9222603796225349,-0.43686840697690904
14,110.0,0.8877113034580579,1.845789790871791,-0.3162686978539584,-0.337665907394465,0.09300666597352758,0.22485010836806252,0.39532447364591633,0.17755797726315745,-0.41671823891736387,-0.21859854890546163,,,-0.9665406543599454,104,-0.491393918074942,-0.7540281681918194,-0.9519558366235366,-1.1378477862716545,-1.132339570225234,-1.1310723546353803,-1.9777988839968017,-2.147628542573903,1.4831207301983442,-1.7925146390136824,1.0584648311238596,-0.541926323587036,-0.6970098643832878,0.04114731187959477,0.5920098517889285,-0.41671823891736387,-1.1972940441347555,-0.8421737690699461
14,120.0,0.7568713077288671,1.7017603352136041,-0.40623023250670104,-0.337665907394465,0.08572744044787396,0.11601106695479602,0.23121104793372463,0.12596983253773864,-0.4050489673602296,-0.21879783960941493,,,-0.8538497017787775,106,-0.20272617776681948,-0.4965936260065736,-0.786635817393823,-1.388430402105449,-0.9097639623489816,-0.9131022247417075,-1.8522221921120217,-2.057547601069009,1.382857391141851,-1.6172273780056226,0.5963864691626625,-0.48850348938102967,-0.6970098643832878,-0.05924228516757836,0.39510937239571786,-0.4050489673602296,-1.1331748297688327,-0.539941528253508
14,130.0,0.5845013690086621,1.3698088233947776,-0.4604732820783879,-0.337665907394465,0.11873850751299679,-0.013528100441880957,0.04694876748223989,0.10086924716554739,-0.39480390954718486,-0.2175928403773788,,,-0.6999968181381386,108,-0.34935106173285,-0.6255841821758263,-0.8784802725214415,-1.3049028634941842,-1.0695618346703935,-1.0694721005349943,-1.4754921164576813,-1.8173317570559548,1.1572648782647406,-1.967801900021742,1.0954311000807546,-0.3816578209690177,-0.6970098643832878,-0.2100898405603359,0.06912268203249375,-0.39480390954718486,-1.2880717906453398,-0.8825684993989341
14,140.0,0.46075551168237994,1.1647622668658488,-0.49328989091685205,-0.337665907394465,0.24784512198384515,-0.09490148169061952,-0.053648154412122485,0.1783177115374014,-0.4055449369665939,-0.21879783960941493,,,-0.5855673463833866,107,-0.3035307854934655,-0.5884174117541773,-0.836002212024918,-1.2213753248829193,-1.0581477009331497,-1.0599951383657042,-0.973185348918561,-1.682210344798614,1.2324623825571102,-2.1495812818078766,1.0584648311238596,-0.3816578209690177,-0.3707724887109882,-0.3407881706630233,-0.25019845818669884,-0.4055449369665939,-1.3290680752322745,-1.0266630225966047
14,150.0,0.3789704552616508,1.049014978512283,-0.5148490431302942,-0.337665907394465,0.40980510853946384,-0.13819331163865595,-0.10439820225238464,0.29886550390857275,-0.41775137178034527,-0.22171549120597775,,,-0.5080304613961287,106,-0.3310229512370963,-0.6102802178845591,-0.747601923964585,-1.2213753248829193,-0.9611275641665784,-0.9604870355881582,-1.0987620408033412,-1.9674666595641128,1.382857391141851,-1.6951328273425366,0.9475660242531714,-0.27481215255700614,-0.3707724887109882,-0.424722816775702,-0.45560072073384994,-0.41775137178034527,-1.0386377118469066,-0.9604604254335074
14,160.0,0.2775486650335627,0.8834720919425756,-0.563322560361589,-0.337665907394465,0.5229448326709367,-0.19488559255394988,-0.17481921310501894,0.37246348838225407,-0.43232482420629464,-0.22284613530928962,,,-0.4096859007769584,110,-0.20272617776681948,-0.4965936260065736,-0.6844588610643471,-0.8872651704378602,-0.9240316295205362,-0.9225791869109978,-1.6638571542848515,-1.9149194436862584,1.6084499040189613,-1.7665461559013753,1.3819196844966972,-0.27481215255700614,-0.3707724887109882,-0.49404673253673487,-0.6232927993773825,-0.43232482420629464,-1.1676375303596236,-1.0611524401509287
14,170.0,0.18603337154403704,0.7429848070373296,-0.5832908193625422,-0.337665907394465,0.5587933016068102,-0.2319816905422166,-0.22111583042114497,0.3882195091421698,-0.44538077023810835,-0.2245048000747086,,,-0.3187933819276787,115,-0.36767917222860375,-0.6403415763138341,-0.5817078768903238,0.1568290622029487,-0.8755215611372507,-0.8751943760645473,-1.4127037705152914,-1.6747035996732045,1.508186564962468,-1.0653971118691368,1.6499251344341908,-0.16796648414499413,-0.3707724887109882,-0.5290391514037915,-0.7091404547078553,-0.44538077023810835,-0.7523872100862479,-1.2582559677601446
14,180.0,0.142375857133043,0.7065090614716588,-0.5871536600902499,-0.337665907394465,0.6334381257744847,-0.23316738867692002,-0.23416203651780879,0.4500594291270539,-0.42085141748552063,-0.2285512097486519,,,-0.2746915363734415,114,-0.4776478352031265,-0.7381776337472926,-0.6563314966815138,-0.761973862520963,-0.9554204972979564,-0.9557485545035131,0.09421653210206968,-1.682210344798614,1.6209828214010222,-1.0913655949814414,1.5575094620419516,-0.06112081573298211,-0.044535113038688574,-0.5478331056289311,-0.7336551266438885,-0.42085141748552063,-0.7410638601445384,-1.3130291866738695
14,190.0,0.084183838681427,0.6260305044908407,-0.5963665146371415,-0.337665907394465,0.6352146569952517,-0.24819341792969427,-0.24915101641718854,0.4459580241118202,-0.4348739908566335,-0.23137633731313,,,-0.21514427735950423,110,-0.23021834351045026,-0.5179098619836959,-0.560468846642062,-0.34433616946464,-0.861253893965696,-0.8562404517259671,-1.4754921164576813,-1.9899868949403372,2.0345690950090596,-1.4549243585537153,1.6868914033910873,-0.06112081573298211,-0.044535113038688574,-0.5569551859794898,-0.7625103044856151,-0.4348739908566335,-0.974291245595326,-1.2785117342772543
14,200.0,0.008901879548752309,0.5453710427533871,-0.6040967389429036,-0.337665907394465,0.558941977561364,-0.2667675637654944,-0.2693911148540283,0.37419114810952153,-0.4504983665238927,-0.233134531889276,,,-0.13678604727350488,118,0.06303142442161047,-0.2615684601049693,-0.3365979872684914,-0.553155015992802,-0.6529459532609984,-0.6524857650862296,-1.2243387326881212,-1.5470889325412711,1.7087132430754544,-1.448432237775638,1.539026327563504,0.045724852679029426,-0.044535113038688574,-0.5600118986033483,-0.7784693943233347,-0.4504983665238927,-0.9729020859352274,-1.2536422210524951
14,210.0,-0.07653935398700028,0.43566695378611076,-0.6165293064967965,-0.337665907394465,0.38145743784539,-0.28747856542323386,-0.28605906757554384,0.21628122831619367,-0.48663291449395835,-0.23422616763603699,,,-0.04599379240752267,122,-0.05610129380078929,-0.36869621014384,-0.3153589570202296,0.11506529289731632,-0.6044358848777127,-0.6027317136974566,-0.973185348918561,-1.209285401897916,1.5833840692548373,-0.8641413677487725,1.5852341637596246,0.045724852679029426,-0.044535113038688574,-0.5457538130843835,-0.7716410809034584,-0.48663291449395835,-0.6666569323538878,-1.1479879720935449
14,220.0,-0.15202535616429153,0.3430463554027851,-0.6164370943474705,-0.337665907394465,0.23042769963470133,-0.3015550410099436,-0.29359538505896077,0.08350069089100291,-0.5238687748781261,-0.2352973443090307,,,0.035915829856780546,125,0.20049225313976396,-0.1446024473074264,-0.14716879856777781,-0.051989784325213256,-0.3618855429612841,-0.3586999378382364,-0.5964552732642208,-0.6162525369906918,0.9316723653876285,-0.7342989521872447,1.1508805035160987,0.1525705210910419,-0.044535113038688574,-0.5231159481861792,-0.7539082492649872,-0.5238687748781261,-0.5729609522292511,-0.8561262886817078
14,230.0,-0.224899681438418,0.25068349696640835,-0.6357509100062007,-0.337665907394465,0.08361182168352317,-0.313875019825395,-0.29753723909229407,-0.04489151841054799,-0.564809776174898,-0.23649722428562595,,,0.11654787981431447,126,-0.14774184627955828,-0.44904202267299326,-0.19251699828703964,0.36564790873110975,-0.4845874806366538,-0.4866389271236527,-0.2825135435522706,-0.8414548907529287,1.4956536475804052,-0.47461412106419393,1.3726781172574736,0.1525705210910419,0.11858357479746125,-0.4886164865181537,-0.7253125605604888,-0.564809776174898,-0.21816835399872178,-1.1242956951771628
14,240.0,-0.29742796097645935,0.120806151516249,-0.6432904373717421,-0.337665907394465,-0.07259271245172787,-0.32446775069991135,-0.2987038507672801,-0.18051078460362624,-0.6059350146535195,-0.2373805787336429,,,0.1983600430148668,127,0.29213280561853294,-0.061523784011975946,-0.01514239432182599,0.7832856017874337,-0.31052194114368753,-0.3113151269917859,-0.21972519760988055,-0.7663874394988498,1.3076598868494795,-0.7602674352995517,1.7793070757833265,0.25941618950305345,0.28170226263361103,-0.42915608191858573,-0.6688047146185142,-0.6059350146535195,-0.6185684223146678,-1.0915191262580817
14,250.0,-0.36383172111967693,-0.016201152420746236,-0.6622600156856856,-0.337665907394465,-0.18977574987451415,-0.3335174947558118,-0.2933148050062438,-0.2820271399405519,-0.653179305874146,-0.23867979805636413,,,0.274670198421075,125,-0.16606995677531203,-0.4670788377305582,-0.055324343440159324,0.6162305245649041,-0.5102692815454523,-0.5055928514622329,-1.2243387326881212,-0.7964144200004818,1.508186564962468,-0.47461412106419393,1.48357692412816,0.25941618950305345,0.28170226263361103,-0.3478466300438318,-0.6084507964317892,-0.653179305874146,-0.23742594257636407,-1.6077500867336212
14,260.0,-0.4331728021427444,-0.1564485893484946,-0.6724223976182657,-0.337665907394465,-0.29733876544285776,-0.34274903377002236,-0.2946838329561777,-0.37602016998817483,-0.688125281819236,-0.23952920172641187,,,0.35583164603894896,130,-0.22105428826257353,-0.5108044499913219,-0.16783380097149203,0.699758063176169,-0.5901682177061581,-0.5861470299011989,-0.7220319651490009,-1.3819405397822984,2.134832434065553,-0.929062575529534,2.130486630873837,0.36626185791506594,0.28170226263361103,-0.24120792493131765,-0.5244586957467907,-0.688125281819236,-0.3285707208015705,-1.5540210870986808
14,270.0,-0.49947904503335033,-0.2882759018240469,-0.6889094699856873,-0.337665907394465,-0.36904802648097784,-0.3490447525121836,-0.29395914136511686,-0.43858197198800936,-0.7147139942870561,-0.24064151602301861,,,0.4348903092727025,130,0.1271798111567487,-0.2090977253920529,-0.011698227254540413,0.2821203701198459,-0.3847138104357714,-0.38239234326146165,-1.3499154245729013,-0.9465493225086397,1.6585815735472087,-1.0848734742033663,1.7423408068264314,0.4731075263270775,0.6079396383059107,-0.12216792063641492,-0.4357791732901715,-0.7147139942870561,-0.4994057659041928,-1.3325529715399442
14,280.0,-0.5637001657513641,-0.4495582349339565,-0.6944631303972768,-0.337665907394465,-0.42283633169870083,-0.3551535511255542,-0.293129705871578,-0.4858823069062197,-0.7405075158937636,-0.24159633446024364,,,0.5128511578498336,131,0.15008994927644095,-0.1877814894149308,0.11745803776867339,1.0338682176212282,-0.31908254144662024,-0.3160536080764306,-0.09414850572510046,-1.029123518888126,1.758844912603702,-0.6628856236284059,2.047312525720822,0.4731075263270775,0.6079396383059107,0.01610701199407147,-0.3483236054386914,-0.7405075158937636,-0.4035143894019553,-1.4786413939485068
14,290.0,-0.623896807706809,-0.6025856854637972,-0.6892866313327434,-0.337665907394465,-0.454926316449488,-0.3603592958075229,-0.292643659652835,-0.5145506366659955,-0.762049893567999,-0.24240140092564547,,,0.5872000716485593,133,0.3196249713621637,-0.039660977881594124,0.19035957402622058,0.4491754473423746,-0.19638060377125055,-0.1928530998756595,-0.847608657033781,-0.9165223420070077,1.7839107473678257,-0.8771256093049248,1.7423408068264314,0.579953194739089,0.6079396383059107,0.13512190027892793,-0.29213224502125,-0.762049893567999,-0.4341273340357109,-1.309559238357335
14,300.0,-0.6775304395831128,-0.7091567201011015,-0.6860303564493991,-0.337665907394465,-0.46795922957413866,-0.3635925091738578,-0.2907593009471503,-0.5263696088893529,-0.7772422682721063,-0.2433254583271134,,,0.6545072423835553,137,0.5029060763197017,0.12103064717671243,0.14443734646241121,0.4491754473423746,-0.2819866068005783,-0.2828842404839155,-0.7220319651490009,-1.0816707347659826,2.134832434065553,-1.2017316482087395,1.9456552860893572,0.579953194739089,0.6079396383059107,0.20337070548689376,-0.27820554110095225,-0.7772422682721063,-0.8619045714260326,-1.43907410103142
14,310.0,-0.7229106215678175,-0.7678554081865434,-0.691713317734104,-0.337665907394465,-0.47400183122782086,-0.3672111197338242,-0.2928673160798477,-0.5327152987011484,-0.7892860851945751,-0.243975708840895,,,0.7122577721634523,142,0.6037106840463474,0.21394757323083508,0.5565893388476,0.36564790873110975,0.09467980652846388,0.0961942462876889,-0.847608657033781,-1.0516437542643506,2.159898268829677,-1.1368104404279755,2.056554092960045,0.6867988631511015,0.6079396383059107,0.22985998481799436,-0.29652541956301537,-0.7892860851945751,-0.336146554287275,-1.4012587079596284
14,320.0,-0.7698207991668613,-0.8393931836118372,-0.6968003683685554,-0.337665907394465,-0.47984114443848497,-0.3708427999607614,-0.29497719755155555,-0.5388924935311188,-0.8016275283918377,-0.2444892083916587,,,0.7727432218056137,144,0.7824097613799472,0.3697200669098055,0.6805793532698853,0.7415218324818014,0.13748280804312776,0.13884057604949432,-0.5964552732642208,-0.6237592821160993,1.721246160457517,-0.5200589665107281,1.7700655085441026,0.6867988631511015,0.7710583261420605,0.25743926400105677,-0.3173944153666124,-0.8016275283918377,-0.5104101919096028,-1.559717103412706
14,330.0,-0.8127945387113739,-0.8862550536797056,-0.6979335486813865,-0.337665907394465,-0.4821817855541478,-0.37502028400076554,-0.29857398522845,-0.5423875049816843,-0.8149454129149091,-0.24525239113243524,,,0.8288696789193652,155,0.8328120652432699,0.4139922493238284,0.6645065736225523,0.7832856017874337,0.16887167582054818,0.17200994364200983,-0.7220319651490009,-0.7814009297496668,1.9092399211884428,-0.8251886430803133,1.9826215550462538,0.7936445315631131,0.9341770139782103,0.26235653944399145,-0.36188258787943434,-0.8149454129149091,-0.5250275098803883,-1.4515747058928936
14,340.0,-0.8521172952155897,-0.8855101747129308,-0.692835761408703,-0.337665907394465,-0.48313345942811603,-0.3794511126490172,-0.30275395570433783,-0.5448276066551118,-0.8292424715298619,-0.24399665518144126,,,0.8808393153226143,151,1.2177023856540998,0.7528657443447465,0.8964138228197894,0.699758063176169,0.45422501925164066,0.46105728980535826,-0.847608657033781,-1.1567381860200614,1.9343057559525647,-0.812204401524161,1.7793070757833265,0.7936445315631131,0.9341770139782103,0.25768529267968826,-0.4173193574897703,-0.8292424715298619,-0.55760465152689,-1.2689968928542574
14,350.0,-0.8897579208060559,-0.8877604238202439,-0.6842179834745046,-0.337665907394465,-0.4832014216874334,-0.384197140670659,-0.30667639767936616,-0.5465865144808578,-0.845748503471227,-0.24104341646324143,,,0.9311428684365727,153,1.1627180541668385,0.7025812902448685,0.7965329778685039,0.3238841394254783,0.3486442821821364,0.3544414654008445,-0.7848203110913909,-0.6988267333701783,1.4831207301983442,-1.0913655949814414,1.7146161051087585,0.9004901999751256,0.9341770139782103,0.24967947899186657,-0.4824201029273597,-0.845748503471227,-0.6468421604930774,-1.3045892083810067
14,360.0,-0.9301305857207651,-0.9194504329953818,-0.6790267080752511,-0.337665907394465,-0.4884236167992197,-0.3890641165845339,-0.31085224951404433,-0.5527733229345506,-0.863253577038823,-0.23771567538707933,,,0.9857135969466729,152,1.213120358030161,0.7468534726588915,0.771275752708409,0.1568290622029487,0.28586654662729594,0.2904719707581362,-1.035973694860951,-1.4419945007855601,2.134832434065553,-1.2147158897648918,1.8347564792186706,0.9539130341811313,1.09729570181436,0.2701051781334685,-0.5332938149323253,-0.863253577038823,-0.7954343694234068,-1.397221495972817
14,370.0,-0.9713615424841394,-0.9851614737351629,-0.6737379835591397,-0.337665907394465,-0.4976743456002652,-0.3941316679631133,-0.316077226041458,-0.5625248600918528,-0.881650157573321,-0.20980793793759325,,,1.0421140949519485,150.5,1.3597452419961915,0.8763905989814037,0.9710374426109795,0.36564790873110975,0.5198562882407919,0.5250267844480665,-0.5964552732642208,-0.9765763030102717,1.4831207301983442,-0.7927280391899313,1.548267894802728,1.0073358683871372,1.26041438965051,0.3137670563345775,-0.5780045649000671,-0.881650157573321,-0.6216092586402772,-1.2725280493381024
14,380.0,-1.0113705942008935,-1.0206653609505993,-0.6702159770852048,-0.337665907394465,-0.5108846520515259,-0.3988592355131137,-0.3192621504797879,-0.5753608377154638,-0.9009200994161534,-0.1968847508099622,,,1.0975016787202176,151,1.2360304961498534,0.7648902877164566,1.2040927474973118,0.9503406790099633,0.5854875572299431,0.5889962790907745,-0.7220319651490009,-0.6612930077431388,1.3327257216136035,-0.46162987950804163,1.6129588654772957,1.1141815367991486,1.26041438965051,0.40497228017023157,-0.6106855993672902,-0.9009200994161534,-0.3828296910115862,-1.5638391245493797
14,390.0,-1.048292786617895,-1.0757094744203504,-0.6619449349246824,-0.337665907394465,-0.5234939476029858,-0.40323112855967436,-0.3260079542570253,-0.5878922686358804,-0.9171038647879691,-0.18624233626257822,,,1.1492015221501022,163,1.414729573483453,0.9261284829280224,1.0175336980193361,0.2821203701198459,0.5198562882407919,0.5226575439057438,-0.5964552732642208,-1.0216167737627186,1.5457853171086526,-0.8706334885268475,1.6591667016734162,1.1141815367991486,1.26041438965051,0.4899230792187147,-0.6449264602971445,-0.9171038647879691,-0.6825272413226758,-1.3619042297942303
15,0.0,1.4917002519480465,0.11883421014012303,-0.17238185234938289,-0.337665907394465,2.2073796233041256,1.5112138605044438,0.09070359569236994,2.313833420708512,1.7118077457194167,-0.21009199833532993,,,-1.445443713103185,96,-1.4307095809823243,-1.4126452028695713,-1.036911957616584,2.453836374012728,-0.481733947202343,-0.4961158892929429,0.5337349536988,3.4073628502279387,-3.1039270316362386,3.1999262393269885,-2.767544005914853,-4.334947552213459,-2.6544341184170857,-0.5747616406195506,0.35888899171264776,1.7118077457194167,4.179662561998264,3.366295805580934
15,10.0,1.4020290599865355,0.02926927761690778,-0.2481985052391918,-0.337665907394465,2.415572864236578,1.3065211211763705,0.055919913904597746,2.4286250398895004,1.575540437444509,-0.2121016711537514,,,-1.3783334216908667,100,-1.1374598130502633,-1.1142178991898597,-0.5719494035330143,2.203253758178933,0.04331620471086731,0.025117030018013083,0.65931164558358,3.287254928221413,-2.903400353523251,2.9012886835354785,-2.3054656439536556,-1.1295774998531014,-1.349484615727887,-0.58837919087049,0.1541003443246009,1.575540437444509,3.993287146270592,2.5224120234585885
15,20.0,1.350351968019953,0.11213978043656149,-0.2227516488243869,-0.337665907394465,2.2023701887335236,1.0821486069587418,0.011874308322121448,2.1795808270201427,1.4331958612977824,-0.21319314672644443,,,-1.3390582069978683,112,-1.105385619682694,-1.074318278001913,-0.5541545403520381,2.412072604707096,0.09753333996277505,0.07960956249143114,1.2244067590650904,3.1596402610894776,-2.7279395101743877,2.920765045869708,-2.4163644508243434,-1.0227318314410894,-1.349484615727887,-0.5882896519844524,0.08516794518156796,1.4331958612977824,3.9192652503738143,2.6395807993303064
15,30.0,1.3028214934703901,0.24191695454885387,-0.2267068296334302,-0.337665907394465,1.746630180036912,0.8574707492203298,-0.042672417841721585,1.723846887510706,1.315952090018278,-0.21383968956033395,,,-1.3025391621849287,125,-1.1191317025545096,-1.0918085229062184,-0.5656350972429904,2.5373639126239924,0.166018142386237,0.14594829767646217,0.09421653210206968,3.3548156343500843,-2.978597857815622,3.0051626159847014,-2.545746392173478,-1.0227318314410894,-1.349484615727887,-0.5800896510969782,0.09875991706309414,1.315952090018278,4.275726520766747,2.9924955233625106
15,40.0,1.247253393061908,0.3624663770490824,-0.21606533277230439,-0.337665907394465,1.3553863003354742,0.657734117923263,-0.0914060813706789,1.330475340741136,1.1868168435655426,-0.21469219854721563,,,-1.2593560410970195,121,-0.5967805534255263,-0.547971220412971,-0.5237310645910145,0.11506529289731632,0.20311407703227896,0.18622538689594487,2.040655256316161,2.311378061918387,-2.702873675410264,1.9664232914924935,-2.3424319129105515,-0.9158861630290772,-1.349484615727887,-0.5706491883872604,0.10883068107034075,1.1868168435655426,1.7285833567337896,2.8863506465853197
15,50.0,1.1856898319952176,0.5068955885012318,-0.19459177071775338,-0.337665907394465,0.9308428459756976,0.4746034097248156,-0.14119717685431124,0.9135393861686683,1.067371928209312,-0.21553398412393412,,,-1.2108874930827707,123,-0.583034470553711,-0.529934405355406,-0.45025550048891944,0.11506529289731632,0.362911949353691,0.34259526268923185,2.040655256316161,2.3864455131724656,-2.915933270905313,2.083281465497867,-2.545746392173478,-0.9158861630290772,-1.0232472400555874,-0.554744303879708,0.16566762810169322,1.067371928209312,2.0594061318467034,3.0791984096740257
15,60.0,1.1332971545509753,0.5976175796157605,-0.16055884581101657,-0.337665907394465,0.6146879926894073,0.3211958576457889,-0.18386330462141096,0.5976773058199645,0.9444375156633477,-0.216365247355095,,,-1.1691107400250262,123,-0.541796221938265,-0.48839507370768054,-0.49101147745180035,-0.17728109224211044,0.20596761046659012,0.18622538689594487,1.1616184131227003,2.08617570815615,-2.7780711797026343,1.8365808759309659,-2.4348475853027907,-0.8090404946170657,-1.0232472400555874,-0.5387020713655984,0.2070730926784288,0.9444375156633477,1.5349315985325889,2.703495855118824
15,70.0,1.0709408828660332,0.7499107524171919,-0.13460524171271113,-0.337665907394465,0.3063263988228188,0.1876534005990904,-0.2233162910348948,0.294406012965376,0.8221455779860404,-0.2171861843098794,,,-1.1187433683051142,123,-0.6792570506564185,-0.6343293046279791,-0.6655159421942757,-0.26080863085337525,-0.0451433317527712,-0.06491411059024288,1.2244067590650904,2.0336284922782935,-2.665274923264079,1.8106123928186613,-2.3239487784321033,-0.8090404946170657,-1.0232472400555874,-0.5125275005900585,0.30361548513853387,0.8221455779860404,1.3967724517023608,2.7281056335565
15,80.0,0.9683297610562668,0.8347199720013749,-0.12471301235947135,-0.337665907394465,0.17847569350178286,0.07601266614883466,-0.2592104130523962,0.15082189340248653,0.7102632676110424,-0.21879783960941493,,,-1.0342947383912848,120,-0.6151086639212799,-0.5632751847042382,-0.752194146720966,-0.8037376318265954,-0.21350180437711594,-0.23076094855281978,0.65931164558358,1.3505146858661754,-2.30182031918429,1.2393057643479457,-2.120634299169177,-0.7021948262050537,-1.0232472400555874,-0.508682827715721,0.2420357822264956,0.7102632676110424,0.7392601857191563,2.5393994812960905
15,90.0,0.8686189347035926,0.99749288242808,-0.08717459733494619,-0.337665907394465,0.034061734813966064,-0.013281221479465444,-0.28063476892095407,0.0008558482869943195,0.5401638781405678,-0.2201759393241759,,,-0.9503095144050944,116.5,-0.5921985258015877,-0.5375863875010396,-0.7705630377464897,-0.7202100932153307,-0.3162290080123091,-0.3326382918726884,0.21979322398684975,1.1102988418531237,-2.189024062745734,1.089986986452193,-1.8618704164709061,-0.6487719919990474,-0.8601285522194376,-0.48585154801454716,0.24070209191791944,0.5401638781405678,0.41058382031437973,2.18063453141558
15,100.0,0.770380295315587,1.1255975663836608,-0.06742003770125492,-0.337665907394465,-0.04590408882330054,-0.07714752948464108,-0.2974203369698532,-0.0867501949888493,0.40688566792797337,-0.22171549120597775,,,-0.8656448159677929,118,-0.5601243324340187,-0.5086181693782836,-0.7166044203590136,-1.2213753248829193,-0.3333502086181749,-0.34922297566894617,0.65931164558358,1.1253123321039387,-2.0762278063071795,0.7459045852141487,-1.806421013035563,-0.5953491577930417,-0.6970098643832878,-0.47251139279366156,0.19543836503053857,0.40688566792797337,0.29065783484836377,1.7603275700116892
15,110.0,0.6747381988641229,1.234988217346002,-0.009653495228859109,-0.337665907394465,-0.06544951370372293,-0.12211988043079715,-0.3111380120628153,-0.11742377987469822,0.31224866766606324,-0.2232185499250698,,,-0.7813238651877324,117,-0.13857779103168125,-0.06698948554457128,-0.49962189512001465,-1.722540556550508,0.05473033844811118,0.03459399218730333,1.5383484887770407,0.5247727220713071,-2.1263594758354256,0.5121882372034025,-1.8803535509493545,-0.48850348938102967,-0.6970098643832878,-0.4769514976825814,0.08645538412919568,0.31224866766606324,0.11045297921252771,2.1515912620094007
15,120.0,0.5761426483844323,1.188117114390132,0.005380586574218985,-0.337665907394465,-0.13017794390307075,-0.14811044439246174,-0.31995287276013756,-0.1805435431082399,0.25729007330607323,-0.22468639782179953,,,-0.6923743482809237,116,0.008047092934348939,0.08714329767462047,-0.4594399460016813,-1.6390130179392433,-0.07082513266156969,-0.09334499709811328,0.65931164558358,0.8100290368368079,-2.176491145363673,0.4602512709787932,-1.8249041475140104,-0.48850348938102967,-0.6970098643832878,-0.4597689432312369,0.11834979118463705,0.25729007330607323,-0.4195374329643438,1.4449854799502844
15,130.0,0.4785751449274912,1.1431692178700168,0.025872334032496485,-0.337665907394465,-0.1961618543615738,-0.1586909915373485,-0.327754004437673,-0.24021578287066953,0.26391774314793154,-0.22612025785150053,,,-0.6022571935164037,115,-0.2118902330146965,-0.1413230263878695,-0.41925799688334825,-1.05432024766039,0.3229624812733379,0.3046874140120712,2.040655256316161,1.1853662931072027,-2.4020836582407834,1.1873687981233365,-2.1945668370829683,-0.3816578209690177,-0.6970098643832878,-0.43827132849174216,0.2272780266824551,0.26391774314793154,0.8145326611180982,2.747067643554218
15,140.0,0.37953232534013465,1.1194084747103914,0.03847730863300914,-0.337665907394465,-0.26581673877916534,-0.15924493412869795,-0.3316695499663782,-0.2997870277889234,0.29095754955152425,-0.2275212969828106,,,-0.5085684599055921,115,-0.5143040561946343,-0.4539611540523291,-0.7384174784518232,-1.806068095161772,-0.11648166761054432,-0.13125284577527357,2.040655256316161,0.5247727220713071,-1.9759644672506846,0.6160621696526255,-2.0651848957338337,-0.3816578209690177,-0.3707724887109882,-0.4030690348343715,0.42697762684714174,0.29095754955152425,0.6627742975729989,2.894873205561906
15,150.0,0.286656053300305,1.087518089443339,0.07583476972652511,-0.337665907394465,-0.29268770811526484,-0.15214218659798937,-0.3397428297910854,-0.3212335242980854,0.39360097743858136,-0.22905962006272712,,,-0.4186182400601141,119,0.13634386640462573,0.22050641506994936,-0.4324606373079435,-1.6807767872448758,0.134629274608817,0.11277893008394665,2.291808640085721,0.7274548404573216,-2.2140898975098575,0.1161688697407489,-1.9635276561023698,-0.27481215255700614,-0.3707724887109882,-0.40087025136300614,0.5593129380351024,0.39360097743858136,-0.2770193847366423,2.099491762103152
15,160.0,0.1992727633611079,1.029645692164566,0.07107898242861556,-0.337665907394465,-0.3222342442464448,-0.14760165452086477,-0.3433726738431695,-0.3453014176877546,0.4503240808601395,-0.23006362359881405,,,-0.3320719488934841,117,0.2371484741312714,0.3287273054153395,-0.03695545241463557,-1.05432024766039,0.8080631651061951,0.7832740035612221,2.9196920995096214,1.2003797833580176,-2.477281162533153,1.031557899449504,-2.0651848957338337,-0.27481215255700614,-0.3707724887109882,-0.3865659491231336,0.7046273998534718,0.4503240808601395,0.681493796347876,2.496070570306754
15,170.0,0.11707512492766049,0.910389952595592,0.08756745408582862,-0.337665907394465,-0.2960757883249876,-0.14257558859246622,-0.3375519786223594,-0.3211709460526667,0.4235317183456077,-0.23137633731313,,,-0.24890963874340746,118,-0.16606995677531203,-0.09322485290102947,-0.2998602052174439,-0.8037376318265954,0.34579074874782517,0.32364133835065173,2.291808640085721,1.6057440201300444,-2.452215327769031,1.2263215227917956,-2.046701761255385,-0.16796648414499413,-0.3707724887109882,-0.39657760235692213,0.6177908545942563,0.4235317183456077,0.7450128971296067,2.1981087370618315
15,180.0,0.02449805928691844,0.7151367355589059,0.09195833204342707,-0.337665907394465,-0.19758129883173517,-0.14389367481381982,-0.33907459168402965,-0.23814767957501223,0.4303368288809529,-0.23281879592253943,,,-0.15314395951942822,116,0.0721954796694875,0.15273171606576594,-0.4456632777325385,-1.5554854793279786,-0.01946153084397312,-0.04122170516701761,0.9104650293531402,0.5848266830745712,-1.8506352934300676,0.26548764763650395,-1.6955222061648756,-0.16796648414499413,-0.3707724887109882,-0.457925862978738,0.29555471663699917,0.4303368288809529,-0.4370016657108538,1.5747452915771558
15,190.0,-0.05897097048738121,0.6139219317655881,0.11539365930586697,-0.337665907394465,-0.06393889803014331,-0.1522613503716152,-0.3393067138968969,-0.12722832557828745,0.38916177164307875,-0.2339163848283194,,,-0.06482692505807623,118,-0.06984737667260452,0.006250914992207956,-0.5248791202801099,-1.5554854793279786,-0.10792106730761163,-0.12651436469062846,1.6639251806618207,0.5623064476983466,-2.0135632193968713,0.6615070150991598,-2.074426462973057,-0.06112081573298211,-0.044535113038688574,-0.5095382443122373,-0.014625484299660539,0.38916177164307875,-0.34654996331156646,1.6363639776457801
15,200.0,-0.13706008165925404,0.5082908727798634,0.13604450495319614,-0.337665907394465,0.12172028958763832,-0.16487327070612942,-0.3396549369103716,0.026577739253091922,0.32686421950982264,-0.2352973443090307,,,0.01954818176358279,122,0.04012128630191822,0.12157721732997215,-0.4014631337023721,-1.7643043258561395,-0.09650693357036817,-0.11703740252133855,1.0360417212379203,-0.11330061358836384,-1.4746477719682165,-0.2473898938315227,-1.4644830251842769,0.045724852679029426,-0.044535113038688574,-0.5548784843468667,-0.29015909646875904,0.32686421950982264,-0.5247543731367873,1.0659433185913758
15,210.0,-0.2098102437096551,0.40329532835178955,0.16473146898290422,-0.337665907394465,0.3041455829869164,-0.18340751837918434,-0.3433861143255689,0.17564866641558843,0.2605306899175037,-0.23634863172466736,,,0.09972438747755841,124.5,0.525816214439394,0.6331668807809064,0.04800066857841152,-1.5554854793279786,0.6596794265220269,0.6363810899372251,1.852290218488991,0.7349615855827291,-2.051161971543056,0.49920399564725243,-1.7602131768394433,0.045724852679029426,-0.044535113038688574,-0.5864270728778809,-0.48095646723327884,0.2605306899175037,-0.08315026653826416,1.6744029416577904
15,220.0,-0.27988448226494295,0.35572544567892883,0.1750966804438056,-0.337665907394465,0.4678194028421479,-0.20530071624837132,-0.35382506581326406,0.30727312085219755,0.2272617457651001,-0.2373805787336429,,,0.1784255250067636,129,0.026375203430102998,0.11119238441804072,-0.21375602853530143,-1.1378477862716545,0.19740701016365741,0.17674842472665497,1.4127717968922606,0.749975075833544,-1.6501086153170812,0.421298546310334,-1.5661402648157405,0.1525705210910419,-0.044535113038688574,-0.6117687968630042,-0.6149096281743556,0.2272617457651001,0.030290751624226536,1.2777695235697013
15,230.0,-0.3511732486642261,0.28619783832147944,0.19773565904577087,-0.337665907394465,0.5900463303031023,-0.2292388113799425,-0.3517607339408522,0.4042383262315029,0.07585495769606669,-0.23839371417640742,,,0.2600177952778282,131,0.6907692089011782,0.8009639178315865,0.16223220964338766,-1.4301941714110813,0.711043028339624,0.6885043818683211,2.354596986028111,0.48723899644426766,-1.7378390369915133,0.28496400997073124,-1.621589668251084,0.1525705210910419,0.28170226263361103,-0.6199742538302906,-0.7093841007382746,0.07585495769606669,-0.2512785646642527,1.3859057898329334
15,240.0,-0.42291343973491313,0.14766620989249313,0.21200178393801083,-0.337665907394465,0.651330974431866,-0.24694281631023715,-0.35745031857794085,0.45063930201434393,0.016323708083391376,-0.2393885477868732,,,0.34372674231406203,129,0.525816214439394,0.6315271703211277,0.2580948596828396,-1.1378477862716545,0.6140228915730523,0.5937347601754196,1.7895018725466008,0.5923334281999786,-1.5999769457888335,0.25899552685842664,-1.270410113160575,0.25941618950305345,0.28170226263361103,-0.6277321571594593,-0.7614605452757368,0.016323708083391376,-0.14983412788443531,0.7745626976546562
15,250.0,-0.4908899240313686,0.05464983557555337,0.20944451450472576,-0.337665907394465,0.6482492950014467,-0.268118928671818,-0.36320753505221876,0.4414484101627655,-0.06871492967260019,-0.24050371974565196,,,0.4245679937970731,129,0.8511401757390239,0.9704006653420457,0.5422386427339099,-0.8455014011322278,1.2617749811616323,1.2357989471448247,1.7895018725466008,1.2754472346120966,-2.0386290541609933,0.7523967059922236,-1.584623399294188,0.25941618950305345,0.28170226263361103,-0.6307383890133383,-0.8013555919966497,-0.06871492967260019,0.2757440926952642,1.5445315445755334
15,260.0,-0.5531884622412824,0.0037948129343198527,0.22300105115679808,-0.337665907394465,0.5943665229035208,-0.2924814644681701,-0.3700114863266842,0.38816785373324497,-0.17462470472571703,-0.24132525799922355,,,0.49999547569873737,136,0.7503355680123779,0.865459195916213,0.40389793219793396,-0.9707927090491251,1.0820023748000442,1.0533674253859897,1.7895018725466008,0.9151234685925189,-1.8255694586659457,0.603077928096471,-1.6955222061648756,0.36626185791506594,0.28170226263361103,-0.630977791138837,-0.8373752390818316,-0.17462470472571703,0.18269264320799378,1.5464761583161577
15,270.0,-0.6189372576495068,-0.08998148991114445,0.2446250711915984,-0.337665907394465,0.4584653248637179,-0.3091023150123318,-0.3799021718012699,0.2672840586260351,-0.2200515562403715,-0.24240140092564547,,,0.5810271649889822,136,0.9061245072262855,1.027243961281038,0.5818465640076954,-1.0125564783547574,1.1733154446979934,1.1457678065365684,1.7267135266042108,0.9226302137179264,-1.8506352934300676,0.38234582164187475,-1.4644830251842769,0.36626185791506594,0.28170226263361103,-0.627344762977433,-0.8416526913361897,-0.2200515562403715,0.07473897351257128,1.1994992683722834
15,280.0,-0.6786383780714315,-0.17301618142068384,0.27494866623392955,-0.337665907394465,0.2945677397233019,-0.3179720897831208,-0.3809656002405661,0.12564395076122195,-0.27472303513166313,-0.2433254583271134,,,0.6559083864243812,136,1.0985696674316998,1.227288637374032,0.6323610143278857,-1.1378477862716545,1.3787698519683804,1.3471532526339833,2.291808640085721,0.9751774295957808,-1.925832797722439,0.4472670294226386,-1.584623399294188,0.4731075263270775,0.6079396383059107,-0.6122141166952723,-0.818594687426448,-0.27472303513166313,0.07175515729633573,1.5430787136731656
15,290.0,-0.7351317852283041,-0.25504245753924704,0.30551810925374046,-0.337665907394465,0.1179999112803883,-0.33511060748196375,-0.3863887729488049,-0.029492301075775478,-0.3643380726526979,-0.24410479560808201,,,0.7279378206017325,139,1.1581360265429002,1.2923304856119175,0.6260467080378619,-1.2213753248829193,1.238946713687145,1.2121065417215995,1.6639251806618207,0.5923334281999786,-1.6250427805529575,0.23302704374612201,-1.3997920545097091,0.579953194739089,0.6079396383059107,-0.592997299352323,-0.8076912812699417,-0.3643380726526979,-0.18612326808230983,1.2240905241155449
15,300.0,-0.7924151241264432,-0.3509196743201922,0.33326398052738343,-0.337665907394465,-0.07763411367533109,-0.3328653287867647,-0.37284951697762664,-0.19359632034522686,-0.4193192783091053,-0.24499955491248,,,0.8021665807208369,139,1.6209208165606834,1.7793244921661724,1.1363574618406933,-1.388430402105449,1.9723048063050523,1.9442018692992604,1.6639251806618207,0.9301369588433338,-1.9759644672506846,0.4342827878664886,-1.6400728027295322,0.579953194739089,0.6079396383059107,-0.5312175956341225,-0.6955111337492629,-0.4193192783091053,0.09419543670783109,1.4113160646874734
15,310.0,-0.8450147450052169,-0.4242404104578743,0.3536054959083946,-0.337665907394465,-0.22841473095287715,-0.3474454731902379,-0.38010715154477503,-0.3262861513216466,-0.4839039912198111,-0.24575437701203523,,,0.8714087421205561,142,1.6438309546803755,1.8017338684498139,1.090435234276884,-0.9707927090491251,2.206294547918549,2.1740182019045453,4.049882326472642,1.2304067638596496,-2.0887607236892407,0.7848573098826079,-1.9542860888631461,0.6867988631511015,0.6079396383059107,-0.47767416278160063,-0.6338992616808528,-0.4839039912198111,0.3243456331805724,2.0229425531964584
15,320.0,-0.9013211399383454,-0.5578945802953511,0.34631418550566717,-0.337665907394465,-0.380791150810255,-0.3528741085470093,-0.37208331981037157,-0.4563828625076926,-0.5526854030836145,-0.24649797589110675,,,0.9467069602480206,142,1.4788779602185917,1.6262848492534996,1.1013417633232887,-0.761973862520963,2.1263956117578426,2.0934640234655792,2.8569037535672317,1.403061901744032,-2.0887607236892407,0.9926051747810495,-1.8895951181885782,0.6867988631511015,0.9341770139782103,-0.3203208830916449,-0.421660069084516,-0.5526854030836145,0.4519707597427519,1.825554389477642
15,330.0,-0.9525873798036819,-0.6665632496651066,0.3617557107261457,-0.337665907394465,-0.47548463522354384,-0.3587572439431212,-0.360503979611187,-0.5373823677300644,-0.6264731629092661,-0.24662208481336223,,,1.0163479272640206,141,1.4009834906116378,1.5475787471841256,1.0709182875622645,-0.7202100932153307,2.0008401406481617,1.9726327558071306,1.9150785644313808,1.3204877053645434,-2.026096136778932,0.7329203436579986,-1.5476571303372924,0.7936445315631131,0.9341770139782103,-0.06019634069373004,-0.14903896328008592,-0.6264731629092661,0.4085604677449848,1.6478715586121986
15,340.0,-1.0007921962910282,-0.7773178333218743,0.37038235463605446,-0.337665907394465,-0.5322026977300364,-0.36165131854874005,-0.34413607927312956,-0.5849034116492937,-0.6832816817859803,-0.18722999209624835,,,1.0827934576891403,146,1.5109521535861603,1.6601721987555915,1.244274696615645,-0.6366825546040668,2.331850019028229,2.2995879506476395,3.2964221751639617,1.4706226078727014,-2.2015569801277968,1.0055894163371994,-1.8249041475140104,0.7936445315631131,0.9341770139782103,0.3349883679499059,0.20917796692281104,-0.6832816817859803,0.6413551404253423,1.851871139046382
15,350.0,-1.0463132654190603,-0.8696618558986805,0.3851986370512878,-0.337665907394465,-0.5533074632919558,-0.3706577264283801,-0.330400402927127,-0.6042030763338072,-0.754767925403344,-0.13698515606717626,,,1.1464153018322079,148,1.86835030825336,2.0351193238916396,1.5048833380402629,-1.05432024766039,2.297607617816498,2.2616801019704784,2.417385331970501,1.065258371100677,-1.900766962958315,0.603077928096471,-1.5106908613803964,0.9004901999751256,0.9341770139782103,0.6714333913082247,0.263708620523153,-0.754767925403344,0.15474552373842895,1.1355247299468914
15,360.0,-1.094968052788521,-1.0178561587838488,0.39844312852037655,-0.337665907394465,-0.5542129735616259,-0.37607932589414345,-0.3271066943769751,-0.6062435484904075,-0.7859107548827441,-0.09774734823366532,,,1.2153773817095943,146,1.9233346397406208,2.0886831989110752,1.325212622696859,-0.9290289397434927,2.4060418883203134,2.3730344074596377,3.798728942703082,1.2003797833580176,-2.0010303020148084,0.7978415514387579,-1.8711119837101307,0.9004901999751256,0.9341770139782103,0.7309355812411288,0.15527145375583004,-0.7859107548827441,0.20778548506699582,1.7836409468210193
15,370.0,-1.1344306853525767,-1.1033526708127528,0.3998354666230431,-0.337665907394465,-0.5492894278546422,-0.3812704504318887,-0.29118476866009824,-0.6004584579248479,-0.8471680318510578,0.02321000580931215,,,1.2720543018246586,150,1.8958424739969904,2.0608081210948384,1.5519536212931673,-0.6366825546040668,2.691395231751406,2.654974031996019,3.359210521106352,1.493142843248926,-2.2266228148919187,1.025065778671429,-1.7694547440786672,1.0073358683871372,1.26041438965051,0.9238485165374491,-0.04871974961239987,-0.8471680318510578,0.5321129104140105,1.7501121678096474
16,0.0,3.348094694043211,2.551436562165101,2.979096627635601,4.557992526448257,1.6177960480372093,4.871640417096325,5.9419541359826935,3.2836702090038363,-0.33598528447147263,-0.17555171932940214,,,-2.591437422333307,56,-2.1455058903167226,-2.2029856444828737,-1.9656890100946276,0.5327029859536393,-2.039763202336108,-2.0455992039718756,-1.4754921164576813,1.936040805647992,-2.051161971543056,3.9530122495838365,-4.763722529587224,-4.334947552213459,-1.349484615727887,0.48041032721970073,1.9380879343916084,-0.33598528447147263,3.4732350501074847,0.832135060331151
16,10.0,3.2444143840313227,2.61284854001336,2.9082068412228543,4.384524314225484,1.5978439292482074,4.76577703083283,5.4237311197334845,3.1916295084479755,-0.2908382130922122,-0.1816931851823395,,,-2.537624792456522,56,-1.2291003655290322,-1.4137383431760904,-1.2424139259646307,0.699758063176169,-0.9611275641665784,-0.9699639977574483,-1.9777988839968017,2.3714320229216486,-2.1263594758354256,1.992391774604798,-1.9912523578200418,-1.1295774998531014,-1.349484615727887,0.4099629767158433,1.9479390218559787,-0.2908382130922122,1.9497248125242155,2.276348925339388
16,20.0,3.1240851093508026,2.6888557970686615,2.8440692601244044,4.257875534335294,1.493433294535095,4.515082355759173,4.8591515237429705,2.9823724004825567,-0.25281252347434374,-0.18617649343341075,,,-2.4738858906648282,71,-1.1557879235460171,-1.348149924784945,-1.2917803205957257,0.699758063176169,-1.314965710021133,-1.3206115980211823,-1.6010688083424613,0.2845568780582554,0.029302313879187532,0.9536524501125903,-0.3277702547597317,-1.1295774998531014,-1.349484615727887,0.3604303512006229,1.965919368184682,-0.25281252347434374,-0.01576313274259195,0.2087646534690526
16,30.0,2.977388734700692,2.7207331996104345,2.7434632426768792,3.9827736538612473,1.298954408752015,3.933586118173765,3.9250443942845474,2.569852854174244,-0.20006133465337358,-0.18863183982707385,,,-2.394248299194524,88,-1.3757252494950627,-1.5416357590388239,-1.3641078290087252,1.1173957562324928,-1.4519353148680574,-1.462766030560534,-1.4754921164576813,1.830946373892281,-1.4997136067323404,1.641817252588679,-1.1964775752467833,-1.0227318314410894,-1.349484615727887,0.28482243432015475,1.9467226153741923,-0.20006133465337358,0.3076925901174736,-0.23535332624660182
16,40.0,2.842143599100082,2.804310515899414,2.603598866662648,3.534770797709676,0.9100042620526018,3.2685919318065437,3.0309479689993504,1.9718796721065317,-0.14907372346587178,-0.19012907222159006,,,-2.31887533276193,101,-1.1832800892896478,-1.3787578533674794,-1.1941955870226306,0.5327029859536393,-1.27501624194078,-1.2827037493440219,-1.2243387326881212,0.6448806440778331,-0.396816877110911,0.7848573098826079,-0.937713692548512,-0.9158861630290772,-1.349484615727887,0.26160802540758693,2.0615478525498565,-0.14907372346587178,0.30518712288886196,-0.24472399888672808
16,50.0,2.695637518458592,2.8103371724331443,2.4901470222848077,3.39104722508615,0.7760787676222438,2.601882999896687,2.1992782838775464,1.5950877614861152,-0.0862284304635038,-0.19188915195406997,,,-2.235026957457715,101,-0.7800616583830642,-1.0267666746683324,-1.0954627977604408,-0.38609993877027243,-1.1095113027507464,-1.116856911381445,-0.5964552732642208,0.11940848529928046,-0.3216193728185415,0.14862947363113083,-0.14293890997525352,-0.9158861630290772,-1.349484615727887,0.1538691997806706,1.9163436336291897,-0.0862284304635038,-0.42481769158719834,0.12965812578533
16,60.0,2.5560230828593578,2.798014626616,2.3308473315997027,3.0511353851026164,0.7100882886488044,2.029038959073889,1.4044395508307002,1.3060422105528893,0.05331556712840199,-0.19361054848429923,,,-2.1529072372282436,90,-0.7800616583830642,-1.0267666746683324,-1.0644652941548696,-0.553155015992802,-1.086683035276259,-1.0979029870428647,-0.09414850572510046,-0.0006994367072454255,-0.12109269470555324,-0.18896080682883618,-0.08748950653990942,-0.8090404946170657,-1.0232472400555874,-0.014412262295904912,1.697436072747389,0.05331556712840199,-0.3483171025441265,0.06304582600263893
16,70.0,2.4042200770575546,2.753069135019826,2.077548154144369,2.5317989641162217,0.6562680225795703,1.2968145164179226,0.6466437511838649,0.9847506747346536,0.23090569231285116,-0.19473728068905943,,,-2.061059054726526,93,-0.798389768878818,-1.0398843583465616,-0.6132794083404427,-0.051989784325213256,-0.5616328833630488,-0.5719315866472638,-0.973185348918561,0.4497052708172282,-0.396816877110911,0.9666366916687449,-0.5865341374580031,-0.8090404946170657,-1.0232472400555874,-0.21392633296636962,1.2351810476171254,0.23090569231285116,1.470237625861208,0.2001184567269777
16,80.0,2.2217238386635336,2.592147156772096,1.7320152747098485,1.9422543632422078,0.6685524891985749,0.7407481285598903,0.17422503853628754,0.7947319345328826,0.4201331173837635,-0.19445713689462932,,,-1.9469429748786737,93,-0.3814252551004193,-0.683520618421338,-0.714882336825371,-0.34433616946464,-0.7157236888158388,-0.7259322218982281,-0.3453018894946606,0.35962432931233435,-0.3090864554364788,-0.08508687437961537,-0.03204010310456531,-0.7021948262050537,-1.0232472400555874,-0.38449014121021396,0.6783528293930692,0.4201331173837635,-0.2249440261531458,0.013457737034192566
16,90.0,1.9465484015186745,2.1047688472800212,0.5431250870095425,-0.23518501912622622,0.461815014357056,0.4018846456727352,-0.20092391831551557,0.48972236212310266,1.2810425017812095,-0.18923411637290746,,,-1.766763184326948,95,-0.8442100451182024,-1.0803305496877678,-0.9381791683543937,0.03153775428605153,-1.0923901021448807,-1.0979029870428647,-1.3499154245729013,0.4196782903155962,-0.17122436423380075,0.27847188919265625,-0.14293890997525352,-0.5953491577930417,-0.6970098643832878,-0.5328091908226986,0.4843005898223525,1.2810425017812095,-0.1913891485864883,-0.7003531434212227
16,100.0,1.7994106356541215,1.9357470710057436,0.17864251780134935,-0.23613921734101423,0.4897682318559291,0.29588075373866823,-0.2657327906382384,0.47739874833971474,1.5394206448968217,-0.1907201437887653,,,-1.666165144835931,93,-0.29436673024558846,-0.6135596388041165,-0.5581727352638715,0.03153775428605153,-0.555925816494427,-0.5624546244779736,-0.4708785813794407,0.04434103404520151,-0.0709610251773075,0.18758219829958778,-0.050523237583014434,-0.5953491577930417,-0.6970098643832878,-0.5718324420735662,0.2935373299820349,1.5394206448968217,0.011071400889811341,-0.028881192517555918
16,110.0,1.714567744163706,1.976237912331739,0.12188219841967217,-0.23978469992821175,0.6074769369956056,0.12736085940622438,-0.2756891532439749,0.5279796505185824,1.0275634986657327,-0.19639698144534468,,,-1.606738239719056,95,-0.18439806727106575,-0.5108044499913219,-0.5248791202801099,-0.21904486154774283,-0.5216834152826958,-0.5292852568854581,-0.3453018894946606,0.32959734881070235,-0.29655353805441775,-0.08508687437961537,0.023409300330777164,-0.5953491577930417,-0.6970098643832878,-0.5840220950510367,-0.08129202846596732,1.0275634986657327,-0.1619023841160858,-0.035703082173487395
16,120.0,1.6153981522572114,1.9154695353110218,0.07631587810523595,-0.24235151480931982,0.6227057742787548,0.12446679729164185,-0.29512542707471284,0.538386904208453,1.2094972107993924,-0.2003936334012648,,,-1.5359134928797504,90.5,-0.5280501390664495,-0.8108714641308121,-0.7705630377464897,0.11506529289731632,-0.7642337571991243,-0.770947792202356,-0.6592436192066108,0.5698131928237541,-0.3341522902006025,0.2070585606338174,-0.161422044453701,-0.48850348938102967,-0.6970098643832878,-0.5968614466282589,-0.09543630937707184,1.2094972107993924,-0.00651199570465029,0.0696191162441703
16,130.0,1.4730981169071329,1.6818332418982782,-0.18709126054113565,-0.337665907394465,0.5285701794741458,0.04744165890787096,-0.31112073356115166,0.4350532719502498,1.0585792075105167,-0.20142419027299666,,,-1.4316289249254641,94,-0.3035307854934655,-0.6190253403367117,-0.6660899700388235,0.03153775428605153,-0.6529459532609984,-0.6619627272555199,-0.03136015978271041,0.5998401733253861,-0.3216193728185415,0.3109324930830359,-0.2538377168459401,-0.3816578209690177,-0.6970098643832878,-0.5960461309859428,-0.1583504758643238,1.0585792075105167,-0.22496284504252173,0.0566993043706477
16,140.0,1.363105636726498,1.529532139329865,-0.24367499166061532,-0.337665907394465,0.4406743448068916,0.028966335710493892,-0.32526796383628037,0.3539829832311575,1.138368717987004,-0.2041856779900032,,,-1.3487924910883884,94.5,-0.16606995677531203,-0.49823333646635226,-0.5099543963218717,-0.17728109224211044,-0.49029454750527574,-0.4961158892929429,0.2825815699292398,0.3371040939361098,-0.284020620672355,0.08370826585036698,-0.161422044453701,-0.3816578209690177,-0.6970098643832878,-0.5964239188415459,-0.12454781490166603,1.138368717987004,-0.11602177457907072,0.025582716666307053
16,150.0,1.2904277230075574,1.5036191098396468,-0.26343137710074443,-0.337665907394465,0.4227197297000801,0.06005575839291444,-0.32287829605932156,0.3478888827339256,1.2552588331026189,-0.2089497199861809,,,-1.2929536381949367,95,-0.45931972470737276,-0.7529350278853004,-0.6356664942777996,0.3238841394254783,-0.8270114927539648,-0.8325480463027418,0.34536991587162985,0.16444895605172952,0.1295656529356808,-0.27335837694382964,0.5963864691626625,-0.27481215255700614,-0.3707724887109882,-0.5939990490733406,-0.0502843200034579,1.2552588331026189,-0.3470123919988827,-0.8383821772982698
16,160.0,1.2075530505697654,1.4298562294097592,-0.2944587424686792,-0.337665907394465,0.3787349471869879,0.05154346896518771,-0.3124968724962357,0.3090370981005054,1.0919727441239304,-0.2121016711537514,,,-1.2281764260287142,98,-0.24854645400620398,-0.5687408862368336,-0.5432480113056333,0.03153775428605153,-0.47031981346509916,-0.48190044603900756,0.2825815699292398,0.5848266830745712,-0.37175104234678724,0.48621975409109786,-0.30928712028128424,-0.16796648414499413,-0.3707724887109882,-0.5814327535457291,-0.02839661527334807,1.0919727441239304,0.11067498638380388,0.2549961076063731
16,170.0,1.1242057942499064,1.3635004220041143,-0.33415348461480904,-0.337665907394465,0.3293155261121071,0.042270644942354,-0.3155531984345141,0.2641981627940089,1.0850509334631082,-0.21553398412393412,,,-1.1618113389525637,96,0.11801575590887199,-0.25282333765281656,-0.2160521399134919,0.2821203701198459,-0.25915833932609056,-0.2686687972299801,-0.847608657033781,0.6598941343286501,-0.4218827118750348,-0.03314990815500613,0.18975751063680785,-0.16796648414499413,-0.3707724887109882,-0.5772913830606866,0.00038755040508845997,1.0850509334631082,-0.14512217062666247,-0.27721375674347576
16,180.0,1.0285300749473814,1.2860731312229845,-0.3571033353913401,-0.337665907394465,0.2565842206901457,-0.004568359886769905,-0.313449059034704,0.18924706209294018,0.8526293900729531,-0.21779522562046516,,,-1.0840784170882505,103.5,-0.08359345954442006,-0.42663264638935194,-0.3819461869877532,0.11506529289731632,-0.3533249426583514,-0.3634384189228812,0.34536991587162985,0.7574818209589514,-0.409349794492972,0.36936158008572473,-0.12445577549680603,-0.11454364993898788,-0.2076538008748384,-0.5633814079664533,-0.026360659956923844,0.8526293900729531,0.03672382723276413,0.0174587130479693
16,190.0,0.9192159052025881,1.1677648839384531,-0.36945132162234046,-0.337665907394465,0.15470416147485622,-0.07034383530481858,-0.3132974985563959,0.08396901582461865,0.558193928570251,-0.21939206058533928,,,-0.9931678137307046,105,-0.12941373578380455,-0.4659856974240392,-0.3503746555376342,0.36564790873110975,-0.4417844791219899,-0.45110031898881475,-0.09414850572510046,0.6448806440778331,-0.12109269470555324,0.2200428021899697,0.09734183824456877,-0.06112081573298211,-0.044535113038688574,-0.5419923327653567,-0.0725780398310761,0.558193928570251,-0.07715177098564771,-0.43299973286999655
16,200.0,0.8156232144035702,1.0561615694317237,-0.3794460201785593,-0.337665907394465,0.07152721443035236,-0.13145187620472598,-0.3121162884992198,-0.004017869754068237,0.2778691252913278,-0.22095035947438024,,,-0.9048772592666553,107,0.16383603214825648,-0.21456342692464825,-0.1402804644332064,0.19859283150858112,-0.08794633326743508,-0.09808347818275841,0.4081582618140199,0.6448806440778331,-0.19629019899792452,0.3304088554172655,-0.03204010310456531,-0.06112081573298211,-0.044535113038688574,-0.5179848034722592,-0.1423971225886594,0.2778691252913278,0.13521838752397813,0.027262153698884555
16,210.0,0.7170173712087032,0.9394135140485638,-0.3869546490769532,-0.337665907394465,0.003138737752985775,-0.19121816383359838,-0.3131461800540581,-0.07926820451959507,0.019059699327252582,-0.2222833445560393,,,-0.8188330210007748,110,0.035539258677979704,-0.3216911769635192,-0.22753269680444424,0.5327029859536393,-0.32764314174955295,-0.33500753241501113,0.65931164558358,0.5547997025729392,0.004236479115063772,0.1096767489626716,0.3561057209428402,0.045724852679029426,-0.044535113038688574,-0.49446666162836345,-0.24592260367682925,0.019059699327252582,-0.14566313043622295,-0.4719889582382731
16,220.0,0.624317637748593,0.8199523206835541,-0.402945287031208,-0.337665907394465,-0.0554001404145919,-0.2387842789038052,-0.31049085226981776,-0.14234392785408895,-0.20417588504645542,-0.22395679744068037,,,-0.7360974442023341,113.5,0.2783867227467177,-0.11563422918467055,0.06407344822574505,0.6162305245649041,0.2002605435979682,0.19096386798058998,0.5337349536988,1.207886528483425,-0.660008142134206,0.7134439813237691,-0.34625338923818083,0.1525705210910419,-0.044535113038688574,-0.4650980543702001,-0.3439026546697967,-0.20417588504645542,0.5056567169924789,0.22617515468921465
16,230.0,0.5275988191010792,0.6927986706410116,-0.4107878840322633,-0.337665907394465,-0.15296542251980483,-0.2822386991195491,-0.3117623670625239,-0.23767618315455433,-0.39061824282898683,-0.22522801441932747,,,-0.6478025056888775,117,0.21882036363551768,-0.16755839374432768,-0.08172962428934959,0.5327029859536393,0.037609137842245385,0.029855511102658203,0.5337349536988,0.9901909198465978,-0.4218827118750348,0.6290464112087756,-0.23535458236749263,0.1525705210910419,-0.044535113038688574,-0.4139065535810731,-0.4005048658937984,-0.39061824282898683,0.29189673279645434,0.2262798313885257
16,240.0,0.4297668916839752,0.5328595284312538,-0.42311121731388374,-0.337665907394465,-0.25551152979898,-0.3175432915381337,-0.3115555239271068,-0.33476496325624855,-0.5470854377544263,-0.22664943276179417,,,-0.5563705296216711,117,0.48457796582394796,0.06528049154423865,0.24776235848098258,0.5327029859536393,0.2715988794557413,0.2620410842502658,0.7848883374683602,0.8250425270876229,-0.271487703290294,0.2914561307488109,-0.06900637206146193,0.25941618950305345,0.28170226263361103,-0.33083480030026746,-0.431889522687658,-0.5470854377544263,0.25664418595363114,-0.14678912967580748
16,250.0,0.34187490447044633,0.3855290700425108,-0.430790800953195,-0.337665907394465,-0.3415499348564246,-0.34436680874151443,-0.3142106986309218,-0.4156653099215237,-0.6603576020265663,-0.22803845403850106,,,-0.47234591319871233,114.5,0.46166782770425574,0.045603966026895246,0.18347123989164943,0.3238841394254783,0.06329093875104387,0.05354791652588348,-0.09414850572510046,0.5022524866950847,0.07943398340743327,-0.18246868605076116,0.5316954984880946,0.31283902370905925,0.28170226263361103,-0.22501943722123208,-0.4533774274817218,-0.6603576020265663,-0.09487678342483354,-0.5479245621868927
16,260.0,0.2646065375733635,0.32428251376019507,-0.4350091409851676,-0.337665907394465,-0.39202507130120645,-0.3645455549527755,-0.3220288509587338,-0.4649420478113379,-0.7387645873438138,-0.22922813405772755,,,-0.3969576624269766,121,0.9336166729699159,0.4478795988259204,0.05833316978026901,0.19859283150858112,-0.09365340013605701,-0.10282195926740319,-0.3453018894946606,-0.37603669297764014,0.5556848439257775,-0.47461412106419393,0.7627346794686932,0.36626185791506594,0.28170226263361103,-0.14408943873408475,-0.5121979364999162,-0.7387645873438138,-0.9981382825404195,-0.6421875714440336
16,270.0,0.1944342288670022,0.24955700085041124,-0.4476285823203,-0.337665907394465,-0.43418831992680634,-0.37659765515778,-0.32747318429822597,-0.5046311451473605,-0.7879071282169935,-0.23022931928406626,,,-0.3272242206204542,130,0.9015424796023466,0.4221908016227219,0.6116960119241712,0.4491754473423746,0.7138965617739347,0.7027198251222561,1.0360417212379203,1.0877786064768993,-0.5973435552238975,0.4667433917568682,-0.161422044453701,0.36626185791506594,0.28170226263361103,-0.045127222777641494,-0.5310511548984915,-0.7879071282169935,0.35003829893611227,-0.011099779986180761
16,280.0,0.12357391196160793,0.16566296379683096,-0.47066848882543577,-0.337665907394465,-0.47239212560942623,-0.38660469582528306,-0.3393734904107144,-0.5409321650244319,-0.8223607305498404,-0.23121384120108202,,,-0.2555478070482409,127.5,1.2864328000131766,0.7512260338849678,0.9543906351190986,0.6162305245649041,1.0620276407598677,1.0509981848436674,1.2244067590650904,1.162846057730978,-0.6349423073700841,0.4732355125349432,-0.12445577549680603,0.4731075263270775,0.6079396383059107,0.05671312063654329,-0.5416551885418005,-0.8223607305498404,0.3304645049000958,-0.06022842606633334
16,290.0,0.05509919785176018,0.10710867567410422,-0.48153643268337787,-0.337665907394465,-0.49154190544609433,-0.39235296117281426,-0.3523107870266156,-0.5599401041554053,-0.837229305958262,-0.23234193919193263,,,-0.18505002942159848,113,0.9611088387135464,0.47247525572259985,0.6025115664114093,0.40741167803674216,0.49702802076630453,0.4871189357709059,0.1570048780444597,0.5247727220713071,-0.04589519041318375,0.09669250740651929,0.5409370657273184,0.5265303605330832,0.6079396383059107,0.09505480230780039,-0.5581222879033803,-0.837229305958262,-0.0851540556449125,-0.5168843758218306
16,300.0,-0.019609828248172537,-0.08369393028423096,-0.5229871085263882,-0.337665907394465,-0.5154659391812348,-0.39667667329549894,-0.36703154136741634,-0.5827419514341848,-0.8438070518103876,-0.2334485495618502,,,-0.10671145635973371,114,1.309342938132869,0.7719956997088306,0.9377438276272179,0.49093921664800694,1.1019771088402204,1.0912752740631506,0.9732533752955302,1.1403258223547557,-0.6098764726059603,0.5511409618718617,-0.24459614960671636,0.579953194739089,0.6079396383059107,0.163450364234781,-0.5326375943416515,-0.8438070518103876,0.3553926084087195,0.06627820480725562
16,310.0,-0.08506898484064498,-0.18239018043313082,-0.5435984092673517,-0.337665907394465,-0.5064342105096046,-0.39973378699052264,-0.38398620438915343,-0.5774231224871739,-0.8396952737602584,-0.2343804319480488,,,-0.03681903201471872,114,1.2543586066456074,0.7255372366817693,0.8183460359613134,0.2821203701198459,0.819477298843439,0.8117048900690922,1.4127717968922606,0.7950155465859909,-0.37175104234678724,0.21355068141189237,0.13430810720146538,0.6867988631511015,0.6079396383059107,0.016553030353878468,-0.618846733491925,-0.8396952737602584,0.015342046088203744,-0.2791457958636497
16,320.0,-0.14680611422131143,-0.23741101766401185,-0.5451075650204983,-0.337665907394465,-0.4860872479674431,-0.40083520710307724,-0.40073439419224305,-0.561928474306175,-0.818263606759344,-0.2354487329115199,,,0.030200195743144632,114,1.5109521535861603,0.9441652979855876,0.8849332659288368,0.11506529289731632,0.9621539705589852,0.949120841523799,1.1616184131227003,0.6598941343286501,-0.29655353805441775,-0.00718142504270151,0.023409300330777164,0.6867988631511015,0.6079396383059107,-0.16257735392607292,-0.6960767337153914,-0.818263606759344,-0.09673533725166342,-0.11633488958092703
16,330.0,-0.20843215972572784,-0.29250276335874575,-0.5585658449209431,-0.337665907394465,-0.4641908321132249,-0.40170537127652095,-0.4150087336898701,-0.5448398433980326,-0.7927315175308076,-0.23634863172466736,,,0.09819128547132225,114,1.6667410928000679,1.081900976606993,1.1753913552699309,0.2821203701198459,1.498618256209439,1.48456920408869,1.1616184131227003,0.9751774295957808,-0.647475224752145,0.3174246138611155,-0.14293890997525352,0.7936445315631131,0.9341770139782103,-0.2965528703073622,-0.7575056113693852,-0.7927315175308076,0.42891180718276417,0.3449908953547449
16,340.0,-0.2682209883071122,-0.3448924756469156,-0.5629133089447053,-0.337665907394465,-0.443548272772365,-0.4012723202775479,-0.4306950016758789,-0.5285622514092944,-0.7361605148942368,-0.23723432158438648,,,0.1652240359622696,114,1.9783189712278824,1.3551860532367654,1.3464516529451207,0.11506529289731632,1.5785171923701453,1.565123382527656,1.0360417212379203,0.8100290368368079,-0.396816877110911,0.21355068141189237,0.023409300330777164,0.7936445315631131,0.9341770139782103,-0.4078998753713718,-0.7868842043740215,-0.7361605148942368,0.153646941751824,0.12421408351551304
16,350.0,-0.3269741245906934,-0.4213148350336879,-0.5700407940901092,-0.337665907394465,-0.42961806459083485,-0.4007358191423817,-0.4439598231394466,-0.517738730294157,-0.6614904908291772,-0.23796178360776726,,,0.2321457284525902,114,1.5567724298255448,0.9878909102463512,0.9538166072745509,0.03153775428605153,1.042052906719691,1.0296750199627644,1.5383484887770407,0.764988566084361,-0.4970802161674043,0.08370826585036698,-0.013556968626117816,0.9004901999751256,0.9341770139782103,-0.4824780770106082,-0.8002137483698166,-0.6614904908291772,-0.04778348799567989,-0.10235521726041642
16,360.0,-0.38099682754262426,-0.4911173176723002,-0.5743890843498367,-0.337665907394465,-0.4235902193710542,-0.3994160077084854,-0.45647684414687445,-0.5133277474781547,-0.5348112466076067,-0.23882228341198294,,,0.29461938190828163,114,2.0333033027151437,1.400004805804048,1.479626112880168,0.2821203701198459,1.6298807941877413,1.6125081933741068,1.2871951050074804,0.9901909198465978,-0.4970802161674043,0.34339309697342013,-0.30928712028128424,0.9004901999751256,0.9341770139782103,-0.5393483709809379,-0.791274628887046,-0.5348112466076067,0.15852133344601457,-0.053910708959180265
16,370.0,-0.43536950762784843,-0.5518372798637727,-0.5820832479468022,-0.337665907394465,-0.42795065518197106,-0.3986887859686408,-0.4661621843607584,-0.5176528476771237,-0.381177136815277,-0.23966949362174741,,,0.3584279195216609,114,1.7125613690394523,1.123440308254718,1.1375055175297883,0.2403566008142135,1.321699183282162,1.3092454039568229,1.5383484887770407,0.8175357819622154,-0.409349794492972,0.3758537008637997,-0.19838831341059765,1.0073358683871372,1.26041438965051,-0.5754255125390029,-0.7738680697327184,-0.381177136815277,0.13789179030611812,0.06918625754693122
16,380.0,-0.48479424682912764,-0.5955428230094204,-0.5917506665394793,-0.337665907394465,-0.4434100873252832,-0.3976713024177009,-0.4750426111096103,-0.5312381942753442,-0.12774563518331172,-0.2403655710475601,,,0.41725705387233514,114,1.291014827637115,0.7561451652643039,0.7930888108012181,0.11506529289731632,0.6197299584416742,0.607950203429355,0.03142818615967963,0.4196782903155962,0.10449981817155703,-0.16299232371653155,0.5224539312488709,1.0073358683871372,1.26041438965051,-0.6035964574993605,-0.7309737502459362,-0.12774563518331172,-0.3210456906852936,-0.676421066650754
16,390.0,-0.5336161428640819,-0.6350742456664472,-0.620582000835524,-0.337665907394465,-0.46125200906250513,-0.39757875652987096,-0.4810748118760074,-0.5468639173532012,0.14878289915808313,-0.24105280376490165,,,0.476158384550753,114,2.0333033027151437,1.3945391042714528,1.4187791613581207,0.19859283150858112,1.5271535905525484,1.5177385716812055,1.1616184131227003,0.8850964880908869,-0.5973435552238975,0.26548764763650395,-0.1059726410183569,1.1141815367991486,1.26041438965051,-0.6214534886648173,-0.6886133791989644,0.14878289915808313,0.04119710952108193,-0.12475827869167806
16,400.0,-0.5816591372657476,-0.6750550230548753,-0.6258476698406683,-0.337665907394465,-0.48674022828408725,-0.3967991235603131,-0.4854790610541366,-0.5686366834369128,0.5261381414472666,-0.2418660435724946,,,0.5349018329958465,114,2.115779799946036,1.4694192152680101,1.4767559736574298,0.3238841394254783,1.7354615312572461,1.7214932583209428,1.5383484887770407,1.0877786064768993,-0.7602714811907011,0.40831430475418395,-0.18914674617137225,1.221027205211161,1.26041438965051,-0.6302208295563702,-0.600303262265523,0.5261381414472666,0.19673742310184694,0.14939404960076585
16,410.0,-0.6276346028770491,-0.7040087293882987,-0.6524792538608528,-0.337665907394465,-0.5095301262509779,-0.3959983893642231,-0.4885623636977051,-0.5880009496811306,0.9682087327296044,-0.24253440167027224,,,0.5918579912005374,114,1.8042019215182212,1.2021464103240926,1.3900777691307393,0.5744667552592717,1.5271535905525484,1.5130000905965602,1.5383484887770407,1.1553393126055707,-0.7101398116624535,0.5056961164253274,-0.07824793930068567,1.221027205211161,1.26041438965051,-0.6352379297364993,-0.4892722769070524,0.9682087327296044,0.2942029997324683,-0.06618463611688667
16,420.0,-0.6753731279367643,-0.7515341049867109,-0.6525848554190334,-0.337665907394465,-0.536749124530191,-0.3950910943834287,-0.48995740408494515,-0.610945242092649,1.2919278083882841,-0.24319443649107758,,,0.6517802753097949,114,1.9233346397406208,1.303808458830368,1.406150548778073,0.36564790873110975,1.664123195399473,1.650416042051267,1.5383484887770407,0.7049346050810971,-0.2213560337620465,0.12266099051882622,0.13430810720146538,1.3278728736231726,1.5866517653228096,-0.62425532417884,-0.2926537633488128,1.2919278083882841,0.32705378919989175,0.16210282211096128
16,430.0,-0.7218324535187397,-0.807311984159319,-0.6562203636748765,-0.337665907394465,-0.5599064649527297,-0.394917605635072,-0.49084789343583146,-0.6306120062328401,1.5118652823080632,-0.243975708840895,,,0.7108770693459407,114,1.9966470817236364,1.3644777458421773,1.5037352823511678,0.2821203701198459,1.7754109993375984,1.7617703475404256,1.7267135266042108,1.0877786064768993,-0.785337315954823,0.48621975409109786,-0.2723208513243892,1.3278728736231726,1.5866517653228096,-0.6051003545221214,-0.03418377442194254,1.5118652823080632,0.3818553862249847,0.16823514441389442
16,440.0,-0.765545952249806,-0.864481254869628,-0.6702870579542889,-0.337665907394465,-0.5753183994800026,-0.39551175454486276,-0.49152847452685244,-0.6439121983111449,1.6432742474600674,-0.2446179710069902,,,0.7671976979765698,114,1.6025927060649292,1.0261508209745192,1.2741241445321208,0.5327029859536393,1.1333659766176407,1.1197061605710208,0.1570048780444597,0.5247727220713071,0.07943398340743327,0.4472670294226386,0.37458885542128767,1.4347185420351851,1.5866517653228096,-0.5849293290269213,0.2213785975485414,1.6432742474600674,0.022710754314769745,-0.5989209260857428
17,0.0,0.9368245729769281,0.21744922354845642,0.14997800482629373,-0.337665907394465,0.26029370928233103,0.13701075679236924,-0.3542276614136444,0.2295267950800637,2.1805871066293716,-0.21799698621625033,,,-1.007966345373777,109,-1.7422874594101385,-1.8138276953620776,-1.4949861775655817,3.2891117601253756,-1.4604959151709902,-1.4603967900182113,-1.035973694860951,2.123709433783189,-0.7602714811907011,2.557206282297434,-1.270410113160575,-4.334947552213459,-1.349484615727887,-0.6029416705495111,0.2776692489192106,2.1805871066293716,2.5791965103005503,0.9536397721182734
17,10.0,0.8554680430912827,0.11738630100676298,0.15894237091755464,-0.337665907394465,0.3617458253395224,0.11083722921645227,-0.3507356489649059,0.3083542181701462,1.9604599372355187,-0.22037042438664467,,,-0.9390876200087306,90,-1.274920641768417,-1.3754784324479223,-0.9967300084982506,2.5373639126239924,-1.0239052997214186,-1.0173488086038989,-0.3453018894946606,1.5907305298792294,-0.146158529469677,1.875533600599425,-0.6604666753717947,-1.1295774998531014,-1.349484615727887,-0.6096024757790347,0.10804186318792444,1.9604599372355187,1.418350439437949,0.0006654851753659503
17,20.0,0.782096280329171,0.1795919559319083,0.1535136219070102,-0.337665907394465,0.4171130158196255,0.07126032926673483,-0.35397339675371914,0.343667638283859,1.8011596930260219,-0.2215250699098558,,,-0.8758442061700298,117,-1.3940533599908165,-1.4858856034063506,-0.9829533402291077,3.957332069015494,-0.8641074274000068,-0.8609789328106119,-1.3499154245729013,2.026121747152886,-0.5973435552238975,2.1871553979470852,-0.6419835408933456,-1.0227318314410894,-1.349484615727887,-0.6156873468448588,-0.021170539281779945,1.8011596930260219,2.9656663473241176,0.7976982582116917
17,30.0,0.7157096691309075,0.2504247068325101,0.1675806785467516,-0.337665907394465,0.4020819539593251,0.027050353547763962,-0.3601670894735081,0.3176908983649156,1.6629997527833709,-0.22247150063127014,,,-0.8176784626878093,122,-1.4948579677174625,-1.5864545116061068,-1.057576960020298,2.3703088354014628,-0.9497134304293345,-0.9462715923342231,-1.2243387326881212,1.3955551566186224,-0.3216193728185415,1.6937542188132881,-0.8822642891131679,-1.0227318314410894,-1.349484615727887,-0.6175326691088924,-0.09325306162927957,1.6629997527833709,3.4320525462761893,0.8197586339112725
17,40.0,0.6485426340509802,0.30500704255733735,0.18057995868328444,-0.337665907394465,0.36225286579811267,-0.020106990231546048,-0.3655405924512309,0.26990743933083144,1.4785624456390978,-0.22358876415425577,,,-0.7578945426111467,123,-1.1924441445375247,-1.3011448916046242,-1.1448291923915357,1.0338682176212282,-1.1779961051742085,-1.1784571654818308,-0.847608657033781,0.5998401733253861,-0.0709610251773075,1.213337281235641,-0.6235004064148981,-0.9158861630290772,-1.349484615727887,-0.6165598388073591,-0.15467746403289853,1.4785624456390978,0.3575555903120862,0.04081432758943117
17,50.0,0.5798072704384089,0.39125833238979735,0.17789438409142289,-0.337665907394465,0.25696590224638766,-0.06872877441029762,-0.37074649386497543,0.1662031471939054,1.2665085811932926,-0.2245048000747086,,,-0.6957180643234362,123,-0.8533741003660794,-0.984134202714088,-0.836002212024918,-0.3025724001590076,-0.7899155581079229,-0.7851632354562913,-0.21972519760988055,0.07436801454683352,0.05436814864330951,0.538156720315707,-0.8637811546347204,-0.9158861630290772,-1.0232472400555874,-0.6085173351474218,-0.16819310854004876,1.2665085811932926,0.48499711787837696,0.2957338557362755
17,60.0,0.5041886566138053,0.4768316560819291,0.17993169367300543,-0.337665907394465,0.14452721917744393,-0.1174089807946559,-0.379029898809314,0.05615112541001108,1.0883986843145292,-0.2255864680340274,,,-0.6261207420942648,126,-0.7708976031351875,-0.9076143812577516,-0.8141891539321087,-0.13551732293647806,-0.8355720930568975,-0.8278095652180968,-0.7220319651490009,-0.43609065398090197,0.2548948267562978,-0.1110553574919223,0.13430810720146538,-0.8090404946170657,-1.0232472400555874,-0.6002777710167139,-0.1776983093987062,1.0883986843145292,0.07809920430965753,-0.045160568892386246
17,70.0,0.4238048764210185,0.5286436439746518,0.17626483070920573,-0.337665907394465,0.05526883645389938,-0.16010215042359124,-0.3895342238501256,-0.03271424428346666,0.9672635158409487,-0.2268248091927889,,,-0.5507278923029276,122,-0.715913271647926,-0.8584230674643927,-0.7981163742847753,0.19859283150858112,-0.7956226249765446,-0.7899017165409361,-0.3453018894946606,-0.10579386846295637,0.05436814864330951,0.2525034060803516,-0.161422044453701,-0.8090404946170657,-1.0232472400555874,-0.5958989003498262,-0.1994134539472622,0.9672635158409487,0.04471419543071412,0.06354983399013299
17,80.0,0.3425487757935536,0.5595354982832822,0.18102091225278152,-0.337665907394465,-0.025911477353741903,-0.19987977008546437,-0.39568486511831497,-0.11351572337014179,0.7677398624665068,-0.22803845403850106,,,-0.4729970653612985,124,-0.6471828572888493,-0.7928346490732472,-0.6609237194378947,0.3238841394254783,-0.6215570854835781,-0.6145779164090692,-0.2825135435522706,0.21699617192958393,-0.15869144685173797,0.5186803579814775,-0.2538377168459401,-0.7021948262050537,-1.0232472400555874,-0.5864187659528411,-0.22870402304329449,0.7677398624665068,0.3491115281248018,0.16966500785758815
17,90.0,0.2670923219747533,0.5485838005378795,0.19418598139161883,-0.337665907394465,-0.06819490931970275,-0.23204388693096864,-0.40357365751421176,-0.159292639957188,0.6367740669601262,-0.22922813405772755,,,-0.3994055487273124,122.5,-0.7434054373915567,-0.8819255840545529,-0.7711370655910372,0.2403566008142135,-0.7299913559873934,-0.721193740813583,-0.1569368516674905,0.4271850354410058,-0.271487703290294,0.5316645995376321,-0.30928712028128424,-0.6487719919990474,-0.8601285522194376,-0.5858760393417706,-0.29048932058817456,0.6367740669601262,0.31712613069483186,0.2339916489233689
17,100.0,0.19046430910577108,0.49875280257660526,0.15533891526060756,-0.337665907394465,-0.0925609111805551,-0.2599954649182439,-0.41315476792946193,-0.18881025223689205,0.5518564620285819,-0.23022931928406626,,,-0.3232423524323821,123,-0.5784524429297725,-0.7266996605288422,-0.6236119095422997,0.2821203701198459,-0.5473652161914943,-0.5411314595970708,-0.2825135435522706,0.2695433878074383,-0.0709610251773075,0.5186803579814775,-0.4109443599127471,-0.5953491577930417,-0.6970098643832878,-0.5920585688397099,-0.3689682756994012,0.5518564620285819,0.3533246003521401,0.3105266555434497
17,110.0,0.11783316629036582,0.4710574527738283,0.15813975788952564,-0.337665907394465,-0.12156825824543073,-0.2808952706251898,-0.41964675449798156,-0.21997276415627684,0.46277354937299486,-0.23137633731313,,,-0.24968450207153572,126,-0.6151086639212799,-0.7605870100309339,-0.6488691347023948,0.3238841394254783,-0.6129964851806454,-0.605100954239779,-0.03136015978271041,0.2545298975566234,0.01676939649712476,0.6679991358772348,-0.4663937633480912,-0.48850348938102967,-0.6970098643832878,-0.5937630784270171,-0.4207882306006276,0.46277354937299486,0.27373294793038905,0.14880086925484431
17,120.0,0.042762781156315315,0.44155495629106295,0.17631512053711368,-0.337665907394465,-0.16128570465786757,-0.29605139524997076,-0.4174442655884586,-0.2578189543338533,0.27181205421686494,-0.23250132751926278,,,-0.17221764560181163,125.5,-0.532632166690388,-0.6840671885745978,-0.605243018516776,-0.010226015019580864,-0.6215570854835781,-0.6145779164090692,-0.2825135435522706,-0.01571292695806036,0.01676939649712476,0.1291531112969012,0.041892434809226296,-0.48850348938102967,-0.6970098643832878,-0.5790492484666012,-0.4399465900050376,0.27181205421686494,0.028853280052689795,-0.09175114662299688
17,130.0,-0.02800969524718978,0.4167727791309272,0.16033097888717868,-0.337665907394465,-0.1923311798815261,-0.3127029732574206,-0.41381813331942024,-0.28861699340676494,0.05811649622226571,-0.2336049184152821,,,-0.09780886414716039,127,-0.45015566945949603,-0.6075473671182614,-0.629352187987776,-0.17728109224211044,-0.6358247526551327,-0.631162600205327,-0.03136015978271041,-0.3460097124760081,0.4052898353410386,-0.1110553574919223,0.11582497272301626,-0.3816578209690177,-0.6970098643832878,-0.5617067409589498,-0.48256745736660045,0.05811649622226571,-0.20970509823014802,-0.04213850682493607
17,140.0,-0.09014992538517246,0.4155649583243698,0.15822352227845254,-0.337665907394465,-0.1966054828758445,-0.32408741319029344,-0.4108899184184783,-0.2952582413328793,-0.08273689513333492,-0.23453428045253216,,,-0.03134410520026087,131,-0.4776478352031265,-0.6365155852410173,-0.511102452010967,0.19859283150858112,-0.5159763484140738,-0.5103313325468779,-0.4708785813794407,0.02932754379438658,0.17969732246392653,0.14862947363113083,0.17127437615836036,-0.3816578209690177,-0.3707724887109882,-0.5536350324918377,-0.5373857121896097,-0.08273689513333492,0.1765962773084334,-0.07237552598461326
17,150.0,-0.15556006518195398,0.3692154442770424,0.17232942734379067,-0.337665907394465,-0.20887206586438117,-0.3338166544324875,-0.4068614703279426,-0.30810751884323895,-0.20946210616602837,-0.2355997172713596,,,0.03979117267561797,130,-0.7204952992718645,-0.8633421988437285,-0.8457606853822274,-0.010226015019580864,-0.9268851629548471,-0.9225791869109978,-1.3499154245729013,-0.7063334784955879,0.6559481829822725,-0.16948444449460887,0.31913945198594357,-0.27481215255700614,-0.3707724887109882,-0.5403692259070761,-0.5758096488096944,-0.20946210616602837,-0.33304018327303875,-0.3296879234563124
17,160.0,-0.22473993656445496,0.28048051079788694,0.19321541475370593,-0.337665907394465,-0.2404151964131148,-0.3456001662466463,-0.4154162155187154,-0.338980999629951,-0.24322856230228332,-0.23649722428562595,,,0.1163694245662262,130,-0.45931972470737276,-0.6146527791106354,-0.5673571807766333,0.03153775428605153,-0.6415318195237547,-0.6335318407476495,-0.7220319651490009,-0.526171595485798,0.5306190091616556,-0.08508687437961537,0.2821731830290486,-0.27481215255700614,-0.3707724887109882,-0.5425625212792452,-0.6047004575540059,-0.24322856230228332,-0.2065280273640819,-0.34249124356536476
17,170.0,-0.290044210408914,0.1708936635138253,0.19680802491848287,-0.337665907394465,-0.262525031229558,-0.35099706377534334,-0.41107012945059074,-0.35890693997565964,-0.3311529279884665,-0.2375264520051949,,,0.18995853800862855,127,-0.47306580757918826,-0.6305033135551622,-0.511102452010967,0.36564790873110975,-0.5445116827571831,-0.536392978512426,-0.6592436192066108,0.02932754379438658,0.355158165812791,0.2395191645241993,0.10658340548379251,-0.16796648414499413,-0.3707724887109882,-0.5224197469351206,-0.6110788161365166,-0.3311529279884665,0.08586342391935681,-0.18677710972916226
17,180.0,-0.35767357067569144,0.025884388347148655,0.20841747010443257,-0.337665907394465,-0.2724852887517913,-0.3625733788763803,-0.40487879650668346,-0.37014393657218997,-0.47649169551171516,-0.23853694212702603,,,0.2675357744780557,127,-0.27145659212589623,-0.4424831808338787,-0.4100735513705864,0.1568290622029487,-0.436077412253368,-0.4274079135655895,-0.09414850572510046,-0.008206181832652893,0.29249357890248256,0.16161371518728315,0.0049261658523296736,-0.06112081573298211,-0.044535113038688574,-0.5014322654912394,-0.6753300271289278,-0.47649169551171516,-0.11925960835715811,-0.18036833728982368
17,190.0,-0.42615778996348275,-0.14713351868088767,0.20975636704780395,-0.337665907394465,-0.28668688974014195,-0.3711685028890873,-0.4101278220732426,-0.3851092846553591,-0.524012505704558,-0.2393885477868732,,,0.34755105370924366,127,-0.42724553133980375,-0.5884174117541773,-0.4973257837418242,0.4491754473423746,-0.5216834152826958,-0.5127005730892007,-0.4708785813794407,0.09688824992305804,0.3300923310486673,0.27847188919265625,0.16203280891913663,-0.06112081573298211,-0.044535113038688574,-0.5034112848458758,-0.717587111358439,-0.524012505704558,0.03257761794694291,-0.15387260705686068
17,200.0,-0.4868847028729844,-0.2869629538359171,0.21303134297917123,-0.337665907394465,-0.27953921223887274,-0.37331963750916997,-0.39733626701204455,-0.37856112486366855,-0.6029848863102073,-0.24050371974565196,,,0.41976289285711665,130,-0.3814252551004193,-0.5468780801064518,-0.4634581409135147,0.19859283150858112,-0.49029454750527574,-0.4842696865813303,-0.1569368516674905,-0.023219672083467827,0.3300923310486673,0.27847188919265625,0.0049261658523296736,0.045724852679029426,-0.044535113038688574,-0.47792746574082934,-0.7415022960675269,-0.6029848863102073,0.004338850583017636,-0.1716436140060647
17,210.0,-0.5463912502775714,-0.4102546960549476,0.21159829888472706,-0.337665907394465,-0.2762411521507714,-0.37985749292261944,-0.4017379695343399,-0.37802117288182335,-0.6394346882441564,-0.24132525799922355,,,0.4917025090981466,133,-0.29436673024558846,-0.46051999589144366,-0.33774604295758676,0.19859283150858112,-0.36759260982990605,-0.3634384189228812,-0.3453018894946606,-0.48113112473335107,0.6810140177463946,-0.07210263282346306,0.18975751063680785,0.045724852679029426,-0.044535113038688574,-0.48863869253146797,-0.7895026572117283,-0.6394346882441564,0.08568327309203139,-0.20953382332636844
17,220.0,-0.6005083694235809,-0.505865981323035,0.20946943124318027,-0.337665907394465,-0.27661940812530783,-0.3863966712319225,-0.40574096947346544,-0.3805650756024827,-0.6807226944248927,-0.24213439565561465,,,0.5581645411344455,135,-0.2118902330146965,-0.38727959535466466,-0.28952770401558686,0.07330152359168393,-0.3732996766985276,-0.36580765946520394,-0.09414850572510046,-0.19587480996785023,0.5556848439257775,-0.03314990815500613,0.18975751063680785,0.09914768688503615,-0.044535113038688574,-0.49620328819503845,-0.8345868173202209,-0.6807226944248927,-0.1015225375923018,-0.410436224740752
17,230.0,-0.6549404263762211,-0.6191321380392261,0.2072071186345502,-0.337665907394465,-0.3025848446150692,-0.39097443218624134,-0.4103334762639558,-0.40429713106534637,-0.7056073265053059,-0.24279841683463285,,,0.6260342407913705,137,-0.0194450728092815,-0.2090977253920529,-0.12879990754225407,0.36564790873110975,-0.11648166761054432,-0.10756044035204831,0.65931164558358,0.02932754379438658,0.2548948267562978,0.27847188919265625,-0.03204010310456531,0.1525705210910419,0.28170226263361103,-0.4896032101733897,-0.8475227864919573,-0.7056073265053059,0.06329431680211905,-0.1075502986489286
17,240.0,-0.7046786844502896,-0.7303871458169116,0.2124997224017944,-0.337665907394465,-0.34225170442234865,-0.39488720225911167,-0.4118600491990812,-0.4391938285047486,-0.7368860638644315,-0.24371657555213178,,,0.6889666829038967,139,-0.12941373578380455,-0.30748035297877113,-0.09321018118030193,0.6162305245649041,-0.07082513266156969,-0.06491411059024288,0.4081582618140199,0.3446108390615173,0.05436814864330951,0.5641252034280116,-0.12445577549680603,0.25941618950305345,0.28170226263361103,-0.4625229946141662,-0.8456052407678286,-0.7368860638644315,0.38755047452070557,-0.08282327040748032
17,250.0,-0.748227843667086,-0.7977184484954369,0.20932492055319968,-0.337665907394465,-0.37480338392576906,-0.3981757728476282,-0.4172479932673473,-0.4682101426914026,-0.7513157380401624,-0.24423293126539927,,,0.7448010240635372,144,0.026375203430102998,-0.16537211313128924,0.054889002712983186,0.699758063176169,0.11180100713432968,0.1246251327955593,0.1570048780444597,0.2695433878074383,0.2548948267562978,0.5900936865403164,0.0049261658523296736,0.25941618950305345,0.28170226263361103,-0.4471282289108024,-0.8439172436751297,-0.7513157380401624,0.4396014643107618,-0.01040040506961476
17,260.0,-0.7902733391298075,-0.8479471572011064,0.195356203203162,-0.337665907394465,-0.4108815586477672,-0.39904096781407744,-0.42514556485375216,-0.4997380080947337,-0.7325503655325237,-0.24078155116639677,,,0.7993692694589959,146,-0.20272617776681948,-0.3807207535155501,-0.1982572767325157,0.6162305245649041,-0.18211293659969593,-0.1715299349947566,0.21979322398684975,0.16444895605172952,0.4428885874872233,0.4407749086445636,-0.1059726410183569,0.36626185791506594,0.28170226263361103,-0.4329748375062739,-0.8096734380753839,-0.7325503655325237,0.31878007144310044,-0.07851961104166598
17,270.0,-0.8306813381879311,-0.8993794140183196,0.18357715353715154,-0.337665907394465,-0.4507762688080613,-0.39899849323872644,-0.42710530698866767,-0.5337296232566587,-0.7243596400467428,-0.22101050314448847,,,0.8524360839955785,150,0.01721114818222597,-0.16974467435736562,0.019299276351031045,0.5327029859536393,-0.03658273144983851,-0.027006261913082585,0.2825815699292398,0.04434103404520151,0.5306190091616556,0.13564523207497853,0.26369004855059947,0.4731075263270775,0.6079396383059107,-0.3813779891015758,-0.7438733490640194,-0.7243596400467428,0.14390181516915182,-0.3479809195397657
17,280.0,-0.8697872889162626,-0.9676101866613935,0.18574454587578343,-0.337665907394465,-0.49422021811487005,-0.3976529840908994,-0.4289519685538111,-0.5703474364318506,-0.7010710925111512,-0.1358534295636198,,,0.904385370489497,150,0.2692226674988407,0.06036136016490304,0.31894181120488685,0.8250493710930661,0.34293721531351445,0.3544414654008445,0.5337349536988,0.5848266830745712,-0.020829355649059987,0.6939676189895394,-0.03204010310456531,0.4731075263270775,0.6079396383059107,-0.29274478136487575,-0.6089110151780103,-0.7010710925111512,0.3997856141112674,-0.15839140845420854
17,290.0,-0.9073432821572924,-1.044644886688998,0.18133159763220114,-0.337665907394465,-0.5337092855605834,-0.39557574094513054,-0.4366153544850963,-0.6039029808787536,-0.6357051818270132,-0.013400478177952828,,,0.9548335556170254,150,0.17300008739613318,-0.0243570135903266,0.35682764894502944,0.9503406790099633,0.3971543505654222,0.40893399787426254,0.9104650293531402,0.9151234685925189,-0.2213560337620465,0.9536524501125903,-0.34625338923818083,0.579953194739089,0.6079396383059107,-0.1975768902868325,-0.3687272965328988,-0.6357051818270132,0.686512960927969,-0.12085640850145865
17,300.0,-0.9434172966273129,-1.1028025641412242,0.17388857914518485,-0.337665907394465,-0.5613572404822093,-0.39542155153938713,-0.436692549695308,-0.6273135890456008,-0.633232930427782,0.1219734567978479,,,1.0038142286550542,151,0.29213280561853294,0.0827707364485441,0.49115016456917177,0.7832856017874337,0.7281642289454893,0.7406276737994164,1.0360417212379203,0.6749076245794651,0.1295656529356808,0.8757470007756764,-0.34625338923818083,0.579953194739089,0.6079396383059107,-0.01762009778808131,-0.10411259901215297,-0.633232930427782,1.0667160139957284,0.35686036598959076
17,310.0,-0.9791181165483513,-1.167420737039057,0.17468871330859237,-0.337665907394465,-0.5837220451954525,-0.39331665101049706,-0.44605403250380604,-0.6464846543674254,-0.5346441791913124,0.16286586491314478,,,1.052801059767686,151,0.2783867227467177,0.07074619307683398,0.4027498765088388,1.2009232948437576,0.5112956879378592,0.5250267844480665,1.0988300671803104,0.7049346050810971,0.11703273555361801,0.9536524501125903,-0.24459614960671636,0.6867988631511015,0.6079396383059107,0.11695619266080538,0.39623031988169466,-0.5346441791913124,0.6914601855000663,0.050471280688025456
17,320.0,-1.0124349962204577,-1.2222618932154343,0.1709370163168224,-0.337665907394465,-0.5965163781799185,-0.389844297572881,-0.4434489524886527,-0.6561136618415736,-0.5062784313996663,0.18987629381897642,,,1.0989841774964348,153,0.24631252937914844,0.040138264494299906,0.2626870824392205,0.7832856017874337,0.5170027548064807,0.527396024990389,0.9104650293531402,0.6899211148302821,0.1295656529356808,0.8238100345510672,-0.3832196581950758,0.6867988631511015,0.9341770139782103,0.373812738309303,0.9759955275910219,-0.5062784313996663,0.7698344603767066,0.49014160808394
17,330.0,-1.0440124008169192,-1.2935557143548753,0.16449489967114506,-0.337665907394465,-0.6048562600402125,-0.38734093849880125,-0.45168651356178113,-0.6631787898354764,-0.3772756805328634,0.4329790739963163,,,1.1431788466631339,155,0.5808005459266552,0.3527763921587593,0.7328158871237185,1.2009232948437576,0.8480126331865483,0.8638281820001875,0.7848883374683602,0.9226302137179264,-0.0834939425593685,0.9861130540029744,-0.29080398580283673,0.7936445315631131,0.9341770139782103,0.42474969955365555,1.6211248398181393,-0.3772756805328634,0.7011620403405064,-0.0038666537641453198
17,340.0,-1.076020917327817,-1.3590872024853273,0.1572906357815743,-0.337665907394465,-0.6077611154450846,-0.3851266775321691,-0.4548160675137552,-0.6652766721620459,-0.2932628706522892,0.9024315990350161,,,1.1884028755385319,155,0.576218518302717,0.34621755031964496,0.8217902030285993,1.451505910677552,0.8365984994493044,0.854351219830898,0.9104650293531402,0.9901909198465978,-0.2213560337620465,1.083494865674118,-0.1799051789321485,0.7936445315631131,0.9341770139782103,0.42749550447487145,1.985184643186776,-0.2932628706522892,0.6949642559248405,-0.2484411024022335
17,350.0,-1.102509757867998,-1.3921751629267047,0.16270527716682018,-0.337665907394465,-0.6071130246072802,-0.38141740113473943,-0.4541090807146061,-0.663600937816923,-0.23803837068618028,1.1991549317281296,,,1.2261569977913518,158.5,0.4983240486957632,0.2751634303959042,0.601937538566862,1.0338682176212282,0.508442154503548,0.5250267844480665,0.5337349536988,0.2245029170549914,0.6810140177463946,0.4797276333130228,0.3376225864643911,0.9004901999751256,0.9341770139782103,0.38297029782909725,2.090672136772035,-0.23803837068618028,0.2746554081272285,-0.4875641757362122
18,0.0,1.1710637551550516,0.9632344922126741,-0.395338085120115,-0.337665907394465,0.6180091758883707,0.7581186593771078,0.011457836091867221,0.7428073658784311,0.906863324437748,-0.20940888582867956,,,-1.199274286695234,83,-2.2554745532912452,-2.2849711674718054,-2.074754300558675,5.126717609573199,-2.0169349348616206,-2.0219067985486503,-0.5964552732642208,2.3414050424200186,-2.0762278063071795,4.381492220936874,-4.005914015970861,-4.334947552213459,-2.6544341184170857,-0.4563106920454776,0.7710037641586841,0.906863324437748,10.483143773328955,6.945600844666229
18,10.0,1.0825935620673701,0.8955639891627573,-0.42703948263822,-0.337665907394465,0.5641856001094312,0.6147665564874196,-0.03249797202599369,0.6522043540014876,0.8322833551619646,-0.2129762509431658,,,-1.1282096032653914,77,-2.246310498043368,-2.275132904713134,-2.0977154143405796,2.620891451235257,-2.04547026920473,-2.0503376850565207,-0.4708785813794407,2.056148727654518,-1.900766962958315,4.147775872926128,-4.504958646888954,-1.1295774998531014,-1.349484615727887,-0.46273607591179,0.6537758926788957,0.8322833551619646,8.153332449792472,7.822882044500029
18,20.0,1.002193872064401,0.9526775786149987,-0.43499699778135736,-0.337665907394465,0.554291016181197,0.5182012159083547,-0.05572981307647371,0.6140802407563631,0.7478836168894627,-0.21738982758165043,,,-1.0623833885908738,83,-1.7789436804016465,-1.8127345550555585,-1.6499736955934385,0.699758063176169,-1.5204201172915195,-1.5243662846609196,-0.4708785813794407,1.2304067638596496,-1.1738577547987368,2.122234190166326,-2.3054656439536556,-1.1295774998531014,-1.349484615727887,-0.4683887504750572,0.5360207188044356,0.7478836168894627,2.0938529682159484,2.4538214345297953
18,30.0,0.8906173090413171,0.9080366862394511,-0.4632575876984663,-0.337665907394465,0.49283608854638383,0.32981081884344776,-0.12082469877435356,0.5022485744890879,0.6370757625123166,-0.21859854890546163,,,-0.9690048785024378,100,-1.907240453871923,-1.9422716813780707,-1.8204599654240805,0.07330152359168393,-1.6859250564815533,-1.687843882081174,0.1570048780444597,1.207886528483425,-1.2615881764731691,2.3689347797332223,-2.9431337834601075,-1.0227318314410894,-1.349484615727887,-0.4851559962429233,0.32929399104357804,0.6370757625123166,2.3579258400666956,3.738067825562432
18,40.0,0.8001628994684653,0.8887895672088628,-0.4865128105642746,-0.337665907394465,0.48129561697393486,0.18244397371620372,-0.1619719286757897,0.4465954352213184,0.47536123301114547,-0.21998086312033716,,,-0.8915174596747437,105,-1.4307095809823243,-1.470581639115083,-1.352627272117773,0.19859283150858112,-1.1380466370938556,-1.1405493168046703,-0.847608657033781,1.1853662931072027,-1.3242527633834775,1.6288330110325242,-1.9173198199062502,-1.0227318314410894,-1.349484615727887,-0.500410585046612,0.10348278585987508,0.47536123301114547,1.480417723120831,2.109037383902476
18,50.0,0.7112865096087345,0.7949460276816067,-0.5020585996056426,-0.337665907394465,0.4112349549262759,0.07398096313123888,-0.18595956032127672,0.3539629885907067,0.30176433579502965,-0.22190534237717616,,,-0.8137706542596412,114,-2.099685614077338,-2.1286521036395754,-1.9897981795656274,0.11506529289731632,-1.9313289318322928,-1.9318756579403944,-1.4754921164576813,0.49474574156967516,-0.8981335723933791,2.7974147510862597,-3.1187235610053627,-0.9158861630290772,-1.349484615727887,-0.497927909821564,-0.025990093927515223,0.30176433579502965,3.0628567039665975,4.509332307224351
18,60.0,0.6264348482745604,0.6841410959779595,-0.5117440904018962,-0.337665907394465,0.34207106277259913,-0.006169140762074877,-0.20261147208610966,0.2708538852642557,0.15123444702770222,-0.22395679744068037,,,-0.7380074820570197,110.5,-1.847674094760723,-1.8832421048260397,-1.7929066288857949,0.19859283150858112,-1.7201674576932842,-1.7210132496736896,0.34536991587162985,-0.24842202584570464,-0.9983969114498723,1.641817252588679,-2.2777409422359836,-0.9158861630290772,-1.0232472400555874,-0.4915560525285719,-0.12248667951079087,0.15123444702770222,1.2389476538417974,2.536066707544464
18,70.0,0.5376985923103242,0.5585918319884513,-0.5311276019320786,-0.337665907394465,0.2515334318440861,-0.08295378715799837,-0.23206790395274296,0.1694790652309974,0.04126612474393114,-0.22522801441932747,,,-0.6571188380061913,111,-2.0355372273421994,-2.0685293867810257,-1.9197667825308182,0.5327029859536393,-2.034056135467486,-2.0361222418025857,-2.1033755758815817,-1.0966842250167974,-0.271487703290294,0.38234582164187475,-0.03204010310456531,-0.8090404946170657,-1.0232472400555874,-0.4899704520685584,-0.2095803011619317,0.04126612474393114,0.19531041106545766,-0.21227912943888466
18,80.0,0.4561512882040597,0.4951842397781704,-0.5411342397299116,-0.337665907394465,0.17821696958901265,-0.1413736719748631,-0.25820113221000085,0.08826953332399098,-0.04524689736088357,-0.22629715929174907,,,-0.5812432709479903,113,-0.9266865423490948,-0.9660973876565229,-1.1499954429924641,-1.2213753248829193,-0.9668346310352001,-0.9699639977574483,0.34536991587162985,-0.6462795174923238,-0.4845472987853433,0.031771299625757726,-1.2057191424860072,-0.8090404946170657,-1.0232472400555874,-0.49080556047201357,-0.2865511432798393,-0.04524689736088357,-0.14801866735076236,1.4145586111546171
18,90.0,0.38603488145831955,0.4530444031712118,-0.5562565054437324,-0.337665907394465,0.13175139696710556,-0.184418721216908,-0.27874162473805003,0.03472958578515895,-0.11673055480097128,-0.22734792341197788,,,-0.5147893512363306,115,-1.1282957578023864,-1.1672352040560356,-1.158031832816131,-0.38609993877027243,-1.1095113027507464,-1.1121184302968,-0.2825135435522706,0.036834288919794046,-0.7728043985727621,0.3174246138611155,-0.568051002979554,-0.7021948262050537,-1.0232472400555874,-0.49482311472084173,-0.36092057020254925,-0.11673055480097128,0.06297995623739779,0.5697762539641574
18,100.0,0.30432331861316225,0.292348348924043,-0.6118675800688033,-0.337665907394465,0.1275867201055041,-0.2134396150707559,-0.2900313638086928,0.021890215597259254,-0.18319513662172496,-0.2287211599395932,,,-0.4358884209320865,121,-1.2061902274093401,-1.2426618852058529,-1.1700864175516308,-0.5113912466871696,-1.1038042358821245,-1.107379949212155,0.1570048780444597,-0.18836806484244278,-0.5722777204597755,0.7523967059922236,-1.1410281718114392,-0.7021948262050537,-1.0232472400555874,-0.5024592855627436,-0.44029663939390223,-0.18319513662172496,0.3966749424600742,0.6972638640825856
18,110.0,0.23861877821387387,0.19714972903002834,-0.613015031375228,-0.337665907394465,0.133758419254821,-0.23895516646305856,-0.31224435091408176,0.01788098227047274,-0.19732310914403248,-0.22956373998587984,,,-0.37127504219433266,117,-1.2061902274093401,-1.2481275867384483,-1.2992426825748447,-0.8872651704378602,-1.3948646461818388,-1.3987965359178256,-0.7220319651490009,-0.6763064979939559,-0.24642186852617026,-0.2149292899411431,-0.33701182199895546,-0.5953491577930417,-0.6970098643832878,-0.5243412716689316,-0.5186649837661569,-0.19732310914403248,-0.7426741766714701,-0.3160778255027228
18,120.0,0.17938965952595665,0.17351074568127783,-0.6169282662528748,-0.337665907394465,0.180171329168943,-0.2526200228855416,-0.32373242342280967,0.05232864138735891,-0.2082304011337286,-0.2305593240771044,,,-0.3121133297794942,122.5,-0.8258819346224487,-0.8671681899165454,-0.91981027732887,-0.5113912466871696,-0.7328448894217043,-0.735409184067518,0.09421653210206968,0.24702315243121592,-0.8354689854830706,0.6160621696526255,-1.1133034700937665,-0.48850348938102967,-0.6970098643832878,-0.5447868739935624,-0.588323911687872,-0.2082304011337286,0.26021279763718574,1.0892496665428555
18,130.0,0.1221629957688748,0.14022174297341686,-0.6216067862514715,-0.337665907394465,0.22742194701785648,-0.2628227491679952,-0.33953263221845525,0.08810874127784629,-0.18128774351240878,-0.23137633731313,,,-0.25410756047898364,127.5,-0.5005579733228187,-0.5414123785738564,-0.4370528600643244,0.36564790873110975,-0.1935270703369394,-0.19759158096030427,-0.3453018894946606,0.9226302137179264,-0.9482652419216265,1.096479107230268,-0.8452980201562729,-0.48850348938102967,-0.6970098643832878,-0.5677818555383594,-0.6424876999726826,-0.18128774351240878,0.7246532759122774,0.8620453111190035
18,140.0,0.05796627326352884,0.032001727716872125,-0.6225565470153029,-0.337665907394465,0.31905802540165074,-0.27227367862146484,-0.35567251418134566,0.16171869014229148,-0.14212518088018578,-0.23234193919193263,,,-0.18802657369625275,129,-1.4261275533583857,-1.4601968062031516,-1.2705412903474635,0.8668131403986985,-1.1095113027507464,-1.1121184302968,0.4081582618140199,0.8175357819622154,-0.9231994071575028,1.687262098035213,-1.2888932476390225,-0.4350806551750239,-0.6970098643832878,-0.5948817497355885,-0.7087635209615307,-0.14212518088018578,1.5518461987967433,1.502586453109485
18,150.0,-0.0071553972921038055,-0.14472385205597146,-0.6396696304214508,-0.337665907394465,0.4179799356065832,-0.27693915340838654,-0.3673604711093997,0.24326603375134273,-0.09422385151853947,-0.23329175463445834,,,-0.11987578189870585,126,-0.7617335478873105,-0.8081386133645144,-0.8279658222012511,-0.38609993877027243,-0.8526932936627631,-0.8562404517259671,-0.4708785813794407,-1.1567381860200614,1.0068698696799998,-0.15000808216037922,-0.14293890997525352,-0.3816578209690177,-0.3707724887109882,-0.6150448046974403,-0.755839318080654,-0.09422385151853947,-0.270183236462257,-0.056364844288647326
18,160.0,-0.06882777876092044,-0.2640725932561059,-0.6378157999331668,-0.337665907394465,0.4509943973557552,-0.2881873963834819,-0.3841547638112434,0.26658645882868426,-0.041123365770418634,-0.23407148582850767,,,-0.05427111497088028,122.5,-0.757151520263372,-0.8021263416786594,-0.9852494516072982,-0.9290289397434927,-1.0667083012360825,-1.067102859992672,-0.21972519760988055,-0.8940021066307853,0.10449981817155703,-0.442153517173812,0.46700452781352675,-0.27481215255700614,-0.3707724887109882,-0.6305569840371672,-0.7915078122982032,-0.041123365770418634,-0.902933251221481,-0.30380515451612244
18,170.0,-0.11864782379824362,-0.35673453821468293,-0.635957462983142,-0.337665907394465,0.463536387270278,-0.2932835825389695,-0.39599904810372893,0.27473786005877116,0.029146372646331326,-0.23499334786479567,,,-0.000501532707859745,127,-0.32185889598921924,-0.3708824907568782,-0.2837874255701106,-0.051989784325213256,0.14604340834606044,0.14357905713413946,0.2825815699292398,0.749975075833544,-0.9482652419216265,0.9666366916687449,-1.1595113062898867,-0.27481215255700614,-0.3707724887109882,-0.6403719371685163,-0.8063280910254645,0.029146372646331326,1.0378636572330804,1.4101568016443824
18,180.0,-0.16002745196311519,-0.4344805959983925,-0.6335685564769288,-0.337665907394465,0.43788862760166725,-0.30205030950767486,-0.4119880258815616,0.2490889141488951,0.13597248384197075,-0.2354487329115199,,,0.04469422892091874,129,-0.8625381556139565,-0.9054281006447135,-0.7946722072174895,0.5327029859536393,-0.6187035520492674,-0.6193163974937144,-0.3453018894946606,0.9451504490941488,-0.5973435552238975,1.0055894163371994,-0.6604666753717947,-0.16796648414499413,-0.3707724887109882,-0.6507531046654459,-0.8191547725766231,0.13597248384197075,0.7386732003538207,0.8929825700326672
18,190.0,-0.20547369567825463,-0.5060546401486117,-0.6298419559182323,-0.337665907394465,0.3475766996590149,-0.3059117546435471,-0.4258998189992951,0.17018606580072543,0.30794927155973045,-0.23619964449485803,,,0.09490191805766723,133,-1.1374598130502633,-1.178713177274486,-1.0719276561339885,0.6162305245649041,-1.0239052997214186,-1.0291950113155115,-0.4708785813794407,0.23200966218039887,-0.2213560337620465,0.6615070150991598,-0.4017027926735233,-0.11454364993898788,-0.2076538008748384,-0.6563102514970415,-0.8020542673292939,0.30794927155973045,0.4305214415657588,0.48273684466635397
18,200.0,-0.25377351890162414,-0.5316676198356123,-0.6327278767577367,-0.337665907394465,0.2353721241531149,-0.3099301153761176,-0.43717368433340004,0.0728986638635118,0.49075564278534456,-0.23694064957556796,,,0.14892832730250094,133,-0.8533741003660794,-0.8988692588055989,-0.8382983234031084,0.5327029859536393,-0.7214307556844605,-0.7283014624405505,-0.7220319651490009,0.16444895605172952,-0.271487703290294,0.6679991358772348,-0.531084734022659,-0.06112081573298211,-0.044535113038688574,-0.6590560414846076,-0.7739105055335032,0.49075564278534456,0.40005032887448005,0.6466802820878254
18,210.0,-0.29767823650967107,-0.5734290630202789,-0.6370185797440936,-0.337665907394465,0.11684801438819012,-0.31462334489733546,-0.44880654551921517,-0.02997309442890949,0.7535873109596469,-0.2375264520051949,,,0.19864510700455423,137,-0.42724553133980375,-0.4725445392631538,-0.5013439786536573,-0.17728109224211044,-0.31908254144662024,-0.32079208916107577,-0.40809023543705064,0.29206362318366286,-0.4218827118750348,0.4602512709787932,-0.6142588391756744,0.045724852679029426,-0.044535113038688574,-0.6625119433755866,-0.736728576266864,0.7535873109596469,0.23125423044918197,0.6708480481998534
18,220.0,-0.33969653124373334,-0.6154771693435004,-0.640473601426312,-0.337665907394465,-0.0026192125232993276,-0.31789726103113997,-0.45985264034744106,-0.1331865331585378,1.1652043176701172,-0.23825011274940178,,,0.2467764866363669,137,-0.665510967784603,-0.7064765648582391,-0.515694674767348,0.36564790873110975,-0.4218097450818134,-0.4274079135655895,-0.21972519760988055,0.5773199379491637,-0.3341522902006025,0.8432863968852922,-0.5957757046972268,0.045724852679029426,-0.044535113038688574,-0.6664255998134591,-0.6798750216782539,1.1652043176701172,0.6338984700773278,0.3259554946894047
18,230.0,-0.3850418060704661,-0.6627261676306071,-0.6396994996367383,-0.337665907394465,-0.12430286423242008,-0.3228495861000069,-0.468050789526738,-0.23851588384912495,1.5855918523760468,-0.2389643996339323,,,0.29933394643434663,139,-0.6242727191691569,-0.6671235138235518,-0.5857260718021571,0.19859283150858112,-0.47031981346509916,-0.47479272441204,-0.2825135435522706,0.23200966218039887,-0.271487703290294,0.3369009761953451,-0.14293890997525352,0.1525705210910419,-0.044535113038688574,-0.6672492714131059,-0.6034569564890458,1.5855918523760468,0.38394256800366616,0.4542662474601156
18,240.0,-0.44016038897369814,-0.7908724798133597,-0.6390732241466157,-0.337665907394465,-0.2730948492807546,-0.3268717446499981,-0.4728580698105974,-0.36627608824243346,1.9131798048857567,-0.23271970173921053,,,0.3640956376117515,139,-0.6242727191691569,-0.6671235138235518,-0.5857260718021571,0.19859283150858112,-0.47031981346509916,-0.47479272441204,-0.2825135435522706,0.23200966218039887,-0.271487703290294,0.3369009761953451,-0.14293890997525352,0.1525705210910419,-0.044535113038688574,-0.6573684683888721,-0.4311826827706887,1.9131798048857567,0.38394256800366616,0.4542662474601156
18,250.0,-0.4937812671161191,-0.942655359976241,-0.6410815605626162,-0.337665907394465,-0.3976166398102744,-0.332357435673965,-0.47789017896623964,-0.4738923890919157,2.35651142419528,-0.17719963138204986,,,0.4280400559010713,134.5,-0.8717022108618332,-0.9152663634033852,-0.5369337050156097,-0.34433616946464,-0.6443853529580656,-0.6477472840015844,-0.03136015978271041,-1.134217950643837,0.24236190937423502,-0.7148225898530174,0.5594202002057659,0.25941618950305345,0.28170226263361103,-0.6434829649142788,-0.15339982266422728,2.35651142419528,0.6951757918698203,-0.4821516510756394
18,260.0,-0.5367619460539276,-1.0415957506453455,-0.6396495438261449,-0.337665907394465,-0.4598686920250887,-0.3391273378371783,-0.47939025778637845,-0.5287616865143121,2.3292356622455586,-0.15159671045641884,,,0.479980943045717,133,0.17300008739613318,0.12321692778975037,-0.01514239432182599,-0.051989784325213256,0.2145282107695228,0.20991779231917015,0.9104650293531402,0.5547997025729392,-0.5722777204597755,0.6809833774333848,-0.5865341374580031,0.25941618950305345,0.28170226263361103,-0.624731705094101,0.0717676662371978,2.3292356622455586,0.03893392610576106,0.5464154132709497
18,270.0,-0.5802298524285124,-1.1697622144365816,-0.6247697584202171,-0.337665907394465,-0.5015874979664326,-0.34613020550765206,-0.4804069418276555,-0.5662419227574093,2.2099499848906707,-0.11577414950342332,,,0.5331428666568162,140,-0.5876164981776495,-0.6326895941682004,-0.5024920343427527,0.2403566008142135,-0.36759260982990605,-0.370546140549849,0.9732533752955302,0.6148536635762032,-0.45948146402121953,1.3886245422437031,-1.0855787683760951,0.36626185791506594,0.28170226263361103,-0.6026926092707984,0.29345611518677794,2.2099499848906707,0.5521185516057039,0.4827257547463199
18,280.0,-0.6158599696713839,-1.2530748934995717,-0.6273057676632439,-0.337665907394465,-0.5109331199990155,-0.35396935414049085,-0.4805564587141824,-0.5764317674725963,1.911499672662147,-0.11357367227934219,,,0.5772013238679643,141,-0.156905901527435,-0.20581830447249552,0.006670663770983337,0.699758063176169,0.6482652927847835,0.6458580521065153,1.5383484887770407,1.2153932736088346,-1.1237260852704893,1.395116663021778,-1.1964775752467833,0.36626185791506594,0.28170226263361103,-0.5934989606638781,0.2630369849637428,1.911499672662147,1.658066481605852,1.8081281470769628
18,290.0,-0.6480262529181608,-1.311509380721381,-0.6298798503416527,-0.337665907394465,-0.5045977188734825,-0.3612779420410524,-0.47945395377535877,-0.5730621503272015,1.4755376368081587,-0.01688922491111547,,,0.617355587557401,145,0.07677750729342568,0.03248628234866615,0.17600887791253048,0.5327029859536393,0.5854875572299431,0.5842577980061298,1.2871951050074804,0.8625762527146623,-0.647475224752145,1.1549081942329569,-0.8268148856778255,0.4731075263270775,0.6079396383059107,-0.5903058769942575,0.08725946629986447,1.4755376368081587,0.9164139886898913,0.9743218314919397
18,300.0,-0.6814774704477494,-1.3809496578402576,-0.6259753252142043,-0.337665907394465,-0.48596139652864156,-0.36940773375382496,-0.4796132331882169,-0.5596048159957048,1.174891119206816,0.30246620855903633,,,0.6595008192702455,148,0.09052359016524122,0.040138264494299906,0.0675176152930309,1.3679783720662873,0.37432608309093446,0.37102614919710225,1.1616184131227003,0.4797322513188602,-0.146158529469677,0.7848573098826079,-0.4941184650657624,0.579953194739089,0.6079396383059107,-0.6041234765529435,-0.17045690866391147,1.174891119206816,0.5011553269556867,0.7382608374046866
18,310.0,-0.7092089864963403,-1.4063895282926435,-0.6296002003436886,-0.337665907394465,-0.4683881548449244,-0.3759832477215836,-0.4798877490089013,-0.5466127313635681,0.9419507951145244,0.574532954314463,,,0.6947428495029828,148,0.6861871812772393,0.6315271703211277,0.697800188606314,0.2821203701198459,1.0991235754059097,1.0960137551477955,0.9104650293531402,0.5547997025729392,-0.44694854663915856,0.27847188919265625,-0.4201859271519708,0.579953194739089,0.6079396383059107,-0.6156894773400524,-0.3552260778674287,0.9419507951145244,0.5851959087681152,0.6797346991097987
18,320.0,-0.7306525879935979,-1.38052125327271,-0.6340745095861776,-0.337665907394465,-0.4645061286937947,-0.38089731654344167,-0.4770922251155513,-0.5444901565540076,0.5384660100711692,0.4042941627759646,,,0.7221845753012878,151.5,0.48915999344788613,0.4391344763737676,0.8149018688940276,1.0338682176212282,1.1961437121724812,1.193152617383019,1.4127717968922606,1.3204877053645434,-0.9231994071575028,1.382132421465628,-0.8822642891131679,0.6867988631511015,0.6079396383059107,-0.6033960736078764,-0.4409518521089687,0.5384660100711692,1.100215502925977,0.5858834744151951
18,330.0,-0.7503990877818123,-1.363197607290659,-0.6290195425430168,-0.337665907394465,-0.4631316322778097,-0.38584545517551266,-0.47707898085208555,-0.5447441059193142,0.3639192214501933,0.3572392570975078,,,0.7476029240857719,157,0.11801575590887199,0.06692020200401734,0.5123891948174335,1.2426870641493892,1.3274062501507835,1.3258300877530804,1.9150785644313808,1.343007940740768,-0.8104031507189468,1.6612936149229085,-0.8452980201562729,0.6867988631511015,0.9341770139782103,-0.6031327016670768,-0.5154095106375892,0.3639192214501933,2.2199503142395396,1.8084834894713053
18,340.0,-0.7734046801298421,-1.3779983448787452,-0.6349494633729735,-0.337665907394465,-0.45955350292321506,-0.38828036288546,-0.4754900343564896,-0.5422715284575494,0.19701713294932413,0.41649954658111443,,,0.7773976208881708,157,-0.22563631588651173,-0.270313582557122,0.16395429317703059,1.5767972185944483,0.4285432183428422,0.4255186816705203,0.21979322398684975,1.2904607248629136,-0.7602714811907011,1.7132305811475177,-1.030129364940751,0.7936445315631131,0.9341770139782103,-0.5973193567348815,-0.5617811763565429,0.19701713294932413,1.3765075209395876,0.5636222086956669
18,350.0,-0.7972649196852658,-1.392504347181425,-0.6302914430597483,-0.337665907394465,-0.45623502455467146,-0.3908680725894172,-0.47706935042723103,-0.540336452389073,0.18713748181986484,0.5244847475188767,,,0.808507088644665,155,0.7961558442517624,0.7402946308197771,0.8258083979404324,0.19859283150858112,1.4929111893408176,1.489307685173335,1.6011368347194306,1.0202179003482277,-0.9357323245395638,1.1678924357891067,-1.1040619028545426,0.8470673657691188,0.9341770139782103,-0.60643291059557,-0.6071635159227625,0.18713748181986484,0.9781987110453731,1.2297275456952148
18,360.0,-0.8222454415401519,-1.393941981954956,-0.6351043323883555,-0.337665907394465,-0.46148297739487043,-0.3916758818615094,-0.47667412218201527,-0.5449850849460549,0.1395015758078942,0.49615706225984035,,,0.8413063978075855,155,0.14550792165250243,0.0991678410463306,0.4957423873255527,1.1173957562324928,1.2617749811616323,1.25949135256805,1.2871951050074804,1.3355011956153606,-0.8605348202471943,1.7456911850378973,-1.1687528735291106,0.9004901999751256,0.9341770139782103,-0.6009429364703933,-0.6036672271212036,0.1395015758078942,2.0099593818611945,1.6985868168254803
18,370.0,-0.8452853505875157,-1.4017651367576516,-0.6297623858603977,-0.337665907394465,-0.46968104025937996,-0.39095857738454265,-0.47555335124732556,-0.5516351722771792,0.1117253250862396,0.5317361375504063,,,0.871767690005385,156,0.8648862586108391,0.8135350313565564,0.9894063336365032,0.1568290622029487,1.572810125501523,1.569861863612301,1.7267135266042108,0.6523873892032426,-0.522146050931528,0.726428222879919,-0.5495678685011065,0.9539130341811313,1.09729570181436,-0.589598021724706,-0.5682797752741927,0.1117253250862396,0.963030820392067,0.9581386976522237
19,0.0,0.6560233942243008,-0.5615711381433757,-0.5701170844469649,-0.337665907394465,-0.3844454059499524,-0.24906208532078677,-0.43265080780633036,-0.43490046280175554,1.1356721399863359,-0.22339078581493452,,,-0.7646002105457963,112,-1.2565925312726631,-1.3634538890762125,-1.2114164223590593,0.5327029859536393,-1.1894102389114523,-1.202149570905056,-0.7220319651490009,1.2754472346120966,-0.5722777204597755,0.8887312423318264,-0.531084734022659,-4.334947552213459,-1.349484615727887,-0.5260582936416525,0.43713691523596004,1.1356721399863359,0.6115870046753435,0.45096431567552664
19,10.0,0.6100708598222383,-0.7387490339698507,-0.5710490317717545,-0.337665907394465,-0.417285648502062,-0.2892519880520652,-0.4332183122728061,-0.4743413122101852,0.6575758545362997,-0.19781731959556748,,,-0.7232196186228937,115,-1.3848893047429396,-1.4782336212607168,-1.2206008678718212,1.6185609879000815,-1.0467335671959062,-1.0599951383657042,-0.3453018894946606,1.936040805647992,-1.0485285809781197,1.6548014941448288,-0.8452980201562729,-1.1295774998531014,-1.349484615727887,-0.4932013115241187,0.2970755078930136,0.6575758545362997,1.9885297048904567,1.488459994843175
19,20.0,0.580446447549375,-0.8687700324112981,-0.57098441192851,-0.337665907394465,-0.41638374078574597,-0.30998836778599903,-0.4324576721362415,-0.47946498018125694,0.38572189915253097,-0.19077449771298438,,,-0.6963009687168,120,-1.3940533599908165,-1.4924444452454648,-1.1218680786096311,2.1197262195676685,-1.0581477009331497,-1.0742105816196394,-0.5964552732642208,1.951054295898807,-0.7477385638086383,1.6548014941448288,-0.6050172719364506,-1.1295774998531014,-1.349484615727887,-0.48517991865399057,0.10984454754447931,0.38572189915253097,2.0356579728350246,0.6268125053688907
19,30.0,0.558969525679247,-0.9034065167429121,-0.572920373188383,-0.337665907394465,-0.39594401167667875,-0.3208249394843456,-0.43266437653699585,-0.46525949131086,0.25728384517478703,-0.17128418379737392,,,-0.6766658170513452,128.5,-1.1878621169135863,-1.2956791900720286,-0.8319840171130846,2.7461827591521555,-0.6415318195237547,-0.6595934867131971,-1.161550386745731,2.4915399449281765,-1.2615881764731691,2.1546947940567054,-1.0024046632230799,-1.0227318314410894,-1.349484615727887,-0.5004005477308252,-0.07442811486677206,0.25728384517478703,2.5698457744273866,1.002962323064806
19,40.0,0.5336830198295404,-0.9148898292382543,-0.5787841188727982,-0.337665907394465,-0.36179802975569064,-0.32434840875311927,-0.4307990218328403,-0.43715104425317997,0.18121121006372126,-0.1617853036325647,,,-0.6534174704336162,131,-1.164951978793894,-1.2754560944014255,-0.9410493075771317,1.8273798344282426,-0.8041832252794775,-0.8183326030488065,-0.3453018894946606,1.6282642555062687,-0.7728043985727621,1.6677857357009835,-0.8175733184386017,-0.9158861630290772,-1.349484615727887,-0.5190349852786135,-0.219663660029085,0.18121121006372126,1.7726514613924567,0.8495377365137554
19,50.0,0.5091497589559447,-0.9207430098340108,-0.5939559749896757,-0.337665907394465,-0.30774788779215834,-0.32649032079426904,-0.43028744293709736,-0.3918820167698243,0.14713888396889344,-0.17969940280769656,,,-0.630725808442615,133,-1.2107722550332787,-1.321914557428487,-1.0736497396676314,1.1173957562324928,-0.8869356948744943,-0.8988867814877726,0.7848883374683602,1.7258519421365701,-1.3743844329117234,1.7846439097063567,-1.0670956338976476,-0.9158861630290772,-1.349484615727887,-0.547880005864666,-0.37019206683342765,0.14713888396889344,1.6987747799195272,1.3061356553118861
19,60.0,0.46588226884273165,-1.057595335181746,-0.6055438742849512,-0.337665907394465,-0.19636159639537953,-0.32801337421937526,-0.4296184198746308,-0.29779493722427314,0.11830088701513132,-0.171952204649832,,,-0.5903764676666793,125,-0.8442100451182024,-0.9742959399554161,-1.0426522360620598,-0.09375355363084566,-1.0552941674988388,-1.067102859992672,-0.5336669273218307,0.17946244630254446,-0.3090864554364788,0.3174246138611155,-0.29080398580283673,-0.8090404946170657,-1.0232472400555874,-0.5875358086085009,-0.5563658804682498,0.11830088701513132,-0.4073108260177264,0.10669775153643773
19,70.0,0.43566087372299417,-1.0569627435978854,-0.6114244902585924,-0.337665907394465,-0.11438782207143856,-0.3294525034775294,-0.4304473888627546,-0.2287577787608228,0.11466226901693387,-0.1807637105197817,,,-0.5619407113844919,131,-0.857956127990018,-0.9901464743999429,-0.9726208390272507,-0.09375355363084566,-0.9240316295205362,-0.9391638707072554,-0.03136015978271041,0.7950155465859909,-0.9858639940678113,0.4732355125349432,-0.4201859271519708,-0.8090404946170657,-1.0232472400555874,-0.608553252228791,-0.6467649641618207,0.11466226901693387,0.06940854678625723,0.40314652871206363
19,80.0,0.3994094970348246,-1.0461931839351872,-0.6103805901657466,-0.337665907394465,-0.017710629115053673,-0.3307037710040838,-0.43219021353244036,-0.14727557847101644,0.12830505148757454,-0.1814435934161535,,,-0.5275534720927939,131,-0.9312685699730331,-1.0579211734041265,-1.0564289043312027,-0.38609993877027243,-1.0039305656812423,-1.0173488086038989,-0.7848203110913909,0.014314053543571643,-0.3090864554364788,0.3174246138611155,-0.6419835408933456,-0.7021948262050537,-1.0232472400555874,-0.6275779087711494,-0.7222659015131193,0.12830505148757454,0.03658527880079871,0.4950673295406255
19,90.0,0.3700933649419336,-1.057757340275362,-0.6132087736296029,-0.337665907394465,0.11299004105665741,-0.3307522194751599,-0.4328319261122033,-0.03649767986460809,0.13856555328200243,-0.18342007337443728,,,-0.49952065757058134,133,-0.8533741003660794,-0.985227343020607,-1.1126836330968692,-1.1378477862716545,-1.132339570225234,-1.1452877978893155,-0.09414850572510046,-0.21088830021866517,-0.5722777204597755,-0.6174407781818716,-0.36473652371662835,-0.7021948262050537,-1.0232472400555874,-0.6439455720896898,-0.7891815238176675,0.13856555328200243,-0.624697719005549,0.10604938605935378
19,100.0,0.33643507329487243,-1.0533364701951644,-0.6172995159334859,-0.337665907394465,0.23474518807356995,-0.33150739720935657,-0.4345847945241091,0.06639470358955613,0.15975664254493743,-0.18285172610136197,,,-0.46708551482583244,132,-0.857956127990018,-0.9885067639401645,-1.1184239115423453,-1.0960840169660222,-1.1152183696193683,-1.1287031140930577,-0.09414850572510046,-0.496144614984166,-0.409349794492972,-0.47461412106419393,-0.1336973427360298,-0.5953491577930417,-0.6970098643832878,-0.6560088250477631,-0.8360345561876261,0.15975664254493743,-0.559407014618103,0.2503622481977736
19,110.0,0.30017154864463375,-1.0740864758151334,-0.6130856668233273,-0.337665907394465,0.3422715634777897,-0.3311453665055427,-0.4361616495002709,0.1575556547227468,0.19324265813178917,-0.18369313241141882,,,-0.4318367678770578,132,-0.7617335478873105,-0.8988692588055989,-0.999026119876441,-0.8872651704378602,-0.9611275641665784,-0.9723332382997708,-0.21972519760988055,-0.0907803782121393,-0.660008142134206,-0.18896080682883618,-0.4294274943911962,-0.541926323587036,-0.6970098643832878,-0.6642848036969944,-0.8653203660105779,0.19324265813178917,-0.3345564962242904,0.3643446482915895
19,120.0,0.26949960792136085,-1.106574238950963,-0.6100120185996766,-0.337665907394465,0.43885274895953563,-0.3311160801906114,-0.43775656578874594,0.23933689196876803,0.22435567086654304,-0.15367662209675945,,,-0.4017746892656642,133,-0.4868118904510035,-0.6430744270801317,-0.8974231913915128,-1.2213753248829193,-0.9097639623489816,-0.9249484274533202,0.34536991587162985,-0.6237592821160993,-0.271487703290294,-0.779743797633779,-0.17066361169292477,-0.48850348938102967,-0.6970098643832878,-0.6704781830605299,-0.8874563347531815,0.22435567086654304,-0.8358711529566515,0.03441546449258243
19,130.0,0.241893418872737,-1.1275520387542957,-0.5965711565345869,-0.337665907394465,0.5024655531528215,-0.33025701774021954,-0.44000845505434827,0.29333922265693174,0.28228283245588304,-0.1292227998841254,,,-0.37452041572339845,134,-0.7434054373915567,-0.8813790139012935,-1.2045280882244878,-1.722540556550508,-1.235066773860427,-1.2447959006668614,0.03142818615967963,-1.0516437542643506,-0.09602685994142948,-1.110841957315671,-0.14293890997525352,-0.3816578209690177,-0.6970098643832878,-0.6749055001694846,-0.8981142742071878,0.28228283245588304,-1.2147207953833736,0.09383955221986758
19,140.0,0.20889962309101157,-1.1602265073710585,-0.5972132325531545,-0.337665907394465,0.5199093721109058,-0.32822749632223736,-0.4412538428481255,0.30860859806906804,0.3379759591208859,-0.08405868205058348,,,-0.341699598868259,133.5,-0.17065198439925053,-0.3457402637069392,-0.68618094459799,-1.5554854793279786,-0.6586530201296202,-0.6738089299671325,0.7848883374683602,-0.7814009297496668,-0.45948146402121953,-1.0394286287568322,-0.23535458236749263,-0.3816578209690177,-0.533891176547138,-0.6765207178200066,-0.8968321387652226,0.3379759591208859,-0.8330350347995663,0.1290132436383559
19,150.0,0.17824717683129662,-1.1537900027459675,-0.5898082232342999,-0.337665907394465,0.5245839777278399,-0.32561889876203715,-0.44182390254599857,0.313272963433093,0.38801144244690217,-0.0873778505728312,,,-0.3109634715485273,134,-0.7296593545197412,-0.8677147600698049,-1.0805380738022028,-1.5137217100223461,-1.0952436355791917,-1.1097491897544773,-0.03136015978271041,-0.8639751261291532,-0.146158529469677,-1.0394286287568322,-0.09673107377913316,-0.27481215255700614,-0.3707724887109882,-0.6771438485390684,-0.8919193517732759,0.38801144244690217,-0.8260215410829406,0.1166733718244581
19,160.0,0.14819831921104176,-1.1195529996345404,-0.5934197319604559,-0.337665907394465,0.5113498686174535,-0.32165496581047776,-0.44203853804542936,0.3031687964541576,0.4494341906795828,-0.13446837099257725,,,-0.2806013871237635,137,-0.358515116980727,-0.5195495724434745,-0.8222255437557752,-1.4719579407167138,-0.8641074274000068,-0.8751943760645473,0.5337349536988,-0.8414548907529287,-0.19629019899792452,-1.2017316482087395,-0.23535458236749263,-0.27481215255700614,-0.3707724887109882,-0.6768636287815505,-0.8805014895533574,0.4494341906795828,-0.9780203777384058,-0.14223038371159052
19,170.0,0.10893913919724754,-1.0968783356010279,-0.59181273085429,-0.337665907394465,0.4593476313745087,-0.31608731796608003,-0.4417620479672977,0.2606882667201634,0.5212235728215778,-0.1740721517434394,,,-0.24058370793911604,136.5,-0.816717879374572,-0.9491537129054771,-1.216582672959988,-1.4301941714110813,-1.237920307294738,-1.247165141209184,-0.3453018894946606,-1.3894472849077057,0.30502649628454354,-1.110841957315671,-0.09673107377913316,-0.16796648414499413,-0.3707724887109882,-0.6747058611077286,-0.8565209893807038,0.5212235728215778,-1.0609203785982089,0.16377068596915115
19,180.0,0.06388388894621362,-1.0850501299111943,-0.5958356191384696,-0.337665907394465,0.38026820203027273,-0.3085910081435333,-0.4411759610092296,0.19582409189595348,0.6109549782990715,-0.15623755234644512,,,-0.19416323654591902,134,-0.18439806727106575,-0.36432364891776364,-0.723492754493585,-1.4719579407167138,-0.7214307556844605,-0.7377784246098408,0.5337349536988,-0.8414548907529287,0.004236479115063772,-1.1368104404279755,0.041892434809226296,-0.16796648414499413,-0.3707724887109882,-0.6708776719630162,-0.8180832458925277,0.6109549782990715,-0.9395085491398966,0.030069802015201805
19,190.0,0.021465052483273923,-1.072684229057973,-0.5880835878900378,-0.337665907394465,0.28818504899391084,-0.3001291187594966,-0.4406787784671594,0.12020104690806921,0.7148832683257191,-0.10736416650337685,,,-0.14996795179796352,135,-0.34018700648497296,-0.5042456081522073,-0.7636747036119184,-1.179611555577287,-0.747112556593259,-0.761470830033066,0.2825815699292398,-0.6312660272415089,-0.2213560337620465,-0.7018383482968651,-0.06900637206146193,-0.06112081573298211,-0.044535113038688574,-0.6658147050937623,-0.7663298906475093,0.7148832683257191,-0.7243197086905062,0.11459818211989146
19,200.0,-0.018006894061983258,-1.027153762521573,-0.5863301818357461,-0.337665907394465,0.17472270938431758,-0.2911327484182619,-0.4414681518410701,0.02648876430074216,0.8644676520233457,-0.16731127899672238,,,-0.10840813069322591,138,-0.04235521092897375,-0.22822768075613706,-0.553006484662943,-1.179611555577287,-0.518829881848385,-0.5340237379701032,0.21979322398684975,-0.27094226122192916,-0.3216193728185415,-0.8251886430803133,-0.059764804822238185,-0.007697981526976341,-0.044535113038688574,-0.6595129070636886,-0.6918863609367221,0.8644676520233457,-0.7462503998621813,0.10060802533044229
19,210.0,-0.05411881127099939,-0.9888425488796484,-0.5747684491951276,-0.337665907394465,0.03781133440109785,-0.2815069127896858,-0.441133560241555,-0.08683289603448562,0.9884877583902307,-0.20024343476455242,,,-0.07001326330197764,141,-0.34018700648497296,-0.5031524678456881,-0.7854877617047277,-1.05432024766039,-0.7956226249765446,-0.8088556408795166,0.03142818615967963,-0.7513739492480348,0.004236479115063772,-0.8251886430803133,-0.08748950653990942,0.045724852679029426,-0.044535113038688574,-0.6477263942745346,-0.5759528578359816,0.9884877583902307,-0.8441898548321235,-0.0021207602932140743
19,220.0,-0.09256296155461136,-0.956625445452013,-0.5825330134082742,-0.337665907394465,-0.08500349170806769,-0.27377502075576277,-0.44280243258634244,-0.18891599897546674,1.1574978942346912,-0.211403832316252,,,-0.028741417011657222,141,-0.807553824126695,-0.9436880113728815,-0.9955819528091554,-0.6366825546040668,-1.0410265003272843,-1.0505181761964142,-0.21972519760988055,-0.9765763030102717,0.7562115220387658,-0.40969291328343005,0.0049261658523296736,0.1525705210910419,-0.044535113038688574,-0.6354771536505838,-0.4313304774433428,1.1574978942346912,-0.4525261127692142,-0.10138935856831925
19,230.0,-0.12845696650719474,-0.9263927071788678,-0.5772539390282891,-0.337665907394465,-0.1890164683767748,-0.2664291824996903,-0.4443636603850721,-0.27515482196506874,1.3263086147247316,-0.21776228351420443,,,0.01016792924889986,141,-0.2118902330146965,-0.3850933147416265,-0.67412635986249,-1.2213753248829193,-0.7214307556844605,-0.7377784246098408,0.2825815699292398,-0.7063334784955879,0.004236479115063772,-1.110841957315671,0.07885870376612128,0.1525705210910419,-0.044535113038688574,-0.620755251162074,-0.24990546533950753,1.3263086147247316,-0.9007624248058171,-0.20745771649201603
19,240.0,-0.16680677188966847,-0.9242354508700473,-0.5710523142883532,-0.337665907394465,-0.27869174000563995,-0.26220762855079804,-0.44467196561006894,-0.350022820489682,1.4019358811960108,-0.21530026704421118,,,0.05214569949266148,141,-0.1523238739034968,-0.3287965889558932,-0.6190196867859188,-1.179611555577287,-0.7899155581079229,-0.8064864003371939,0.1570048780444597,-1.044137009138943,0.24236190937423502,-1.1043498365375937,0.707285276033349,0.25941618950305345,0.28170226263361103,-0.5997554703367508,-0.03320143486055057,1.4019358811960108,-1.155968884684847,-0.7483512175769611
19,250.0,-0.204685176100695,-0.9099616429205055,-0.5729573486378132,-0.337665907394465,-0.3352735876122614,-0.26197494429762197,-0.44537717422312517,-0.39800390974340544,1.436246767129396,-0.21972105099888986,,,0.09402563742261949,141,0.04470331392585673,-0.14842843838024353,-0.3853903540550388,-0.8455014011322278,-0.3390572754867968,-0.35633069729591366,0.7848883374683602,-0.2859557514727441,-0.3090864554364788,-0.46162987950804163,-0.15218047721447728,0.25941618950305345,0.28170226263361103,-0.5819984842495982,0.1440018737083227,1.436246767129396,-0.5193548157628397,0.08478668666094208
19,260.0,-0.2383405604120629,-0.8475746266560529,-0.5757393428598689,-0.337665907394465,-0.38704960051990406,-0.26636753881643355,-0.44876426236501593,-0.4434687110790066,1.5256564743820762,-0.2327399961713683,,,0.1315901832939313,144,-0.6609289401606645,-0.8015797715253999,-0.9462155581780605,-1.1378477862716545,-1.1779961051742085,-1.1879341276511208,-0.5964552732642208,-0.7363604589972177,0.4052898353410386,-1.8769122091286734,1.2617793103867851,0.36626185791506594,0.28170226263361103,-0.5669383818132592,0.33217540406711166,1.5256564743820762,-1.224479713062458,-1.1158267318039445
19,270.0,-0.27224944247272764,-0.7928844449698352,-0.5786341599187254,-0.337665907394465,-0.43190872495222504,-0.2741668623333462,-0.4513202720549873,-0.4839737849636767,1.5256276698196765,-0.23605493526877572,,,0.16977905066715904,146,-0.156905901527435,-0.3359020009482675,-0.46977244720353856,-0.5949187852984343,-0.436077412253368,-0.45110031898881475,0.59652329964119,0.20198268167876898,-0.45948146402121953,-0.2149292899411431,-0.20762988064982138,0.41968469212107173,0.4448209504697609,-0.5464340112233501,0.5258294589015924,1.5256276698196765,-0.35578849765236686,0.06685363550874995
19,280.0,-0.29970315415411775,-0.7638638690403732,-0.5731448640836059,-0.337665907394465,-0.45444178496120463,-0.28443524173419543,-0.45424150176868766,-0.5062846115482916,1.5013267555931415,-0.2373794331143183,,,0.2009521925913272,147,-0.20272617776681948,-0.3779879027492525,-0.605243018516776,-0.9707927090491251,-0.5930217511404688,-0.6074701947821017,0.59652329964119,-0.6537862626177313,0.17969732246392653,-0.6174407781818716,-0.07824793930068567,0.4731075263270775,0.6079396383059107,-0.5373276226550496,0.5953369412234825,1.5013267555931415,-0.6221782264057798,0.029196794321168913
19,290.0,-0.32729363363468156,-0.7207926483426621,-0.5707911667570695,-0.337665907394465,-0.4686553907326436,-0.2983988868046482,-0.456619138698495,-0.5225538548074077,1.3733705423566933,-0.23810613638330208,,,0.23251255071470806,150,0.026375203430102998,-0.16537211313128924,-0.49962189512001465,-1.2213753248829193,-0.5045622146768304,-0.5198082947161682,0.7848883374683602,-0.6312660272415089,0.07943398340743327,-0.8771256093049248,-0.12445577549680603,0.4731075263270775,0.6079396383059107,-0.5302658741317838,0.5711437584799292,1.3733705423566933,-0.8280582964794274,-0.07597636271886901
19,300.0,-0.36120859739321826,-0.6679341830712157,-0.5666682848176218,-0.337665907394465,-0.48270940632030346,-0.31573875636858606,-0.4568155969610143,-0.5394689621668705,1.0553193470240134,-0.23853694212702603,,,0.271629770142292,150,-0.633436774417034,-0.7797169653950181,-0.9203843051734175,-1.1378477862716545,-0.8013296918451666,-0.8135941219641614,1.7895018725466008,-0.36852994785223264,-0.03336227303112097,0.04475554118191004,-0.2538377168459401,0.579953194739089,0.6079396383059107,-0.5105087254680292,0.49897039658571646,1.0553193470240134,-0.2021223029824526,0.7339260462489697
19,310.0,-0.4055312135067323,-0.6844255083923442,-0.5668727079896103,-0.337665907394465,-0.479038464986903,-0.3320623468092504,-0.45962312873656347,-0.5412850587629268,0.8662109791835882,-0.2392475303998569,,,0.3232947064711375,144,-0.6792570506564185,-0.8223494373492625,-0.6569055245260617,0.11506529289731632,-0.7214307556844605,-0.7377784246098408,0.1570048780444597,-0.40606367347927214,0.20476315722805027,-0.13702384060422693,0.17127437615836036,0.6867988631511015,0.6079396383059107,-0.5215704588209881,0.27428302466493015,0.8662109791835882,0.15245873042214975,-0.28685376893855014
19,320.0,-0.4576038231844357,-0.7498396924803752,-0.5615690143691808,-0.337665907394465,-0.47095007875888717,-0.34860399532820163,-0.4613007183832106,-0.5393198226922005,0.5971393933362484,-0.24008821096734587,,,0.3847944120317348,137,-0.2531284816301425,-0.4277257866958709,-0.7481759518091325,-1.5554854793279786,-0.8698144942686287,-0.8823020976915148,0.21979322398684975,-1.149231440894652,0.6058165134540251,-1.863927967572521,0.41155512437818265,0.6867988631511015,0.7710583261420605,-0.5320724772097112,0.012759536478128955,0.5971393933362484,-1.1645358873064524,-0.5340823074875445
19,330.0,-0.5071597592987338,-0.7935140125889794,-0.5569567323931424,-0.337665907394465,-0.4749243832975873,-0.3640378750439172,-0.4622730158312849,-0.5472060011504601,0.3039745025049016,-0.24064151602301861,,,0.4441416093411692,139,0.09052359016524122,-0.10852881719229651,-0.35496687829401513,-1.5554854793279786,-0.31052194114368753,-0.3255305702457209,0.4081582618140199,-0.5862255564890598,0.004236479115063772,-0.9939837833102979,-0.12445577549680603,0.7936445315631131,0.9341770139782103,-0.5268941160293027,-0.16660563177640958,0.3039745025049016,-0.5348878507744096,0.06715144495906808
19,340.0,-0.5517184769550124,-0.8123285425801672,-0.5462179161275958,-0.337665907394465,-0.4801997189792136,-0.37711414171041435,-0.46189667903087434,-0.5554022365913741,0.010949113166326001,-0.24132525799922355,,,0.49820068914394305,142,0.01721114818222597,-0.174117235583442,-0.408925495681491,-0.8872651704378602,-0.41895621164750263,-0.434515635192557,0.7848883374683602,-0.6312660272415089,0.3802240005769148,-0.6563935028503309,-0.08748950653990942,0.7936445315631131,0.9341770139782103,-0.513525862530095,-0.32574277563599685,0.010949113166326001,-0.6360978617199331,-0.12013319461014481
19,350.0,-0.5955654935482857,-0.8340799522039661,-0.538918530769062,-0.337665907394465,-0.48962891258558466,-0.38740588206219523,-0.46228026119012317,-0.5663873918519778,-0.20151563703052416,-0.24200038860177786,,,0.5520524736887392,144,0.3746093028494249,0.16475625943747607,-0.15061296563506366,-0.8037376318265954,-0.07082513266156969,-0.08860651601346815,0.65931164558358,-0.1208073587137713,-0.04589519041318375,-0.38372443017112545,-0.2723208513243892,0.9004901999751256,0.9341770139782103,-0.49805662999609773,-0.4417064088427471,-0.20151563703052416,-0.5489923240582644,0.12142538548291203
19,360.0,-0.6381915487862017,-0.8450360117242071,-0.5358279193538703,-0.337665907394465,-0.5015963044806898,-0.39448738503860703,-0.46215628004750275,-0.5785596067330769,-0.356914995559064,-0.2426670694963689,,,0.6050401113462465,146,-0.0194450728092815,-0.20691144477901496,-0.3871124375886817,-0.4696274773815372,-0.3732996766985276,-0.38713082434610646,0.65931164558358,-0.045739907459692364,-0.020829355649059987,-0.40969291328343005,0.07885870376612128,0.9004901999751256,0.9341770139782103,-0.4740119222185879,-0.5105324707261397,-0.356914995559064,-0.4796711359285201,-0.03629990641563066
19,370.0,-0.6785229678122321,-0.8515214345362953,-0.5156159588028332,-0.337665907394465,-0.512992877118949,-0.3991688042473434,-0.4626200471698909,-0.5896092747868447,-0.4510603073683605,-0.2433254583271134,,,0.6557624134719074,148,0.2554765846270255,0.04997652725297161,-0.1919429704424921,-0.6366825546040668,-0.17925940316538475,-0.19759158096030427,0.9104650293531402,-0.13582084896458624,0.029302313879187532,-0.435661396395737,-0.050523237583014434,1.0073358683871372,1.26041438965051,-0.45143113206433017,-0.5487209490757675,-0.4510603073683605,-0.5580097654251515,-0.09178487443698057
20,0.0,1.9792604051152825,0.8651249575433932,0.04767935598769084,-0.337665907394465,0.3263839870758239,1.884425444749619,3.5021599275633926,1.1201285964199148,-0.5407713628317595,-0.2031935784085591,,,-1.7887154848169575,92,-1.7789436804016465,-1.7296558917601075,-1.4852277042082727,1.6603247572057132,-1.2207991066888724,-1.2211034952436362,-1.6638571542848515,2.1387229240340044,-2.026096136778932,2.7779383887520304,-2.601195795608822,-4.334947552213459,-2.6544341184170857,0.9150264113770566,1.8029629245754621,-0.5407713628317595,3.311494944455257,3.0294951123968197
20,10.0,1.8818487198037557,0.8163742342253338,-0.020524697566686807,-0.337665907394465,0.16083108741192662,1.6426543310278752,3.1731865376875836,0.8819115050730084,-0.552583405975283,-0.20516432533482437,,,-1.7229061342347909,92,-1.6643929898031853,-1.595746204211519,-1.2860400421502494,2.1197262195676685,-1.1152183696193683,-1.1144876708391225,-1.7266455002272416,2.1762566496610436,-1.9634315498686237,2.2261081226155444,-1.492207726901949,-2.73226252603328,-2.0019593670724865,1.0073843829894678,1.8923106023530702,-0.552583405975283,2.5771506555183836,1.6068762925514293
20,20.0,1.808160464124229,0.9039248770879481,-0.0360970506923523,-0.337665907394465,-0.040398916912275346,1.4015129442261733,2.8032973273223107,0.6100865222415724,-0.5609121152675149,-0.20612979220642233,,,-1.6722338973394153,103.5,-1.5864985201962314,-1.5072018393834727,-1.156309749282488,2.1197262195676685,-0.7157236888158388,-0.7164552597289379,-1.9150105380544116,1.6582912360078987,-1.6501086153170812,2.713017180971266,-2.3331903456713277,-1.0761546656470955,-1.349484615727887,1.1570812484192905,2.0952284269465187,-0.5609121152675149,3.9156256522530204,3.0667415092758077
20,30.0,1.729579994569642,1.0438080635362201,-0.06065611420613897,-0.337665907394465,-0.12713387161641002,1.2065348154477267,2.471337663307166,0.451893267336499,-0.5641271075498063,-0.20755385577436786,,,-1.6173306946419939,112,-1.3207409180078014,-1.206588255090723,-1.1126836330968692,0.1568290622029487,-0.8384256264912084,-0.8396557679297094,-1.4754921164576813,1.2604337443612816,-1.7127732022273896,1.5249590785833058,-1.7417300423609952,-1.0227318314410894,-1.349484615727887,1.2014018127462769,2.1481964292026974,-0.5641271075498063,1.2661706735973917,1.907441427978426
20,40.0,1.6409678374911523,1.1688725336200252,-0.0778648850860542,-0.337665907394465,-0.1367404006015281,1.038486150261989,2.121145122509918,0.3652716240248141,-0.5564095910750928,-0.20871899863412094,,,-1.5543177249507585,112,-0.9633427633406022,-0.8004866312188808,-0.7694149820573943,1.0338682176212282,-0.5388046158885615,-0.5387622190547483,-0.973185348918561,1.4706226078727014,-2.1012936410713015,2.745477784861646,-1.2149607097252308,-1.0227318314410894,-1.349484615727887,1.1134663447372264,2.051172766592761,-0.5564095910750928,0.6112566842481879,1.1251164006065724
20,50.0,1.5458889646227476,1.2219614670633254,-0.10848395960250765,-0.337665907394465,-0.14584572191596767,0.8993489375902898,1.8071813375100065,0.2905031374908619,-0.5433277741693046,-0.21009199833532993,,,-1.485372020990804,110,-0.890030321357587,-0.7141285470038726,-0.7441577568972992,-0.34433616946464,-0.3390572754867968,-0.33737677295733354,-1.6638571542848515,0.9526571942195584,-1.8631682108121304,1.278258489016405,-1.7786963113178909,-0.9158861630290772,-1.1863659278917373,1.0163361278989786,1.9674954924490438,-0.5433277741693046,0.883874602312495,1.9042954970503747
20,60.0,1.4506696614550585,1.2611476939466881,-0.15369130773806228,-0.337665907394465,-0.15945556599450672,0.7811442651246217,1.5209553786893002,0.220318640959033,-0.5242915397871555,-0.211438294567946,,,-1.4148983619817954,108,-0.899194376605464,-0.7239668097625446,-0.8130410982430133,-0.6366825546040668,-0.41895621164750263,-0.41556171085397686,-1.6010688083424613,0.9751774295957808,-1.9759644672506846,1.1224475903425726,-1.8433872819924586,-0.8090404946170657,-1.0232472400555874,0.9176007416015801,1.907622488178643,-0.5242915397871555,0.6974369437191141,1.9699668690562333
20,70.0,1.3495541325614753,1.2184100388895511,-0.2173868617267017,-0.337665907394465,-0.2109736300684937,0.6686486727033475,1.2414705532360495,0.12020524467914975,-0.49826602308621054,-0.21275865886344136,,,-1.3384483505781546,109,-0.5967805534255263,-0.3807207535155501,-0.6419808005678235,-1.1378477862716545,-0.2934007405378218,-0.28762272156856056,-1.7266455002272416,-0.0006994367072454255,-1.5498452762605879,0.48621975409109786,-1.492207726901949,-0.8090404946170657,-1.0232472400555874,0.8645135890860711,1.9624380079325405,-0.49826602308621054,0.06543153903703194,1.5013689157535561
20,80.0,1.2475363868011957,1.0902226321776538,-0.25787653277762645,-0.337665907394465,-0.2786059855459536,0.5702551364122588,1.0064927623752233,0.014315458081813438,-0.4710298579334104,-0.21426729724605242,,,-1.2595773107559458,107,-0.7892257136309412,-0.5993488148193682,-1.150569470837012,-1.4719579407167138,-1.0524406340645278,-1.0505181761964142,-1.7266455002272416,-0.4511041442317191,-1.3493185981475997,-0.747283193743397,-0.5495678685011065,-0.7021948262050537,-1.0232472400555874,0.855451456136221,2.103916853559539,-0.4710298579334104,-1.2940399200736967,0.876488883323768
20,90.0,1.139513473760563,1.0115794527193847,-0.289724782285283,-0.337665907394465,-0.31452707166281696,0.48149927693125727,0.8138260167379775,-0.0582612855178169,-0.446567544431282,-0.21615840721076335,,,-1.1740932049478277,103.5,-0.8212999069985102,-0.6359690150877577,-0.9404752797325842,-1.597249248633611,-0.6843348210384186,-0.6832858921364223,-1.6638571542848515,-0.4285839088554945,-1.3493185981475997,0.05124766195998504,-1.4552414579450532,-0.6487719919990474,-0.8601285522194376,0.8106789873384093,2.1511913139757306,-0.446567544431282,-0.26378977415675675,1.48383693804475
20,100.0,1.033842878018124,0.8892818758532899,-0.3504979809592114,-0.337665907394465,-0.3280938959733234,0.392765173939168,0.6153825583579791,-0.11237166232682294,-0.410536029926504,-0.2175928403773788,,,-1.088439209863792,104,-1.0962215644348172,-0.9513399935185153,-1.1040732154286548,-1.2631390941885519,-1.0124911659841749,-1.0149795680615763,-1.5382804624000714,-0.9915897932610865,-1.0485285809781197,-0.2798504977219046,-0.8915058563523933,-0.5953491577930417,-0.6970098643832878,0.7002881997377706,2.1051861048718745,-0.410536029926504,-0.3394422234594552,0.7775417382872238
20,110.0,0.9432417338415472,0.8443997291435374,-0.4057613697886766,-0.337665907394465,-0.3231089473264588,0.3096050531208187,0.4501273927967972,-0.1462836834554599,-0.37719476082530196,-0.2191945926579587,,,-1.0133445199095068,109,-0.34476903410891147,-0.09158514244125078,-0.5392298163938002,-1.5554854793279786,-0.08794633326743508,-0.08386803492882304,-1.7894338461696315,-0.12831410383917877,-1.6250427805529575,0.2460112853022743,-1.6585559372079797,-0.541926323587036,-0.6970098643832878,0.5647462838152097,1.956448622799636,-0.37719476082530196,-0.1223408963690327,1.7948379246888142
20,120.0,0.8488808964077474,0.826901729143407,-0.4437569957024836,-0.337665907394465,-0.3327891534524152,0.23042547006391345,0.29458518465135425,-0.19065203716947893,-0.3341102015980211,-0.220564320990691,,,-0.9334538051030641,112,-0.7296593545197412,-0.5337603964282227,-0.8210774880666798,-1.388430402105449,-0.6615065535639313,-0.6619627272555199,-1.4754921164576813,-0.21088830021866517,-1.3493185981475997,-0.40320079250535507,-0.7436407805248101,-0.48850348938102967,-0.6970098643832878,0.4490965755406608,1.8665073629201174,-0.3341102015980211,-0.45054623672778543,0.8402183125366518
20,130.0,0.7549784566349901,0.7975861268581003,-0.4688518313338093,-0.337665907394465,-0.32397060927623045,0.1549803695906096,0.15530407356612944,-0.21685598587043786,-0.28397967145063036,-0.22190534237717616,,,-0.8521940066382547,114,-0.45931972470737276,-0.222215409070282,-0.4732166142708241,-1.5554854793279786,-0.17925940316538475,-0.17863765662172412,-1.3499154245729013,-0.7513739492480348,-1.023462746213996,-0.20194504838498847,-1.1040619028545426,-0.48850348938102967,-0.6970098643832878,0.2971674921064239,1.6678139713360194,-0.28397967145063036,-0.040506130836114256,1.0892883077129316
20,140.0,0.664158300036256,0.7913168506256997,-0.46950228578121195,-0.337665907394465,-0.3155143444801954,0.08786968897425523,0.03666822499518268,-0.23919239491829797,-0.22521913033813049,-0.2232185499250698,,,-0.771878734656545,113,-0.7708976031351875,-0.5774860086889864,-0.7567863694773469,-1.1378477862716545,-0.5102692815454523,-0.5103313325468779,-0.973185348918561,0.3145838585598874,-1.8506352934300676,0.36936158008572473,-1.1964775752467833,-0.3816578209690177,-0.6970098643832878,0.15401534593006788,1.4663022984949725,-0.22521913033813049,0.0329783018038933,1.1849515188499697
20,150.0,0.5632544427896224,0.8169024784308024,-0.4985368538666957,-0.337665907394465,-0.3095517161986309,0.02476688158474147,-0.06469610227512161,-0.2610023351782262,-0.16072645320722498,-0.22486746458018922,,,-0.6805913666417176,116,-0.6151086639212799,-0.39875756857311506,-0.716030392514466,-1.3466666327998165,-0.5416581493228723,-0.5387622190547483,-1.7266455002272416,-1.2318056372741404,-0.522146050931528,-0.24089777305344773,-0.8822642891131679,-0.27481215255700614,-0.3707724887109882,0.024755073456617475,1.2623625494577366,-0.16072645320722498,-0.4618795359504547,0.8101729880743359
20,160.0,0.45964961595432546,0.8270205520587012,-0.532066567808385,-0.337665907394465,-0.31834871584006613,-0.03374221414512491,-0.15541265004392835,-0.2930919910067374,-0.07583738303265339,-0.22629715929174907,,,-0.5845291817405146,114.5,-0.4868118904510035,-0.2511836271930379,-0.4755127256490146,-0.9290289397434927,-0.02231506427828388,-0.017529299743792342,-1.6638571542848515,-0.2634355160965217,-1.0735944157422437,0.7459045852141487,-1.584623399294188,-0.27481215255700614,-0.3707724887109882,-0.08312942726862256,1.1182238265892648,-0.07583738303265339,0.35800681042600485,1.717062079622782
20,170.0,0.3627586754153735,0.8451091770130922,-0.5410384526265303,-0.337665907394465,-0.3103560417655752,-0.08407527723610543,-0.21800699419460495,-0.30616777300382336,-0.014937134099396551,-0.22786656018219598,,,-0.49247540994260064,117,-0.6884211059042952,-0.4845690826348637,-0.828539850045799,-1.597249248633611,-0.3048148742750656,-0.3018381648224956,-0.21972519760988055,-0.10579386846295637,-1.6501086153170812,-0.9809995417541456,-0.4663937633480912,-0.16796648414499413,-0.3707724887109882,-0.18107726574978003,0.896230954734701,-0.014937134099396551,0.2964673244418971,2.6335521561883084
20,180.0,0.2614535163063385,0.8386872445487642,-0.5648462062436879,-0.337665907394465,-0.3230319396598572,-0.13044659199584166,-0.2724166131017538,-0.3349286626620219,0.055532071770400114,-0.22922813405772755,,,-0.39385053001238435,117,-0.6700929954085415,-0.4654391272707795,-0.4892893939181574,-0.17728109224211044,-0.1992341372055613,-0.19759158096030427,-1.6638571542848515,-0.8489616358783362,-0.7477385638086383,0.8173179137729876,-1.1317866045722156,-0.11454364993898788,-0.2076538008748384,-0.25004836730701413,0.7614900050329275,0.055532071770400114,0.4979503524159839,1.089083942776282
20,190.0,0.1628158528977052,0.8953457463626425,-0.5685407053254576,-0.337665907394465,-0.30998729624476373,-0.17139695125823018,-0.30619534241626983,-0.3385389911263351,0.06691290410475721,-0.2308874929567412,,,-0.2954000498584277,122,-0.42266350371586525,-0.1861417789551521,-0.6316482993659664,-1.9731231723843017,-0.5159763484140738,-0.515069813631523,-1.3499154245729013,-1.0816707347659826,-0.8730677376292553,-0.9030940924172294,-0.6050172719364506,-0.06112081573298211,-0.044535113038688574,-0.3155572818486231,0.5167604670571893,0.06691290410475721,-0.8154495341291256,0.4847845276138344
20,200.0,0.06674213720917437,0.9332995922227522,-0.5693588899872468,-0.337665907394465,-0.30787524646584635,-0.20916351620409546,-0.3329644752173815,-0.34990214021896704,0.05274732996085942,-0.2321821123814497,,,-0.19712396378932578,123,-0.633436774417034,-0.41788752393719925,-0.7694149820573943,-1.5554854793279786,-0.6586530201296202,-0.6524857650862296,-1.6010688083424613,-1.8173317570559548,-0.17122436423380075,-0.6044565366257193,-0.6604666753717947,-0.06112081573298211,-0.044535113038688574,-0.35974698749415585,0.3193423153387584,0.05274732996085942,-0.6923265921616637,0.5608239375317204
20,210.0,-0.03419846874818223,0.9272446371426759,-0.5828826293455712,-0.337665907394465,-0.3273566146610809,-0.24269092393586167,-0.34927895980542,-0.37745921287269046,-0.016255660986287074,-0.2336049184152821,,,-0.09123731647428265,126,-0.2852026749977118,-0.03091585542944139,-0.4318866094633957,-1.388430402105449,-0.3447643423554183,-0.344484494584301,-1.3499154245729013,-0.9915897932610865,-0.7226727290445145,-0.630425019738024,-0.5126015995442116,0.045724852679029426,-0.044535113038688574,-0.36653675278179965,0.20172927415130484,-0.016255660986287074,-0.7376902462900504,0.2582190506771873
20,220.0,-0.13461274606775403,0.8754997177349775,-0.5869445640558448,-0.337665907394465,-0.3659497196187866,-0.2699313957652798,-0.3599718001710472,-0.4189345803432383,-0.10136889257763276,-0.2351455498382453,,,0.016877619904288016,120,-0.08359345954442006,0.20192302985912494,-0.40548132861420544,-1.806068095161772,-0.2249159381143598,-0.22128398638352956,-1.0987620408033412,-1.8773857180592188,-0.146158529469677,-1.0589049910910595,-0.4941184650657624,0.1525705210910419,-0.044535113038688574,-0.34207560320381314,0.17357900402819917,-0.10136889257763276,-0.8803439263436688,0.5993831700516657
20,230.0,-0.22602074872216155,0.8294203100662595,-0.609726326165456,-0.337665907394465,-0.3929595156006912,-0.29247897055076993,-0.3648037810872878,-0.44873285235709187,-0.20706904859906375,-0.23664542374388467,,,0.11780046672745101,122.5,-0.06984737667260452,0.22159955537646883,-0.08287767997844495,-0.8872651704378602,0.36576548278800175,0.37339538973942465,-1.6010688083424613,-0.541185085736613,-0.6725410595162687,0.5056961164253274,-1.335101083835142,0.1525705210910419,0.11858357479746125,-0.31083269845275024,0.11975166046213938,-0.20706904859906375,0.12621662648244292,1.2861008651404626
20,240.0,-0.31502818471045774,0.7946379704147168,-0.6057798406012356,-0.337665907394465,-0.4129542225043711,-0.31087029449986503,-0.37069292867725806,-0.4714794412559718,-0.2881805646033138,-0.23796178360776726,,,0.218453408257851,125.5,-0.27145659212589623,-0.011785900065357232,-0.2636964510109442,-0.8455014011322278,-0.039436264884149676,-0.0341139835400501,-1.161550386745731,-0.01571292695806036,-0.9607981593036876,0.07072402429421466,-0.8175733184386017,0.25941618950305345,0.28170226263361103,-0.28867854031861667,0.05688834469041401,-0.2881805646033138,-0.18190946374343053,0.6684945512811462
20,250.0,-0.41131279260765863,0.7187073944121433,-0.6189679204297537,-0.337665907394465,-0.4172891841847221,-0.32783501164046247,-0.3742564698603726,-0.4803346758996485,-0.379427576928883,-0.2393885477868732,,,0.3300799722369668,126,-0.02860912805715853,0.263138887024194,-0.46288411306896715,-1.9731231723843017,-0.3618855429612841,-0.3586999378382364,-0.973185348918561,-1.1417246957692444,-0.4970802161674043,-1.604243136449468,-0.3832196581950758,0.25941618950305345,0.28170226263361103,-0.2831746952068257,-0.07605501648823026,-0.379427576928883,-1.2043561774693508,0.32690583970878423
20,260.0,-0.49873345951914483,0.6728007961587146,-0.6177069059255855,-0.337665907394465,-0.4084380877196266,-0.3413404739534873,-0.37891491444924136,-0.47710802206728997,-0.44735695540180237,-0.24064151602301861,,,0.4339933049186186,129,0.035539258677979704,0.34075184878704967,-0.09091406980211146,-1.3049028634941842,0.28301301319298516,0.2857334896734911,-1.3499154245729013,-1.0066032835119036,-0.271487703290294,-0.2149292899411431,-0.8268148856778255,0.36626185791506594,0.28170226263361103,-0.30550502918296757,-0.2338059020758795,-0.44735695540180237,-0.22221949757231257,1.0517888085718603
20,270.0,-0.5840109805930359,0.6106244714035078,-0.5982423052046619,-0.337665907394465,-0.3738343173780003,-0.35397543766722855,-0.3813434907445736,-0.45159814726607156,-0.523964564390486,-0.2418660435724946,,,0.5377976813369387,130.5,-0.0194450728092815,0.2751634303959042,0.0026524688591499533,-0.761973862520963,0.22594234450676667,0.22887171665775063,-1.6010688083424613,-0.10579386846295637,-0.6725410595162687,-0.1175474782699973,-0.5126015995442116,0.41968469212107173,0.4448209504697609,-0.35640044747850697,-0.44575599649013636,-0.523964564390486,-0.21051113969873309,0.5177617647353517
20,280.0,-0.66283239760263,0.5559521663437954,-0.5812211032270359,-0.337665907394465,-0.3213933131199064,-0.36352835745642365,-0.3823414290009777,-0.40995208514789083,-0.5870869646275956,-0.2430630879167929,,,0.6359608809373353,133,-0.26687456450195807,-0.007959908992540109,-0.30789659504111067,-1.1378477862716545,-0.15072406882227551,-0.15020677011385372,-1.2243387326881212,-0.37603669297764014,-0.4970802161674043,-0.292834739278057,-0.5495678685011065,0.4731075263270775,0.6079396383059107,-0.4121980465004395,-0.6210619130311837,-0.5870869646275956,-0.40292535268979945,0.45610299580270003
20,290.0,-0.7417622393726817,0.47763247525609337,-0.5679373255626583,-0.337665907394465,-0.2543795522381581,-0.37260602745609056,-0.3845033352929214,-0.3559108596694532,-0.6441541164548523,-0.24423356403503835,,,0.7364676949330089,134,0.19591022551582543,0.5227597098224783,-0.06221267757473073,-1.4719579407167138,0.0119273369334473,0.015640067848723176,-0.7220319651490009,-0.7588806943734423,-0.4845472987853433,-1.117334078093746,-0.161422044453701,0.4731075263270775,0.6079396383059107,-0.46606894341738014,-0.7618870601914777,-0.6441541164548523,-0.9269253459034686,0.07504405944822143
20,300.0,-0.8137921033796162,0.43550926256927713,-0.5675793933391317,-0.337665907394465,-0.1810620430852567,-0.3797183981182029,-0.3820033270547267,-0.2955567981700457,-0.702096913669449,-0.24537834673644587,,,0.8301808064913525,133,0.053867369173733436,0.36370779522395047,0.04111233444384037,-0.8872651704378602,0.3800331499595564,0.3852415924510373,-1.0987620408033412,-0.6913199882447708,-0.3216193728185415,0.1096767489626716,-0.6604666753717947,0.579953194739089,0.6079396383059107,-0.4998799951763937,-0.8567322284677248,-0.702096913669449,-0.09811410628796463,0.8511822695194673
20,310.0,-0.886385882784098,0.3491581450138663,-0.5575412793439194,-0.337665907394465,-0.11246673533560392,-0.38544984941864596,-0.38596645225564313,-0.23936887680827953,-0.7327022407136299,-0.24637503889120652,,,0.926613963498553,137,-0.02860912805715853,0.263138887024194,-0.3492265998485391,-1.8478318644674043,-0.32764314174955295,-0.3231613297033985,-0.910397002976171,-1.2543258726503628,-0.0709610251773075,-1.4679086001098676,-0.11521420825758229,0.6333760289450957,0.6079396383059107,-0.5335452510294312,-0.9179620857388938,-0.7327022407136299,-1.1452821206342816,-0.018656521443696554
20,320.0,-0.9580657772739192,0.2456953102966895,-0.557725353617108,-0.337665907394465,-0.05190183721797875,-0.38999590300333886,-0.38609787384876504,-0.1893204991754071,-0.7654557692491434,-0.24747354365258178,,,1.0238519371811028,137,0.0813595349173642,0.393222583499966,0.06866567098212599,-0.8037376318265954,0.3229624812733379,0.3283798194352965,-0.3453018894946606,-0.030726417208877428,-0.8229360681010096,0.07072402429421466,-0.8268148856778255,0.6867988631511015,0.6079396383059107,-0.5522482350992479,-0.9585053937807084,-0.7654557692491434,-0.24057602403197742,0.5797135013593081
20,330.0,-1.0242156774396407,0.17399301378819268,-0.5192683769068777,-0.337665907394465,-0.011029858987345391,-0.39477495391290973,-0.38869184502539256,-0.15625309617966693,-0.7950915416055487,-0.24843034777198295,,,1.115423583257232,138,0.09510561778917974,0.4074334074847141,0.12836456681507818,-0.7202100932153307,0.166018142386237,0.16964070309968746,-0.910397002976171,-0.39105018322845503,-0.37175104234678724,-0.4681220002861166,-0.02279853586534156,0.7936445315631131,0.9341770139782103,-0.5661503669153147,-0.9887272629292275,-0.7950915416055487,-0.5199511269085061,-0.08448376310584134
20,340.0,-1.0867015316176911,0.11053855175314758,-0.49246141509096697,-0.337665907394465,0.009028585067359814,-0.39828070410382604,-0.39121271995116974,-0.1404657215933029,-0.8165621456504696,-0.24936920477865995,,,1.2035897390757724,144,0.01721114818222597,0.3210753232697058,-0.13683629736592084,-1.1378477862716545,-0.13930993508503206,-0.13599132685991872,-0.5964552732642208,-0.6612930077431388,0.05436814864330951,-1.0718892326472118,-0.050523237583014434,0.7936445315631131,0.9341770139782103,-0.5739180343652731,-1.006953550868288,-0.8165621456504696,-0.902900195688461,-0.15455078635603933
20,350.0,-1.1481582445858327,0.028654112559464994,-0.4631347930835759,-0.337665907394465,0.0011280074047184964,-0.40063021311900937,-0.39598459624931637,-0.14825263902179223,-0.8258919582890754,-0.25029061494148264,,,1.291928600102255,145,0.1271798111567487,0.4440536077531037,0.21217263211903017,-0.8872651704378602,0.34579074874782517,0.3520722248585218,0.09421653210206968,-0.22590179046948225,-0.4845472987853433,-0.13702384060422693,-0.4571521961088674,0.9004901999751256,0.9341770139782103,-0.5783019722946146,-1.0152242640747544,-0.8258919582890754,-0.28335050510220805,0.1703478342118589
20,360.0,-1.2075355185633485,-0.04242949547248346,-0.13369461890806772,-0.21233295898365342,-0.026178232382758373,-0.40396582827308714,-0.4014976783581624,-0.17284460530787701,-0.8430077377823828,-0.2511950601073966,,,1.3788516931720234,146,0.07677750729342568,0.38447746104781333,0.10138525812134037,-1.0125564783547574,0.3286695481419598,0.3331183005199416,-0.09414850572510046,-0.7213469687464028,0.1295656529356808,-0.2473898938315227,-0.6327419736541219,0.9539130341811313,1.09729570181436,-0.5794316325202217,-1.025002795418434,-0.8430077377823828,-0.2171635661380989,0.48347041161258336
20,370.0,-1.2688996532700239,-0.16145720864606958,-0.12456352100032764,-0.2133333359949142,-0.09175882056552462,-0.4062785931812058,-0.41092053832280134,-0.22994073978085097,-0.8456536711434607,-0.2519728984193491,,,1.4703536059373943,148,-0.046937238552912264,0.24892806303944598,-0.05188017637287349,-0.8872651704378602,-0.07082513266156969,-0.06491411059024288,2.6685387157400613,0.2845568780582554,-0.8981335723933791,-0.3447717055026685,-0.9561968270269595,1.0073358683871372,1.26041438965051,-0.5771298082943775,-1.024875885774485,-0.8456536711434607,-0.680797390992688,-0.22327808501267113
20,380.0,-1.3280477559836081,-0.28942924237474316,-0.12114548538487507,-0.21459630793915338,-0.17119285044667257,-0.4081821843616696,-0.41770920304326675,-0.29844115634188223,-0.8503156414682713,-0.25295489572256735,,,1.5602029057578168,146,-0.37226119985254225,-0.1282053427096404,-0.18849880337520625,-0.13551732293647806,0.014780870367758063,0.01800930839104557,0.8476766834107502,0.08938150479765058,-0.7728043985727621,0.6225542904307005,-0.8175733184386017,1.0073358683871372,1.26041438965051,-0.5650478006099253,-1.01963156049133,-0.8503156414682713,0.15924623184699352,0.5519666584422015
21,0.0,0.5928558094650128,0.5960579364916143,-0.47004775541278043,-0.337665907394465,4.135835475789503,1.4896356233687273,0.027363304376051143,3.9376939823818837,2.0055821380195815,-0.22133407591680984,,,-0.7076001461123641,97,-1.5040220229653394,-1.5154003916823657,-1.0018962590991793,4.124387146238021,-0.8869356948744943,-0.8799328571491922,0.59652329964119,2.6416748474363345,-1.3367856807655385,2.6351117316343524,-1.1779944407683343,-4.334947552213459,-2.6544341184170857,-0.6360146027282102,-0.16985335907815646,2.0055821380195815,3.1034512457412133,0.796918715186027
21,10.0,0.5127445584669145,0.6189721578359314,-0.47673766476313134,-0.337665907394465,4.231128995738399,1.4624629945731902,0.009851812923557555,4.009198852150615,2.0649719101580497,-0.22540750211050126,,,-0.6340591755285053,96,-1.3390690285035551,-1.3492430650914642,-0.7280849772499659,4.79260745512814,-0.5901682177061581,-0.5814085488165538,0.1570048780444597,2.6717018279379645,-1.1738577547987368,2.394903262845527,-0.7713654822424814,-1.1295774998531014,-1.349484615727887,-0.640060858124303,-0.1975451496178939,2.0649719101580497,3.16673308193779,0.6542039443495364
21,20.0,0.4102237203295359,0.5884152499923873,-0.495931272845897,-0.337665907394465,4.182375378107203,1.336165043275373,-0.021827789557218296,3.9288519945981553,2.0489282781939617,-0.22699968166747456,,,-0.5378435271737219,113,-1.357397138999309,-1.3667333099957697,-0.8526490195167988,3.2473479908197422,-0.7014560216442841,-0.6927628543057126,0.9732533752955302,2.393952258297873,-1.1863906721807977,2.258568726505924,-0.8822642891131679,-1.0227318314410894,-1.349484615727887,-0.6437430215247315,-0.2442541414075252,2.0489282781939617,2.804120959279378,0.8305278154538757
21,30.0,0.31463321735471017,0.5952278235518715,-0.5524335447575259,-0.337665907394465,3.983281493157302,1.1790577561370132,-0.06437415367629702,3.7112172753378982,2.0476650880601417,-0.2283807767437038,,,-0.4459316905730828,118,-1.164951978793894,-1.167781774209295,-0.757934425166442,2.620891451235257,-0.5730470171002925,-0.5671931055626187,0.5337349536988,2.101189198406965,-1.0735944157422437,2.031344499273257,-0.9561968270269595,-1.0227318314410894,-1.349484615727887,-0.6471091910232322,-0.28292152232105156,2.0476650880601417,2.069370591650339,0.8983659126970073
21,40.0,0.23903626228193653,0.5676207779647187,-0.5752098354067071,-0.337665907394465,3.6461755586328155,1.0041339635508029,-0.10695780285571392,3.3714155628565607,2.0086372564287256,-0.22956373998587984,,,-0.37168894272949743,121,-0.9725068185884792,-0.9753890802619353,-0.5587467631084191,1.7020885265113463,-0.3732996766985276,-0.3634384189228812,0.4709466077564099,1.6507844908824911,-1.035995663596057,1.6937542188132881,-0.9284721253092882,-0.9158861630290772,-1.349484615727887,-0.648736293478868,-0.3118307716247374,2.0086372564287256,1.7987493718092498,0.7264635207110285
21,50.0,0.1708379679886961,0.5352017793199748,-0.6019587797882617,-0.337665907394465,3.231255915753065,0.8078156662518837,-0.15417004137338272,2.9590774429791935,1.9484230398607993,-0.2305593240771044,,,-0.30349839309623894,127,-0.807553824126695,-0.8092317536710334,-0.5363596771710619,1.1173957562324928,-0.39042087730439334,-0.38239234326146165,1.2871951050074804,0.46471876106804527,-0.647475224752145,1.4730221123586966,-0.4017027926735233,-0.9158861630290772,-1.0232472400555874,-0.6502115795154063,-0.3441112853237898,1.9484230398607993,1.0695403860761743,0.5486572643253733
21,60.0,0.10833610865393621,0.5594906744970634,-0.6079332538623627,-0.337665907394465,2.7237446058199803,0.6088961551486495,-0.198648905067038,2.46770134214175,1.8358795175969431,-0.2315383839191681,,,-0.2399659137230569,130,-0.5143040561946343,-0.5031524678456881,-0.32396937468844395,0.6162305245649041,-0.20208767063987207,-0.1928530998756595,0.1570048780444597,1.1703528028563857,-1.0986602505063656,0.914699725444131,-0.7713654822424814,-0.8090404946170657,-1.0232472400555874,-0.6497088610359258,-0.3681381211291591,1.8358795175969431,0.5944278080968539,0.33701579110076285
21,70.0,0.049074443506781404,0.6202175987011204,-0.6087116227296342,-0.337665907394465,2.235589566661655,0.4249406016725394,-0.23810491019072158,1.9974714837790786,1.6803155247781454,-0.23250132751926278,,,-0.1787881222775974,135,-0.13857779103168125,-0.1265656322498617,0.019299276351031045,0.49093921664800694,0.16316460895192625,0.17674842472665497,0.5337349536988,0.5998401733253861,-0.522146050931528,0.2525034060803516,-0.1799051789321485,-0.7556176604110595,-1.0232472400555874,-0.6481996531742753,-0.3938814650191956,1.6803155247781454,0.4556992966451811,0.26569070191239974
21,80.0,-0.008343433009226117,0.652273656320657,-0.6074508769613007,-0.337665907394465,1.810514677796248,0.24834072633741722,-0.2827935468959201,1.5824004090591306,1.5577619446379702,-0.23329175463445834,,,-0.11862185336884971,134,-0.19356212251894278,-0.17739665650299938,0.09736706320950674,0.7832856017874337,0.31725541440471594,0.3331183005199416,0.2825815699292398,1.3204877053645434,-1.0485285809781197,1.1354318318987273,-0.7159160788071373,-0.7021948262050537,-1.0232472400555874,-0.6495608828641183,-0.4397787674130855,1.5577619446379702,0.8922536251204557,0.4633259732514693
21,90.0,-0.07860587384487333,0.5935594865558539,-0.6221633550883507,-0.337665907394465,1.5019225442409518,0.06875639522155587,-0.32002544825852647,1.265904866779144,1.2595124495528196,-0.2339163848283194,,,-0.04377284310352012,130,-0.42266350371586525,-0.41570124332416103,-0.18333255277427776,0.8250493710930661,-0.06511806579294775,-0.05543714842095264,0.4081582618140199,0.9526571942195584,-0.6725410595162687,0.8887312423318264,-0.44791062886964367,-0.5953491577930417,-0.6970098643832878,-0.6521798653277382,-0.5404405635072744,1.2595124495528196,0.6783262938973679,0.2621752426297532
21,100.0,-0.12959373011217815,0.540704913873337,-0.6220040636092838,-0.337665907394465,1.341012263216925,-0.06267756240656647,-0.3527856169355401,1.088869988029729,1.0229949320756957,-0.23422616763603699,,,0.011406166736966296,136,-0.41808147609192675,-0.4124218224046036,-0.19366505397613476,0.5744667552592717,-0.12504226791347742,-0.11466816197901582,-0.5336669273218307,0.7349615855827291,-0.5722777204597755,0.5056961164253274,-0.19838831341059765,-0.5953491577930417,-0.6970098643832878,-0.6590117425289435,-0.6522048263492349,1.0229949320756957,0.5308492589668479,0.09827855852497405
21,110.0,-0.15870851460386606,0.4738503994346255,-0.6172208296833546,-0.337665907394465,1.4322739317751603,-0.13861149265894554,-0.3807222554866425,1.1420545143270744,0.9707279195244497,-0.23468771482839537,,,0.043246066511531796,136,-0.27603861974983473,-0.26594102133104564,-0.08058156860025448,0.6162305245649041,0.026195004105001925,0.03933247327194845,0.2825815699292398,0.8550695075892549,-0.7226727290445145,0.6939676189895394,-0.4017027926735233,-0.48850348938102967,-0.6970098643832878,-0.672072658921675,-0.7606349195972602,0.9707279195244497,0.49746995403730526,0.1854820119792874
21,120.0,-0.18287815984432504,0.3896434663059818,-0.6126816123788493,-0.337665907394465,1.689109920886902,-0.19818501117397,-0.4009599955411971,1.3410246698222836,0.8764378804593496,-0.23499334786479567,,,0.06986377332445216,134,-0.37684322747648075,-0.36541678922428283,-0.238439225850849,0.40741167803674216,-0.1678452694281413,-0.15731449174082157,0.03142818615967963,0.6373738989524256,-0.45948146402121953,0.538156720315707,-0.34625338923818083,-0.48850348938102967,-0.6970098643832878,-0.684184964510113,-0.8628483480768719,0.8764378804593496,0.31325644866208946,0.12023039289600672
21,130.0,-0.19010064819382708,0.36724724370025613,-0.5906022251062897,-0.337665907394465,2.127166178204958,-0.24069256086735374,-0.41884401134484783,1.6987910893451608,0.8576222620833601,-0.23499334786479567,,,0.07785077575231998,136,-0.32644092361315774,-0.3129460545113665,-0.21547811206894432,0.1568290622029487,-0.18496647003400668,-0.17626841607940175,-0.2825135435522706,0.4046648000647813,-0.284020620672355,0.2395191645241993,-0.03204010310456531,-0.3816578209690177,-0.6970098643832878,-0.6951654518830002,-0.9419145729532129,0.8576222620833601,0.14948889584179068,-0.02503360120231541
21,140.0,-0.20250987140327512,0.3132022906952547,-0.5833055477422557,-0.337665907394465,2.6417066785207926,-0.2656950001348607,-0.4322709984740457,2.126834796066957,0.9212020053380149,-0.2352973443090307,,,0.09160917222411046,134,-0.3035307854934655,-0.29436266930054206,-0.37563188069772935,-0.21904486154774283,-0.3162290080123091,-0.3113151269917859,0.65931164558358,0.3446108390615173,-0.522146050931528,0.16161371518728315,-0.161422044453701,-0.3816578209690177,-0.3707724887109882,-0.7025497404140588,-0.9891298347391397,0.9212020053380149,-0.17985261600676958,0.12993243086627654
21,150.0,-0.24668590243140698,0.12409480790308931,-0.590527724192479,-0.337665907394465,2.9484055262212165,-0.2819336077579838,-0.44283025479139204,2.381371992119056,1.0411345312019034,-0.23590047972237632,,,0.140956909647279,126,-0.34476903410891147,-0.3315294397221911,-0.35955910105039607,-0.17728109224211044,-0.28484014023488907,-0.2757765188569479,0.2825815699292398,0.171955701177137,-0.24642186852617026,0.17459795674343545,-0.004315401386894071,-0.27481215255700614,-0.3707724887109882,-0.7065872970860031,-1.0120001887984875,1.0411345312019034,-0.028882571971534966,0.18037070520620896
21,160.0,-0.2923453761713417,-0.09391037939874887,-0.6044522038381219,-0.337665907394465,3.1424389016132457,-0.286297695566116,-0.4466623853538125,2.5443478187460893,1.1197750601708945,-0.2375264520051949,,,0.19257510828068403,120,0.2279844188833947,0.2543937645720413,-0.019734617078206926,-0.6366825546040668,-0.12218873447916626,-0.11229892143669343,1.0360417212379203,-0.4511041442317191,0.029302313879187532,-0.773251676855704,0.11582497272301626,-0.27481215255700614,-0.3707724887109882,-0.7081687329892193,-1.0204795816946206,1.1197750601708945,-0.7779701632835544,-0.48948499565169074
21,170.0,-0.34630111969986643,-0.266121351119571,-0.6293329759402592,-0.337665907394465,3.163502930479233,-0.281122831833344,-0.4511573750683822,2.563310206808131,1.400412184994357,-0.23825011274940178,,,0.2543915511677098,130,-0.1523238739034968,-0.13749703531505236,-0.10698684944944474,-0.09375355363084566,-0.1022140004389897,-0.08860651601346815,0.09421653210206968,0.3145838585598874,-0.35921812496472627,-0.039642028933081136,-0.04128167034379069,-0.16796648414499413,-0.3707724887109882,-0.7092641152419359,-1.017406287387442,1.400412184994357,-0.058449129863435714,-0.13691713721018056
21,180.0,-0.40417570097568506,-0.4163665651173198,-0.6398982114660086,-0.337665907394465,3.097970809757365,-0.2618100532800241,-0.44780720134672763,2.513567001426883,1.5514356563974785,-0.23910614815482636,,,0.32170541882877735,130,0.01721114818222597,0.03685884357474251,0.19035957402622058,-0.051989784325213256,0.20311407703227896,0.21465627340381527,0.5337349536988,0.4346917805664133,-0.3216193728185415,0.3563773385295701,-0.29080398580283673,-0.06112081573298211,-0.044535113038688574,-0.7083142747715233,-1.0020089317497718,1.5514356563974785,0.18530459053260445,-0.1682339367478031
21,190.0,-0.4503463492005392,-0.421077467363609,-0.638298222905311,-0.337665907394465,3.2148887255030605,-0.22332500857307408,-0.4404231532942938,2.6244128199311625,1.7687987044318845,-0.23994899685688117,,,0.37617053297477016,142,0.209656308387641,0.23143781813514053,0.32697820102855363,0.2821203701198459,0.362911949353691,0.37576463028174706,0.9104650293531402,0.719948095331912,-0.5722777204597755,0.226534922968047,0.0049261658523296736,-0.06112081573298211,-0.044535113038688574,-0.7070741073785145,-0.9792945136135351,1.7687987044318845,0.10319714183815404,-0.1274105863160681
21,200.0,-0.49141131376796354,-0.36549328547883986,-0.6405824401080553,-0.337665907394465,3.596043318917392,-0.16858655432532313,-0.42831423442813626,2.964432396879887,1.9331134126409355,-0.24050371974565196,,,0.42519389929135293,148,-0.10192157004017378,-0.08338659014235729,-0.1023946266930638,-0.051989784325213256,-0.07653219953019162,-0.06491411059024288,0.65931164558358,0.08938150479765058,0.07943398340743327,-0.20194504838498847,0.13430810720146538,0.045724852679029426,-0.044535113038688574,-0.7058750575031127,-0.9579319754339701,1.9331134126409355,-0.11589456824459274,-0.06940389745977044
21,210.0,-0.5377157022795129,-0.34857008872812467,-0.6359321245345897,-0.337665907394465,4.068284826785107,-0.10105963144700492,-0.41077215109222726,3.3858436896441457,1.9836854932347192,-0.24118920375939104,,,0.4811405380268936,146,0.2554765846270255,0.2828154125415379,0.20987652074083946,-0.21904486154774283,0.2601847457184974,0.27151804641955607,0.65931164558358,0.2845568780582554,-0.37175104234678724,-0.02016566659885382,0.023409300330777164,0.045724852679029426,-0.044535113038688574,-0.704205624778755,-0.9365728204311224,1.9836854932347192,-0.16466885174542342,-0.06507261573904632
21,220.0,-0.5930503760187162,-0.400759599773478,-0.6422740147645527,-0.337665907394465,4.559027146938734,-0.01921826335001984,-0.392170366685293,3.827147196384273,2.0981341402898708,-0.24213439565561465,,,0.5489456634235323,139,0.33795308185791745,0.36097494445765277,0.2563727761491966,-0.17728109224211044,0.1745787426891697,0.1885946274382676,1.0988300671803104,-0.2033815550932577,0.09196690078949604,-0.292834739278057,0.18975751063680785,0.1525705210910419,-0.044535113038688574,-0.7027529152242101,-0.9128224729961069,2.0981341402898708,-0.4354250754635356,-0.4421124329353373
21,230.0,-0.6517663711728898,-0.4819056671896591,-0.643757209415622,-0.337665907394465,5.103896696377243,0.061677788177964495,-0.37148203692134907,4.3142646143836085,2.1214033730165704,-0.24293141138051258,,,0.6220480791949171,137,0.39293741334517895,0.41836481054990476,0.5680698957385526,0.2821203701198459,0.7566995632885986,0.773797041391932,0.7848883374683602,0.8700829978400698,-0.522146050931528,0.5251724787595571,-0.21687144788904514,0.1525705210910419,0.28170226263361103,-0.7014235805453619,-0.8957934662234216,2.1214033730165704,0.42666001850972285,0.2115547590481872
21,240.0,-0.6977622865242938,-0.4737959750559494,-0.6359160544983259,-0.337665907394465,5.943430832937192,0.13889487116723023,-0.35184697418430266,5.050139687400435,2.139976296470871,-0.24358652664902877,,,0.6801625149301915,148,0.4250116067127479,0.4484261689791801,0.7597951958174564,0.5744667552592717,0.8166237654091278,0.8330280549499951,1.2244067590650904,0.9826841747211883,-0.5973435552238975,0.6679991358772348,-0.18914674617137225,0.25941618950305345,0.28170226263361103,-0.7013427096907067,-0.8935266708715855,2.139976296470871,0.46921953543677547,-0.14424956446760281
21,250.0,-0.7318554414709488,-0.4343776652667634,-0.6345109594844486,-0.337665907394465,6.772295610979608,0.20384992656757162,-0.33420644743467426,5.77327305319772,2.1307862663797437,-0.24410479560808201,,,0.7237288445059218,155,-0.17523401202318906,-0.1609995519052129,0.04914872426750714,0.699758063176169,0.04902327157948924,0.06302487869517372,0.1570048780444597,-0.43609065398090197,0.5306190091616556,-0.20194504838498847,0.46700452781352675,0.25941618950305345,0.28170226263361103,-0.7014708768809007,-0.8956800304924124,2.1307862663797437,0.3007028165341027,-0.18193374762155579
21,260.0,-0.774107045675695,-0.4440457190516033,-0.6353167085885588,-0.337665907394465,7.353392539183223,0.24563601273920688,-0.31431653469045884,6.279816009696125,1.9816795776245595,-0.2446179710069902,,,0.7783103449827712,150,0.5120701315675784,0.540796524880043,0.5864387867640763,0.11506529289731632,0.5341239554123465,0.5510884304136142,0.65931164558358,0.4346917805664133,-0.2213560337620465,0.226534922968047,-0.013556968626117816,0.36626185791506594,0.28170226263361103,-0.7007438160314876,-0.8981451846475408,1.9816795776245595,-0.13435184744878986,-0.385829383768544
21,270.0,-0.8248465871294014,-0.47981434443108106,-0.6333615647426721,-0.337665907394465,7.837330730481702,0.26349971381157894,-0.31419656591188977,6.695383519766294,2.0596849645621798,-0.24550399550539337,,,0.8447352671887214,144,0.5212341868154554,0.5462622264126383,0.7414263047919326,0.6162305245649041,0.8651338337924136,0.882782106338768,1.1616184131227003,0.8400560173384399,-0.5722777204597755,0.4472670294226386,-0.08748950653990942,0.4731075263270775,0.6079396383059107,-0.7018472679627464,-0.9050164000326217,2.0596849645621798,0.37327164756104636,0.014308037815072642
21,280.0,-0.8635634422279794,-0.4668231042971293,-0.6337860366949261,-0.337665907394465,8.024487319278688,0.25741641241471175,-0.3101387762976752,6.852714381304533,1.9674664430596664,-0.24612767582881853,,,0.8960780577521872,153,0.6128747392942244,0.6457379943058758,0.8103096461376467,0.6162305245649041,0.8993762350041448,0.911212992846638,1.2871951050074804,0.764988566084361,-0.396816877110911,0.4472670294226386,-0.050523237583014434,0.4731075263270775,0.6079396383059107,-0.7018390524610435,-0.9113286612738825,1.9674664430596664,0.25930161269319396,-0.07801407366054663
21,290.0,-0.8941906747038155,-0.4385979406667598,-0.6269887437958577,-0.337665907394465,7.727401520697459,0.2196339892708286,-0.31877777742782504,6.589161699020234,1.9360045114527176,-0.24649827284081674,,,0.9371031608450326,160,0.6495309602857319,0.6818116244210056,1.1409496845970741,1.0338682176212282,1.1790225115666153,1.2002603390099869,1.2871951050074804,1.1102988418531237,-0.5973435552238975,0.7459045852141487,-0.14293890997525352,0.579953194739089,0.6079396383059107,-0.7020405225649244,-0.9157236073834039,1.9360045114527176,0.6180837222563709,-0.23191810025477116
21,300.0,-0.9196639415236958,-0.3930437511151998,-0.6215681966010514,-0.337665907394465,7.0391347943640135,0.16620597554310995,-0.32437358061252486,5.989618788495516,1.77694428909814,-0.24698824983665674,,,0.9715042666968289,166,0.6037106840463474,0.635899731547204,1.0651780091167884,1.1173957562324928,1.2874567820704304,1.3045069228721782,2.040655256316161,1.3054742151137286,-0.8730677376292553,1.0055894163371994,-0.6050172719364506,0.579953194739089,0.6079396383059107,-0.7009984340580445,-0.9158406905642347,1.77694428909814,0.8625399038881506,0.16347078609928015
21,310.0,-0.9441619065218548,-0.34656805564367793,-0.6235785157794589,-0.337665907394465,5.982326414978249,0.0878911027396014,-0.3458106867377891,5.069002780988192,1.742099855814605,-0.24723147793565253,,,1.0048307062497104,166,1.0664954740641313,1.104310352890634,1.1966303855181928,0.4491754473423746,1.4329869872202874,1.4513998364961747,3.0452687913944017,0.9826841747211883,-0.660008142134206,0.7004597397676144,-0.5865341374580031,0.6867988631511015,0.6079396383059107,-0.7006289794084628,-0.9145837407681062,1.742099855814605,0.31012500859212905,0.16355273597916203
21,320.0,-0.96716336658401,-0.30470574569879,-0.6167088016282094,-0.337665907394465,4.789771422398064,0.0016016763220927516,-0.3648222003465141,4.031179643984232,1.5986423100460867,-0.24759414321857492,,,1.0363400468421282,169,1.043585335944439,1.0829941169135118,1.5037352823511678,0.9503406790099633,2.080739076808868,2.105310226177192,3.2964221751639617,1.5306765688759654,-1.0986602505063656,1.1224475903425726,-0.9746799615054086,0.6867988631511015,0.9341770139782103,-0.6992309823072359,-0.9116098112031364,1.5986423100460867,1.1948574917997279,0.7353626286007442
21,330.0,-0.9903424632963054,-0.27887531541040955,-0.6147309639689034,-0.337665907394465,3.4826031499302115,-0.09079729482450295,-0.39578234127423484,2.893367592957508,1.6364461584371743,-0.24783448092386426,,,1.0683092449970248,170,0.6861871812772393,0.7173386843828763,0.8068654790703609,0.07330152359168393,0.8794015009639683,0.8969975495927031,2.291808640085721,0.5097592318204922,-0.284020620672355,0.36936158008572473,-0.33701182199895546,0.7936445315631131,0.9341770139782103,-0.6988600330382889,-0.9049621734605762,1.6364461584371743,0.11602938330198881,-0.11515046287325369
21,340.0,-1.0268863650708144,-0.2992067260208548,-0.6115416582907592,-0.337665907394465,2.245259173229111,-0.20421295463973632,-0.4148357633078103,1.8097663268145172,1.124193244623059,-0.24771445530009095,,,1.1191584021278502,164,1.6300848718085603,1.6809418645794543,1.5875433476551197,0.11506529289731632,1.9723048063050523,1.9963251612303559,2.6685387157400613,0.719948095331912,-0.8981335723933791,0.49920399564725243,-0.9007474235916171,0.7936445315631131,0.9341770139782103,-0.6951046917881901,-0.9163196796941705,1.124193244623059,0.20965611975158682,0.3573336594068119
22,0.0,3.0821395023173097,0.8935588673405913,0.17984502964494994,-0.337665907394465,0.5099239616149563,1.7412426135285664,2.9443020878683495,1.1865331817929121,-0.4974403925153939,-0.1803664007953699,,,-2.451334671767905,76,-2.06302939308583,-2.05103914187672,-1.9622448430273418,-0.051989784325213256,-1.9883996005185114,-1.9887374309561352,-1.4754921164576813,0.49474574156967516,-0.6976068942803926,1.0445421410056588,-2.0651848957338337,-4.334947552213459,-2.6544341184170857,0.6374105564130814,1.5250960707909909,-0.4974403925153939,0.5553005694622473,1.974820304879975
22,10.0,3.018774329112472,0.8940196964310557,0.14847219041729828,-0.337665907394465,0.5099829002796408,1.8688220349581974,3.10690262837063,1.2372483331419768,-0.4915768411025991,-0.18617649343341075,,,-2.416934896913594,74,-1.9347326196155537,-1.9078377617227193,-1.8325145501595803,-0.7202100932153307,-1.8000663938539903,-1.799198187570333,-0.7220319651490009,0.5547997025729392,-0.7226727290445145,0.7069518605456894,-1.5106908613803964,-1.1295774998531014,-1.349484615727887,0.6641786649589664,1.6073105079092869,-0.4915768411025991,0.786413047264031,2.1592096531906297
22,20.0,2.923652316751705,0.809505528393657,0.06128707293778523,-0.337665907394465,0.5118940233756626,1.850236627595868,3.2134814436465375,1.2427301513806233,-0.5109989155215321,-0.18953355649165068,,,-2.3645290731345288,81,-1.5590063544526007,-1.4897115944791672,-1.4169183907071061,-0.09375355363084566,-1.352061644667175,-1.351411725071375,-1.7266455002272416,1.5006495883743334,-1.3618515155296624,0.8822391215537514,-1.1410281718114392,-1.0227318314410894,-1.349484615727887,0.7010532548891131,1.5775736633454758,-0.5109989155215321,0.5269498209476101,1.0639347502417082
22,30.0,2.8430057163937565,0.8727803072263532,0.044769552386517864,-0.337665907394465,0.5223477076336072,1.737547577652908,3.216926102773866,1.2195357957176847,-0.5367934481262592,-0.1907201437887653,,,-2.319361883940859,98,-1.6873031279228774,-1.6334595447864275,-1.5684617416676767,-0.6366825546040668,-1.5261271841601414,-1.5291047657455648,-1.4754921164576813,0.8100290368368079,-0.9231994071575028,0.7718730683264533,-0.937713692548512,-1.0227318314410894,-1.349484615727887,0.7196102618448177,1.4750855128533746,-0.5367934481262592,0.46336292775827487,1.1992154109093314
22,40.0,2.7591190852910685,0.8808509883629084,0.023276353493878098,-0.337665907394465,0.5405858592337407,1.5954881444946574,3.1681957787992703,1.1900074497793456,-0.5626824622610066,-0.19217870295063913,,,-2.271645413308281,99,-1.513186078213216,-1.4345080089999531,-1.5236875697929628,-1.4719579407167138,-1.5489554516346287,-1.5480586900841449,-1.9777988839968017,0.14943546580091246,-0.5472118856956518,-0.6953462275187878,-0.5126015995442116,-0.9158861630290772,-1.349484615727887,0.7229975398495889,1.3426695038428833,-0.5626824622610066,-0.7125652143672382,0.44085925682386473
22,50.0,2.667398076918229,0.8688107727804495,-0.015324805937718445,-0.337665907394465,0.44837981604353994,1.4307923648009846,3.0075134802228844,1.0506503715369655,-0.5808249531183173,-0.19332628117626396,,,-2.2185941837359864,117,-1.8064358461452767,-1.7646363815687185,-1.7544467633011047,-1.806068095161772,-1.817187594459856,-1.8228905929935582,-1.6010688083424613,-1.0366302640135334,-0.17122436423380075,-1.032936507978755,-0.4756353305873149,-0.9158861630290772,-1.0232472400555874,0.7699713194461265,1.322544669022738,-0.5808249531183173,-0.5813654741047132,0.3895208683839982
22,60.0,2.571825796809338,0.9100887105872478,-0.03296609404537789,-0.337665907394465,0.37662758104395516,1.2380130857437739,2.754957842635135,0.9126477741446013,-0.5960044972143921,-0.19473728068905943,,,-2.1623135808073988,105,-1.26575658652054,-1.1546640905310661,-1.3262219912685826,-1.8895956337730369,-1.349208111232864,-1.3490424845290527,-1.0987620408033412,-1.9824801498149298,-0.020829355649059987,-1.292621339101808,-0.30928712028128424,-0.8090404946170657,-1.0232472400555874,0.7814100239022826,1.2567784000209132,-0.5960044972143921,-0.8712340143885394,0.23970630991976682
22,70.0,2.464267658581465,1.012924680004387,-0.045040218615321224,-0.337665907394465,0.2895728582513131,1.0391054744513775,2.450823213768353,0.7554562746088933,-0.6083236614008957,-0.19639698144534468,,,-2.097716714242314,114,-1.4536197191020164,-1.370012730915327,-1.4025676945934158,-0.9290289397434927,-1.423399980524948,-1.4224889413410509,-0.973185348918561,-1.074163989640573,-0.35921812496472627,-0.2344056522753704,-0.4294274943911962,-0.8090404946170657,-1.0232472400555874,0.7886736819593548,1.1993564192906836,-0.6083236614008957,-0.40112534498057484,0.3313373614854822
22,80.0,2.357068307290519,1.1348237189046002,-0.04947869704181107,-0.337665907394465,0.18679930027669656,0.8429044386625277,2.0789315175291416,0.5798634702551,-0.6121091513694159,-0.19802124363788695,,,-2.0319690726222275,110,-1.2199363102811553,-1.1043796364311878,-1.299816710419392,-2.0566507109955663,-1.3891575793132172,-1.386950333206213,-1.2243387326881212,-1.4419945007855601,-0.020829355649059987,-1.669164344230232,0.15279124167991287,-0.7021948262050537,-1.0232472400555874,0.7802002203310303,1.1652835355904692,-0.6121091513694159,-1.1618888834363506,-0.26984260749150907
22,90.0,2.238137816007152,1.0974338058212052,-0.1323533793645249,-0.337665907394465,0.08601579826774876,0.6440674428609042,1.6750369301466335,0.4024397457965238,-0.6122162109735101,-0.199872921432681,,,-1.9573771872543813,102,-1.0183270948278638,-0.8813790139012935,-1.105795298962298,-1.4719579407167138,-1.12092543648799,-1.116856911381445,-0.7220319651490009,-1.3218865787790344,-0.04589519041318375,-1.1627789235402803,-0.1059726410183569,-0.5953491577930417,-0.6970098643832878,0.749877727001654,1.1185462907680304,-0.6122162109735101,-0.868949179925159,0.12948532268480226
22,100.0,2.134770486959576,1.1158077848140087,-0.1641561737253862,-0.337665907394465,-0.032205509113282564,0.46777140856561117,1.2583504759835895,0.21559548997731887,-0.5986844061257554,-0.2011678976055893,,,-1.8910902625664117,113,-1.0274911500757407,-0.8835652945143316,-1.1344966911896786,-1.05432024766039,-1.200824372648696,-1.202149570905056,-1.0987620408033412,-1.3068730885282194,0.2548948267562978,-1.5003692040002472,0.17127437615836036,-0.5953491577930417,-0.6970098643832878,0.7122194011099241,1.1331020158729646,-0.5986844061257554,-1.1058139872173594,-0.17215912958402588
22,110.0,2.0339797818576857,1.1507274464914345,-0.18745934407509973,-0.337665907394465,-0.13438101894638024,0.3180594989741945,0.8762431729723437,0.05297712747122214,-0.5718265437849407,-0.20269239705308828,,,-1.8251087311359815,120,-0.9816708738363561,-0.8310945598014152,-1.0300236234820124,-1.3049028634941842,-1.086683035276259,-1.0836875437889295,-0.847608657033781,-0.9765763030102717,-0.09602685994142948,-1.1368104404279755,0.15279124167991287,-0.48850348938102967,-0.6970098643832878,0.6448487961408479,1.163127049403612,-0.5718265437849407,-0.8913723846173486,-0.15192928958195215
22,120.0,1.9199977403784978,1.1539458624059855,-0.2036926534333951,-0.337665907394465,-0.20117819316916152,0.20301262282999774,0.5565105982546673,-0.0643003667116934,-0.5263571427329794,-0.20467666603346182,,,-1.7488365740756069,115,-1.1832800892896478,-1.0672128660095388,-1.1631980834170597,-0.9707927090491251,-1.27501624194078,-1.2732267871747318,-1.0987620408033412,-1.2167921470233234,0.15463148769980453,-0.8641413677487725,0.4485213933350793,-0.48850348938102967,-0.6970098643832878,0.5227708468171933,1.1686234988429485,-0.5263571427329794,-0.8664590551224772,-0.45312622466050434
22,130.0,1.8116253279663699,1.201871755814757,-0.21859926049335013,-0.337665907394465,-0.2637816950607818,0.11721979894145569,0.29147078073561716,-0.16490133804571833,-0.4507543037989735,-0.20612979220642233,,,-1.674634010138504,114,-1.082475481563002,-0.9458742919859198,-1.0644652941548696,-1.1378477862716545,-1.1095113027507464,-1.107379949212155,-0.973185348918561,-0.7663874394988498,-0.0709610251773075,-0.9550310586418387,0.15279124167991287,-0.3816578209690177,-0.6970098643832878,0.38792338202941334,1.2311302561240607,-0.4507543037989735,-0.6628291396242952,-0.07117945908776892
22,140.0,1.6966993459982436,1.2438055555182355,-0.22403617034045104,-0.337665907394465,-0.29689803274500576,0.05595898562160884,0.08630826765672354,-0.2282828483378036,-0.3380417214916329,-0.20778843528952193,,,-1.5940866994794547,109,-0.9358505975969715,-0.7851826669276134,-1.0105066767673934,-1.05432024766039,-1.0695618346703935,-1.0647336194503494,-0.973185348918561,-0.8714818712545607,0.10449981817155703,-1.0589049910910595,0.30065631750749605,-0.3816578209690177,-0.3707724887109882,0.21245037873494785,1.2488812085748275,-0.3380417214916329,-0.9509085550352989,-0.17215912958402713
22,150.0,1.5982268662453045,1.2832669397891638,-0.24102486752417487,-0.337665907394465,-0.3099960637801351,0.02004568194648197,-0.04604024784175357,-0.2611248542775303,-0.2047558482948339,-0.20940888582867956,,,-1.5234977263734841,118,-0.8121358517506335,-0.6447141375399105,-0.8273917943567036,-0.761973862520963,-0.858400360531385,-0.8538712111836444,-0.5964552732642208,-0.47362437960794146,-0.09602685994142948,-0.7407910729653221,0.3561057209428402,-0.27481215255700614,-0.3707724887109882,0.056853134907109616,1.238049833405195,-0.2047558482948339,-0.6976988514262086,-0.08735525736157436
22,160.0,1.5040575495130433,1.2913542419544761,-0.24530021926056159,-0.337665907394465,-0.3091124965687565,-0.007170480466722444,-0.13219069701448177,-0.27562496488674704,-0.07527553795000747,-0.21076843545766902,,,-1.4545901427279857,123,-1.0366552053236175,-0.9021486797251561,-1.0173950109019647,-0.8037376318265954,-1.1380466370938556,-1.1310723546353803,-0.847608657033781,-0.9915897932610865,0.4052898353410386,-1.0848734742033663,0.5224539312488709,-0.27481215255700614,-0.3707724887109882,-0.06861279014371169,1.1705307401434448,-0.07527553795000747,-0.8683923003102195,-0.5182221450918599
22,170.0,1.4143969206284677,1.2834111985917929,-0.24537612276148982,-0.337665907394465,-0.29061394131068324,-0.030441289743649295,-0.1883782186325476,-0.27146719320193036,0.03287918532063143,-0.2121016711537514,,,-1.387667547802197,123.5,-0.9221045147251562,-0.7638664309504913,-0.8382983234031084,-0.6366825546040668,-0.9012033620460489,-0.89651754094545,-0.4708785813794407,-0.6087457918652844,0.05436814864330951,-0.5395353288449578,0.21748221235448073,-0.16796648414499413,-0.3707724887109882,-0.17339638295602658,1.0218970872506594,0.03287918532063143,-0.526478901498958,-0.24104810494456447
22,180.0,1.317354856194887,1.274951361278597,-0.24563508338342094,-0.337665907394465,-0.25618752732976746,-0.05537752816261255,-0.2284252816718997,-0.25288632335467814,0.1115909302721913,-0.21340934955018756,,,-1.3137461453603176,123,-0.798389768878818,-0.6277704627888645,-0.6810146939970615,-0.38609993877027243,-0.7556731568961916,-0.7519938678637758,-0.7220319651490009,-0.43609065398090197,0.029302313879187532,-0.4875983626203462,0.2821731830290486,-0.06112081573298211,-0.044535113038688574,-0.26356659436848384,0.802418886004033,0.1115909302721913,-0.4694193800970034,-0.32735631995161546
22,190.0,1.2112812959937906,1.211740552880632,-0.3268212179303449,-0.337665907394465,-0.20221363099020764,-0.08670558224441083,-0.26073641078184007,-0.21889497988343642,0.1552423766411998,-0.2149036423201609,,,-1.2311162298078837,115,-1.1191317025545096,-0.9885067639401645,-0.8405944347812989,0.49093921664800694,-1.0153446994184858,-1.0126103275192537,-1.8522221921120217,-0.5637053211128374,0.6183494308360861,-0.2798504977219046,0.9383244570139476,-0.06112081573298211,-0.044535113038688574,-0.3465223848552162,0.5141585666360036,0.1552423766411998,-0.23381884330231154,-0.7936924172378013
22,200.0,1.0970894967905898,1.1242331263629484,-0.3568678466542376,-0.337665907394465,-0.13115250397017753,-0.12020277233552318,-0.2904983137036961,-0.17081481124859257,0.18888584580472179,-0.21677699455358898,,,-1.139950846167351,102,-0.9266865423490948,-0.77753068478198,-0.7051238634680612,0.4491754473423746,-0.8698144942686287,-0.865717413895257,-1.3499154245729013,-0.7814009297496668,0.48048733963340806,-0.5005826041764986,0.8736334863393798,0.045724852679029426,-0.044535113038688574,-0.4229371785464785,0.21763256657145957,0.18888584580472179,-0.40233272115899776,-0.7296661706577867
22,210.0,0.9940338341546406,1.0787618781401476,-0.3512487053474431,-0.337665907394465,-0.06933761741721285,-0.1580485508615872,-0.31461714124537715,-0.13133803517571177,0.17604933348232576,-0.21819812505216346,,,-1.0556348970340954,117,-0.7892257136309412,-0.6157459194171546,-0.6603496915933472,-0.38609993877027243,-0.7043095550785952,-0.6998705759326801,-0.21972519760988055,-0.30096924172356115,0.029302313879187532,-0.3447717055026685,0.13430810720146538,0.045724852679029426,-0.044535113038688574,-0.475515258539925,-0.03014848443169661,0.17604933348232576,-0.365562628452485,-0.19602835693449844
22,220.0,0.9015194342451752,1.0738652956962125,-0.34653185420118177,-0.337665907394465,-0.010891654502913758,-0.19521321883813553,-0.3347886611321333,-0.09418222225205339,0.13472399870605264,-0.21978519307584676,,,-0.9782348902976657,113,-0.9175224871012176,-0.7578541592646363,-0.6947913622662043,0.03153775428605153,-0.7956226249765446,-0.7899017165409361,-0.973185348918561,-0.40606367347927214,0.27996066152042154,-0.15000808216037922,0.43003825885663177,0.1525705210910419,-0.044535113038688574,-0.515568529030843,-0.2395182870644256,0.13472399870605264,-0.24605246331932668,-0.442428766982662
22,230.0,0.8078405964208145,1.0470419309415124,-0.3240748843912978,-0.337665907394465,0.04789177397939093,-0.23254007802583007,-0.3524083909842701,-0.0565665607832431,0.06207298898894383,-0.22114250663935542,,,-0.8981580510191192,113,-1.0183270948278638,-0.8813790139012935,-0.7211966431153946,0.4491754473423746,-0.9211780960862253,-0.9178407058263527,-1.3499154245729013,-0.6763064979939559,0.48048733963340806,-0.435661396395737,1.0954311000807546,0.1525705210910419,0.28170226263361103,-0.5481145515653228,-0.42558538753362274,0.06207298898894383,-0.26384885287328436,-0.8921504783306827
22,240.0,0.7077344943962823,0.9722174305430497,-0.32550919665787237,-0.337665907394465,0.0743556017341882,-0.2687754557802823,-0.363426748783059,-0.045478045737238154,-0.07118338081154617,-0.22247150063127014,,,-0.8106295367658969,118,-0.890030321357587,-0.730525651601659,-0.4732166142708241,0.36564790873110975,-0.7214307556844605,-0.7140860191866155,-0.973185348918561,-0.4210771637300871,0.3802240005769148,-0.5655038119572624,1.0954311000807546,0.25941618950305345,0.28170226263361103,-0.5636394497254253,-0.5655220246970754,-0.07118338081154617,-0.11460855647048879,-1.0380047078470271
22,250.0,0.6150749552976188,0.9074063535360524,-0.3112127400747459,-0.337665907394465,0.08781218751313546,-0.2983659197242684,-0.365148849739366,-0.042710703132283256,-0.24122701833939536,-0.22414000224400205,,,-0.7277478679207018,102.5,-0.8304639622463872,-0.663297522750735,-0.6833108053752519,-0.26080863085337525,-0.7613802237648136,-0.7543631084060982,-0.1569368516674905,-0.1808613197170353,0.14209857031774178,-0.37074018861497315,0.3283810192251673,0.31283902370905925,0.28170226263361103,-0.5662631917364009,-0.6720340496048351,-0.24122701833939536,-0.3979676505133087,-0.3421621179799995
22,260.0,0.524733289090517,0.8010471898886825,-0.30542781130666913,-0.337665907394465,0.0500377079072913,-0.3241494619860046,-0.37779073878793573,-0.08324165371804634,-0.3359420140865659,-0.22540750211050126,,,-0.6451551200974065,91,-0.6517648849127877,-0.46817197803707744,-0.4904374496072528,0.11506529289731632,-0.5616328833630488,-0.5529776623086834,-0.3453018894946606,0.014314053543571643,-0.020829355649059987,0.018787058069605417,0.30065631750749605,0.36626185791506594,0.28170226263361103,-0.5713651086538182,-0.7391950597128883,-0.3359420140865659,-0.3571365833853088,-0.3411185027496944
22,270.0,0.43905197824582537,0.720210105185331,-0.28814638710675794,-0.337665907394465,0.002238872198381684,-0.3447241884245416,-0.3787747540636507,-0.12977254785081746,-0.47116681194196414,-0.22647355019286444,,,-0.5651418892642518,73,-0.706749216400049,-0.5228289933630318,-0.4077774399923959,0.11506529289731632,-0.4531986128592338,-0.44399259736184726,-0.21972519760988055,0.2245029170549914,-0.04589519041318375,0.16161371518728315,0.17127437615836036,0.4731075263270775,0.6079396383059107,-0.5603730597015143,-0.7915081866157309,-0.47116681194196414,0.03491154878445223,-0.254348886296037
22,280.0,0.35814072186610196,0.6772655289987985,-0.2759603184700261,-0.337665907394465,-0.04581010538852801,-0.3594734760269217,-0.3811550719821862,-0.174963376881663,-0.5631117039423876,-0.22786656018219598,,,-0.48803316173526745,130,-0.4776478352031265,-0.27249986317016023,-0.2665665902336822,0.03153775428605153,-0.4417844791219899,-0.434515635192557,-0.5964552732642208,-0.21088830021866517,0.5055531743975318,-0.5525195704011101,0.8551503518609322,0.4731075263270775,0.6079396383059107,-0.5498464519060399,-0.8281700747611802,-0.5631117039423876,-0.4975562794698095,-0.7338391275520499
22,290.0,0.2785462231512245,0.5985958553845203,-0.26470739249093345,-0.337665907394465,-0.10911558166564927,-0.36930546628988126,-0.38585516510849976,-0.23188148316887897,-0.6157338367457668,-0.22905962006272712,,,-0.4106652719921761,122,-0.6975851611521723,-0.5129907306043601,-0.39744493879053866,0.2821203701198459,-0.43037034538474606,-0.4250386730232671,0.2825815699292398,0.11940848529928046,-0.020829355649059987,0.08370826585036698,0.24520691407215198,0.579953194739089,0.6079396383059107,-0.5363907066371297,-0.8411695299169175,-0.6157338367457668,0.06583896095995803,-0.20914708484055042
22,300.0,0.19891011879388099,0.5130145668208743,-0.2639920734851338,-0.337665907394465,-0.17393060173803432,-0.3751230617406845,-0.3918711623838172,-0.28904070524870523,-0.6378516311102068,-0.23022931928406626,,,-0.33170881951574294,53,-0.706749216400049,-0.5206427127499935,-0.2849354812592059,0.9503406790099633,-0.4874410140709646,-0.48190044603900756,-0.973185348918561,-0.22590179046948225,0.3802240005769148,0.04475554118191004,1.0584648311238596,0.579953194739089,0.6079396383059107,-0.5214485953441631,-0.8349511753407767,-0.6378516311102068,-0.054369722575275815,-0.8320768842060027
22,310.0,0.12033855723490404,0.4058673637654485,-0.24420912467198835,-0.337665907394465,-0.23255962402901217,-0.378609415889765,-0.3982995984383361,-0.340319788125299,-0.6421203113300352,-0.23137633731313,,,-0.252244430856089,114,-0.5509602771861417,-0.34847311447323687,-0.25221589411999185,0.2403566008142135,-0.2819866068005783,-0.2734072783146252,-0.09414850572510046,0.14943546580091246,-0.0709610251773075,0.2070585606338174,-0.02279853586534156,0.6867988631511015,0.6079396383059107,-0.5061019940638858,-0.81644974200838,-0.6421203113300352,0.01609227878741094,-0.22517607854477048
22,320.0,0.04244465301365191,0.2884023106036145,-0.21937483492932733,-0.337665907394465,-0.27195309087556707,-0.3780475253119611,-0.41139955297327363,-0.37469853753940613,-0.5811450827194093,-0.23250132751926278,,,-0.17188619108504127,115,-0.491393918074942,-0.28343126623535114,-0.17242602372787297,0.6579942938705365,-0.22776947154867055,-0.22128398638352956,0.34536991587162985,0.2845568780582554,-0.03336227303112097,0.1291531112969012,0.4207966916174064,0.6867988631511015,0.9341770139782103,-0.5134136276456672,-0.77994625706948,-0.5811450827194093,-0.0110928444771918,-0.32465946052404215
22,330.0,-0.03002640351635348,0.1707894939034854,-0.22370115961299042,-0.337665907394465,-0.2942401393493369,-0.37946665218782366,-0.4189237211985479,-0.3946569851725449,-0.5550642530955813,-0.2336049184152821,,,-0.09566857831440487,78.5,-0.532632166690388,-0.3309828695689314,-0.06278670541927828,0.9085769097043299,-0.16499173599383013,-0.15731449174082157,-0.7220319651490009,0.171955701177137,0.17969732246392653,0.18109007752151277,0.5501786329665421,0.7936445315631131,0.9341770139782103,-0.5182263333792299,-0.7682633068966116,-0.5550642530955813,0.23614679011516043,-0.4868868954357348
22,340.0,-0.10626733212822465,0.00882409019684081,-0.22057930055093541,-0.337665907394465,-0.31422632117333604,-0.3816050587460517,-0.4264645456422359,-0.4128720391281273,-0.5316732461383954,-0.23468771482839537,,,-0.01392883906655491,103,-0.6563469125367263,-0.4698116884968559,-0.15463116054689705,1.4097421413719187,-0.3875673438700822,-0.37765386217681657,-0.5336669273218307,-0.1733545745916257,0.39275691795897577,0.2460112853022743,1.049223263884636,0.7936445315631131,0.9341770139782103,-0.5249842252492035,-0.763020859351438,-0.5316732461383954,0.06114996598778866,-0.917725207412693
22,350.0,-0.17507357604349305,-0.12480985573765538,-0.1927190675376779,-0.337665907394465,-0.32216830414005965,-0.3848453065346826,-0.4335162960394847,-0.42114658755523293,-0.5204446441774855,-0.23590047972237632,,,0.06125015206615072,63,-0.3539330893567885,-0.12765877255638067,0.07842414433943568,0.2821203701198459,0.0119273369334473,0.02274778947569069,1.0988300671803104,0.07436801454683352,-0.008296438266998997,0.16161371518728315,0.27293161578982483,0.9004901999751256,0.9341770139782103,-0.5381704128400688,-0.7794311809393171,-0.5204446441774855,0.15230632918778275,-0.3856841571576306
22,360.0,-0.24240367655879697,-0.26460873375367094,-0.18757677073237597,-0.337665907394465,-0.3397689692053677,-0.38546284704562744,-0.443819092426376,-0.43714013998878803,-0.43878279192463426,-0.23664542374388467,,,0.1361479864743977,81,-0.23021834351045026,0.011716616524803292,0.16854651593341152,0.5327029859536393,0.026195004105001925,0.03459399218730333,0.03142818615967963,0.29957036830907036,0.004236479115063772,0.1096767489626716,0.48548766229197426,1.0073358683871372,1.26041438965051,-0.5564871816795657,-0.7638678334017767,-0.43878279192463426,-0.10087139615935098,-0.6116321227734626
22,370.0,-0.29915146961683486,-0.32874895692273487,-0.17740828095227867,-0.337665907394465,-0.34685040220667473,-0.3892355450525723,-0.44840589115298146,-0.444625021905953,-0.4477948598223891,-0.2375264520051949,,,0.20032350792458362,171,-0.06984737667260452,0.19372447756023192,0.309757365692125,0.49093921664800694,0.23735647824401013,0.25019488153865316,0.09421653210206968,0.171955701177137,-0.0709610251773075,0.07721614507229196,0.37458885542128767,1.0073358683871372,1.26041438965051,-0.5651674776986464,-0.7878475378003844,-0.4477948598223891,-0.049400377244260614,-0.4194278641154972
22,380.0,-0.3523529331929974,-0.3751827884820912,-0.1631979092270559,-0.337665907394465,-0.35194711687041513,-0.39154541704744344,-0.45316843542695123,-0.4500217975252225,-0.43084221479370993,-0.23853694212702603,,,0.26138118558799533,151,-0.3126948407413425,-0.08338659014235729,0.05948122546936412,0.4491754473423746,-0.10506753387330087,-0.09334499709811328,-0.973185348918561,-0.2559287709711142,0.48048733963340806,-0.47461412106419393,1.0954311000807546,1.1141815367991486,1.26041438965051,-0.5761606507343996,-0.8022007908466464,-0.43084221479370993,-0.17250138708733798,-0.6800799229751625
22,390.0,-0.4073532678463066,-0.46050785704700253,-0.1569604273932679,-0.337665907394465,-0.3824673533781339,-0.3934756128927927,-0.4574559970371334,-0.4768302423955689,-0.409527108681703,-0.2392475303998569,,,0.32543191977411706,87,0.09052359016524122,0.37190634752284346,0.3619938995459582,-0.21904486154774283,0.08326567279122042,0.09382500574536651,-0.7220319651490009,-0.5862255564890598,0.49302025701546903,-0.7992201599680087,0.9475660242531714,1.1141815367991486,1.26041438965051,-0.5729902585050743,-0.7835852054355278,-0.409527108681703,-0.6035696357955315,-0.9733954615568695
22,400.0,-0.45888850761446504,-0.5532116786110888,-0.15224264389191253,-0.337665907394465,-0.41603745199225883,-0.39475895562179236,-0.4598227310672469,-0.5058737731578157,-0.4002872364247031,-0.24008821096734587,,,0.3863227565053923,71,0.13634386640462573,0.4243770822357598,0.24374416356914894,-0.4696274773815372,-0.03372919801552774,-0.022267780828437462,-0.910397002976171,-0.9465493225086397,0.718612769892581,-1.1887474066525872,1.0584648311238596,1.221027205211161,1.26041438965051,-0.5596086241748035,-0.7476568308547875,-0.4002872364247031,-0.8699009064108167,-0.9884833982073542
22,410.0,-0.5071480449098442,-0.6616408860850331,-0.1477611327874758,-0.337665907394465,-0.4586734792047817,-0.39643393296906637,-0.4619777531646182,-0.5427002975830248,-0.40177115015594267,-0.24077896122650108,,,0.4441274846296684,144.5,0.5029060763197017,0.8392238285597547,0.7529068616828852,-0.26080863085337525,0.48276035359474995,0.491857416855551,-0.5964552732642208,-0.8489616358783362,0.6810140177463946,-0.9874916625322205,1.049223263884636,1.221027205211161,1.5866517653228096,-0.5311854668999831,-0.6831209974788327,-0.40177115015594267,-0.627464106614861,-0.90241674162109
22,420.0,-0.5522006321289097,-0.7420619262021378,-0.1450183856153755,-0.337665907394465,-0.49133213551322197,-0.3973826989168001,-0.46304129949363454,-0.5707623014539486,-0.4052621610158782,-0.24132525799922355,,,0.498789298485795,98,0.6312028497899784,0.9818786385604962,0.8281045093186231,-0.17728109224211044,0.6311440921789176,0.6458580521065153,-0.2825135435522706,-0.5937323016144694,0.5055531743975318,-0.7148225898530174,0.6980437087941254,1.3278728736231726,1.5866517653228096,-0.4947646680343998,-0.602213603478128,-0.4052621610158782,-0.5975444827972893,-0.7287970093528766
22,430.0,-0.5930153619651723,-0.7785005152380895,0.12093300868363903,-0.20068140347812571,-0.5075390769850139,-0.39762784958808384,-0.46385871228806513,-0.584648336074329,-0.3971590297957454,-0.20920751712190497,,,0.5489024275394548,73,0.7869917890038853,1.156234517450291,1.1260249606388357,0.11506529289731632,1.0591741073255565,1.0723213497245703,0.2825815699292398,-0.0907803782121393,0.1295656529356808,-0.20194504838498847,0.37458885542128767,1.3278728736231726,1.5866517653228096,-0.4718497563625566,-0.5422969750911718,-0.3971590297957454,-0.24569823760200182,-0.4470650245432634
22,440.0,-0.6321809880702759,-0.8315590266718409,0.1351658200418885,-0.20119573828632217,-0.5253609417177475,-0.39848298772771656,-0.4634995652908633,-0.5999776022476578,-0.4222810637601017,-0.20099437140585372,,,0.5975301315668529,78,0.6999332641490552,1.0594916003233512,1.1604666313116931,0.36564790873110975,1.1133912425774641,1.1315523632826334,0.34536991587162985,0.1569422109263199,0.004236479115063772,0.04475554118191004,0.3283810192251673,1.4347185420351851,1.5866517653228096,-0.4289354892606928,-0.4699438127087677,-0.4222810637601017,-0.04928282328080265,-0.4079907275191518
22,450.0,-0.670989060735113,-0.8975822817942026,0.16131762427826468,-0.20187553987590198,-0.5367322089091748,-0.39847259633024346,-0.46311814498401993,-0.6095856698921834,-0.42811683820472163,-0.12995333499105677,,,0.6462436715873235,99,0.8099019271235777,1.1846561654197871,1.1702251046690022,0.11506529289731632,1.0877094416686657,1.1054907173170858,-0.03136015978271041,-0.3985569283538625,0.6684811003643336,-0.3577559470588208,0.6980437087941254,1.5415642104471967,1.9128891409951092,-0.39283099993434933,-0.3966762723033181,-0.42811683820472163,-0.2444222949360902,-0.48073100965583204
23,0.0,1.301186878234976,1.5072701092819882,0.12117863602589182,-0.337665907394465,0.05435219348076546,3.574500918751426,2.735411699953196,1.308535473959916,0.009674907316132377,-0.2121016711537514,,,-1.301276427435861,86,-1.6873031279228774,-1.6728125958211149,-1.6545659183498194,-0.8872651704378602,-1.5946119865836035,-1.5954435009305954,-1.8522221921120217,-0.30096924172356115,-0.7226727290445145,-0.00718142504270151,-0.6604666753717947,-4.334947552213459,-2.6544341184170857,0.47739418932901767,3.465187693931014,0.009674907316132377,0.3093159868507182,1.6626931181133349
23,10.0,1.1995625475475107,1.503427811565175,0.024721241393929012,-0.337665907394465,0.11645162823960242,3.1935920164689993,2.487359726904669,1.2304217861870754,-0.011104617054906849,-0.21532453196715656,,,-1.2218674996661332,92.5,-1.32532294563174,-1.2852943571600972,-1.1299044684332977,0.6579942938705365,-0.9211780960862253,-0.9202099463686753,-1.6638571542848515,1.5907305298792294,-1.8255694586659457,1.5963724071421446,-1.4737245924235007,-1.1295774998531014,-1.349484615727887,0.43044845768293805,3.1968943486087227,-0.011104617054906849,1.3465513760495815,1.5378736511148765
23,20.0,1.0955728554495823,1.483754812510821,-0.009533032942092115,-0.337665907394465,0.16388454455459026,2.6761184126533992,2.1322157521396194,1.0914145426964865,-0.038823762282694414,-0.21677699455358898,,,-1.1387242151372974,104.5,-1.3757252494950627,-1.3432307934056091,-1.0880004357813218,1.2844508334550224,-0.858400360531385,-0.851501970641322,-0.03136015978271041,1.7333586872619777,-1.800503623901822,1.953439049936339,-1.5476571303372924,-1.0227318314410894,-1.349484615727887,0.3725712950415813,2.8675684678233218,-0.038823762282694414,1.9525921076184738,1.5867016640529863
23,30.0,0.9997065451635541,1.518337496113911,-0.07638658707984,-0.337665907394465,0.16063853506865644,2.147586433316042,1.7164712788227925,0.9010215050420062,-0.05345424453867078,-0.21799698621625033,,,-1.0603276582085388,113.5,-1.1832800892896478,-1.1382669859332797,-0.9772130617836317,0.5327029859536393,-0.778501424370679,-0.7733170327446787,-1.2243387326881212,1.403061901744032,-1.4871806893502795,1.3756403006875484,-1.2426854114429022,-1.0227318314410894,-1.349484615727887,0.3097837851705579,2.5827161974030344,-0.05345424453867078,1.161106041527014,1.2288934893329937
23,40.0,0.8825372393864158,1.435075922794417,-0.12099199661824948,-0.337665907394465,0.2574610840916263,1.6788858924069252,1.4255071926056668,0.8234448497286458,-0.11029406672942775,-0.2191945926579587,,,-0.9621490695670626,112,-1.0183270948278638,-0.9644576771967444,-0.9324388899089177,0.03153775428605153,-0.8013296918451666,-0.7993786787102264,-0.847608657033781,1.1253123321039387,-1.6250427805529575,1.031557899449504,-1.1779944407683343,-0.9158861630290772,-1.349484615727887,0.2203099250535871,2.063049030744362,-0.11029406672942775,0.3772550426942169,0.8097324348080598
23,50.0,0.7623417650141768,1.3854168886000187,-0.18662813962205965,-0.337665907394465,0.30201640552598646,1.2466301994930742,1.1201143623169318,0.7107599275433395,-0.161141363127915,-0.2201759393241759,,,-0.8586306307098743,108,-1.0916395368108789,-1.0398843583465616,-0.9898416743636791,-0.051989784325213256,-0.7556731568961916,-0.7519938678637758,-0.973185348918561,0.9151234685925189,-1.675174450081205,1.200353039679491,-1.4552414579450532,-0.9158861630290772,-1.0232472400555874,0.1346121629592733,1.6120501452156322,-0.161141363127915,0.8136898286060743,1.4431641432607825
23,60.0,0.6516049804321347,1.3826143204024401,-0.22071947657885974,-0.337665907394465,0.31278761975421626,0.8976862676604016,0.8471635223064138,0.5961444428207942,-0.2029125603364801,-0.22114250663935542,,,-0.7606410363336895,115,-1.0091630395799867,-0.9513399935185153,-1.0288755677929171,-0.8872651704378602,-0.8469862267941414,-0.8420250084720318,-0.973185348918561,0.14943546580091246,-1.3493185981475997,0.18758219829958778,-0.9007474235916171,-0.8090404946170657,-1.0232472400555874,0.05374161588926326,1.2339061264401936,-0.2029125603364801,0.1862170095034201,1.2094168052675034
23,70.0,0.5543284228399727,1.3756951912991926,-0.2771986652839471,-0.337665907394465,0.3268802040793512,0.6879266385352539,0.6513717917931962,0.5309697248027848,-0.21567180256963409,-0.22377305220903831,,,-0.6724093912156544,115,-0.890030321357587,-0.8278151388818581,-0.9289947228416319,-0.8872651704378602,-0.778501424370679,-0.775686273287001,-0.847608657033781,0.08938150479765058,-1.3242527633834775,0.14862947363113083,-0.9561968270269595,-0.8090404946170657,-1.0232472400555874,-0.02353762564870767,0.9661120689846258,-0.21567180256963409,0.00236394492772141,0.9083969047345013
23,80.0,0.43596522144494426,1.337654415847589,-0.3033541698846797,-0.337665907394465,0.2910025848658778,0.43171515370442803,0.3885700918204714,0.40429431360924445,-0.21783019874845802,-0.2245048000747086,,,-0.5622281215749031,114.5,-0.6563469125367263,-0.5785791489955056,-0.67412635986249,-0.5949187852984343,-0.4446380125563007,-0.4392541162772021,-1.161550386745731,-0.0682601428359169,-0.9607981593036876,0.5511409618718617,-1.1317866045722156,-0.7021948262050537,-1.0232472400555874,-0.12051613844471137,0.6712065153185343,-0.21783019874845802,0.20150211293089668,1.0170058479056585
23,90.0,0.33391087026371913,1.2911285271410085,-0.36420293348933386,-0.337665907394465,0.23753271177267254,0.2682233949987124,0.1898158581754579,0.2948495389443519,-0.18393318275855958,-0.22629715929174907,,,-0.46464217169088406,116,-1.073311426315125,-1.0185681223694392,-1.1557357214379405,-1.05432024766039,-1.126632503356612,-1.1239646330084125,-1.4127037705152914,-0.511158105234981,-0.5722777204597755,-0.3252953431684389,-0.5588094357403303,-0.6487719919990474,-0.8601285522194376,-0.20308552764179427,0.4898813366734387,-0.18393318275855958,-0.5072479114403771,0.4436734009620824
23,100.0,0.21209062212075797,1.19125764012132,-0.4174784278587292,-0.337665907394465,0.11611314731694455,0.11597847394809564,-0.007743435156530756,0.13110918089151333,-0.10577518251629156,-0.2271740523549788,,,-0.344885730633825,111,-0.6609289401606645,-0.5785791489955056,-1.0219872336583458,-2.1401782496068313,-1.006784099115553,-1.0031333653499637,-0.973185348918561,-1.8023182668051398,-0.04589519041318375,-1.5652904117810111,-0.4017027926735233,-0.5953491577930417,-0.6970098643832878,-0.27787506931129485,0.3855993377893399,-0.10577518251629156,-1.2176022255121914,0.25318785953141165
23,110.0,0.1157334799674782,1.1256151460574377,-0.4829743400309245,-0.337665907394465,0.021758471198577906,0.03540465762382513,-0.13280386340951714,0.017158632998952112,0.022929006223501074,-0.2288906293652301,,,-0.24753785537258283,115,-0.37684322747648075,-0.2812449856223129,-0.5926144059367285,-1.6390130179392433,-0.7842084912393009,-0.7804247543716462,-0.7220319651490009,-1.7722912863035079,-0.396816877110911,-1.0589049910910595,-0.4941184650657624,-0.48850348938102967,-0.6970098643832878,-0.3372771130624066,0.36655202021131655,0.022929006223501074,-1.2230700893036934,-0.8327499305183226
23,120.0,0.039864795685050296,1.101604162641205,-0.5069968569917452,-0.337665907394465,-0.04445847874100381,0.007953230827140712,-0.20925385801297533,-0.05347982017985641,0.21842882250079157,-0.23186113605332392,,,-0.16919726532943996,114.5,-0.9725068185884792,-0.9174526440164233,-0.9772130617836317,-1.2631390941885519,-0.9354457632577798,-0.9344253896226105,-0.5336669273218307,-0.6988267333701783,-0.6098764726059603,0.0058028165134508015,-0.4386690616304199,-0.48850348938102967,-0.6970098643832878,-0.3834523161388113,0.43186879451815086,0.21842882250079157,-0.200097211273176,0.36933424988173436
23,130.0,-0.05778594072607169,1.0117607789239471,-0.5283407495709446,-0.337665907394465,-0.1651099474993198,-0.04423524368748548,-0.29453226920316056,-0.17814901104907452,0.5201160916521171,-0.23329175463445834,,,-0.06609417330590582,118,-0.3310229512370963,-0.2342399524419919,-0.6592016359042521,-1.806068095161772,-0.5901682177061581,-0.5861470299011989,-0.3453018894946606,-1.4870349715380071,-0.146158529469677,-1.4614164793317903,-0.36473652371662835,-0.3816578209690177,-0.6970098643832878,-0.42450201502583235,0.5740900450314761,0.5201160916521171,-0.8866750035097274,0.29886008949120046
23,140.0,-0.15826506036495944,0.9489249469743432,-0.5508579923338136,-0.337665907394465,-0.26612067191023403,-0.08522165539700574,-0.3573555308841735,-0.28100650365943775,0.9569187927162054,-0.23453428045253216,,,0.042759276957955,121,-0.5692883876818955,-0.48292937217508497,-0.9192362494843224,-1.7643043258561395,-1.0124911659841749,-1.0126103275192537,-1.161550386745731,-2.3277904255836925,0.41782275272309954,-1.818483122125987,0.15279124167991287,-0.3282349867630119,-0.3707724887109882,-0.4634837720300935,0.76739993620035,0.9569187927162054,-1.4049445939476175,-0.3793506424179151
23,150.0,-0.2610956013120785,0.8340133764167847,-0.5933524384059308,-0.337665907394465,-0.3743787499043006,-0.11315767763854997,-0.396309531181035,-0.38420332186420514,1.471224488340875,-0.23605026102171486,,,0.1571792663582161,118,-0.12024968053592752,-0.009053049299059564,-0.4973257837418242,-1.4719579407167138,-0.4646127465964773,-0.4629465217004274,-0.4708785813794407,-0.8264414005021138,-0.4970802161674043,-1.00696802486645,-0.19838831341059765,-0.27481215255700614,-0.3707724887109882,-0.47107294052348564,1.1873288963326936,1.471224488340875,-1.004240442107309,0.07313250017691869
23,160.0,-0.3522405371163239,0.7435133831351258,-0.6071800599215921,-0.337665907394465,-0.43140116128140266,-0.13410838426791583,-0.41055993725259216,-0.43980955434368685,1.6709522409911572,-0.23781705294473748,,,0.2612512679804237,122,-0.4868118904510035,-0.3960247178068174,-0.6879030281316328,-1.1378477862716545,-0.6757742207354859,-0.6761781705094548,-0.7220319651490009,-0.6763064979939559,-0.271487703290294,-0.6044565366257193,-0.2538377168459401,-0.16796648414499413,-0.3707724887109882,-0.45812240624571876,1.5013285889481096,1.6709522409911572,-0.7753129409221773,0.06107337508286735
23,170.0,-0.44787741136536013,0.6244568844254144,-0.6244733831374412,-0.337665907394465,-0.46807538823018624,-0.1573619374458624,-0.4244968114226086,-0.4787926784276036,1.9081430802252126,-0.23910614815482636,,,0.3732406553734294,125,-0.42266350371586525,-0.32715687849611474,-0.5650610693984429,-0.9707927090491251,-0.5787540839689143,-0.5719315866472638,-0.3453018894946606,-0.6462795174923238,-0.3466852075826635,-0.6823619859626355,-0.12445577549680603,-0.16796648414499413,-0.3707724887109882,-0.45860770253011857,1.7267887162490025,1.9081430802252126,-0.6905076337658568,-0.0925750426784742
23,180.0,-0.5363994007897573,0.4719884822212576,-0.6718050730215338,-0.337665907394465,-0.47454257475066264,-0.18500303830581485,-0.4354695247079146,-0.4931612553534496,2.046806567006641,-0.23994899685688117,,,0.4795402338996476,125,-0.6426008296649107,-0.5687408862368336,-0.5065102292545861,-0.4696274773815372,-0.6187035520492674,-0.6145779164090692,-0.973185348918561,-0.9315358322578247,0.2548948267562978,-0.7213147106310924,0.5039707967704233,-0.16796648414499413,-0.3707724887109882,-0.48027405566986425,1.6149286826333387,2.046806567006641,-0.2618934119600114,-0.5028387860572543
23,190.0,-0.6122364604229867,0.3505514087759184,-0.6939448576897529,-0.337665907394465,-0.4646231661385252,-0.20663637125258968,-0.4410108540285279,-0.49143858437453863,2.0290663679882424,-0.2417313592875464,,,0.5727006141894876,126,-0.41349944846798825,-0.3173186157374428,-0.5076582849436811,-0.8037376318265954,-0.5045622146768304,-0.5008543703775881,-1.3499154245729013,-0.9165223420070077,0.15463148769980453,-0.6044565366257193,0.060375569287673785,-0.06112081573298211,-0.044535113038688574,-0.5024934662187523,1.3477987117254036,2.0290663679882424,-0.5456954634641711,-0.04149162017531621
23,200.0,-0.6873056885373443,0.2745427132519558,-0.7063054151899416,-0.337665907394465,-0.44932476562025714,-0.2281855002450603,-0.44774298822570807,-0.4852325787874256,2.076946094580388,-0.2433254583271134,,,0.6668845627463444,130,-0.6700929954085415,-0.5982556745128492,-0.6557574688369663,-0.553155015992802,-0.7157236888158388,-0.7093475381019704,-0.847608657033781,-0.511158105234981,-0.17122436423380075,-0.40969291328343005,-0.013556968626117816,0.045724852679029426,-0.044535113038688574,-0.5327431855237775,1.038970247370675,2.076946094580388,-0.4367767252758048,-0.2671300147696106
23,210.0,-0.7605441610579914,0.23445430997565161,-0.7060480822267368,-0.337665907394465,-0.4284460862824476,-0.25346909936498185,-0.4550421857249574,-0.47541518851555264,2.109770657045852,-0.24449015056702064,,,0.7607177453229506,134,-0.1110856252880505,0.0018783537661315913,-0.319377151932063,-1.05432024766039,-0.29910780740644366,-0.29236120265320537,-0.09414850572510046,-0.6763064979939559,-0.12109269470555324,-0.7213147106310924,-0.1799051789321485,0.045724852679029426,-0.044535113038688574,-0.5657896776575544,0.6781405658729482,2.109770657045852,-0.7044041466865852,-0.032096918437930895
23,220.0,-0.830399115284669,0.1602692575163911,-0.7111443978585706,-0.337665907394465,-0.40535903069599577,-0.27984463308192575,-0.46023507025839944,-0.4638566403656966,1.9679000147599637,-0.24562933855912789,,,0.8520633024338427,139,-0.1614879291513735,-0.05387180186634219,-0.11502323927311126,-0.553155015992802,-0.03372919801552774,-0.027006261913082585,-0.1569368516674905,-0.0607533977105073,-0.271487703290294,-0.1305317198261496,-0.29080398580283673,0.1525705210910419,-0.044535113038688574,-0.5901888815860415,0.32629309192607653,1.9679000147599637,-0.08970796843540625,0.11463415970102848
23,230.0,-0.9004368279233873,0.0715948651478876,-0.7126023894366096,-0.337665907394465,-0.3890217301732558,-0.30068509376321023,-0.4670405363939462,-0.45657238639576875,2.0548920379087106,-0.24649827284081674,,,0.9455148241105814,138,-0.36767917222860375,-0.2730464333234197,-0.36931757440770546,-0.4696274773815372,-0.31908254144662024,-0.3136843675341082,-0.03136015978271041,-0.0682601428359169,-0.258954785908233,-0.09157899515769269,-0.23535458236749263,0.20599335529704768,0.28170226263361103,-0.6153383170388126,0.08145594661500229,2.0548920379087106,-0.23131533247471128,0.09356088166096997
23,240.0,-0.9632545344911161,0.026663794175686508,-0.7119074527359902,-0.337665907394465,-0.3650393790610087,-0.3211642047935228,-0.47166633787194473,-0.4425125087784596,1.956619750056389,-0.24747354365258178,,,1.0309703635188323,144,0.04470331392585673,0.16803568035703348,-0.26541853454458686,-0.7202100932153307,-0.23062300498298133,-0.22128398638352956,0.03142818615967963,-0.27094226122192916,-0.0709610251773075,-0.2798504977219046,-0.06900637206146193,0.25941618950305345,0.28170226263361103,-0.6347841657296287,-0.17161254308425603,1.956619750056389,-0.8401963163795938,0.004006884816255857
23,250.0,-1.0274892135296054,-0.045420910420643175,-0.7158354981803574,-0.337665907394465,-0.35455157070348126,-0.3392784474833604,-0.4742267494643871,-0.4390400625508494,1.6750847401416904,-0.24854867593921884,,,1.1200018643384142,143,0.04012128630191822,0.16475625943747607,-0.05417628775106396,-0.6784463239096992,-0.01946153084397312,-0.012790818659147218,0.2825815699292398,-0.2634355160965217,-0.15869144685173797,-0.3058189808342093,-0.1336973427360298,0.31283902370905925,0.28170226263361103,-0.6433659643024174,-0.34695139800036306,1.6750847401416904,-0.4569760305764827,-0.05253316033566575
23,260.0,-1.0928272733754045,-0.14922139395421607,-0.7148897477189126,-0.337665907394465,-0.3581474537770836,-0.35486218573593864,-0.4777155954736064,-0.44686550631513106,1.5194223429933507,-0.2494853251180924,,,1.2123219345992735,142,-0.19356212251894278,-0.09103857228799105,-0.12879990754225407,-0.34433616946464,-0.07082513266156969,-0.06491411059024288,0.09421653210206968,-0.045739907459692364,-0.19629019899792452,-0.1305317198261496,-0.15218047721447728,0.36626185791506594,0.28170226263361103,-0.6513576988845489,-0.46680103560227376,1.5194223429933507,-0.08934736658048516,0.04250892158742634
23,270.0,-1.15305797538294,-0.24002933023867903,-0.7174352524283197,-0.337665907394465,-0.3593310337373124,-0.36591772644245973,-0.47865769258646695,-0.4511250753970283,1.2115885830769653,-0.2504045886737436,,,1.2990422563534783,144,-0.03777318330503556,0.0762118946094298,0.0939228961422209,-0.3025724001590076,0.009073803499136132,0.02037854893336796,0.7848883374683602,0.11940848529928046,-0.29655353805441775,-0.05911839126731075,-0.12445577549680603,0.36626185791506594,0.28170226263361103,-0.6530134517211598,-0.5594935532919612,1.2115885830769653,-0.25238685261738286,-0.44156433918727067
23,280.0,-1.2078986302445336,-0.30778204109870555,-0.7156135685679896,-0.337665907394465,-0.35808676351701474,-0.376423536114547,-0.47949241708728096,-0.45315847050410035,0.8884341844214589,-0.2511950601073966,,,1.3793881012023737,149,-0.07901143192048155,0.036312273421482785,0.15075165275243507,0.2403566008142135,0.26303827915280864,0.2738872869618784,-0.09414850572510046,0.5247727220713071,-0.4218827118750348,0.48621975409109786,-0.3277702547597317,0.4731075263270775,0.6079396383059107,-0.6550049325612818,-0.6545287714561824,0.8884341844214589,0.29942313445289737,0.12762349424180988
23,290.0,-1.2591738020098775,-0.36386090386652825,-0.7098192839230741,-0.337665907394465,-0.35713635326205745,-0.38506487141262963,-0.47826086988480304,-0.45472740931621486,0.4652107905818325,-0.2519728984193491,,,1.4557359478433383,151,-0.02860912805715853,0.09042271859417786,-0.09091406980211146,-0.3025724001590076,-0.03658273144983851,-0.027006261913082585,-0.09414850572510046,-0.0907803782121393,-0.04589519041318375,-0.20194504838498847,-0.23535458236749263,0.579953194739089,0.6079396383059107,-0.6507758420837468,-0.7340700604720799,0.4652107905818325,-0.36199233976752554,0.019802592209556505
23,300.0,-1.3157035038424993,-0.4790958259497263,-0.709054704589456,-0.337665907394465,-0.3777336494276098,-0.39160714656367307,-0.47836541911905595,-0.4740835313635964,0.22936778800773377,-0.2528467723405195,,,1.5413151618637706,149.5,0.2279844188833947,0.36206808476417174,0.3034430594021011,-0.051989784325213256,0.38288668339386756,0.3899800735356824,0.21979322398684975,0.3070771134344778,-0.29655353805441775,0.20056643985574008,-0.26307928408516384,0.579953194739089,0.6079396383059107,-0.645011501873924,-0.7683368550579897,0.22936778800773377,-0.0906374920870061,-0.004428853724197153
23,310.0,-1.3658692608551597,-0.5562846805329625,-0.7021612335053896,-0.337665907394465,-0.39339050566262057,-0.3976578129314085,-0.4771150567695943,-0.48899158150193117,-0.049214751104416615,-0.2534918680197761,,,1.6185268114863645,151,-0.18439806727106575,-0.07573460799672402,-0.09206212549120682,-0.21904486154774283,-0.0537039320557043,-0.05069866733630786,0.1570048780444597,-0.0907803782121393,0.004236479115063772,-0.3447717055026685,-0.06900637206146193,0.6867988631511015,0.6079396383059107,-0.6350429014523189,-0.8103945453415877,-0.049214751104416615,-0.0858465377335323,-0.03148304498656353
23,320.0,-1.4166850108570843,-0.652918753657926,-0.6986422264976662,-0.337665907394465,-0.41713064640136505,-0.40203960256193794,-0.4762740004248536,-0.5103111854971222,-0.23126144665162138,-0.25433858601408965,,,1.6979834111491852,153,0.053867369173733436,0.17568766250266674,0.5026307214601243,-0.21904486154774283,0.5969016909671869,0.607950203429355,0.65931164558358,0.2845568780582554,-0.396816877110911,0.12266099051882622,-0.2723208513243892,0.7936445315631131,0.9341770139782103,-0.6217936460281772,-0.8292414187922358,-0.23126144665162138,0.6245283984245237,-0.008600698149038773
23,330.0,-1.4663810781657962,-0.7577966150727401,-0.6997639946538272,-0.337665907394465,-0.4457646453945572,-0.40642545933156576,-0.47641401087285684,-0.5358671011910875,-0.3764894154948885,-0.25506718449407834,,,1.7769296840936974,153,0.29213280561853294,0.4325756345346533,0.43030321304712443,0.36564790873110975,0.6026087578358085,0.6126886845139998,0.65931164558358,0.719948095331912,-0.396816877110911,0.3953300631980293,-0.29080398580283673,0.7936445315631131,0.9341770139782103,-0.6065845232072964,-0.8459840185749858,-0.3764894154948885,0.15104367133414273,0.20983137867003046
23,340.0,-1.5124255788010805,-0.8454717962283004,-0.3585676760179972,-0.21823582511910242,-0.47245715724039783,-0.4091586783281589,-0.4759293155754151,-0.5592479949374775,-0.4805593785220101,-0.22515330864484995,,,1.8511955454450628,157,0.20507428076370246,0.33911213832727094,0.3298483402512916,-0.09375355363084566,0.38574021682817833,0.3947185546203275,0.21979322398684975,-0.2033815550932577,0.16716440508186553,-0.00718142504270151,0.041892434809226296,0.8470673657691188,0.9341770139782103,-0.584307922897514,-0.8451865337430012,-0.4805593785220101,-0.047242252831791495,-0.07397892971674087
